artist,last_chart_year,l1,l2,l3
Dynamic Superiors,1974,dynamic superiors,dynamic superiors,dynamic superiors
Dynasty,1980,dynasty,dynasty,dynasty
E-40,1994,e-40,e-40,e40
E-40 (Featuring Leviti),1995,e-40,e-40,e40
E-40 (Featuring Suga T),1995,e-40,e-40,e40
E-40 Featuring Bo-Rock,1997,e-40,e-40,e40
E-40 Featuring Keak Da Sneak,2006,e-40,e-40,e40
E-40 Featuring T-Pain & Kandi Girl,2006,e-40,e-40,e40
E.C. Beatty,1959,e.c. beatty,e.c. beatty,ec beatty
E.G. Daily,1986,e.g. daily,e.g. daily,eg daily
E.U.,1988,e.u.,e.u.,eu
EMF,1991,emf,emf,emf
EOL,1998,eol,eol,eol
EPMD,1997,epmd,epmd,epmd
ERNEST Featuring Morgan Wallen,2022,ernest,ernest,ernest
EST Gee,2021,est gee,est gee,est gee
EST Gee Featuring Jack Harlow,2022,est gee,est gee,est gee
"EST Gee Featuring Lil Baby, 42 Dugg & Rylo Rodriguez",2021,est gee,est gee,est gee
Eagle-Eye Cherry,1999,eagle-eye cherry,eagle-eye cherry,eagleeye cherry
Eagles,2025,eagles,eagles,eagles
Eamon,2004,eamon,eamon,eamon
Earl Grant,1965,earl grant,earl grant,earl grant
Earl-Jean,1964,earl-jean,earl-jean,earljean
Earnest Jackson,1973,earnest jackson,earnest jackson,earnest jackson
Earth Opera,1969,earth opera,earth opera,earth opera
"Earth, Wind & Fire",1993,"earth, wind & fire",earth,earth
"Earth, Wind & Fire With The Emotions",1979,"earth, wind & fire with the emotions",earth,earth
Eartha Kitt With Henri Rene And His Orchestra,2025,eartha kitt with henri rene and his orchestra,eartha kitt,eartha kitt
East Coast Family,1992,east coast family,east coast family,east coast family
East L.A. Car Pool,1975,east l.a. car pool,east l.a. car pool,east la car pool
Easterhouse,1989,easterhouse,easterhouse,easterhouse
Easton Corbin,2018,easton corbin,easton corbin,easton corbin
Easy Street,1976,easy street,easy street,easy street
Eazy-E,2015,eazy-e,eazy-e,eazye
Echosmith,2015,echosmith,echosmith,echosmith
"Ecstasy, Passion & Pain",1975,"ecstasy, passion & pain",ecstasy,ecstasy
"Ecstasy, Passion & Pain Featuring Barbara Roy",1976,"ecstasy, passion & pain",ecstasy,ecstasy
Ed Ames,1969,ed ames,ed ames,ed ames
Ed Sheeran,2025,ed sheeran,ed sheeran,ed sheeran
Ed Sheeran & Elton John,2025,ed sheeran & elton john,ed sheeran,ed sheeran
Ed Sheeran & Justin Bieber,2020,ed sheeran & justin bieber,ed sheeran,ed sheeran
Ed Sheeran & Travis Scott,2019,ed sheeran & travis scott,ed sheeran,ed sheeran
Ed Sheeran Featuring Camila Cabello & Cardi B,2020,ed sheeran,ed sheeran,ed sheeran
Ed Sheeran Featuring Chance the Rapper & PnB Rock,2019,ed sheeran,ed sheeran,ed sheeran
Ed Sheeran Featuring Eminem & 50 Cent,2019,ed sheeran,ed sheeran,ed sheeran
Ed Sheeran Featuring Khalid,2020,ed sheeran,ed sheeran,ed sheeran
Ed Sheeran Featuring Lil Baby,2022,ed sheeran,ed sheeran,ed sheeran
Ed Sheeran Featuring Luke Combs,2023,ed sheeran,ed sheeran,ed sheeran
Ed Sheeran Featuring Taylor Swift,2022,ed sheeran,ed sheeran,ed sheeran
Ed Sheeran Featuring YEBBA,2019,ed sheeran,ed sheeran,ed sheeran
Ed Sheeran With Chris Stapleton & Bruno Mars,2019,ed sheeran with chris stapleton & bruno mars,ed sheeran,ed sheeran
Ed Townsend,1958,ed townsend,ed townsend,ed townsend
Edd Byrnes and Friend,1959,edd byrnes and friend,edd byrnes,edd byrnes
Eddie & Dutch,1970,eddie & dutch,eddie,eddie
Eddie & The Tide,1985,eddie & the tide,eddie,eddie
Eddie Bo,1969,eddie bo,eddie bo,eddie bo
Eddie Cochran,1959,eddie cochran,eddie cochran,eddie cochran
Eddie Fisher,1967,eddie fisher,eddie fisher,eddie fisher
Eddie Floyd,1970,eddie floyd,eddie floyd,eddie floyd
Eddie Fontaine,1958,eddie fontaine,eddie fontaine,eddie fontaine
Eddie Harris,1968,eddie harris,eddie harris,eddie harris
Eddie Hodges,1965,eddie hodges,eddie hodges,eddie hodges
Eddie Holland,1964,eddie holland,eddie holland,eddie holland
Eddie Holman,1977,eddie holman,eddie holman,eddie holman
Eddie Kendricks,1976,eddie kendricks,eddie kendricks,eddie kendricks
Eddie Lovette,1969,eddie lovette,eddie lovette,eddie lovette
Eddie Money,1992,eddie money,eddie money,eddie money
Eddie Money (with Valerie Carter),1980,eddie money,eddie money,eddie money
Eddie Murphy,1989,eddie murphy,eddie murphy,eddie murphy
Eddie Rabbitt,1983,eddie rabbitt,eddie rabbitt,eddie rabbitt
Eddie Rabbitt With Crystal Gayle,1983,eddie rabbitt with crystal gayle,eddie rabbitt,eddie rabbitt
Eddie Rambeau,1965,eddie rambeau,eddie rambeau,eddie rambeau
Eddie Schwartz,1982,eddie schwartz,eddie schwartz,eddie schwartz
Eddie Vedder,2010,eddie vedder,eddie vedder,eddie vedder
Eddie and Betty,1959,eddie and betty,eddie,eddie
Eddy Arnold,1968,eddy arnold,eddy arnold,eddy arnold
Eddy Grant,1984,eddy grant,eddy grant,eddy grant
Eden's Crush,2001,eden's crush,eden's crush,edens crush
Edens Edge,2012,edens edge,edens edge,edens edge
Edgar Winter,1974,edgar winter,edgar winter,edgar winter
Edgar Winter Group,1974,edgar winter group,edgar winter group,edgar winter group
Edgar Winter's White Trash,1972,edgar winter's white trash,edgar winter's white trash,edgar winters white trash
Edie Brickell,1994,edie brickell,edie brickell,edie brickell
Edie Brickell & New Bohemians,1989,edie brickell & new bohemians,edie brickell,edie brickell
Edison Lighthouse,1971,edison lighthouse,edison lighthouse,edison lighthouse
Edith Piaf,1961,edith piaf,edith piaf,edith piaf
Edmundo Ros and His Orchestra,1959,edmundo ros and his orchestra,edmundo ros,edmundo ros
Edward Bear,1973,edward bear,edward bear,edward bear
Edward Byrnes & Connie Stevens,1959,edward byrnes & connie stevens,edward byrnes,edward byrnes
Edward Maya & Vika Jigulina,2011,edward maya & vika jigulina,edward maya,edward maya
Edwin McCain,1999,edwin mccain,edwin mccain,edwin mccain
Edwin Starr,1979,edwin starr,edwin starr,edwin starr
Edwyn Collins,1995,edwyn collins,edwyn collins,edwyn collins
Eiffel 65,2000,eiffel 65,eiffel 65,eiffel 65
Eight Seconds,1987,eight seconds,eight seconds,eight seconds
Eighth Wonder,1989,eighth wonder,eighth wonder,eighth wonder
Eileen Rodgers,1958,eileen rodgers,eileen rodgers,eileen rodgers
Eivets Rednow,1968,eivets rednow,eivets rednow,eivets rednow
El Alfa x Peso Pluma,2023,el alfa x peso pluma,el alfa,el alfa
El Chicano,1974,el chicano,el chicano,el chicano
El Coco,1978,el coco,el coco,el coco
El DeBarge,1987,el debarge,el debarge,el debarge
El DeBarge With DeBarge,1986,el debarge with debarge,el debarge,el debarge
Eladio Carrion & Bad Bunny,2023,eladio carrion & bad bunny,eladio carrion,eladio carrion
Elastica,1995,elastica,elastica,elastica
Electric Boys,1990,electric boys,electric boys,electric boys
Electric Light Orchestra,1986,electric light orchestra,electric light orchestra,electric light orchestra
Electronic,1990,electronic,electronic,electronic
Elephant Man,2004,elephant man,elephant man,elephant man
Elephant's Memory,1970,elephant's memory,elephant's memory,elephants memory
Eli Young Band,2019,eli young band,eli young band,eli young band
Elisa Fiorillo,1991,elisa fiorillo,elisa fiorillo,elisa fiorillo
Ella Fitzgerald,1963,ella fitzgerald,ella fitzgerald,ella fitzgerald
Ella Henderson,2015,ella henderson,ella henderson,ella henderson
Ella Johnson with Buddy Johnson,1961,ella johnson with buddy johnson,ella johnson,ella johnson
Ella Langley,2025,ella langley,ella langley,ella langley
Ella Langley Featuring Riley Green,2024,ella langley,ella langley,ella langley
Ella Mai,2025,ella mai,ella mai,ella mai
Ella Washington,1969,ella washington,ella washington,ella washington
Elle King,2016,elle king,elle king,elle king
Elle King & Miranda Lambert,2022,elle king & miranda lambert,elle king,elle king
Ellen Foley,1979,ellen foley,ellen foley,ellen foley
Ellie Goulding,2016,ellie goulding,ellie goulding,ellie goulding
Ellie Goulding & Juice WRLD,2020,ellie goulding & juice wrld,ellie goulding,ellie goulding
Ellie Goulding X Diplo Featuring Swae Lee,2019,ellie goulding x diplo,ellie goulding,ellie goulding
Ellie Greenwich,1967,ellie greenwich,ellie greenwich,ellie greenwich
Elliott Yamin,2007,elliott yamin,elliott yamin,elliott yamin
Ellison Chase,1976,ellison chase,ellison chase,ellison chase
Elmo & Almo,1967,elmo & almo,elmo,elmo
Elmo & Patsy,1998,elmo & patsy,elmo,elmo
Eloise Laws,1978,eloise laws,eloise laws,eloise laws
Elton Anderson With Sid Lawrence Combo,1960,elton anderson with sid lawrence combo,elton anderson,elton anderson
Elton John,2000,elton john,elton john,elton john
Elton John & Britney Spears,2023,elton john & britney spears,elton john,elton john
Elton John & Dua Lipa,2022,elton john & dua lipa,elton john,elton john
Elton John & Kiki Dee,1994,elton john & kiki dee,elton john,elton john
Elton John & LeAnn Rimes,1999,elton john & leann rimes,elton john,elton john
Elton John & RuPaul,1994,elton john & rupaul,elton john,elton john
Elusion,1998,elusion,elusion,elusion
Elvie Shane,2021,elvie shane,elvie shane,elvie shane
Elvin Bishop,1976,elvin bishop,elvin bishop,elvin bishop
Elvin Bishop Featuring Mickey Thomas,1977,elvin bishop,elvin bishop,elvin bishop
Elvis Costello,1989,elvis costello,elvis costello,elvis costello
Elvis Costello & The Atrractions,1984,elvis costello & the atrractions,elvis costello,elvis costello
Elvis Costello And The Attractions,1983,elvis costello and the attractions,elvis costello,elvis costello
Elvis Crespo,1998,elvis crespo,elvis crespo,elvis crespo
Elvis Presley,2025,elvis presley,elvis presley,elvis presley
Elvis Presley With The Jordanaires,1968,elvis presley with the jordanaires,elvis presley,elvis presley
Elvis Presley With The Jordanaires and The Imperials Quartet,1967,elvis presley with the jordanaires and the imperials quartet,elvis presley,elvis presley
"Elvis Presley With The Jordanaires, Jubilee Four & Carol Lombard Trio",1965,"elvis presley with the jordanaires, jubilee four & carol lombard trio",elvis presley,elvis presley
Elvis Presley With The Jubilee Four And Carole Lombard Quartet,1964,elvis presley with the jubilee four and carole lombard quartet,elvis presley,elvis presley
Elvis Presley With The Mello Men,1963,elvis presley with the mello men,elvis presley,elvis presley
Elvis Presley vs JXL,2002,elvis presley vs jxl,elvis presley vs jxl,elvis presley vs jxl
Em Beihold,2022,em beihold,em beihold,em beihold
Emblem3,2013,emblem3,emblem3,emblem3
Emeli Sande,2013,emeli sande,emeli sande,emeli sande
Emerson Drive,2007,emerson drive,emerson drive,emerson drive
"Emerson, Lake & Palmer",1973,"emerson, lake & palmer",emerson,emerson
"Emerson, Lake & Powell",1986,"emerson, lake & powell",emerson,emerson
Emilia,1999,emilia,emilia,emilia
Emilio Pericoli,1962,emilio pericoli,emilio pericoli,emilio pericoli
Emily Ann Roberts,2016,emily ann roberts,emily ann roberts,emily ann roberts
Eminem,2024,eminem,eminem,eminem
Eminem & Ez Mil,2024,eminem & ez mil,eminem,eminem
Eminem & Jelly Roll,2024,eminem & jelly roll,eminem,eminem
Eminem & Jessie Reyez,2018,eminem & jessie reyez,eminem,eminem
Eminem & Skylar Grey,2024,eminem & skylar grey,eminem,eminem
Eminem & Sly Pyper,2024,eminem & sly pyper,eminem,eminem
Eminem & Snoop Dogg,2022,eminem & snoop dogg,eminem,eminem
Eminem & White Gold,2024,eminem & white gold,eminem,eminem
Eminem Featuring Anderson .Paak,2020,eminem,eminem,eminem
Eminem Featuring Beyonce,2018,eminem,eminem,eminem
Eminem Featuring Dido,2001,eminem,eminem,eminem
Eminem Featuring Don Toliver,2020,eminem,eminem,eminem
Eminem Featuring Dr. Dre,2010,eminem,eminem,eminem
Eminem Featuring Ed Sheeran,2020,eminem,eminem,eminem
Eminem Featuring Gwen Stefani,2015,eminem,eminem,eminem
Eminem Featuring JID,2024,eminem,eminem,eminem
Eminem Featuring Jack Harlow & Cordae,2021,eminem,eminem,eminem
Eminem Featuring Jessie Reyez,2018,eminem,eminem,eminem
Eminem Featuring Joyner Lucas,2019,eminem,eminem,eminem
Eminem Featuring Juice WRLD,2020,eminem,eminem,eminem
Eminem Featuring Kobe,2010,eminem,eminem,eminem
Eminem Featuring Lil Wayne,2011,eminem,eminem,eminem
Eminem Featuring Nate Dogg,2006,eminem,eminem,eminem
Eminem Featuring Nate Ruess,2014,eminem,eminem,eminem
Eminem Featuring P!nk,2010,eminem,eminem,eminem
Eminem Featuring Rihanna,2014,eminem,eminem,eminem
Eminem Featuring Royce Da 5'9,2018,eminem,eminem,eminem
"Eminem Featuring Royce da 5'9"" & White Gold",2020,eminem,eminem,eminem
Eminem Featuring Sia,2014,eminem,eminem,eminem
Eminem Featuring Skylar Grey,2020,eminem,eminem,eminem
Eminem Featuring Young M.A,2020,eminem,eminem,eminem
"Eminem, 50 Cent, Lloyd Banks & Ca$his",2007,"eminem, 50 cent, lloyd banks & ca$his",eminem,eminem
"Eminem, Big Sean & BabyTron",2024,"eminem, big sean & babytron",eminem,eminem
"Eminem, Dem Jointz & Sly Pyper",2024,"eminem, dem jointz & sly pyper",eminem,eminem
"Eminem, Dr. Dre & 50 Cent",2009,"eminem, dr. dre & 50 cent",eminem,eminem
Emitt Rhodes,1971,emitt rhodes,emitt rhodes,emitt rhodes
Emmy Meli,2022,emmy meli,emmy meli,emmy meli
Emmylou Harris,1981,emmylou harris,emmylou harris,emmylou harris
Empire Cast Featuring Estelle & Jussie Smollett,2015,empire cast,empire cast,empire cast
Empire Cast Featuring Jussie Smollett,2015,empire cast,empire cast,empire cast
Empire Cast Featuring Jussie Smollett & Yazz,2015,empire cast,empire cast,empire cast
Empire of the Sun,2016,empire of the sun,empire of the sun,empire of the sun
En Vogue,2000,en vogue,en vogue,en vogue
En Vogue Featuring FMOB,1993,en vogue,en vogue,en vogue
Enchantment,1978,enchantment,enchantment,enchantment
Engelbert,1980,engelbert,engelbert,engelbert
Engelbert Humperdinck,1983,engelbert humperdinck,engelbert humperdinck,engelbert humperdinck
England Dan & John Ford Coley,1980,england dan & john ford coley,england dan,england dan
England Dan Seals,1980,england dan seals,england dan seals,england dan seals
Enigma,1996,enigma,enigma,enigma
Enoch Light & The Light Brigade,1959,enoch light & the light brigade,enoch light,enoch light
Enrique Iglesias,2014,enrique iglesias,enrique iglesias,enrique iglesias
Enrique Iglesias Feat. Wisin or Tinashe & Javada,2016,enrique iglesias,enrique iglesias,enrique iglesias
Enrique Iglesias Featuring Bad Bunny,2018,enrique iglesias,enrique iglesias,enrique iglesias
Enrique Iglesias Featuring Descemer Bueno & Gente De Zona,2014,enrique iglesias,enrique iglesias,enrique iglesias
"Enrique Iglesias Featuring Descemer Bueno, Zion & Lennox Or Sean Paul",2017,enrique iglesias,enrique iglesias,enrique iglesias
Enrique Iglesias Featuring Juan Luis Guerra,2010,enrique iglesias,enrique iglesias,enrique iglesias
Enrique Iglesias Featuring Ludacris & DJ Frank E,2011,enrique iglesias,enrique iglesias,enrique iglesias
Enrique Iglesias Featuring Marco Antonio Solis,2014,enrique iglesias,enrique iglesias,enrique iglesias
Enrique Iglesias Featuring Pitbull,2011,enrique iglesias,enrique iglesias,enrique iglesias
Enrique Iglesias Featuring Pitbull & The WAV.s,2011,enrique iglesias,enrique iglesias,enrique iglesias
Enrique Iglesias Featuring Romeo Santos,2013,enrique iglesias,enrique iglesias,enrique iglesias
Enrique Iglesias Featuring Sammy Adams,2012,enrique iglesias,enrique iglesias,enrique iglesias
Enrique Iglesias With Usher Featuring Lil Wayne,2011,enrique iglesias with usher,enrique iglesias,enrique iglesias
Entouch Featuring Keith Sweat,1990,entouch,entouch,entouch
Enuff Z'Nuff,1990,enuff z'nuff,enuff z'nuff,enuff znuff
Enur Featuring Natasja,2008,enur,enur,enur
Enya,2013,enya,enya,enya
Ephraim Lewis,1992,ephraim lewis,ephraim lewis,ephraim lewis
Erasure,1997,erasure,erasure,erasure
Eria Fachin,1988,eria fachin,eria fachin,eria fachin
Eric B. & Rakim,1992,eric b. & rakim,eric b.,eric b
Eric Benet Featuring Faith Evans,1999,eric benet,eric benet,eric benet
Eric Benet Featuring Tamia,1999,eric benet,eric benet,eric benet
Eric Burdon & The Animals,1969,eric burdon & the animals,eric burdon,eric burdon
Eric Burdon And War,1971,eric burdon and war,eric burdon,eric burdon
Eric Carmen,1988,eric carmen,eric carmen,eric carmen
Eric Church,2025,eric church,eric church,eric church
Eric Church Featuring Rhiannon Giddens,2017,eric church,eric church,eric church
Eric Clapton,1997,eric clapton,eric clapton,eric clapton
Eric Clapton And His Band,1981,eric clapton and his band,eric clapton,eric clapton
Eric Heatherly,2000,eric heatherly,eric heatherly,eric heatherly
Eric Hine,1981,eric hine,eric hine,eric hine
Eric Martin,1985,eric martin,eric martin,eric martin
Eric Paslay,2015,eric paslay,eric paslay,eric paslay
Eric Troyer,1980,eric troyer,eric troyer,eric troyer
Erica Banks,2021,erica banks,erica banks,erica banks
Erick Sermon,1995,erick sermon,erick sermon,erick sermon
Erick Sermon Featuring Marvin Gaye,2001,erick sermon,erick sermon,erick sermon
Erick Sermon Featuring Redman,2003,erick sermon,erick sermon,erick sermon
Erin Cruise,1992,erin cruise,erin cruise,erin cruise
Erma Franklin,1967,erma franklin,erma franklin,erma franklin
Ernestine Anderson,1961,ernestine anderson,ernestine anderson,ernestine anderson
Ernie (Jim Henson),1970,ernie,ernie,ernie
Ernie Fields,1961,ernie fields,ernie fields,ernie fields
Ernie Fields & Orch.,1960,ernie fields & orch.,ernie fields,ernie fields
Ernie Freeman,1962,ernie freeman,ernie freeman,ernie freeman
Ernie K-Doe,1962,ernie k-doe,ernie k-doe,ernie kdoe
Ernie Maresca,1962,ernie maresca,ernie maresca,ernie maresca
Errol Sober,1979,errol sober,errol sober,errol sober
Eruption,1978,eruption,eruption,eruption
Erykah Badu,2010,erykah badu,erykah badu,erykah badu
Erykah Badu Featuring Common,2003,erykah badu,erykah badu,erykah badu
Erykah Badu Featuring Rahzel,1999,erykah badu,erykah badu,erykah badu
Eslabon Armado Featuring DannyLux,2021,eslabon armado,eslabon armado,eslabon armado
Eslabon Armado X Peso Pluma,2023,eslabon armado x peso pluma,eslabon armado,eslabon armado
Estelle,2012,estelle,estelle,estelle
Estelle Featuring Kanye West,2008,estelle,estelle,estelle
Ester Dean Featuring Chris Brown,2010,ester dean,ester dean,ester dean
Esther & Abi Ofarim,1968,esther & abi ofarim,esther,esther
Esther Phillips,1975,esther phillips,esther phillips,esther phillips
"Esther Phillips ""Little Esther""",1967,"esther phillips ""little esther""","esther phillips ""little esther""",esther phillips little esther
Eternal,1994,eternal,eternal,eternal
Eternity's Children,1968,eternity's children,eternity's children,eternitys children
Etta & Harvey,1961,etta & harvey,etta,etta
Etta James,1970,etta james,etta james,etta james
Etta James & Sugar Pie DeSanto,1966,etta james & sugar pie desanto,etta james,etta james
Etta Jones,1961,etta jones,etta jones,etta jones
Euclid Beach Band,1979,euclid beach band,euclid beach band,euclid beach band
Eugene Church,1959,eugene church,eugene church,eugene church
Eugene Church and The Fellows,1959,eugene church and the fellows,eugene church,eugene church
Eugene Wilde,1986,eugene wilde,eugene wilde,eugene wilde
Eurogliders,1984,eurogliders,eurogliders,eurogliders
Europe,1988,europe,europe,europe
Eurythmics,1989,eurythmics,eurythmics,eurythmics
Eurythmics & Aretha Franklin,1986,eurythmics & aretha franklin,eurythmics,eurythmics
Evan And Jaron,2001,evan and jaron,evan,evan
Evanescence,2011,evanescence,evanescence,evanescence
Evanescence Featuring Paul McCoy,2003,evanescence,evanescence,evanescence
Eve,2007,eve,eve,eve
Eve & Jadakiss,2000,eve & jadakiss,eve,eve
Eve & Nokio,1999,eve & nokio,eve,eve
Eve 6,2001,eve 6,eve 6,eve 6
Eve Featuring Alicia Keys,2002,eve,eve,eve
Eve Featuring Faith Evans,2000,eve,eve,eve
Eve Featuring Gwen Stefani,2001,eve,eve,eve
"Evelyn ""Champagne"" King",1986,"evelyn ""champagne"" king","evelyn ""champagne"" king",evelyn champagne king
Evelyn King,1983,evelyn king,evelyn king,evelyn king
Evelyn Thomas,1984,evelyn thomas,evelyn thomas,evelyn thomas
Everclear,2000,everclear,everclear,everclear
Everlast,1999,everlast,everlast,everlast
Every Father's Teenage Son,1967,every father's teenage son,every father's teenage son,every fathers teenage son
Every Mothers' Son,1968,every mothers' son,every mothers' son,every mothers son
Everything,1999,everything,everything,everything
Everything But the Girl,1996,everything but the girl,everything but the girl,everything but the girl
Everything Is Everything,1969,everything is everything,everything is everything,everything is everything
Evie Sands,1975,evie sands,evie sands,evie sands
Ex-Girlfriend,1991,ex-girlfriend,ex-girlfriend,exgirlfriend
Exile,1979,exile,exile,exile
Expose,1994,expose,expose,expose
Extreme,1993,extreme,extreme,extreme
Eydie Gorme,1970,eydie gorme,eydie gorme,eydie gorme
Eye to Eye,1983,eye to eye,eye to eye,eye to eye
F.L.Y. (Fast Life Yungstaz),2009,f.l.y.,f.l.y.,fly
F.R. David,1983,f.r. david,f.r. david,fr david
FRENTE!,1994,frente!,frente!,frente
Fabian,1960,fabian,fabian,fabian
Fabolous,2011,fabolous,fabolous,fabolous
Fabolous Featuring Chris Brown,2013,fabolous,fabolous,fabolous
Fabolous Featuring Jermaine Dupri,2008,fabolous,fabolous,fabolous
Fabolous Featuring Mike Shorey,2005,fabolous,fabolous,fabolous
Fabolous Featuring Mike Shorey & Lil' Mo,2003,fabolous,fabolous,fabolous
Fabolous Featuring Nate Dogg,2001,fabolous,fabolous,fabolous
Fabolous Featuring Ne-Yo,2007,fabolous,fabolous,fabolous
Fabolous Featuring P. Diddy & Jagged Edge,2002,fabolous,fabolous,fabolous
Fabolous Featuring Tamia Or Ashanti,2003,fabolous,fabolous,fabolous
Fabolous Featuring The-Dream,2009,fabolous,fabolous,fabolous
Fabolous Featuring Young Jeezy,2007,fabolous,fabolous,fabolous
Fabu,1995,fabu,fabu,fabu
Fabulous Counts,1970,fabulous counts,fabulous counts,fabulous counts
Fabulous Poodles,1979,fabulous poodles,fabulous poodles,fabulous poodles
Face To Face,1984,face to face,face to face,face to face
Faces,1973,faces,faces,faces
Facts of Life,1977,facts of life,facts of life,facts of life
Fairground Attraction,1989,fairground attraction,fairground attraction,fairground attraction
Faith Band,1979,faith band,faith band,faith band
Faith Evans,2005,faith evans,faith evans,faith evans
Faith Evans Featuring Carl Thomas,2001,faith evans,faith evans,faith evans
"Faith Evans Featuring Missy ""Misdemeanor"" Elliott",2002,faith evans,faith evans,faith evans
Faith Evans Featuring Puff Daddy,1999,faith evans,faith evans,faith evans
Faith Hill,2011,faith hill,faith hill,faith hill
Faith Hill With Tim McGraw,2000,faith hill with tim mcgraw,faith hill,faith hill
Faith No More,1993,faith no more,faith no more,faith no more
"Faith, Hope And Charity",1975,"faith, hope and charity",faith,faith
Faithless,1997,faithless,faithless,faithless
Falco,1986,falco,falco,falco
Fall Out Boy,2023,fall out boy,fall out boy,fall out boy
Fall Out Boy Featuring John Mayer,2008,fall out boy,fall out boy,fall out boy
Falling in Reverse,2023,falling in reverse,falling in reverse,falling in reverse
Falling in Reverse & Jelly Roll,2024,falling in reverse & jelly roll,falling in reverse,falling in reverse
Famous Dex,2018,famous dex,famous dex,famous dex
Famous Dex Featuring A$AP Rocky,2018,famous dex,famous dex,famous dex
Fancy,1974,fancy,fancy,fancy
Fanny,1975,fanny,fanny,fanny
Fantasia,2010,fantasia,fantasia,fantasia
Fantasia Featuring Kelly Rowland & Missy Elliott,2013,fantasia,fantasia,fantasia
Fantastic Four,1975,fantastic four,fantastic four,fantastic four
Fantasy,1970,fantasy,fantasy,fantasy
Far Corporation,1986,far corporation,far corporation,far corporation
Far*East Movement Featuring Cataracs & Dev,2011,far*east movement,far*east movement,fareast movement
Far*East Movement Featuring Justin Bieber,2012,far*east movement,far*east movement,fareast movement
Far*East Movement Featuring Ryan Tedder,2011,far*east movement,far*east movement,fareast movement
Faron Young,1972,faron young,faron young,faron young
Farruko,2022,farruko,farruko,farruko
"Farruko, Nicki Minaj, Bad Bunny, 21 Savage & Rvssian",2018,"farruko, nicki minaj, bad bunny, 21 savage & rvssian",farruko,farruko
Fastball,1999,fastball,fastball,fastball
Faster Pussycat,1990,faster pussycat,faster pussycat,faster pussycat
Fat Boys,1988,fat boys,fat boys,fat boys
Fat Boys & The Beach Boys,1987,fat boys & the beach boys,fat boys,fat boys
Fat Joe,2005,fat joe,fat joe,fat joe
Fat Joe & Dre Featuring Eminem & Mary J. Blige,2019,fat joe & dre,fat joe,fat joe
Fat Joe Featuring Ashanti,2002,fat joe,fat joe,fat joe
Fat Joe Featuring Chris Brown,2012,fat joe,fat joe,fat joe
Fat Joe Featuring Ginuwine,2002,fat joe,fat joe,fat joe
Fat Joe Featuring J. Holiday,2008,fat joe,fat joe,fat joe
Fat Joe Featuring Lil Wayne,2007,fat joe,fat joe,fat joe
Fat Joe Featuring Nelly,2005,fat joe,fat joe,fat joe
Fat Joe Featuring R. Kelly,2002,fat joe,fat joe,fat joe
Fat Joe Featuring Tony Sunshine & Armageddon,2003,fat joe,fat joe,fat joe
"Fat Joe, Remy Ma & Jay Z Featuring French Montana & Infared",2016,"fat joe, remy ma & jay z",fat joe,fat joe
Fatboy Slim,2000,fatboy slim,fatboy slim,fatboy slim
Father M.C.,1993,father m.c.,father m.c.,father mc
Fats Domino,1968,fats domino,fats domino,fats domino
Favorite Angel,1990,favorite angel,favorite angel,favorite angel
Feargal Sharkey,1986,feargal sharkey,feargal sharkey,feargal sharkey
Feather,1970,,,
Fefe Dobson,2003,fefe dobson,fefe dobson,fefe dobson
Feid x Young Miko,2023,feid x young miko,feid,feid
Feist,2008,feist,feist,feist
Felice Taylor,1967,felice taylor,felice taylor,felice taylor
Felix Cavaliere,1980,felix cavaliere,felix cavaliere,felix cavaliere
Felix Slatkin Orchestra and Chorus,1960,felix slatkin orchestra and chorus,felix slatkin orchestra,felix slatkin orchestra
Felony,1983,felony,felony,felony
FendiDa Rappa With Cardi B,2023,fendida rappa with cardi b,fendida rappa,fendida rappa
Fergie,2016,fergie,fergie,fergie
Fergie Featuring Ludacris,2007,fergie,fergie,fergie
"Fergie, Q-Tip & GoonRock",2013,"fergie, q-tip & goonrock",fergie,fergie
Ferlin Husky,1962,ferlin husky,ferlin husky,ferlin husky
Fern Kinney,1979,fern kinney,fern kinney,fern kinney
Ferrante & Teicher,1970,ferrante & teicher,ferrante,ferrante
Ferras,2008,ferras,ferras,ferras
Festival,1980,festival,festival,festival
Fetty Wap,2025,fetty wap,fetty wap,fetty wap
Fetty Wap Featuring Monty,2016,fetty wap,fetty wap,fetty wap
Fetty Wap Featuring Remy Boyz,2016,fetty wap,fetty wap,fetty wap
Fever Tree,1968,fever tree,fever tree,fever tree
Field Mob,2003,field mob,field mob,field mob
Field Mob Featuring Ciara,2006,field mob,field mob,field mob
Fifth Harmony,2016,fifth harmony,fifth harmony,fifth harmony
Fifth Harmony Featuring Fetty Wap,2016,fifth harmony,fifth harmony,fifth harmony
Fifth Harmony Featuring Gucci Mane,2017,fifth harmony,fifth harmony,fifth harmony
Fifth Harmony Featuring Kid Ink,2015,fifth harmony,fifth harmony,fifth harmony
Fifth Harmony Featuring Ty Dolla $ign,2016,fifth harmony,fifth harmony,fifth harmony
Fifty Fifty,2023,fifty fifty,fifty fifty,fifty fifty
Figures On A Beach,1989,figures on a beach,figures on a beach,figures on a beach
Filter,2002,filter,filter,filter
Fine Young Cannibals,1990,fine young cannibals,fine young cannibals,fine young cannibals
Finesse2Tymes,2023,finesse2tymes,finesse2tymes,finesse2tymes
Finger Eleven,2008,finger eleven,finger eleven,finger eleven
Fiona,1985,fiona,fiona,fiona
Fiona (Duet With Kip Winger),1990,fiona,fiona,fiona
Fiona Apple,1998,fiona apple,fiona apple,fiona apple
Fire And Rain,1973,fire and rain,fire,fire
Fire Inc.,1984,fire inc.,fire inc.,fire inc
Fireballs,1959,fireballs,fireballs,fireballs
Fireboy DML & Ed Sheeran,2022,fireboy dml & ed sheeran,fireboy dml,fireboy dml
Firefall,1983,firefall,firefall,firefall
Fireflies,1959,fireflies,fireflies,fireflies
Firefly,1975,firefly,firefly,firefly
Firehouse,1995,firehouse,firehouse,firehouse
First Choice,1977,first choice,first choice,first choice
First Class,1975,first class,first class,first class
Fitz And The Tantrums,2017,fitz and the tantrums,fitz,fitz
Five,1999,five,five,five
Five By Five,1968,five by five,five by five,five by five
Five Finger Death Punch,2011,five finger death punch,five finger death punch,five finger death punch
"Five Finger Death Punch Featuring Kenny Wayne Shepherd, Brantley Gilbert & Brian May",2019,five finger death punch,five finger death punch,five finger death punch
Five Flights Up,1970,five flights up,five flights up,five flights up
Five Man Electrical Band,1974,five man electrical band,five man electrical band,five man electrical band
Five Special,1979,five special,five special,five special
Five Stairsteps & Cubie,1969,five stairsteps & cubie,five stairsteps,five stairsteps
Five Star,1987,five star,five star,five star
Five for Fighting,2009,five for fighting,five for fighting,five for fighting
"Fivio Foreign, Kanye West & Alicia Keys",2022,"fivio foreign, kanye west & alicia keys",fivio foreign,fivio foreign
Flamingos,1970,flamingos,flamingos,flamingos
Flash,1972,flash,flash,flash
Flash And The Pan,1979,flash and the pan,flash,flash
Flash Cadillac And The Continental Kids,1976,flash cadillac and the continental kids,flash cadillac,flash cadillac
Flatt & Scruggs,1968,flatt & scruggs,flatt,flatt
Flavor,1968,flavor,flavor,flavor
Fleetwood Mac,2020,fleetwood mac,fleetwood mac,fleetwood mac
Fletcher,2019,fletcher,fletcher,fletcher
Flex,2008,flex,flex,flex
Flip Cartridge,1966,flip cartridge,flip cartridge,flip cartridge
Flipp Dinero,2019,flipp dinero,flipp dinero,flipp dinero
Flo Milli,2024,flo milli,flo milli,flo milli
Flo Rida,2016,flo rida,flo rida,flo rida
Flo Rida & 99 Percent,2017,flo rida & 99 percent,flo rida,flo rida
Flo Rida Featuring Akon,2011,flo rida,flo rida,flo rida
Flo Rida Featuring David Guetta,2011,flo rida,flo rida,flo rida
Flo Rida Featuring Jason Derulo,2016,flo rida,flo rida,flo rida
Flo Rida Featuring Ne-Yo,2009,flo rida,flo rida,flo rida
Flo Rida Featuring Nelly Furtado,2009,flo rida,flo rida,flo rida
Flo Rida Featuring Pleasure P,2009,flo rida,flo rida,flo rida
Flo Rida Featuring Robin Thicke & Verdine White,2015,flo rida,flo rida,flo rida
Flo Rida Featuring Sage The Gemini & Lookas,2015,flo rida,flo rida,flo rida
Flo Rida Featuring Sean Kingston,2008,flo rida,flo rida,flo rida
Flo Rida Featuring Sia,2012,flo rida,flo rida,flo rida
Flo Rida Featuring T-Pain,2008,flo rida,flo rida,flo rida
Flo Rida Featuring Timbaland,2008,flo rida,flo rida,flo rida
Flo Rida Featuring Wynter,2009,flo rida,flo rida,flo rida
Flo Rida Featuring will.i.am,2008,flo rida,flo rida,flo rida
Flobots,2008,flobots,flobots,flobots
Floetry,2003,floetry,floetry,floetry
Florence + the Machine,2015,florence + the machine,florence,florence
Florida Georgia Line,2021,florida georgia line,florida georgia line,florida georgia line
Florida Georgia Line Featuring Backstreet Boys,2017,florida georgia line,florida georgia line,florida georgia line
Florida Georgia Line Featuring Nelly,2013,florida georgia line,florida georgia line,florida georgia line
Florida Georgia Line Featuring Tim McGraw,2017,florida georgia line,florida georgia line,florida georgia line
Florida Georgia Line Ft. Jason Derulo & Luke Bryan,2014,florida georgia line ft. jason derulo & luke bryan,florida georgia line ft. jason derulo,florida georgia line ft jason derulo
Florraine Darlin,1962,florraine darlin,florraine darlin,florraine darlin
Floyd Cramer,1963,floyd cramer,floyd cramer,floyd cramer
Floyd Robinson,1959,floyd robinson,floyd robinson,floyd robinson
FloyyMenor X Cris Mj,2024,floyymenor x cris mj,floyymenor,floyymenor
Flume Featuring Kai,2016,flume,flume,flume
Flume Featuring Tove Lo,2017,flume,flume,flume
Flyleaf,2008,flyleaf,flyleaf,flyleaf
Focus,1973,focus,focus,focus
Foghat,1980,foghat,foghat,foghat
Folk Implosion,1996,folk implosion,folk implosion,folk implosion
Fontella Bass,1966,fontella bass,fontella bass,fontella bass
Fontella Bass & Bobby McClure,1965,fontella bass & bobby mcclure,fontella bass,fontella bass
Foo Fighters,2011,foo fighters,foo fighters,foo fighters
Fools Gold,1976,fools gold,fools gold,fools gold
For Real,1996,for real,for real,for real
Force M.D.'s,1987,force m.d.'s,force m.d.'s,force mds
Foreigner,1995,foreigner,foreigner,foreigner
Forest For The Trees,1997,forest for the trees,forest for the trees,forest for the trees
Forrest Frank,2025,forrest frank,forrest frank,forrest frank
Forrest Frank & The Figs,2025,forrest frank & the figs,forrest frank,forrest frank
Fort Minor Featuring Holly Brook,2006,fort minor,fort minor,fort minor
Fort Minor Featuring Styles Of Beyond,2006,fort minor,fort minor,fort minor
Fortune,1986,fortune,fortune,fortune
Foster Sylvers,1973,foster sylvers,foster sylvers,foster sylvers
Foster the People,2018,foster the people,foster the people,foster the people
Fotomaker,1979,fotomaker,fotomaker,fotomaker
Fountains of Wayne,2004,fountains of wayne,fountains of wayne,fountains of wayne
Four Jacks And A Jill,1968,four jacks and a jill,four jacks,four jacks
Four Tops,1988,four tops,four tops,four tops
Fox,1975,fox,fox,fox
Foxy,1979,foxy,foxy,foxy
Foxy Brown,1999,foxy brown,foxy brown,foxy brown
Foxy Brown Featuring Dru Hill,1997,foxy brown,foxy brown,foxy brown
Foxy Brown Featuring Jay-Z,1997,foxy brown,foxy brown,foxy brown
Fragma,2000,fragma,fragma,fragma
Framing Hanley,2009,framing hanley,framing hanley,framing hanley
France Joli,1979,france joli,france joli,france joli
Francesca Battistelli,2009,francesca battistelli,francesca battistelli,francesca battistelli
Francis Lai And His Orchestra,1971,francis lai and his orchestra,francis lai,francis lai
Franck Pourcel's French Fiddles,1959,franck pourcel's french fiddles,franck pourcel's french fiddles,franck pourcels french fiddles
Frank Chacksfield And His Orch.,1960,frank chacksfield and his orch.,frank chacksfield,frank chacksfield
Frank DeVol And His Rainbow Strings,1960,frank devol and his rainbow strings,frank devol,frank devol
Frank Gallop,1966,frank gallop,frank gallop,frank gallop
Frank Gari,1961,frank gari,frank gari,frank gari
Frank Ifield,1964,frank ifield,frank ifield,frank ifield
Frank Lucas,1977,frank lucas,frank lucas,frank lucas
Frank Mills,1979,frank mills,frank mills,frank mills
Frank Ocean,2019,frank ocean,frank ocean,frank ocean
Frank Sinatra,1980,frank sinatra,frank sinatra,frank sinatra
"Frank Sinatra ""and a bunch of kids""",1959,"frank sinatra ""and a bunch of kids""","frank sinatra """,frank sinatra
Frank Sinatra & Sammy Davis Jr.,1963,frank sinatra & sammy davis jr.,frank sinatra,frank sinatra
Frank Sinatra With The Orchestra & Chorus Of Gordon Jenkins,2025,frank sinatra with the orchestra & chorus of gordon jenkins,frank sinatra,frank sinatra
Frank Slay And His Orchestra,1962,frank slay and his orchestra,frank slay,frank slay
Frank Stallone,1984,frank stallone,frank stallone,frank stallone
Frank Zappa,1982,frank zappa,frank zappa,frank zappa
Franke & The Knockouts,1982,franke & the knockouts,franke,franke
Frankee,2004,frankee,frankee,frankee
Frankie Avalon,1976,frankie avalon,frankie avalon,frankie avalon
Frankie Ballard,2015,frankie ballard,frankie ballard,frankie ballard
Frankie Calen,1961,frankie calen,frankie calen,frankie calen
Frankie Ford,1961,frankie ford,frankie ford,frankie ford
Frankie Goes To Hollywood,1985,frankie goes to hollywood,frankie goes to hollywood,frankie goes to hollywood
Frankie J,2006,frankie j,frankie j,frankie j
Frankie J Featuring Baby Bash,2005,frankie j,frankie j,frankie j
Frankie J Featuring Mannie Fresh & Chamillionaire,2006,frankie j,frankie j,frankie j
Frankie Karl & The Dreams,1968,frankie karl & the dreams,frankie karl,frankie karl
Frankie Laine,1969,frankie laine,frankie laine,frankie laine
Frankie Lymon,1960,frankie lymon,frankie lymon,frankie lymon
Frankie Miller,1982,frankie miller,frankie miller,frankie miller
Frankie Smith,1981,frankie smith,frankie smith,frankie smith
Frankie Valli,1979,frankie valli,frankie valli,frankie valli
Frankie Valli & Chris Forde,1980,frankie valli & chris forde,frankie valli,frankie valli
Frankie Valli & The 4 Seasons,1970,frankie valli & the 4 seasons,frankie valli,frankie valli
Frannie Golde,1979,frannie golde,frannie golde,frannie golde
Franz Ferdinand,2005,franz ferdinand,franz ferdinand,franz ferdinand
Freak Nasty,1997,freak nasty,freak nasty,freak nasty
Freak Nasty Featuring Crazy Mike,2007,freak nasty,freak nasty,freak nasty
Fred Darian,1961,fred darian,fred darian,fred darian
Fred Hughes,1965,fred hughes,fred hughes,fred hughes
Fred Knoblock,1980,fred knoblock,fred knoblock,fred knoblock
Fred Knoblock & Susan Anton,1981,fred knoblock & susan anton,fred knoblock,fred knoblock
Fred Parris & The Five Satins,1982,fred parris & the five satins,fred parris,fred parris
Fred Schneider,1991,fred schneider,fred schneider,fred schneider
Fred Wesley & The J.B.'s,1973,fred wesley & the j.b.'s,fred wesley,fred wesley
Freda Payne,1972,freda payne,freda payne,freda payne
Freddie And The Dreamers,1965,freddie and the dreamers,freddie,freddie
Freddie Cannon,1960,freddie cannon,freddie cannon,freddie cannon
Freddie Hart,1971,freddie hart,freddie hart,freddie hart
Freddie Hughes,1968,freddie hughes,freddie hughes,freddie hughes
Freddie Jackson,1988,freddie jackson,freddie jackson,freddie jackson
Freddie McCoy,1967,freddie mccoy,freddie mccoy,freddie mccoy
Freddie Mercury,1985,freddie mercury,freddie mercury,freddie mercury
Freddie North,1971,freddie north,freddie north,freddie north
Freddie Scott,1967,freddie scott,freddie scott,freddie scott
Freddy Cannon,1966,freddy cannon,freddy cannon,freddy cannon
Freddy Cannon & The Belmonts,1981,freddy cannon & the belmonts,freddy cannon,freddy cannon
Freddy Fender,1976,freddy fender,freddy fender,freddy fender
Freddy King,1961,freddy king,freddy king,freddy king
Freddy Robinson,1970,freddy robinson,freddy robinson,freddy robinson
Freddy Scott,1967,freddy scott,freddy scott,freddy scott
Frederick Knight,1972,frederick knight,frederick knight,frederick knight
Free,1971,free,free,free
Free Movement,1972,free movement,free movement,free movement
Freedom Williams,1993,freedom williams,freedom williams,freedom williams
Freedy Johnston,1995,freedy johnston,freedy johnston,freedy johnston
Freeway Featuring Jay-Z & Beanie Sigel,2003,freeway,freeway,freeway
Freeway Featuring Peedi Crakk,2003,freeway,freeway,freeway
French Montana,2013,french montana,french montana,french montana
French Montana Featuring Blueface & Lil Tjay,2019,french montana,french montana,french montana
French Montana Featuring Drake,2019,french montana,french montana,french montana
French Montana Featuring Jeremih,2015,french montana,french montana,french montana
French Montana Featuring Kodak Black,2016,french montana,french montana,french montana
French Montana Featuring Nicki Minaj,2013,french montana,french montana,french montana
"French Montana Featuring Post Malone, Cardi B & Rvssian",2019,french montana,french montana,french montana
"French Montana Featuring Rick Ross, Drake, Lil Wayne",2012,french montana,french montana,french montana
French Montana Featuring Swae Lee,2018,french montana,french montana,french montana
French Montana Featuring The Weeknd & Max B,2017,french montana,french montana,french montana
Frenship & Emily Warren,2016,frenship & emily warren,frenship,frenship
Frida,1983,frida,frida,frida
Fridayy,2024,fridayy,fridayy,fridayy
Fridayy & Meek Mill,2025,fridayy & meek mill,fridayy,fridayy
Friend And Lover,1968,friend and lover,friend,friend
Frijid Pink,1971,frijid pink,frijid pink,frijid pink
Frost,1996,frost,frost,frost
Frozen Ghost,1987,frozen ghost,frozen ghost,frozen ghost
Fruit De La Passion,1998,fruit de la passion,fruit de la passion,fruit de la passion
Fu-Schnickens,1995,fu-schnickens,fu-schnickens,fuschnickens
Fu-Schnickens W/ Shaquille O'Neal,1993,fu-schnickens,fu-schnickens,fuschnickens
Fuel,2004,fuel,fuel,fuel
Fuerza Regida,2025,fuerza regida,fuerza regida,fuerza regida
Fuerza Regida & Grupo Frontera,2025,fuerza regida & grupo frontera,fuerza regida,fuerza regida
Fuerza Regida & Marshmello,2024,fuerza regida & marshmello,fuerza regida,fuerza regida
Fuerza Regida & Peso Pluma,2023,fuerza regida & peso pluma,fuerza regida,fuerza regida
Fuerza Regida X Grupo Frontera,2023,fuerza regida x grupo frontera,fuerza regida,fuerza regida
Fuerza Regida X Natanael Cano,2023,fuerza regida x natanael cano,fuerza regida,fuerza regida
Fugees,1996,fugees,fugees,fugees
Fun Factory,1996,fun factory,fun factory,fun factory
Funkadelic,1979,funkadelic,funkadelic,funkadelic
Funkdoobiest,1993,funkdoobiest,funkdoobiest,funkdoobiest
Funkmaster Flex Featuring DMX,2000,funkmaster flex,funkmaster flex,funkmaster flex
Funkmaster Flex Presents Khadejia Featuring Product,1998,funkmaster flex presents khadejia,funkmaster flex presents khadejia,funkmaster flex presents khadejia
Funky Communication Committee,1979,funky communication committee,funky communication committee,funky communication committee
Funky Green Dogs,1997,funky green dogs,funky green dogs,funky green dogs
Funky Kings,1977,funky kings,funky kings,funky kings
Future,2024,future,future,future
Future & Juice WRLD,2019,future & juice wrld,future,future
Future & Juice WRLD Featuring Young Scooter,2018,future & juice wrld,future,future
Future & Lil Uzi Vert,2021,future & lil uzi vert,future,future
Future & Metro Boomin,2024,future & metro boomin,future,future
Future & Young Thug,2017,future & young thug,future,future
Future & Young Thug Featuring Offset,2017,future & young thug,future,future
Future Featuring Drake,2022,future,future,future
Future Featuring Drake & Tems,2023,future,future,future
Future Featuring EST Gee,2022,future,future,future
Future Featuring Gunna & Young Thug,2022,future,future,future
Future Featuring Kanye West,2022,future,future,future
Future Featuring Kodak Black,2022,future,future,future
Future Featuring Lil Uzi Vert,2020,future,future,future
Future Featuring Lil Wayne,2013,future,future,future
Future Featuring Nicki Minaj,2017,future,future,future
"Future Featuring Pharrell, Pusha T & Casino",2014,future,future,future
Future Featuring Rihanna,2017,future,future,future
Future Featuring T.I.,2012,future,future,future
Future Featuring The Weeknd,2017,future,future,future
Future Featuring Travis Scott,2020,future,future,future
Future Featuring YG,2017,future,future,future
Future Featuring Young Thug,2020,future,future,future
Future Featuring YoungBoy Never Broke Again,2020,future,future,future
"Future, Drake & Young Thug",2020,"future, drake & young thug",future,future
"Future, Metro Boomin & A$AP Rocky",2024,"future, metro boomin & a$ap rocky",future,future
"Future, Metro Boomin & Brownstone",2024,"future, metro boomin & brownstone",future,future
"Future, Metro Boomin & J. Cole",2024,"future, metro boomin & j. cole",future,future
"Future, Metro Boomin & Kendrick Lamar",2025,"future, metro boomin & kendrick lamar",future,future
"Future, Metro Boomin & Lil Baby",2024,"future, metro boomin & lil baby",future,future
"Future, Metro Boomin & Rick Ross",2024,"future, metro boomin & rick ross",future,future
"Future, Metro Boomin & The Weeknd",2024,"future, metro boomin & the weeknd",future,future
"Future, Metro Boomin & Travis Scott",2024,"future, metro boomin & travis scott",future,future
"Future, Metro Boomin, Travis Scott & Playboi Carti",2024,"future, metro boomin, travis scott & playboi carti",future,future
G Herbo,2025,g herbo,g herbo,g herbo
"G Herbo Featuring Chance the Rapper, Juice WRLD & Lil Uzi Vert",2020,g herbo,g herbo,g herbo
G Herbo Featuring Polo G & Lil Tjay,2021,g herbo,g herbo,g herbo
G Unit,2008,g unit,g unit,g unit
G-Eazy,2017,g-eazy,g-eazy,geazy
G-Eazy & Halsey,2018,g-eazy & halsey,g-eazy,geazy
G-Eazy & Kehlani,2017,g-eazy & kehlani,g-eazy,geazy
G-Eazy Featuring A$AP Rocky & Cardi B,2018,g-eazy,g-eazy,geazy
G-Eazy Featuring Blackbear,2020,g-eazy,g-eazy,geazy
G-Eazy Featuring Chris Brown & Mark Morrison,2021,g-eazy,g-eazy,geazy
G-Eazy Featuring Chris Brown & Tory Lanez,2015,g-eazy,g-eazy,geazy
G-Eazy Featuring Marc E. Bassy,2017,g-eazy,g-eazy,geazy
G-Eazy Featuring Remo,2015,g-eazy,g-eazy,geazy
G-Eazy Featuring Yo Gotti & YBN Nahmir,2018,g-eazy,g-eazy,geazy
G-Eazy x Bebe Rexha,2016,g-eazy x bebe rexha,g-eazy,geazy
G-Unit Featuring Joe,2004,g-unit,g-unit,gunit
G-Wiz,1993,g-wiz,g-wiz,gwiz
G.L. Crockett,1965,g.l. crockett,g.l. crockett,gl crockett
G.Q.,1979,g.q.,g.q.,gq
GAYLE,2022,gayle,gayle,gayle
GELO,2025,gelo,gelo,gelo
GQ,1982,gq,gq,gq
GS Boyz,2009,gs boyz,gs boyz,gs boyz
GTR,1986,gtr,gtr,gtr
Gabby Barrett,2023,gabby barrett,gabby barrett,gabby barrett
Gabby Barrett Featuring Charlie Puth,2021,gabby barrett,gabby barrett,gabby barrett
Gabito Ballesteros & Tito Double P,2025,gabito ballesteros & tito double p,gabito ballesteros,gabito ballesteros
"Gabito Ballesteros, Peso Pluma & Natanael Cano",2023,"gabito ballesteros, peso pluma & natanael cano",gabito ballesteros,gabito ballesteros
Gabriel,1978,gabriel,gabriel,gabriel
Gabriel And The Angels,1963,gabriel and the angels,gabriel,gabriel
Gabriel Kaplan,1977,gabriel kaplan,gabriel kaplan,gabriel kaplan
Gabrielle,1994,gabrielle,gabrielle,gabrielle
Galantis,2016,galantis,galantis,galantis
Gale Garnett,1965,gale garnett,gale garnett,gale garnett
Gallagher And Lyle,1976,gallagher and lyle,gallagher,gallagher
Gallery,1973,gallery,gallery,gallery
"Game Featuring Chris Brown, Tyga, Wiz Khalifa & Lil Wayne",2013,game,game,game
Game Featuring Lil Wayne,2011,game,game,game
"Game Featuring Lil Wayne & Tyler, the Creator",2011,game,game,game
Gamma,1982,gamma,gamma,gamma
Gang Starr,1998,gang starr,gang starr,gang starr
Garbage,2005,garbage,garbage,garbage
Gardner Cole,1988,gardner cole,gardner cole,gardner cole
Garfunkel,1974,garfunkel,garfunkel,garfunkel
Garland Green,1969,garland green,garland green,garland green
Garland Jeffreys,1981,garland jeffreys,garland jeffreys,garland jeffreys
Garnet Mimms,1966,garnet mimms,garnet mimms,garnet mimms
Garnet Mimms & The Enchanters,1964,garnet mimms & the enchanters,garnet mimms,garnet mimms
Garrett Hedlund & Leighton Meester,2011,garrett hedlund & leighton meester,garrett hedlund,garrett hedlund
Garry Miles,1960,garry miles,garry miles,garry miles
Garry Mills,1960,garry mills,garry mills,garry mills
Garth Brooks,2017,garth brooks,garth brooks,garth brooks
Garth Brooks & Blake Shelton,2020,garth brooks & blake shelton,garth brooks,garth brooks
Garth Brooks as Chris Gaines,1999,garth brooks as chris gaines,garth brooks as chris gaines,garth brooks as chris gaines
Gary & Dave,1974,gary & dave,gary,gary
Gary Allan,2013,gary allan,gary allan,gary allan
Gary And The Hornets,1966,gary and the hornets,gary,gary
Gary Barlow,1998,gary barlow,gary barlow,gary barlow
Gary Burbank With Band McNally,1980,gary burbank with band mcnally,gary burbank,gary burbank
Gary Cane And His Friends,1960,gary cane and his friends,gary cane,gary cane
Gary Glitter,1972,gary glitter,gary glitter,gary glitter
Gary Lewis And The Playboys,1969,gary lewis and the playboys,gary lewis,gary lewis
Gary Moore,1991,gary moore,gary moore,gary moore
Gary Numan,1980,gary numan,gary numan,gary numan
Gary O',1981,gary o',gary o',gary o
Gary Portnoy,1983,gary portnoy,gary portnoy,gary portnoy
Gary Puckett,1971,gary puckett,gary puckett,gary puckett
Gary Puckett And The Union Gap,1970,gary puckett and the union gap,gary puckett,gary puckett
Gary Stites,1960,gary stites,gary stites,gary stites
Gary Tanner,1978,gary tanner,gary tanner,gary tanner
Gary Toms Empire,1975,gary toms empire,gary toms empire,gary toms empire
Gary U.S. Bonds,1982,gary u.s. bonds,gary u.s. bonds,gary us bonds
Gary Wright,1981,gary wright,gary wright,gary wright
Gary's Gang,1979,gary's gang,gary's gang,garys gang
Gavin Adcock,2025,gavin adcock,gavin adcock,gavin adcock
Gavin Christopher,1986,gavin christopher,gavin christopher,gavin christopher
Gavin DeGraw,2013,gavin degraw,gavin degraw,gavin degraw
Gavin Rossdale,2009,gavin rossdale,gavin rossdale,gavin rossdale
Gayle McCormick,1972,gayle mccormick,gayle mccormick,gayle mccormick
Gaylord & Holiday,1976,gaylord & holiday,gaylord,gaylord
Geils,1977,geils,geils,geils
Gene & Eunice,1959,gene & eunice,gene,gene
Gene & Jerry,1971,gene & jerry,gene,gene
Gene And Debbe,1968,gene and debbe,gene,gene
Gene Autry,2025,gene autry,gene autry,gene autry
Gene Autry & The Pinafores,2025,gene autry & the pinafores,gene autry,gene autry
Gene Chandler,1979,gene chandler,gene chandler,gene chandler
Gene Chandler & Barbara Acklin,1968,gene chandler & barbara acklin,gene chandler,gene chandler
Gene Cotton,1982,gene cotton,gene cotton,gene cotton
Gene Cotton With Kim Carnes,1978,gene cotton with kim carnes,gene cotton,gene cotton
Gene Loves Jezebel,1990,gene loves jezebel,gene loves jezebel,gene loves jezebel
Gene McDaniels,1963,gene mcdaniels,gene mcdaniels,gene mcdaniels
Gene Pitney,1970,gene pitney,gene pitney,gene pitney
Gene Redding,1974,gene redding,gene redding,gene redding
Gene Simmons,1979,gene simmons,gene simmons,gene simmons
Gene Thomas,1964,gene thomas,gene thomas,gene thomas
General Larry Platt,2010,general larry platt,general larry platt,general larry platt
General Public,1995,general public,general public,general public
Genesis,1993,genesis,genesis,genesis
Genius/GZA,1995,genius,genius,genius
Genius/GZA Featuring Inspektah Deck,1996,genius,genius,genius
Genius/GZA Featuring Method Man,1996,genius,genius,genius
Gentle Persuasion,1983,gentle persuasion,gentle persuasion,gentle persuasion
Genya Ravan,1978,genya ravan,genya ravan,genya ravan
Geoffrey Williams,1992,geoffrey williams,geoffrey williams,geoffrey williams
George & Gene,1965,george & gene,george,george
George Baker Selection,1976,george baker selection,george baker selection,george baker selection
George Benson,1985,george benson,george benson,george benson
George Birge,2025,george birge,george birge,george birge
George Burns,1980,george burns,george burns,george burns
George Duke,1982,george duke,george duke,george duke
George Ezra,2015,george ezra,george ezra,george ezra
George Fischoff,1974,george fischoff,george fischoff,george fischoff
George Hamilton IV,1963,george hamilton iv,george hamilton iv,george hamilton iv
George Harrison,2002,george harrison,george harrison,george harrison
George Jones,1965,george jones,george jones,george jones
George Lamond,1993,george lamond,george lamond,george lamond
George Lamond (Duet With Brenda K. Starr),1991,george lamond,george lamond,george lamond
George Maharis,1963,george maharis,george maharis,george maharis
George Martin And His Orch.,1964,george martin and his orch.,george martin,george martin
George McCrae,1976,george mccrae,george mccrae,george mccrae
George McCurn,1963,george mccurn,george mccurn,george mccurn
George Michael,2017,george michael,george michael,george michael
George Michael & Queen,1993,george michael & queen,george michael,george michael
George Michael/Elton John,1992,george michael,george michael,george michael
George Perkins & The Silver Stars,1970,george perkins & the silver stars,george perkins,george perkins
George Strait,2014,george strait,george strait,george strait
George Thorogood & The Destroyers,1985,george thorogood & the destroyers,george thorogood,george thorogood
George Torrence & The Naturals,1968,george torrence & the naturals,george torrence,george torrence
Georgia Gibbs,1958,georgia gibbs,georgia gibbs,georgia gibbs
Georgie Fame,1968,georgie fame,georgie fame,georgie fame
Georgie Fame And The Blue Flames,1966,georgie fame and the blue flames,georgie fame,georgie fame
Georgie Young,1958,georgie young,georgie young,georgie young
Georgio,1988,georgio,georgio,georgio
Gera MX + Christian Nodal,2021,gera mx + christian nodal,gera mx,gera mx
Gerald Levert,2000,gerald levert,gerald levert,gerald levert
"Gerald Levert & Eddie Levert, Sr.",1995,"gerald levert & eddie levert, sr.",gerald levert,gerald levert
Gerald Levert (Duet With Eddie Levert),1992,gerald levert,gerald levert,gerald levert
Gerard McMahon,1983,gerard mcmahon,gerard mcmahon,gerard mcmahon
Gerardo,1991,gerardo,gerardo,gerardo
Gerry And The Pacemakers,1966,gerry and the pacemakers,gerry,gerry
Gerry Granahan,1958,gerry granahan,gerry granahan,gerry granahan
Gerry Rafferty,1980,gerry rafferty,gerry rafferty,gerry rafferty
Gesaffelstein & The Weeknd,2019,gesaffelstein & the weeknd,gesaffelstein,gesaffelstein
Get Wet,1981,get wet,get wet,get wet
Geto Boys,1993,geto boys,geto boys,geto boys
Geto Boys Featuring Flaj,1996,geto boys,geto boys,geto boys
Ghost,2022,ghost,ghost,ghost
Ghost Town DJ's,2016,ghost town dj's,ghost town dj's,ghost town djs
Ghostface Killah,2000,ghostface killah,ghostface killah,ghostface killah
Ghostface Killah Featuring Ne-Yo,2006,ghostface killah,ghostface killah,ghostface killah
Giant,1990,giant,giant,giant
Giant Steps,1989,giant steps,giant steps,giant steps
Gidea Park featuring Adrian Baker,1982,gidea park,gidea park,gidea park
Giggles,1992,giggles,giggles,giggles
Gigi D'Agostino,2001,gigi d'agostino,gigi d'agostino,gigi dagostino
Gigi Perez,2025,gigi perez,gigi perez,gigi perez
Gilbert O'Sullivan,1974,gilbert o'sullivan,gilbert o'sullivan,gilbert osullivan
Gillette,1995,gillette,gillette,gillette
Gin Blossoms,1996,gin blossoms,gin blossoms,gin blossoms
Gina G,1997,gina g,gina g,gina g
Gina Go-Go,1989,gina go-go,gina go-go,gina gogo
Gina Thompson,1996,gina thompson,gina thompson,gina thompson
Ginger Baker's Air Force,1970,ginger baker's air force,ginger baker's air force,ginger bakers air force
Ginny Arnell,1964,ginny arnell,ginny arnell,ginny arnell
Gino Soccio,1979,gino soccio,gino soccio,gino soccio
Gino Vannelli,1987,gino vannelli,gino vannelli,gino vannelli
Ginuwine,2009,ginuwine,ginuwine,ginuwine
Ginuwine Featuring Baby,2003,ginuwine,ginuwine,ginuwine
"Ginuwine, R.L., Tyrese, Case",2000,"ginuwine, r.l., tyrese, case",ginuwine,ginuwine
Giorgio,1972,giorgio,giorgio,giorgio
Giorgio Moroder,1979,giorgio moroder,giorgio moroder,giorgio moroder
Giorgio Moroder (Featuring Paul Engeman),1984,giorgio moroder,giorgio moroder,giorgio moroder
Giuffria,1986,giuffria,giuffria,giuffria
Giveon,2025,giveon,giveon,giveon
Gladstone,1972,gladstone,gladstone,gladstone
Gladys Knight And The Pips,1988,gladys knight and the pips,gladys knight,gladys knight
Glass Animals,2022,glass animals,glass animals,glass animals
Glass Moon,1982,glass moon,glass moon,glass moon
Glass Tiger,1988,glass tiger,glass tiger,glass tiger
Glee Cast,2013,glee cast,glee cast,glee cast
Glee Cast Featuring 2Cellos,2012,glee cast,glee cast,glee cast
Glee Cast Featuring Gwyneth Paltrow,2011,glee cast,glee cast,glee cast
Glee Cast Featuring Idina Menzel,2010,glee cast,glee cast,glee cast
Glee Cast Featuring Jonathan Groff,2011,glee cast,glee cast,glee cast
Glee Cast Featuring Kristin Chenoweth,2011,glee cast,glee cast,glee cast
Glee Cast Featuring Neil Patrick Harris,2010,glee cast,glee cast,glee cast
Glee Cast Featuring Olivia Newton-John,2010,glee cast,glee cast,glee cast
Glee Cast Featuring Ricky Martin,2012,glee cast,glee cast,glee cast
Glen Burtnick,1987,glen burtnick,glen burtnick,glen burtnick
Glen Campbell,2014,glen campbell,glen campbell,glen campbell
Glen Campbell & Bobbie Gentry,1969,glen campbell & bobbie gentry,glen campbell,glen campbell
Glen Campbell & Rita Coolidge,1980,glen campbell & rita coolidge,glen campbell,glen campbell
Glen Campbell/Anne Murray,1971,glen campbell,glen campbell,glen campbell
Glenn Frey,1992,glenn frey,glenn frey,glenn frey
Glenn Jones,1988,glenn jones,glenn jones,glenn jones
Glenn Lewis,2002,glenn lewis,glenn lewis,glenn lewis
Glenn Medeiros,1988,glenn medeiros,glenn medeiros,glenn medeiros
Glenn Medeiros (Featuring The Stylistics),1990,glenn medeiros,glenn medeiros,glenn medeiros
Glenn Medeiros Featuring Bobby Brown,1990,glenn medeiros,glenn medeiros,glenn medeiros
"Glenn Medeiros Featuring Ray Parker, Jr.",1990,glenn medeiros,glenn medeiros,glenn medeiros
Glenn Shorrock,1983,glenn shorrock,glenn shorrock,glenn shorrock
Glenn Sutton,1979,glenn sutton,glenn sutton,glenn sutton
Glenn Yarbrough,1965,glenn yarbrough,glenn yarbrough,glenn yarbrough
Gloria Estefan,2000,gloria estefan,gloria estefan,gloria estefan
Gloria Estefan & Miami Sound Machine,1988,gloria estefan & miami sound machine,gloria estefan,gloria estefan
Gloria Gaynor,1979,gloria gaynor,gloria gaynor,gloria gaynor
Gloria Lynne,1965,gloria lynne,gloria lynne,gloria lynne
Gloria Taylor,1970,gloria taylor,gloria taylor,gloria taylor
Gloria Walker,1968,gloria walker,gloria walker,gloria walker
Gloria Walker/Chevelles,1969,gloria walker,gloria walker,gloria walker
Gloriana,2013,gloriana,gloriana,gloriana
Glorilla,2025,glorilla,glorilla,glorilla
Glorilla & Cardi B,2023,glorilla & cardi b,glorilla,glorilla
Glorilla & Megan Thee Stallion,2024,glorilla & megan thee stallion,glorilla,glorilla
Glorilla & Sexyy Red,2025,glorilla & sexyy red,glorilla,glorilla
Glorilla & T-Pain,2024,glorilla & t-pain,glorilla,glorilla
Gnarls Barkley,2008,gnarls barkley,gnarls barkley,gnarls barkley
Gnash Featuring Johnny Yukon,2016,gnash,gnash,gnash
Gnash Featuring Olivia O'Brien,2017,gnash,gnash,gnash
Go West,1993,go west,go west,go west
Go-Go's,1984,go-go's,go-go's,gogos
Goanna,1983,goanna,goanna,goanna
Goddess,1993,goddess,goddess,goddess
Godley & Creme,1985,godley & creme,godley,godley
Godsmack,2010,godsmack,godsmack,godsmack
Godspell,1972,godspell,godspell,godspell
Gogi Grant,1961,gogi grant,gogi grant,gogi grant
GoldLink Featuring Brent Faiyaz & Shy Glizzy,2017,goldlink,goldlink,goldlink
Golden Earring,1984,golden earring,golden earring,golden earring
Gonzalez,1979,gonzalez,gonzalez,gonzalez
Goo Goo Dolls,2008,goo goo dolls,goo goo dolls,goo goo dolls
Good 2 Go,1992,good 2 go,good 2 go,good 2 go
Good Charlotte,2008,good charlotte,good charlotte,good charlotte
Good Charlotte Featuring M. Shadows And Synyster Gates,2007,good charlotte,good charlotte,good charlotte
Good Neighbours,2024,good neighbours,good neighbours,good neighbours
Good Question,1988,good question,good question,good question
Goodfellaz,1997,goodfellaz,goodfellaz,goodfellaz
Goodie Mob,1996,goodie mob,goodie mob,goodie mob
Goodie Mob Featuring OutKast,1998,goodie mob,goodie mob,goodie mob
Goody Goody,1978,goody goody,goody goody,goody goody
Googie Rene Combo,1966,googie rene combo,googie rene combo,googie rene combo
Goose Creek Symphony,1972,goose creek symphony,goose creek symphony,goose creek symphony
Gordon Lightfoot,1982,gordon lightfoot,gordon lightfoot,gordon lightfoot
Gordon MacRae,1958,gordon macrae,gordon macrae,gordon macrae
Gordon Sinclair,1974,gordon sinclair,gordon sinclair,gordon sinclair
Gorilla Zoe,2009,gorilla zoe,gorilla zoe,gorilla zoe
Gorilla Zoe Featuring Lil Jon,2011,gorilla zoe,gorilla zoe,gorilla zoe
Gorillaz,2006,gorillaz,gorillaz,gorillaz
Gorillaz Featuring George Benson,2018,gorillaz,gorillaz,gorillaz
Gorillaz Featuring Shaun Ryder,2006,gorillaz,gorillaz,gorillaz
Gorky Park,1990,gorky park,gorky park,gorky park
Gotye,2012,gotye,gotye,gotye
Gotye Featuring Kimbra,2013,gotye,gotye,gotye
Grace Featuring G-Eazy,2016,grace,grace,grace
Grace Jones,1987,grace jones,grace jones,grace jones
Grace Potter & The Nocturnals,2012,grace potter & the nocturnals,grace potter,grace potter
Grace Slick,1980,grace slick,grace slick,grace slick
Gracie Abrams,2025,gracie abrams,gracie abrams,gracie abrams
Gracie Abrams Featuring Taylor Swift,2024,gracie abrams,gracie abrams,gracie abrams
Graduates,1959,graduates,graduates,graduates
Graham Central Station,1976,graham central station,graham central station,graham central station
Graham Nash,1986,graham nash,graham nash,graham nash
Graham Nash & David Crosby,1972,graham nash & david crosby,graham nash,graham nash
Graham Parker,1983,graham parker,graham parker,graham parker
Graham Parker & The Shot,1985,graham parker & the shot,graham parker,graham parker
Graham Parker And The Rumour,1977,graham parker and the rumour,graham parker,graham parker
Grand Canyon,1974,grand canyon,grand canyon,grand canyon
Grand Funk,1975,grand funk,grand funk,grand funk
Grand Funk Railroad,1976,grand funk railroad,grand funk railroad,grand funk railroad
Grand Master Melle Mel And The Furious Five With Mr Ness & Cowboy,1984,grand master melle mel and the furious five with mr ness & cowboy,grand master melle mel,grand master melle mel
Grand Puba,1995,grand puba,grand puba,grand puba
Grandmaster Flash,1982,grandmaster flash,grandmaster flash,grandmaster flash
Grandmaster Slice,1991,grandmaster slice,grandmaster slice,grandmaster slice
Granger Smith,2017,granger smith,granger smith,granger smith
Grapefruit,1968,grapefruit,grapefruit,grapefruit
Grateful Dead,1987,grateful dead,grateful dead,grateful dead
Gravediggaz,1994,gravediggaz,gravediggaz,gravediggaz
Gravity Kills,1996,gravity kills,gravity kills,gravity kills
Grayson Hugh,1989,grayson hugh,grayson hugh,grayson hugh
Grayson Hugh & Betty Wright,1990,grayson hugh & betty wright,grayson hugh,grayson hugh
Great White,1991,great white,great white,great white
Green Day,2012,green day,green day,green day
Green Jelly,1993,green jelly,green jelly,green jelly
Green Shoe Studio Featuring Jacob Colgan & Fred Stobaugh,2013,green shoe studio,green shoe studio,green shoe studio
Greg Bates,2013,greg bates,greg bates,greg bates
Greg Guidry,1982,greg guidry,greg guidry,greg guidry
Greg Kihn,1986,greg kihn,greg kihn,greg kihn
Greg Kihn Band,1983,greg kihn band,greg kihn band,greg kihn band
Greg Lake,1982,greg lake,greg lake,greg lake
Gregg Allman,1974,gregg allman,gregg allman,gregg allman
Gregory Abbott,1987,gregory abbott,gregory abbott,gregory abbott
Gretchen Wilson,2005,gretchen wilson,gretchen wilson,gretchen wilson
Grey & Hanks,1979,grey & hanks,grey,grey
Grin,1972,grin,grin,grin
Groove Theory,1996,groove theory,groove theory,groove theory
Group Home,1995,group home,group home,group home
Grouplove,2012,grouplove,grouplove,grouplove
"Grover Washington, Jr.",1982,"grover washington, jr.",grover washington,grover washington
"Grover Washington, Jr. With Bill Withers",1981,"grover washington, jr. with bill withers",grover washington,grover washington
Grupo Firme,2021,grupo firme,grupo firme,grupo firme
Grupo Frontera,2023,grupo frontera,grupo frontera,grupo frontera
Grupo Frontera & Grupo Firme,2024,grupo frontera & grupo firme,grupo frontera,grupo frontera
Grupo Frontera X Bad Bunny,2023,grupo frontera x bad bunny,grupo frontera,grupo frontera
Grupo Marca Registrada X Grupo Frontera,2023,grupo marca registrada x grupo frontera,grupo marca registrada,grupo marca registrada
Gucci Mane,2022,gucci mane,gucci mane,gucci mane
Gucci Mane & Drake,2016,gucci mane & drake,gucci mane,gucci mane
Gucci Mane & Kodak Black,2023,gucci mane & kodak black,gucci mane,gucci mane
Gucci Mane & Lil Baby,2023,gucci mane & lil baby,gucci mane,gucci mane
Gucci Mane & Nicki Minaj,2017,gucci mane & nicki minaj,gucci mane,gucci mane
Gucci Mane Featuring Drake,2017,gucci mane,gucci mane,gucci mane
Gucci Mane Featuring J. Cole & Mike Will Made-It,2023,gucci mane,gucci mane,gucci mane
Gucci Mane Featuring Kanye West,2016,gucci mane,gucci mane,gucci mane
Gucci Mane Featuring Key Glock & Young Dolph,2022,gucci mane,gucci mane,gucci mane
Gucci Mane Featuring Kodak Black & London On Da Track,2019,gucci mane,gucci mane,gucci mane
Gucci Mane Featuring Lil Durk,2022,gucci mane,gucci mane,gucci mane
Gucci Mane Featuring Migos,2018,gucci mane,gucci mane,gucci mane
Gucci Mane Featuring Offset,2017,gucci mane,gucci mane,gucci mane
Gucci Mane Featuring Plies Or OJ da Juiceman,2010,gucci mane,gucci mane,gucci mane
Gucci Mane Featuring Slim Jxmmi & Young Dolph,2017,gucci mane,gucci mane,gucci mane
Gucci Mane Featuring The Weeknd,2017,gucci mane,gucci mane,gucci mane
Gucci Mane Featuring Usher,2010,gucci mane,gucci mane,gucci mane
Gucci Mane X Bruno Mars X Kodak Black,2019,gucci mane x bruno mars x kodak black,gucci mane,gucci mane
Guerilla Black Featuring Mario Winans,2005,guerilla black,guerilla black,guerilla black
Gunhill Road,1973,gunhill road,gunhill road,gunhill road
Gunna,2025,gunna,gunna,gunna
Gunna & 21 Savage,2022,gunna & 21 savage,gunna,gunna
Gunna & Chloe,2022,gunna & chloe,gunna,gunna
Gunna & Chris Brown Featuring Yung Bleu,2022,gunna & chris brown,gunna,gunna
Gunna & Future,2022,gunna & future,gunna,gunna
Gunna & Future Featuring Young Thug,2022,gunna & future,gunna,gunna
Gunna Featuring Burna Boy,2025,gunna,gunna,gunna
Gunna Featuring Drake,2022,gunna,gunna,gunna
Gunna Featuring G Herbo,2022,gunna,gunna,gunna
Gunna Featuring Kodak Black,2022,gunna,gunna,gunna
Gunna Featuring Lil Baby,2022,gunna,gunna,gunna
Gunna Featuring Offset,2025,gunna,gunna,gunna
Gunna Featuring Playboi Carti,2019,gunna,gunna,gunna
Gunna Featuring Roddy Ricch,2020,gunna,gunna,gunna
Gunna Featuring Travis Scott,2020,gunna,gunna,gunna
Gunna Featuring Wizkid,2025,gunna,gunna,gunna
Gunna Featuring Young Thug,2022,gunna,gunna,gunna
Guns N' Roses,2008,guns n' roses,guns n' roses,guns n roses
Guy,2000,guy,guy,guy
Guy Drake,1970,guy drake,guy drake,guy drake
Guy Marks,1968,guy marks,guy marks,guy marks
Guy Mitchell,1960,guy mitchell,guy mitchell,guy mitchell
Guys Next Door,1991,guys next door,guys next door,guys next door
Gwen Guthrie,1986,gwen guthrie,gwen guthrie,gwen guthrie
Gwen McCrae,1975,gwen mccrae,gwen mccrae,gwen mccrae
Gwen Stefani,2016,gwen stefani,gwen stefani,gwen stefani
Gwen Stefani Featuring Akon,2007,gwen stefani,gwen stefani,gwen stefani
Gwen Stefani Featuring Blake Shelton,2025,gwen stefani,gwen stefani,gwen stefani
Gwen Stefani Featuring Eve,2005,gwen stefani,gwen stefani,gwen stefani
Gwyneth Paltrow,2011,gwyneth paltrow,gwyneth paltrow,gwyneth paltrow
Gym Class Heroes,2007,gym class heroes,gym class heroes,gym class heroes
Gym Class Heroes Featuring Adam Levine,2012,gym class heroes,gym class heroes,gym class heroes
Gym Class Heroes Featuring Neon Hitch,2012,gym class heroes,gym class heroes,gym class heroes
Gym Class Heroes Featuring Patrick Stump,2007,gym class heroes,gym class heroes,gym class heroes
Gym Class Heroes Featuring Ryan Tedder,2012,gym class heroes,gym class heroes,gym class heroes
Gym Class Heroes Featuring The-Dream,2008,gym class heroes,gym class heroes,gym class heroes
Gypsy,1971,gypsy,gypsy,gypsy
Gyptian,2010,gyptian,gyptian,gyptian
Gyrl,1997,gyrl,gyrl,gyrl
H-Town,1998,h-town,h-town,htown
H-Town/Al B. Sure!,1994,h-town,h-town,htown
H.B. Barnum,1961,h.b. barnum,h.b. barnum,hb barnum
H.E.R.,2021,h.e.r.,h.e.r.,her
H.E.R. Featuring Bryson Tiller,2018,h.e.r.,h.e.r.,her
H.E.R. Featuring Chris Brown,2022,h.e.r.,h.e.r.,her
H.E.R. Featuring YG,2020,h.e.r.,h.e.r.,her
HARDY,2024,hardy,hardy,hardy
HARDY Featuring Lainey Wilson,2023,hardy,hardy,hardy
HARDY Featuring Lauren Alaina & Devin Dawson,2020,hardy,hardy,hardy
HARDY Featuring Morgan Wallen,2023,hardy,hardy,hardy
"HUNTR/X: EJAE, Audrey Nuna & REI AMI",2025,huntr,huntr,huntr
Haddaway,1994,haddaway,haddaway,haddaway
Hadouken!,2013,hadouken!,hadouken!,hadouken
"Hagar, Schon, Aaronson, Shrieve",1984,"hagar, schon, aaronson, shrieve",hagar,hagar
Hagood Hardy,1976,hagood hardy,hagood hardy,hagood hardy
Hailee Steinfeld,2017,hailee steinfeld,hailee steinfeld,hailee steinfeld
Hailee Steinfeld & Alesso Featuring Florida Georgia Line & WATT,2018,hailee steinfeld & alesso,hailee steinfeld,hailee steinfeld
Hailee Steinfeld & Grey Featuring Zedd,2017,hailee steinfeld & grey,hailee steinfeld,hailee steinfeld
Hailey Whitters,2023,hailey whitters,hailey whitters,hailey whitters
Haircut One Hundred,1982,haircut one hundred,haircut one hundred,haircut one hundred
Halsey,2024,halsey,halsey,halsey
Halsey Featuring Big Sean & Stefflon Don,2018,halsey,halsey,halsey
Halsey Featuring Lauren Jauregui,2017,halsey,halsey,halsey
Hamilton Bohannon,1975,hamilton bohannon,hamilton bohannon,hamilton bohannon
Hamilton Camp,1968,hamilton camp,hamilton camp,hamilton camp
"Hamilton, Joe Frank & Dennison",1976,"hamilton, joe frank & dennison",hamilton,hamilton
"Hamilton, Joe Frank & Reynolds",1976,"hamilton, joe frank & reynolds",hamilton,hamilton
Hank Ballard,1962,hank ballard,hank ballard,hank ballard
Hank Ballard And The Midnighters,1961,hank ballard and the midnighters,hank ballard,hank ballard
Hank Jacobs,1964,hank jacobs,hank jacobs,hank jacobs
Hank Levine And Orchestra,1961,hank levine and orchestra,hank levine,hank levine
Hank Locklin,1960,hank locklin,hank locklin,hank locklin
Hank Snow,1962,hank snow,hank snow,hank snow
Hank Thompson,1960,hank thompson,hank thompson,hank thompson
Hank Williams Jr.,1964,hank williams jr.,hank williams jr.,hank williams jr
Hank Wilson,1973,hank wilson,hank wilson,hank wilson
Hannah Huston,2016,hannah huston,hannah huston,hannah huston
Hannah Jones,1998,hannah jones,hannah jones,hannah jones
Hannah Montana,2010,hannah montana,hannah montana,hannah montana
Hannah Montana Featuring David Archuleta,2009,hannah montana,hannah montana,hannah montana
Hannah Montana Featuring Iyaz,2010,hannah montana,hannah montana,hannah montana
Hanson,2000,hanson,hanson,hanson
Hanumankind X Kalmi,2024,hanumankind x kalmi,hanumankind,hanumankind
Happy Mondays,1991,happy mondays,happy mondays,happy mondays
Harlow Wilcox and the Oakies,1969,harlow wilcox and the oakies,harlow wilcox,harlow wilcox
Harold Betters,1965,harold betters,harold betters,harold betters
Harold Dorman,1960,harold dorman,harold dorman,harold dorman
Harold Faltermeyer,1985,harold faltermeyer,harold faltermeyer,harold faltermeyer
Harold Melvin And The Blue Notes,1977,harold melvin and the blue notes,harold melvin,harold melvin
Harpers Bizarre,1968,harpers bizarre,harpers bizarre,harpers bizarre
Harriet,1991,harriet,harriet,harriet
Harry Chapin,1981,harry chapin,harry chapin,harry chapin
"Harry Connick, Jr.",1995,"harry connick, jr.",harry connick,harry connick
Harry Styles,2023,harry styles,harry styles,harry styles
Harvey & The Moonglows,1958,harvey & the moonglows,harvey,harvey
Harvey Scales,1967,harvey scales,harvey scales,harvey scales
Havana Brown Featuring Pitbull,2012,havana brown,havana brown,havana brown
Hawks,1981,hawks,hawks,hawks
Hawkshaw Hawkins,1959,hawkshaw hawkins,hawkshaw hawkins,hawkshaw hawkins
Hayley Mills,1962,hayley mills,hayley mills,hayley mills
Hayley Mills and Hayley Mills,1961,hayley mills and hayley mills,hayley mills,hayley mills
Haysi Fantayzee,1983,haysi fantayzee,haysi fantayzee,haysi fantayzee
Head East,1978,head east,head east,head east
Heart,1994,heart,heart,heart
Heartland,2007,heartland,heartland,heartland
Heartsfield,1974,heartsfield,heartsfield,heartsfield
Heather B.,1998,heather b.,heather b.,heather b
Heather Headley,2006,heather headley,heather headley,heather headley
Heatwave,1978,heatwave,heatwave,heatwave
Heaven 17,1983,heaven 17,heaven 17,heaven 17
Heaven Bound with Tony Scotti,1972,heaven bound with tony scotti,heaven bound,heaven bound
Heavy D & The Boyz,1995,heavy d & the boyz,heavy d,heavy d
Hedgehoppers Anonymous,1966,hedgehoppers anonymous,hedgehoppers anonymous,hedgehoppers anonymous
Heidi Newfield,2008,heidi newfield,heidi newfield,heidi newfield
Helen Reddy,1981,helen reddy,helen reddy,helen reddy
Helen Shapiro,1961,helen shapiro,helen shapiro,helen shapiro
Helena Ferguson,1967,helena ferguson,helena ferguson,helena ferguson
Hello People,1975,hello people,hello people,hello people
Hellogoodbye,2007,hellogoodbye,hellogoodbye,hellogoodbye
Heltah Skeltah And O.G.C. As The Fab 5,1996,heltah skeltah and o.g.c. as the fab 5,heltah skeltah,heltah skeltah
Heltah Skeltah Featuring Starang Wondah Of O.G.C. & Doc Holiday,1998,heltah skeltah,heltah skeltah,heltah skeltah
Henhouse Five Plus Too,1977,henhouse five plus too,henhouse five plus too,henhouse five plus too
Henry Gross,1976,henry gross,henry gross,henry gross
Henry Lee Summer,1991,henry lee summer,henry lee summer,henry lee summer
Henry Mancini,1960,henry mancini,henry mancini,henry mancini
Henry Mancini And His Orchestra,1977,henry mancini and his orchestra,henry mancini,henry mancini
Henry Paul Band,1982,henry paul band,henry paul band,henry paul band
Henson Cargill,1968,henson cargill,henson cargill,henson cargill
Herb Alpert,1987,herb alpert,herb alpert,herb alpert
Herb Alpert & The Tijuana Brass,1974,herb alpert & the tijuana brass,herb alpert,herb alpert
Herb Alpert And Tijuana Brass,1963,herb alpert and tijuana brass,herb alpert,herb alpert
Herb Alpert's Tijuana Brass,1984,herb alpert's tijuana brass,herb alpert's tijuana brass,herb alperts tijuana brass
Herb Lance & The Classics,1961,herb lance & the classics,herb lance,herb lance
Herbie Hancock,1983,herbie hancock,herbie hancock,herbie hancock
Herbie Mann,1979,herbie mann,herbie mann,herbie mann
Herman Brood,1979,herman brood,herman brood,herman brood
Herman's Hermits,1968,herman's hermits,herman's hermits,hermans hermits
Hev-D,1997,hev-d,hev-d,hevd
Hey Violet,2017,hey violet,hey violet,hey violet
Hi Tek 3 Featuring Ya Kid K,1990,hi tek 3,hi tek 3,hi tek 3
Hi-C,1991,hi-c,hi-c,hic
Hi-Five,1994,hi-five,hi-five,hifive
Hi-Town DJs,1998,hi-town djs,hi-town djs,hitown djs
HiM,2006,him,him,him
High Inergy,1983,high inergy,high inergy,high inergy
High School Musical 2 Cast,2007,high school musical 2 cast,high school musical 2 cast,high school musical 2 cast
High School Musical 3 Cast,2008,high school musical 3 cast,high school musical 3 cast,high school musical 3 cast
High School Musical Cast,2006,high school musical cast,high school musical cast,high school musical cast
High Valley,2018,high valley,high valley,high valley
Hikaru Utada & Skrillex,2019,hikaru utada & skrillex,hikaru utada,hikaru utada
Hilary Duff,2015,hilary duff,hilary duff,hilary duff
Hillsong United,2014,hillsong united,hillsong united,hillsong united
Hinder,2009,hinder,hinder,hinder
Hipsway,1987,hipsway,hipsway,hipsway
Hit Masters,2008,hit masters,hit masters,hit masters
Hitkidd & Glorilla,2022,hitkidd & glorilla,hitkidd,hitkidd
Hitman Sammy Sam,2003,hitman sammy sam,hitman sammy sam,hitman sammy sam
"Hodges, James And Smith",1977,"hodges, james and smith",hodges,hodges
Hog Heaven,1971,hog heaven,hog heaven,hog heaven
Hoku,2000,hoku,hoku,hoku
Hole,1999,hole,hole,hole
Holland-Dozier,1973,holland-dozier,holland-dozier,hollanddozier
Holly Johnson,1989,holly johnson,holly johnson,holly johnson
Holly Knight,1988,holly knight,holly knight,holly knight
Hollywood Argyles,1960,hollywood argyles,hollywood argyles,hollywood argyles
Home Team,1993,home team,home team,home team
Homer And Jethro,1959,homer and jethro,homer,homer
Honeymoon Suite,1988,honeymoon suite,honeymoon suite,honeymoon suite
Hoobastank,2004,hoobastank,hoobastank,hoobastank
Hoodie Allen Featuring Ed Sheeran,2015,hoodie allen,hoodie allen,hoodie allen
Hooters,1990,hooters,hooters,hooters
Hootie & The Blowfish,1996,hootie & the blowfish,hootie,hootie
Horace Brown,1996,horace brown,horace brown,horace brown
Horst Jankowski,1965,horst jankowski,horst jankowski,horst jankowski
Hot,1978,hot,hot,hot
Hot Boys,2000,hot boys,hot boys,hot boys
Hot Butter,1972,hot butter,hot butter,hot butter
Hot Chelle Rae,2011,hot chelle rae,hot chelle rae,hot chelle rae
Hot Chelle Rae Featuring New Boyz,2012,hot chelle rae,hot chelle rae,hot chelle rae
Hot Chocolate,1983,hot chocolate,hot chocolate,hot chocolate
Hot Sauce,1972,hot sauce,hot sauce,hot sauce
Hot Stylz Featuring Yung Joc,2008,hot stylz,hot stylz,hot stylz
Hot-Toddys featuring Bill Pennell,1959,hot-toddys,hot-toddys,hottoddys
Hotel,1980,hotel,hotel,hotel
Hotel Ugly,2023,hotel ugly,hotel ugly,hotel ugly
Hotlegs,1970,hotlegs,hotlegs,hotlegs
House Of Lords,1991,house of lords,house of lords,house of lords
House Of Pain,1994,house of pain,house of pain,house of pain
"Houston Featuring Chingy, Nate Dogg & I-20",2004,houston,houston,houston
Houston Person,1976,houston person,houston person,houston person
How I Became The Bomb,2015,how i became the bomb,how i became the bomb,how i became the bomb
Howard Hewett,1990,howard hewett,howard hewett,howard hewett
Howard Jones,1992,howard jones,howard jones,howard jones
Howard Tate,1970,howard tate,howard tate,howard tate
Howie Day,2005,howie day,howie day,howie day
Hoyt Axton,1974,hoyt axton,hoyt axton,hoyt axton
Hozier,2025,hozier,hozier,hozier
Hozier & Allison Russell,2024,hozier & allison russell,hozier,hozier
Hudson Westbrook,2025,hudson westbrook,hudson westbrook,hudson westbrook
Hudson and Landry,1972,hudson and landry,hudson,hudson
Huelyn Duvall,1959,huelyn duvall,huelyn duvall,huelyn duvall
Huey,2007,huey,huey,huey
"Huey ""piano"" Smith With His Clowns",1959,"huey ""piano"" smith with his clowns","huey ""piano"" smith",huey piano smith
Huey Lewis & The News,1995,huey lewis & the news,huey lewis,huey lewis
Huey Smith,1962,huey smith,huey smith,huey smith
"Hugh Jackman, Keala Settle, Zac Efron, Zendaya & The Greatest Showman Ensemble",2018,"hugh jackman, keala settle, zac efron, zendaya & the greatest showman ensemble",hugh jackman,hugh jackman
Hugh Laurie,2011,hugh laurie,hugh laurie,hugh laurie
Hugh Masekela,1969,hugh masekela,hugh masekela,hugh masekela
Hughes/Thrall,1983,hughes,hughes,hughes
Hugo & Luigi,1960,hugo & luigi,hugo,hugo
"Hugo Montenegro, His Orchestra And Chorus",1968,"hugo montenegro, his orchestra and chorus",hugo montenegro,hugo montenegro
Humble Pie,1980,humble pie,humble pie,humble pie
Huncho Jack,2018,huncho jack,huncho jack,huncho jack
Huncho Jack Featuring Offset,2018,huncho jack,huncho jack,huncho jack
Huncho Jack Featuring TakeOff,2018,huncho jack,huncho jack,huncho jack
Hunter Hayes,2014,hunter hayes,hunter hayes,hunter hayes
Hunter Hayes Featuring Jason Mraz,2014,hunter hayes,hunter hayes,hunter hayes
Hurricane Chris,2007,hurricane chris,hurricane chris,hurricane chris
Hurricane Chris Featuring Big Poppa,2007,hurricane chris,hurricane chris,hurricane chris
Hurricane Chris Featuring SupaSTAAR,2009,hurricane chris,hurricane chris,hurricane chris
Hurricane Smith,1973,hurricane smith,hurricane smith,hurricane smith
"Hustle Gang Featuring T.I., B.o.B, Kendrick Lamar & Kris Stephens",2013,hustle gang,hustle gang,hustle gang
I Love Makonnen Featuring Drake,2015,i love makonnen,i love makonnen,i love makonnen
I Prevail,2015,i prevail,i prevail,i prevail
I To I,1994,i to i,i to i,i to i
I.A.P. Co. (the Italian Asphalt & Pavement Company),1970,i.a.p. co.,i.a.p. co.,iap co
II D Extreme,1993,ii d extreme,ii d extreme,ii d extreme
ILLIT,2024,illit,illit,illit
IMx,2000,imx,imx,imx
INXS,2006,inxs,inxs,inxs
INXS & Jimmy Barnes,1987,inxs & jimmy barnes,inxs,inxs
IV Xample,1995,iv xample,iv xample,iv xample
Ian Gomm,1979,ian gomm,ian gomm,ian gomm
Ian Hunter,1979,ian hunter,ian hunter,ian hunter
Ian Lloyd,1979,ian lloyd,ian lloyd,ian lloyd
Ian Lloyd & Stories,1974,ian lloyd & stories,ian lloyd,ian lloyd
Ian Matthews,1979,ian matthews,ian matthews,ian matthews
Ian Thomas,1974,ian thomas,ian thomas,ian thomas
Ian Van Dahl Featuring Marsha,2001,ian van dahl,ian van dahl,ian van dahl
Ian Whitcomb,1965,ian whitcomb,ian whitcomb,ian whitcomb
Ian Whitcomb And Bluesville,1965,ian whitcomb and bluesville,ian whitcomb,ian whitcomb
Ice Cube,2006,ice cube,ice cube,ice cube
Ice Cube Featuring Das EFX,1993,ice cube,ice cube,ice cube
Ice Cube Featuring George Clinton,1994,ice cube,ice cube,ice cube
Ice Cube Featuring Mack 10 & Ms. Toi,2000,ice cube,ice cube,ice cube
Ice Cube Featuring Mr. Short Khop,1999,ice cube,ice cube,ice cube
Ice Spice,2024,ice spice,ice spice,ice spice
Ice Spice & Central Cee,2024,ice spice & central cee,ice spice,ice spice
Ice Spice & Lil Tjay,2023,ice spice & lil tjay,ice spice,ice spice
Ice Spice & Nicki Minaj,2023,ice spice & nicki minaj,ice spice,ice spice
Ice-T,1991,ice-t,ice-t,icet
Icehouse,1989,icehouse,icehouse,icehouse
Icicle Works,1984,icicle works,icicle works,icicle works
Icona Pop Featuring Charli xcx,2013,icona pop,icona pop,icona pop
Iconz Featuring Tony Manshino,2001,iconz,iconz,iconz
Icy Blu,1992,icy blu,icy blu,icy blu
Ideal,2000,ideal,ideal,ideal
Ideal Featuring Lil' Mo,2000,ideal,ideal,ideal
Idina Menzel,2014,idina menzel,idina menzel,idina menzel
Idina Menzel & Aurora,2020,idina menzel & aurora,idina menzel,idina menzel
Idina Menzel & Evan Rachel Wood,2019,idina menzel & evan rachel wood,idina menzel,idina menzel
Idina Menzel Duet With Michael Buble,2014,idina menzel duet with michael buble,idina menzel,idina menzel
Idris Muhammad,1977,idris muhammad,idris muhammad,idris muhammad
Iggy Azalea,2019,iggy azalea,iggy azalea,iggy azalea
Iggy Azalea Featuring Charli xcx,2014,iggy azalea,iggy azalea,iggy azalea
Iggy Azalea Featuring Jennifer Hudson,2015,iggy azalea,iggy azalea,iggy azalea
Iggy Azalea Featuring M0,2015,iggy azalea,iggy azalea,iggy azalea
Iggy Azalea Featuring Rita Ora,2015,iggy azalea,iggy azalea,iggy azalea
Iggy Azalea Feauring Tyga,2018,iggy azalea feauring tyga,iggy azalea feauring tyga,iggy azalea feauring tyga
Iggy Pop With Kate Pierson,1991,iggy pop with kate pierson,iggy pop,iggy pop
Ike & Tina Turner,1975,ike & tina turner,ike,ike
Ike & Tina Turner & The Ikettes,1970,ike & tina turner & the ikettes,ike,ike
Ike & Tina Turner Featuring Tina,1966,ike & tina turner,ike,ike
Ike Clanton,1962,ike clanton,ike clanton,ike clanton
Ill Al Skratch Featuring Brian McKnight,1994,ill al skratch,ill al skratch,ill al skratch
Illegal,1993,illegal,illegal,illegal
Imagine Dragons,2022,imagine dragons,imagine dragons,imagine dragons
Imagine Dragons + Khalid,2018,imagine dragons + khalid,imagine dragons,imagine dragons
Imagine Dragons X JID,2022,imagine dragons x jid,imagine dragons,imagine dragons
Imajin Featuring Keith Murray,1998,imajin,imajin,imajin
Imani Coppola,1998,imani coppola,imani coppola,imani coppola
Immature,1997,immature,immature,immature
Immature (Featuring Smooth),1996,immature,immature,immature
Immature Featuring Smooth And Ed From Good Burger,1997,immature,immature,immature
Imogen Heap,2025,imogen heap,imogen heap,imogen heap
Impact,1976,impact,impact,impact
Incubus,2007,incubus,incubus,incubus
Indecent Obsession,1990,indecent obsession,indecent obsession,indecent obsession
Independents,1972,independents,independents,independents
India.Arie,2007,india.arie,india.arie,indiaarie
Indigo Girls,1992,indigo girls,indigo girls,indigo girls
Industry,1984,industry,industry,industry
Inez & Charlie Foxx,1968,inez & charlie foxx,inez,inez
Inez Foxx,1964,inez foxx,inez foxx,inez foxx
Inez Foxx with Charlie Foxx,1963,inez foxx with charlie foxx,inez foxx,inez foxx
Information Society,1991,information society,information society,information society
Ingrid Andress,2020,ingrid andress,ingrid andress,ingrid andress
Ingrid Andress With Sam Hunt,2022,ingrid andress with sam hunt,ingrid andress,ingrid andress
Ingrid Michaelson,2014,ingrid michaelson,ingrid michaelson,ingrid michaelson
Ini Kamoze,1995,ini kamoze,ini kamoze,ini kamoze
Inner Circle,1998,inner circle,inner circle,inner circle
Inner City,1990,inner city,inner city,inner city
Innerlude,1998,innerlude,innerlude,innerlude
Inoj,1998,inoj,inoj,inoj
Inoj/LATHUN,1998,inoj,inoj,inoj
Insane Clown Posse,1998,insane clown posse,insane clown posse,insane clown posse
Instant Funk,1979,instant funk,instant funk,instant funk
Internet Money & Gunna Featuring Don Toliver & Nav,2021,internet money & gunna,internet money,internet money
Internet Money Featuring Juice WRLD & Trippie Redd,2020,internet money,internet money,internet money
Internet Money Featuring YoungBoy Never Broke Again,2022,internet money,internet money,internet money
"Internet Money, Don Toliver & Lil Uzi Vert Featuring Gunna",2021,"internet money, don toliver & lil uzi vert",internet money,internet money
"Internet Money, Lil Tecca & A Boogie wit da Hoodie",2019,"internet money, lil tecca & a boogie wit da hoodie",internet money,internet money
Intonation Featuring Joee,1995,intonation,intonation,intonation
Intro,1995,intro,intro,intro
Irene Cara,1984,irene cara,irene cara,irene cara
Irma Thomas,1965,irma thomas,irma thomas,irma thomas
Iron Butterfly,1970,iron butterfly,iron butterfly,iron butterfly
Ironhorse,1980,ironhorse,ironhorse,ironhorse
"Irv Gotti Presents The Inc. Featuring Ja Rule, Ashanti, Charli Baltimore & Vita",2002,irv gotti presents the inc.,irv gotti presents the inc.,irv gotti presents the inc
Isaac Hayes,1980,isaac hayes,isaac hayes,isaac hayes
Isaac Hayes & David Porter,1972,isaac hayes & david porter,isaac hayes,isaac hayes
Isaiah Rashad Featuring Lil Uzi Vert,2021,isaiah rashad,isaiah rashad,isaiah rashad
Isle Of Man,1986,isle of man,isle of man,isle of man
"Isley, Jasper, Isley",1986,"isley, jasper, isley",isley,isley
"Israel ""Popper Stopper"" Tolbert",1970,"israel ""popper stopper"" tolbert","israel ""popper stopper"" tolbert",israel popper stopper tolbert
Isyss,2003,isyss,isyss,isyss
Isyss Featuring Jadakiss,2002,isyss,isyss,isyss
Ivan,1958,ivan,ivan,ivan
Ivan Cornejo,2025,ivan cornejo,ivan cornejo,ivan cornejo
Ivan Neville,1989,ivan neville,ivan neville,ivan neville
Ivo Robic,1960,ivo robic,ivo robic,ivo robic
Ivo Robic and The Song-Masters,1959,ivo robic and the song-masters,ivo robic,ivo robic
Ivory,1997,ivory,ivory,ivory
Ivory Joe Hunter,1959,ivory joe hunter,ivory joe hunter,ivory joe hunter
Iyaz,2010,iyaz,iyaz,iyaz
Iyaz Featuring Travie McCoy,2011,iyaz,iyaz,iyaz
J Balvin,2016,j balvin,j balvin,j balvin
J Balvin & Bad Bunny,2019,j balvin & bad bunny,j balvin,j balvin
J Balvin & Ed Sheeran,2022,j balvin & ed sheeran,j balvin,j balvin
J Balvin & Skrillex,2021,j balvin & skrillex,j balvin,j balvin
J Balvin & Willy William Featuring Beyonce,2018,j balvin & willy william,j balvin,j balvin
"J Balvin, Dua Lipa, Bad Bunny & Tainy",2020,"j balvin, dua lipa, bad bunny & tainy",j balvin,j balvin
J'Son,1998,j'son,j'son,json
J-Hope,2025,j-hope,j-hope,jhope
J-Hope & Glorilla,2025,j-hope & glorilla,j-hope,jhope
J-Hope Featuring Becky G.,2019,j-hope,j-hope,jhope
J-Hope Featuring Miguel,2025,j-hope,j-hope,jhope
J-Hope With J. Cole,2023,j-hope with j. cole,j-hope,jhope
J-Kwon,2004,j-kwon,j-kwon,jkwon
J-Kwon Featuring Sadiyyah,2004,j-kwon,j-kwon,jkwon
J-Shin Featuring LaTocha Scott,2000,j-shin,j-shin,jshin
J. Blackfoot,1984,j. blackfoot,j. blackfoot,j blackfoot
J. Cole,2025,j. cole,j. cole,j cole
J. Cole & BAS,2021,j. cole & bas,j. cole,j cole
J. Cole & Lil Baby,2021,j. cole & lil baby,j. cole,j cole
J. Cole Featuring Amber Coffman & The Cults,2014,j. cole,j. cole,j cole
"J. Cole Featuring Ari Lennox, Young Dro & Gucci Mane",2024,j. cole,j. cole,j cole
J. Cole Featuring BAS,2024,j. cole,j. cole,j cole
J. Cole Featuring BAS & Central Cee,2024,j. cole,j. cole,j cole
J. Cole Featuring Cam'Ron,2024,j. cole,j. cole,j cole
J. Cole Featuring Daylyt & Ab-Soul,2024,j. cole,j. cole,j cole
J. Cole Featuring Miguel,2013,j. cole,j. cole,j cole
J. Cole Featuring Missy Elliott,2012,j. cole,j. cole,j cole
J. Cole Featuring TLC,2013,j. cole,j. cole,j cole
J. Cole Featuring Trey Songz,2012,j. cole,j. cole,j cole
J. Cole Featuring kiLL edward,2018,j. cole,j. cole,j cole
"J. Cole, 21 Savage & Morray",2021,"j. cole, 21 savage & morray",j. cole,j cole
"J. Cole, BAS & 6LACK",2021,"j. cole, bas & 6lack",j. cole,j cole
J. Dash,2013,j. dash,j. dash,j dash
J. Frank Wilson and The Cavaliers,1974,j. frank wilson and the cavaliers,j. frank wilson,j frank wilson
J. Holiday,2008,j. holiday,j. holiday,j holiday
J.D. Drews,1981,j.d. drews,j.d. drews,jd drews
J.D. Souther,1980,j.d. souther,j.d. souther,jd souther
J.I The Prince Of N.Y,2020,j.i the prince of n.y,j.i the prince of n.y,ji the prince of ny
J.J. Barnes,1967,j.j. barnes,j.j. barnes,jj barnes
J.J. Cale,1977,j.j. cale,j.j. cale,jj cale
J.J. Fad,1989,j.j. fad,j.j. fad,jj fad
J.J. Jackson,1969,j.j. jackson,j.j. jackson,jj jackson
JACKBOYS & Sheck Wes,2020,jackboys & sheck wes,jackboys,jackboys
JACKBOYS Featuring Don Toliver,2020,jackboys,jackboys,jackboys
JACKBOYS Featuring Young Thug,2020,jackboys,jackboys,jackboys
"JACKBOYS, Pop Smoke & Travis Scott",2020,"jackboys, pop smoke & travis scott",jackboys,jackboys
JC Chasez,2003,jc chasez,jc chasez,jc chasez
JC Chasez Featuring Dirt McGirt,2004,jc chasez,jc chasez,jc chasez
JD Featuring Da Brat,1998,jd,jd,jd
JD Featuring Jay-Z,1998,jd,jd,jd
JENNIE,2025,jennie,jennie,jennie
JENNIE & Doechii,2025,jennie & doechii,jennie,jennie
JENNIE & Dominic Fike,2025,jennie & dominic fike,jennie,jennie
JENNIE & Dua Lipa,2025,jennie & dua lipa,jennie,jennie
"JEONGYEON, JIHYO & CHAEYOUNG Of TWICE",2025,"jeongyeon, jihyo & chaeyoung of twice",jeongyeon,jeongyeon
JID & J. Cole Featuring Kenny Mason & Sheck Wes,2022,jid & j. cole,jid,jid
JID Featuring 21 Savage & Baby Tate,2024,jid,jid,jid
JIN,2024,jin,jin,jin
JNR CHOI & Sam Tompkins,2022,jnr choi & sam tompkins,jnr choi,jnr choi
JP Saxe Featuring Julia Michaels,2020,jp saxe,jp saxe,jp saxe
JT,2024,jt,jt,jt
JT Money Featuring Sole,1999,jt money,jt money,jt money
JVKE,2023,jvke,jvke,jvke
Ja Rule,2003,ja rule,ja rule,ja rule
Ja Rule Featuring Ashanti,2003,ja rule,ja rule,ja rule
Ja Rule Featuring Bobby Brown,2003,ja rule,ja rule,ja rule
Ja Rule Featuring Case,2002,ja rule,ja rule,ja rule
"Ja Rule Featuring Charli ""Chuck"" Baltimore",2002,ja rule,ja rule,ja rule
Ja Rule Featuring Christina Milian,2001,ja rule,ja rule,ja rule
Ja Rule Featuring Fat Joe & Jadakiss,2005,ja rule,ja rule,ja rule
Ja Rule Featuring Lil' Mo,2001,ja rule,ja rule,ja rule
Ja Rule Featuring Lil' Mo & Vita,2001,ja rule,ja rule,ja rule
Ja Rule Featuring R. Kelly & Ashanti,2005,ja rule,ja rule,ja rule
Ja-Kki,1976,ja-kki,ja-kki,jakki
Jack & Jack,2014,jack & jack,jack,jack
Jack Black,2025,jack black,jack black,jack black
Jack Blanchard & Misty Morgan,1970,jack blanchard & misty morgan,jack blanchard,jack blanchard
Jack Eubanks,1962,jack eubanks,jack eubanks,jack eubanks
Jack Greene,1967,jack greene,jack greene,jack greene
Jack Harlow,2024,jack harlow,jack harlow,jack harlow
Jack Harlow & Doja Cat,2025,jack harlow & doja cat,jack harlow,jack harlow
Jack Harlow & Pooh Shiesty,2021,jack harlow & pooh shiesty,jack harlow,jack harlow
Jack Harlow Featuring Big Sean,2021,jack harlow,jack harlow,jack harlow
"Jack Harlow Featuring DaBaby, Tory Lanez & Lil Wayne",2021,jack harlow,jack harlow,jack harlow
Jack Harlow Featuring Drake,2022,jack harlow,jack harlow,jack harlow
Jack Harlow Featuring Lil Wayne,2022,jack harlow,jack harlow,jack harlow
Jack Ingram,2009,jack ingram,jack ingram,jack ingram
Jack Johnson,2013,jack johnson,jack johnson,jack johnson
Jack Jones,1968,jack jones,jack jones,jack jones
Jack Laforge His Piano and Orchestra,1965,jack laforge his piano and orchestra,jack laforge his piano,jack laforge his piano
Jack Nitzsche,1963,jack nitzsche,jack nitzsche,jack nitzsche
Jack Ross,1962,jack ross,jack ross,jack ross
Jack Scott,1961,jack scott,jack scott,jack scott
Jack Wagner,1987,jack wagner,jack wagner,jack wagner
Jack White & Alicia Keys,2008,jack white & alicia keys,jack white,jack white
Jack Wild,1970,jack wild,jack wild,jack wild
Jackie DeShannon,1977,jackie deshannon,jackie deshannon,jackie deshannon
Jackie English,1981,jackie english,jackie english,jackie english
Jackie Lee,1966,jackie lee,jackie lee,jackie lee
Jackie Moore,1973,jackie moore,jackie moore,jackie moore
Jackie Ross,1965,jackie ross,jackie ross,jackie ross
Jackie Wilson,1972,jackie wilson,jackie wilson,jackie wilson
Jackie Wilson & Count Basie,1968,jackie wilson & count basie,jackie wilson,jackie wilson
Jackie Wilson & Linda Hopkins,1963,jackie wilson & linda hopkins,jackie wilson,jackie wilson
Jackie Wilson And LaVern Baker,1966,jackie wilson and lavern baker,jackie wilson,jackie wilson
Jackson 5,2024,jackson 5,jackson 5,jackson 5
Jackson Browne,1986,jackson browne,jackson browne,jackson browne
Jackson Dean,2022,jackson dean,jackson dean,jackson dean
Jacky Noguez And His Musette Orchestra,1959,jacky noguez and his musette orchestra,jacky noguez,jacky noguez
Jacky Noguez And His Orchestra,1960,jacky noguez and his orchestra,jacky noguez,jacky noguez
Jacob Sartorius,2016,jacob sartorius,jacob sartorius,jacob sartorius
Jacquees,2019,jacquees,jacquees,jacquees
Jacquees X DeJ Loaf,2018,jacquees x dej loaf,jacquees,jacquees
Jacquie Lee,2013,jacquie lee,jacquie lee,jacquie lee
Jadakiss Featuring Anthony Hamilton,2004,jadakiss,jadakiss,jadakiss
Jadakiss Featuring Mariah Carey,2005,jadakiss,jadakiss,jadakiss
Jadakiss Featuring Nate Dogg,2004,jadakiss,jadakiss,jadakiss
Jade,1995,jade,jade,jade
Jade Anderson,2002,jade anderson,jade anderson,jade anderson
Jagged Edge,2006,jagged edge,jagged edge,jagged edge
Jagged Edge Featuring Da Brat & JD,1997,jagged edge,jagged edge,jagged edge
Jagged Edge With Nelly,2001,jagged edge with nelly,jagged edge,jagged edge
Jaheim,2010,jaheim,jaheim,jaheim
Jaheim Featuring Next,2002,jaheim,jaheim,jaheim
Jaheim Featuring Tha Rayne,2003,jaheim,jaheim,jaheim
Jake Holmes,1970,jake holmes,jake holmes,jake holmes
Jake Owen,2022,jake owen,jake owen,jake owen
Jake Paul & Erika Costell Featuring Uncle Kade,2017,jake paul & erika costell,jake paul,jake paul
Jake Paul Featuring Team 10,2017,jake paul,jake paul,jake paul
Jake Worthington,2014,jake worthington,jake worthington,jake worthington
James,1994,james,james,james
James & Bobby Purify,1968,james & bobby purify,james,james
James Arthur,2017,james arthur,james arthur,james arthur
James Bay,2016,james bay,james bay,james bay
James Blunt,2011,james blunt,james blunt,james blunt
James Booker,1961,james booker,james booker,james booker
James Brown,1986,james brown,james brown,james brown
James Brown And His Orchestra,1964,james brown and his orchestra,james brown,james brown
James Brown And The Famous Flames,1968,james brown and the famous flames,james brown,james brown
James Brown At The Organ,1966,james brown at the organ,james brown at the organ,james brown at the organ
James Brown-Lyn Collins,1973,james brown-lyn collins,james brown-lyn collins,james brownlyn collins
James Carr,1968,james carr,james carr,james carr
James Darren,1977,james darren,james darren,james darren
James Gang,1971,james gang,james gang,james gang
James Gilreath,1963,james gilreath,james gilreath,james gilreath
James Ingram,1991,james ingram,james ingram,james ingram
James Ingram And Patti Austin,1983,james ingram and patti austin,james ingram,james ingram
James Ingram With Michael McDonald,1984,james ingram with michael mcdonald,james ingram,james ingram
James Last,1972,james last,james last,james last
James Last Band,1980,james last band,james last band,james last band
James MacArthur,1963,james macarthur,james macarthur,james macarthur
James Newton Howard Featuring Jennifer Lawrence,2015,james newton howard,james newton howard,james newton howard
James Otto,2008,james otto,james otto,james otto
James Phelps,1965,james phelps,james phelps,james phelps
James Ray,1962,james ray,james ray,james ray
James Taylor,1988,james taylor,james taylor,james taylor
James Taylor & J.D. Souther,1981,james taylor & j.d. souther,james taylor,james taylor
James Walsh Gypsy Band,1978,james walsh gypsy band,james walsh gypsy band,james walsh gypsy band
James Wolpert,2013,james wolpert,james wolpert,james wolpert
Jameson Rodgers,2021,jameson rodgers,jameson rodgers,jameson rodgers
Jameson Rodgers Featuring Luke Combs,2021,jameson rodgers,jameson rodgers,jameson rodgers
Jamestown Massacre,1972,jamestown massacre,jamestown massacre,jamestown massacre
Jamey Johnson,2009,jamey johnson,jamey johnson,jamey johnson
Jamie Foxx,1994,jamie foxx,jamie foxx,jamie foxx
Jamie Foxx Featuring Chris Brown,2015,jamie foxx,jamie foxx,jamie foxx
Jamie Foxx Featuring Drake,2011,jamie foxx,jamie foxx,jamie foxx
"Jamie Foxx Featuring Drake, Kanye West + The-Dream",2009,jamie foxx,jamie foxx,jamie foxx
Jamie Foxx Featuring Justin Timberlake & T .I.,2010,jamie foxx,jamie foxx,jamie foxx
Jamie Foxx Featuring Ludacris,2006,jamie foxx,jamie foxx,jamie foxx
Jamie Foxx Featuring T-Pain,2009,jamie foxx,jamie foxx,jamie foxx
Jamie Foxx Featuring T.I.,2009,jamie foxx,jamie foxx,jamie foxx
Jamie Foxx Featuring Twista,2006,jamie foxx,jamie foxx,jamie foxx
Jamie Horton,1960,jamie horton,jamie horton,jamie horton
Jamie N Commons & X Ambassadors,2014,jamie n commons & x ambassadors,jamie n commons,jamie n commons
Jamie O'Neal,2005,jamie o'neal,jamie o'neal,jamie oneal
Jamie Walters,1995,jamie walters,jamie walters,jamie walters
Jamiroquai,1997,jamiroquai,jamiroquai,jamiroquai
Jamo Thomas & His Party Brothers Orchestra,1966,jamo thomas & his party brothers orchestra,jamo thomas,jamo thomas
Jamul,1970,jamul,jamul,jamul
Jan & Arnie,1958,jan & arnie,jan,jan
Jan & Dean,1966,jan & dean,jan,jan
Jan And Kjeld,1960,jan and kjeld,jan,jan
Jan Bradley,1965,jan bradley,jan bradley,jan bradley
Jan Hammer,1986,jan hammer,jan hammer,jan hammer
Jana Kramer,2016,jana kramer,jana kramer,jana kramer
Jane Birkin Serge Gainsbourg,1970,jane birkin serge gainsbourg,jane birkin serge gainsbourg,jane birkin serge gainsbourg
Jane Child,1990,jane child,jane child,jane child
Jane Morgan,1960,jane morgan,jane morgan,jane morgan
Jane Olivor,1978,jane olivor,jane olivor,jane olivor
Jane Wiedlin,1988,jane wiedlin,jane wiedlin,jane wiedlin
Jane's Addiction,2003,jane's addiction,jane's addiction,janes addiction
Janelle Monae,2018,janelle monae,janelle monae,janelle monae
Janelle Monae & Jidenna,2015,janelle monae & jidenna,janelle monae,janelle monae
Janet,2008,janet,janet,janet
Janet & Daddy Yankee,2018,janet & daddy yankee,janet,janet
Janet & Nelly,2006,janet & nelly,janet,janet
Janet Featuring Blackstreet,1998,janet,janet,janet
Janet Featuring J. Cole,2015,janet,janet,janet
Janet Featuring Khia,2006,janet,janet,janet
"Janet Featuring Missy Elliott, P. Diddy & Carly Simon",2002,janet,janet,janet
Janet Jackson,2004,janet jackson,janet jackson,janet jackson
Janey Street,1984,janey street,janey street,janey street
Janice Harper,1960,janice harper,janice harper,janice harper
Janie Grant,1962,janie grant,janie grant,janie grant
Janis Ian,1981,janis ian,janis ian,janis ian
Janis Joplin,1972,janis joplin,janis joplin,janis joplin
Jann Arden,1996,jann arden,jann arden,jann arden
Jaron And The Long Road To Love,2010,jaron and the long road to love,jaron,jaron
Jarreau,1983,jarreau,jarreau,jarreau
Jars of Clay,1996,jars of clay,jars of clay,jars of clay
Jasmine Guy,1991,jasmine guy,jasmine guy,jasmine guy
Jason Aldean,2025,jason aldean,jason aldean,jason aldean
Jason Aldean & Carrie Underwood,2022,jason aldean & carrie underwood,jason aldean,jason aldean
Jason Aldean Featuring Miranda Lambert,2018,jason aldean,jason aldean,jason aldean
Jason Aldean With Kelly Clarkson,2011,jason aldean with kelly clarkson,jason aldean,jason aldean
Jason Aldean With Luke Bryan & Eric Church,2013,jason aldean with luke bryan & eric church,jason aldean,jason aldean
Jason Derulo,2021,jason derulo,jason derulo,jason derulo
Jason Derulo Featuring 2 Chainz,2014,jason derulo,jason derulo,jason derulo
Jason Derulo Featuring Adam Levine,2021,jason derulo,jason derulo,jason derulo
Jason Derulo Featuring Nicki Minaj & Ty Dolla $ign,2017,jason derulo,jason derulo,jason derulo
Jason Derulo Featuring Snoop Dogg,2014,jason derulo,jason derulo,jason derulo
Jason Michael Carroll,2010,jason michael carroll,jason michael carroll,jason michael carroll
Jason Mraz,2018,jason mraz,jason mraz,jason mraz
Jason Mraz & Colbie Caillat,2009,jason mraz & colbie caillat,jason mraz,jason mraz
Javier,2003,javier,javier,javier
Javier Colon,2011,javier colon,javier colon,javier colon
Jawsh 685 x Jason Derulo,2021,jawsh 685 x jason derulo,jawsh 685,jawsh 685
Jax,2023,jax,jax,jax
Jay & The Americans,1970,jay & the americans,jay,jay
Jay And The Techniques,1968,jay and the techniques,jay,jay
Jay Black,1980,jay black,jay black,jay black
Jay Ferguson,1979,jay ferguson,jay ferguson,jay ferguson
"Jay Rock, Kendrick Lamar, Future & James Blake",2018,"jay rock, kendrick lamar, future & james blake",jay rock,jay rock
Jay Sean Featuring Lil Wayne,2011,jay sean,jay sean,jay sean
Jay Sean Featuring Nicki Minaj,2010,jay sean,jay sean,jay sean
Jay Sean Featuring Pitbull,2012,jay sean,jay sean,jay sean
Jay Sean Featuring Sean Paul & Lil Jon,2010,jay sean,jay sean,jay sean
Jay Z Featuring Beyonce,2014,jay z,jay z,jay z
Jay Z Featuring Frank Ocean,2013,jay z,jay z,jay z
Jay Z Featuring Justin Timberlake,2014,jay z,jay z,jay z
Jay Z Featuring Rick Ross,2013,jay z,jay z,jay z
Jay Z Kanye West,2012,jay z kanye west,jay z kanye west,jay z kanye west
Jay Z Kanye West Featuring Frank Ocean,2012,jay z kanye west,jay z kanye west,jay z kanye west
Jay Z Kanye West Featuring Otis Redding,2011,jay z kanye west,jay z kanye west,jay z kanye west
Jay-Z,2017,jay-z,jay-z,jayz
Jay-Z & T.I. Featuring Kanye West & Lil Wayne,2009,jay-z & t.i.,jay-z,jayz
Jay-Z + Alicia Keys,2010,jay-z + alicia keys,jay-z,jayz
Jay-Z + Mr. Hudson,2010,jay-z + mr. hudson,jay-z,jayz
Jay-Z + Swizz Beatz,2010,jay-z + swizz beatz,jay-z,jayz
Jay-Z Featuring Amil (Of Major Coinz) & Ja,1999,jay-z,jay-z,jayz
Jay-Z Featuring Babyface And Foxy Brown,1997,jay-z,jay-z,jayz
Jay-Z Featuring Beanie Sigel & Amil,2000,jay-z,jay-z,jayz
Jay-Z Featuring Beyonce,2017,jay-z,jay-z,jayz
Jay-Z Featuring Beyonce Knowles,2003,jay-z,jay-z,jayz
Jay-Z Featuring Big Jaz,1999,jay-z,jay-z,jayz
Jay-Z Featuring Blackstreet,1998,jay-z,jay-z,jayz
Jay-Z Featuring Chrisette Michele,2007,jay-z,jay-z,jayz
"Jay-Z Featuring Damian ""Jr. Gong"" Marely",2017,jay-z,jay-z,jayz
Jay-Z Featuring Foxxy Brown,1996,jay-z,jay-z,jayz
Jay-Z Featuring Frank Ocean,2017,jay-z,jay-z,jayz
Jay-Z Featuring Gloria Carter,2017,jay-z,jay-z,jayz
Jay-Z Featuring Memphis Bleek & Amil,2000,jay-z,jay-z,jayz
Jay-Z Featuring R. Kelly,2001,jay-z,jay-z,jayz
Jay-Z Featuring UGK,2000,jay-z,jay-z,jayz
"Jay-Z, Beanie Sigel And Memphis Bleek",2001,"jay-z, beanie sigel and memphis bleek",jay-z,jayz
"Jay-Z, Bono, The Edge & Rihanna",2010,"jay-z, bono, the edge & rihanna",jay-z,jayz
"Jay-Z, Rihanna & Kanye West",2010,"jay-z, rihanna & kanye west",jay-z,jayz
Jay-Z/Linkin Park,2005,jay-z,jay-z,jayz
Jaya,1990,jaya,jaya,jaya
Jaye P. Morgan,1960,jaye p. morgan,jaye p. morgan,jaye p morgan
Jaymes Young,2022,jaymes young,jaymes young,jaymes young
Jazmine Sullivan,2021,jazmine sullivan,jazmine sullivan,jazmine sullivan
Jazmine Sullivan Featuring H.E.R.,2021,jazmine sullivan,jazmine sullivan,jazmine sullivan
Jazzy Jeff & The Fresh Prince,1994,jazzy jeff & the fresh prince,jazzy jeff,jazzy jeff
Jean & The Darlings,1967,jean & the darlings,jean,jean
Jean Beauvoir,1986,jean beauvoir,jean beauvoir,jean beauvoir
Jean Knight,1985,jean knight,jean knight,jean knight
Jean Shepard,1973,jean shepard,jean shepard,jean shepard
Jeanette (Baby) Washington,1961,jeanette,jeanette,jeanette
Jeanne Black,1961,jeanne black,jeanne black,jeanne black
Jeanne Pruett,1973,jeanne pruett,jeanne pruett,jeanne pruett
Jeannie C. Riley,1971,jeannie c. riley,jeannie c. riley,jeannie c riley
Jeannie Ortega Featuring Papoose,2006,jeannie ortega,jeannie ortega,jeannie ortega
Jeannie Seely,1966,jeannie seely,jeannie seely,jeannie seely
Jeezy Featuring Jay Z,2014,jeezy,jeezy,jeezy
Jeff Bates,2003,jeff bates,jeff bates,jeff bates
Jeff Beck & Rod Stewart,1985,jeff beck & rod stewart,jeff beck,jeff beck
Jeff Carson,1995,jeff carson,jeff carson,jeff carson
Jeff Foxworthy,1995,jeff foxworthy,jeff foxworthy,jeff foxworthy
Jeff Foxworthy With Alan Jackson,1996,jeff foxworthy with alan jackson,jeff foxworthy,jeff foxworthy
Jeff Lorber & Karyn White,1987,jeff lorber & karyn white,jeff lorber,jeff lorber
Jeff Lynne,1984,jeff lynne,jeff lynne,jeff lynne
Jefferson,1970,jefferson,jefferson,jefferson
Jefferson Airplane,1972,jefferson airplane,jefferson airplane,jefferson airplane
Jefferson Starship,1984,jefferson starship,jefferson starship,jefferson starship
Jeffrey Osborne,1988,jeffrey osborne,jeffrey osborne,jeffrey osborne
Jelly Roll,2025,jelly roll,jelly roll,jelly roll
Jelly Roll With Lainey Wilson,2024,jelly roll with lainey wilson,jelly roll,jelly roll
Jellybean Featuring Catherine Buchanan,1986,jellybean,jellybean,jellybean
Jellybean Featuring Elisa Fiorillo,1987,jellybean,jellybean,jellybean
Jellybean Featuring Niki Haris,1991,jellybean,jellybean,jellybean
Jellybean Featuring Steven Dante,1987,jellybean,jellybean,jellybean
Jellyfish,1991,jellyfish,jellyfish,jellyfish
Jennell Hawkins,1962,jennell hawkins,jennell hawkins,jennell hawkins
Jennifer Hanson,2003,jennifer hanson,jennifer hanson,jennifer hanson
Jennifer Holliday,1986,jennifer holliday,jennifer holliday,jennifer holliday
Jennifer Hudson,2011,jennifer hudson,jennifer hudson,jennifer hudson
Jennifer Hudson & Ne-Yo Featuring Rick Ross,2012,jennifer hudson & ne-yo,jennifer hudson,jennifer hudson
Jennifer Hudson Featuring The Roots,2010,jennifer hudson,jennifer hudson,jennifer hudson
Jennifer Lopez,2016,jennifer lopez,jennifer lopez,jennifer lopez
Jennifer Lopez & Lin-Manuel Miranda,2016,jennifer lopez & lin-manuel miranda,jennifer lopez,jennifer lopez
Jennifer Lopez Featuring Big Pun & Fat Joe,2000,jennifer lopez,jennifer lopez,jennifer lopez
Jennifer Lopez Featuring DJ Khaled & Cardi B,2018,jennifer lopez,jennifer lopez,jennifer lopez
Jennifer Lopez Featuring Fat Joe,2005,jennifer lopez,jennifer lopez,jennifer lopez
Jennifer Lopez Featuring French Montana,2014,jennifer lopez,jennifer lopez,jennifer lopez
Jennifer Lopez Featuring Iggy Azalea Or Pitbull,2014,jennifer lopez,jennifer lopez,jennifer lopez
Jennifer Lopez Featuring Ja Rule,2002,jennifer lopez,jennifer lopez,jennifer lopez
Jennifer Lopez Featuring LL Cool J,2003,jennifer lopez,jennifer lopez,jennifer lopez
Jennifer Lopez Featuring Lil Wayne,2011,jennifer lopez,jennifer lopez,jennifer lopez
Jennifer Lopez Featuring Nas,2002,jennifer lopez,jennifer lopez,jennifer lopez
Jennifer Lopez Featuring Pitbull,2013,jennifer lopez,jennifer lopez,jennifer lopez
Jennifer Lopez Featuring Styles & Jadakiss,2003,jennifer lopez,jennifer lopez,jennifer lopez
Jennifer Love Hewitt,1999,jennifer love hewitt,jennifer love hewitt,jennifer love hewitt
Jennifer Paige,1998,jennifer paige,jennifer paige,jennifer paige
Jennifer Rush,1986,jennifer rush,jennifer rush,jennifer rush
Jennifer Rush (Duet With Elton John),1987,jennifer rush,jennifer rush,jennifer rush
Jennifer Warnes,1982,jennifer warnes,jennifer warnes,jennifer warnes
Jennifer Warnes/Chris Thompson,1983,jennifer warnes,jennifer warnes,jennifer warnes
Jenny Burton,1984,jenny burton,jenny burton,jenny burton
Jenny Burton & Patrick Jude,1984,jenny burton & patrick jude,jenny burton,jenny burton
Jeremih,2016,jeremih,jeremih,jeremih
Jeremih Featuring 50 Cent,2011,jeremih,jeremih,jeremih
Jeremih Featuring J. Cole,2015,jeremih,jeremih,jeremih
Jeremih Featuring YG,2015,jeremih,jeremih,jeremih
Jeremy Jordan,1993,jeremy jordan,jeremy jordan,jeremy jordan
Jermaine Dupri,2005,jermaine dupri,jermaine dupri,jermaine dupri
Jermaine Dupri & Ludacris,2002,jermaine dupri & ludacris,jermaine dupri,jermaine dupri
Jermaine Dupri Featuring Nate Dogg,2001,jermaine dupri,jermaine dupri,jermaine dupri
Jermaine Jackson,1991,jermaine jackson,jermaine jackson,jermaine jackson
Jermaine Jackson & Pia Zadora,1985,jermaine jackson & pia zadora,jermaine jackson,jermaine jackson
Jermaine Paul,2012,jermaine paul,jermaine paul,jermaine paul
Jermaine Stewart,1988,jermaine stewart,jermaine stewart,jermaine stewart
Jerrod Niemann,2014,jerrod niemann,jerrod niemann,jerrod niemann
Jerry Butler,1977,jerry butler,jerry butler,jerry butler
Jerry Butler & Brenda Lee Eager,1972,jerry butler & brenda lee eager,jerry butler,jerry butler
Jerry Butler Featuring Brenda Lee Eager,1971,jerry butler,jerry butler,jerry butler
Jerry Butler and The Impressions,1958,jerry butler and the impressions,jerry butler,jerry butler
Jerry Byrd,1962,jerry byrd,jerry byrd,jerry byrd
Jerry Fuller,1961,jerry fuller,jerry fuller,jerry fuller
Jerry Garcia,1972,jerry garcia,jerry garcia,jerry garcia
Jerry Jaye,1967,jerry jaye,jerry jaye,jerry jaye
Jerry Jeff Walker,1973,jerry jeff walker,jerry jeff walker,jerry jeff walker
Jerry Keller,1959,jerry keller,jerry keller,jerry keller
Jerry Landis,1963,jerry landis,jerry landis,jerry landis
Jerry Lee Lewis,1973,jerry lee lewis,jerry lee lewis,jerry lee lewis
Jerry Lee Lewis And His Pumping Piano,1961,jerry lee lewis and his pumping piano,jerry lee lewis,jerry lee lewis
Jerry Murad's Harmonicats,1961,jerry murad's harmonicats,jerry murad's harmonicats,jerry murads harmonicats
Jerry Naylor,1970,jerry naylor,jerry naylor,jerry naylor
Jerry Reed,1982,jerry reed,jerry reed,jerry reed
Jerry Reed And The Hully Girlies,1962,jerry reed and the hully girlies,jerry reed,jerry reed
Jerry Smith and his Pianos,1969,jerry smith and his pianos,jerry smith,jerry smith
Jerry Vale,1966,jerry vale,jerry vale,jerry vale
Jerry Wallace,1972,jerry wallace,jerry wallace,jerry wallace
Jerry Wallace With The Jewels,1960,jerry wallace with the jewels,jerry wallace,jerry wallace
Jerryo,1967,jerryo,jerryo,jerryo
Jeru The Damaja,1994,jeru the damaja,jeru the damaja,jeru the damaja
Jess Glynne,2015,jess glynne,jess glynne,jess glynne
Jesse Anderson,1970,jesse anderson,jesse anderson,jesse anderson
Jesse Belvin,1959,jesse belvin,jesse belvin,jesse belvin
Jesse James,1967,jesse james,jesse james,jesse james
Jesse Jaymes,1991,jesse jaymes,jesse jaymes,jesse jaymes
Jesse Johnson,1988,jesse johnson,jesse johnson,jesse johnson
Jesse Johnson (Featuring Sly Stone),1987,jesse johnson,jesse johnson,jesse johnson
Jesse Johnson's Revue,1985,jesse johnson's revue,jesse johnson's revue,jesse johnsons revue
Jesse Lee Turner,1959,jesse lee turner,jesse lee turner,jesse lee turner
Jesse McCartney,2011,jesse mccartney,jesse mccartney,jesse mccartney
Jesse McCartney Featuring Ludacris,2009,jesse mccartney,jesse mccartney,jesse mccartney
Jesse McCartney Featuring T-Pain,2010,jesse mccartney,jesse mccartney,jesse mccartney
Jesse Powell,1999,jesse powell,jesse powell,jesse powell
Jesse Winchester,1981,jesse winchester,jesse winchester,jesse winchester
Jessi Colter,1975,jessi colter,jessi colter,jessi colter
Jessica Andrews,2001,jessica andrews,jessica andrews,jessica andrews
Jessica Darrow,2022,jessica darrow,jessica darrow,jessica darrow
Jessica Simpson,2008,jessica simpson,jessica simpson,jessica simpson
Jessica Simpson Featuring Nick Lachey,2000,jessica simpson,jessica simpson,jessica simpson
Jessie Hill,1960,jessie hill,jessie hill,jessie hill
Jessie J,2015,jessie j,jessie j,jessie j
Jessie J Featuring 2 Chainz,2015,jessie j,jessie j,jessie j
Jessie J Featuring B.o.B,2011,jessie j,jessie j,jessie j
"Jessie J, Ariana Grande & Nicki Minaj",2015,"jessie j, ariana grande & nicki minaj",jessie j,jessie j
Jessie James,2009,jessie james,jessie james,jessie james
Jesus Jones,1992,jesus jones,jesus jones,jesus jones
Jet,2005,jet,jet,jet
Jethro Tull,1977,jethro tull,jethro tull,jethro tull
Jewel,2008,jewel,jewel,jewel
Jewel Akens,1965,jewel akens,jewel akens,jewel akens
Jewell,1995,jewell,jewell,jewell
"Jhay Cortez, J Balvin & Bad Bunny",2019,"jhay cortez, j balvin & bad bunny",jhay cortez,jhay cortez
Jhene Aiko,2020,jhene aiko,jhene aiko,jhene aiko
Jhene Aiko Featuring Big Sean,2020,jhene aiko,jhene aiko,jhene aiko
Jhene Aiko Featuring Future & Miguel,2020,jhene aiko,jhene aiko,jhene aiko
Jhene Aiko Featuring H.E.R.,2021,jhene aiko,jhene aiko,jhene aiko
Jhene Aiko Featuring Swae Lee Or Rae Sremmurd,2018,jhene aiko,jhene aiko,jhene aiko
Jibbs,2006,jibbs,jibbs,jibbs
Jibbs Featuring Chamillionaire,2007,jibbs,jibbs,jibbs
Jidenna Featuring Roman Gianarthur,2015,jidenna,jidenna,jidenna
Jigsaw,1977,jigsaw,jigsaw,jigsaw
Jill Corey,1958,jill corey,jill corey,jill corey
Jill Scott,2001,jill scott,jill scott,jill scott
Jill Scott Featuring Anthony Hamilton,2011,jill scott,jill scott,jill scott
Jill Sobule,1995,jill sobule,jill sobule,jill sobule
Jim & Jean,1968,jim & jean,jim,jim
Jim Backus & Friend,1958,jim backus & friend,jim backus,jim backus
Jim Campbell,1970,jim campbell,jim campbell,jim campbell
Jim Capaldi,1983,jim capaldi,jim capaldi,jim capaldi
Jim Croce,1976,jim croce,jim croce,jim croce
Jim Ed Brown,1971,jim ed brown,jim ed brown,jim ed brown
Jim Gilstrap,1975,jim gilstrap,jim gilstrap,jim gilstrap
Jim Hurt,1980,jim hurt,jim hurt,jim hurt
Jim Jones,2007,jim jones,jim jones,jim jones
Jim Jones & Ron Browz Featuring Juelz Santana,2009,jim jones & ron browz,jim jones,jim jones
Jim Kirk And The Tm Singers,1980,jim kirk and the tm singers,jim kirk,jim kirk
Jim Photoglo,1981,jim photoglo,jim photoglo,jim photoglo
Jim Reeves,1966,jim reeves,jim reeves,jim reeves
Jim Stafford,1977,jim stafford,jim stafford,jim stafford
Jim Steinman,1981,jim steinman,jim steinman,jim steinman
Jim Weatherly,1975,jim weatherly,jim weatherly,jim weatherly
Jim and Monica,1964,jim and monica,jim,jim
Jimi Hendrix,1971,jimi hendrix,jimi hendrix,jimi hendrix
Jimin,2025,jimin,jimin,jimin
Jimin & Loco,2024,jimin & loco,jimin,jimin
Jimmie Allen,2023,jimmie allen,jimmie allen,jimmie allen
Jimmie Allen & Brad Paisley,2022,jimmie allen & brad paisley,jimmie allen,jimmie allen
Jimmie Beaumont,1961,jimmie beaumont,jimmie beaumont,jimmie beaumont
Jimmie Rodgers,1967,jimmie rodgers,jimmie rodgers,jimmie rodgers
"Jimmy ""Bo"" Horne",1978,"jimmy ""bo"" horne","jimmy ""bo"" horne",jimmy bo horne
Jimmy Barnes,1988,jimmy barnes,jimmy barnes,jimmy barnes
Jimmy Beaumont And The Skyliners,1975,jimmy beaumont and the skyliners,jimmy beaumont,jimmy beaumont
Jimmy Beck & His Orchestra,1959,jimmy beck & his orchestra,jimmy beck,jimmy beck
Jimmy Bowen with the Rhythm Orchids,1958,jimmy bowen with the rhythm orchids,jimmy bowen,jimmy bowen
Jimmy Buffett,2023,jimmy buffett,jimmy buffett,jimmy buffett
"Jimmy Buffett With Clint Black, Kenny Chesney, Alan Jackson, Toby Keith & George Strait",2004,"jimmy buffett with clint black, kenny chesney, alan jackson, toby keith & george strait",jimmy buffett,jimmy buffett
Jimmy Castor,1967,jimmy castor,jimmy castor,jimmy castor
Jimmy Charles,1961,jimmy charles,jimmy charles,jimmy charles
Jimmy Charles and The Revelletts,1960,jimmy charles and the revelletts,jimmy charles,jimmy charles
Jimmy Clanton,1969,jimmy clanton,jimmy clanton,jimmy clanton
Jimmy Clanton And His Rockets,1958,jimmy clanton and his rockets,jimmy clanton,jimmy clanton
Jimmy Cliff,1994,jimmy cliff,jimmy cliff,jimmy cliff
Jimmy Cozier,2001,jimmy cozier,jimmy cozier,jimmy cozier
Jimmy Cross,1965,jimmy cross,jimmy cross,jimmy cross
Jimmy Darren,1959,jimmy darren,jimmy darren,jimmy darren
Jimmy Davis & Junction,1987,jimmy davis & junction,jimmy davis,jimmy davis
Jimmy Dean,1976,jimmy dean,jimmy dean,jimmy dean
Jimmy Delphs,1968,jimmy delphs,jimmy delphs,jimmy delphs
Jimmy Durante,1963,jimmy durante,jimmy durante,jimmy durante
Jimmy Eat World,2005,jimmy eat world,jimmy eat world,jimmy eat world
Jimmy Elledge,1962,jimmy elledge,jimmy elledge,jimmy elledge
Jimmy Fallon Featuring will.i.am,2014,jimmy fallon,jimmy fallon,jimmy fallon
Jimmy Gilmer And The Fireballs,1964,jimmy gilmer and the fireballs,jimmy gilmer,jimmy gilmer
Jimmy Hall,1982,jimmy hall,jimmy hall,jimmy hall
Jimmy Harnen With Synch,1989,jimmy harnen with synch,jimmy harnen,jimmy harnen
Jimmy Holiday,1966,jimmy holiday,jimmy holiday,jimmy holiday
Jimmy Hughes,1967,jimmy hughes,jimmy hughes,jimmy hughes
Jimmy James & The Vagabonds,1976,jimmy james & the vagabonds,jimmy james,jimmy james
Jimmy Jones,1961,jimmy jones,jimmy jones,jimmy jones
Jimmy McCracklin,1966,jimmy mccracklin,jimmy mccracklin,jimmy mccracklin
Jimmy McGriff,1968,jimmy mcgriff,jimmy mcgriff,jimmy mcgriff
Jimmy Norman,1962,jimmy norman,jimmy norman,jimmy norman
Jimmy Ray,1998,jimmy ray,jimmy ray,jimmy ray
Jimmy Reed,1963,jimmy reed,jimmy reed,jimmy reed
Jimmy Roselli,1967,jimmy roselli,jimmy roselli,jimmy roselli
Jimmy Ruffin,1980,jimmy ruffin,jimmy ruffin,jimmy ruffin
Jimmy Ryser,1990,jimmy ryser,jimmy ryser,jimmy ryser
Jimmy Smith,1968,jimmy smith,jimmy smith,jimmy smith
Jimmy Smith And The Big Band,1962,jimmy smith and the big band,jimmy smith,jimmy smith
Jimmy Smith With Kenny Burrell And Grady Tate,1965,jimmy smith with kenny burrell and grady tate,jimmy smith,jimmy smith
Jimmy Somerville,1990,jimmy somerville,jimmy somerville,jimmy somerville
Jimmy Soul,1963,jimmy soul,jimmy soul,jimmy soul
Jimmy Velvet,1965,jimmy velvet,jimmy velvet,jimmy velvet
Jimmy Wayne,2008,jimmy wayne,jimmy wayne,jimmy wayne
Jimmy Witherspoon,1965,jimmy witherspoon,jimmy witherspoon,jimmy witherspoon
Jimmy Witter,1961,jimmy witter,jimmy witter,jimmy witter
Jin,2025,jin,jin,jin
Jinny,1991,jinny,jinny,jinny
Jive Bunny & The Mastermixers,1990,jive bunny & the mastermixers,jive bunny,jive bunny
Jivin' Gene And The Jokers,1959,jivin' gene and the jokers,jivin' gene,jivin gene
Jo Ann & Troy,1965,jo ann & troy,jo ann,jo ann
Jo Ann Campbell,1963,jo ann campbell,jo ann campbell,jo ann campbell
Jo Dee Messina,2005,jo dee messina,jo dee messina,jo dee messina
Jo Dee Messina With Tim McGraw,2002,jo dee messina with tim mcgraw,jo dee messina,jo dee messina
Jo Jo Gunne,1972,jo jo gunne,jo jo gunne,jo jo gunne
JoJo,2011,jojo,jojo,jojo
JoJo Featuring Bow Wow,2005,jojo,jojo,jojo
Joan Armatrading,1983,joan armatrading,joan armatrading,joan armatrading
Joan Baez,1975,joan baez,joan baez,joan baez
Joan Jett,1990,joan jett,joan jett,joan jett
Joan Jett & The Blackhearts,1989,joan jett & the blackhearts,joan jett,joan jett
Joan Osborne,1996,joan osborne,joan osborne,joan osborne
Joanie Sommers,1962,joanie sommers,joanie sommers,joanie sommers
Joboxers,1983,joboxers,joboxers,joboxers
Jocelyn Brown,1984,jocelyn brown,jocelyn brown,jocelyn brown
Jocelyn Enriquez,1997,jocelyn enriquez,jocelyn enriquez,jocelyn enriquez
Jodeci,1996,jodeci,jodeci,jodeci
Jodie Sands,1958,jodie sands,jodie sands,jodie sands
Jody Miller,1971,jody miller,jody miller,jody miller
Jody Reynolds,1958,jody reynolds,jody reynolds,jody reynolds
Jody Watley,1998,jody watley,jody watley,jody watley
Jody Watley With Eric B. & Rakim,1989,jody watley with eric b. & rakim,jody watley,jody watley
Joe,2007,joe,joe,joe
"Joe ""Bean"" Esposito",1983,"joe ""bean"" esposito","joe ""bean"" esposito",joe bean esposito
Joe Barry,1961,joe barry,joe barry,joe barry
Joe Budden,2003,joe budden,joe budden,joe budden
Joe Budden Featuring Lil Wayne & Tank,2013,joe budden,joe budden,joe budden
Joe Cocker,1990,joe cocker,joe cocker,joe cocker
Joe Cocker And Jennifer Warnes,1983,joe cocker and jennifer warnes,joe cocker,joe cocker
Joe Cocker and The Chris Stainton Band,1973,joe cocker and the chris stainton band,joe cocker,joe cocker
Joe Cocker with Leon Russell & The Shelter People,1970,joe cocker with leon russell & the shelter people,joe cocker,joe cocker
Joe Damiano,1959,joe damiano,joe damiano,joe damiano
Joe Diffie,2002,joe diffie,joe diffie,joe diffie
Joe Dolce,1981,joe dolce,joe dolce,joe dolce
Joe Dowell,1962,joe dowell,joe dowell,joe dowell
Joe Fagin,1982,joe fagin,joe fagin,joe fagin
Joe Featuring G-Unit,2004,joe,joe,joe
Joe Featuring Mystikal,2001,joe,joe,joe
Joe Harnell And His Orchestra,1963,joe harnell and his orchestra,joe harnell,joe harnell
Joe Henderson,1962,joe henderson,joe henderson,joe henderson
Joe Hinton,1964,joe hinton,joe hinton,joe hinton
Joe Jackson,1984,joe jackson,joe jackson,joe jackson
Joe Jonas,2011,joe jonas,joe jonas,joe jonas
Joe Jones,1961,joe jones,joe jones,joe jones
Joe Medlin,1959,joe medlin,joe medlin,joe medlin
Joe Nichols,2014,joe nichols,joe nichols,joe nichols
Joe Perkins,1963,joe perkins,joe perkins,joe perkins
Joe Public,1992,joe public,joe public,joe public
Joe Reisman Orch. & Chorus,1961,joe reisman orch. & chorus,joe reisman orch.,joe reisman orch
"Joe Sherman, his Orchestra and Chorus",1963,"joe sherman, his orchestra and chorus",joe sherman,joe sherman
Joe Simon,1975,joe simon,joe simon,joe simon
Joe Simon featuring The Mainstreeters,1973,joe simon,joe simon,joe simon
Joe South,1971,joe south,joe south,joe south
Joe South and The Believers,1970,joe south and the believers,joe south,joe south
Joe Stampley,1973,joe stampley,joe stampley,joe stampley
Joe Sun,1980,joe sun,joe sun,joe sun
Joe Tex,1977,joe tex,joe tex,joe tex
Joe Turner,1960,joe turner,joe turner,joe turner
Joe Walsh,1983,joe walsh,joe walsh,joe walsh
Joel Corry X MNEK,2020,joel corry x mnek,joel corry,joel corry
Joel Diamond,1981,joel diamond,joel diamond,joel diamond
Joey B. Ellis & Tynetta Hare,1991,joey b. ellis & tynetta hare,joey b. ellis,joey b ellis
Joey Dee,1963,joey dee,joey dee,joey dee
Joey Dee & the Starliters,1963,joey dee & the starliters,joey dee,joey dee
Joey Heatherton,1973,joey heatherton,joey heatherton,joey heatherton
Joey Kid,1990,joey kid,joey kid,joey kid
Joey Lawrence,1993,joey lawrence,joey lawrence,joey lawrence
Joey McIntyre,1999,joey mcintyre,joey mcintyre,joey mcintyre
Joey Powers,1964,joey powers,joey powers,joey powers
Joey Scarbury,1981,joey scarbury,joey scarbury,joey scarbury
Joey Travolta,1978,joey travolta,joey travolta,joey travolta
John & Anne Ryder,1969,john & anne ryder,john,john
John & Ernest,1973,john & ernest,john,john
John & Yoko/The Plastic Ono Band With The Harlem Community Choir,2024,john & yoko,john,john
John Anderson,1983,john anderson,john anderson,john anderson
John Baldry,1971,john baldry,john baldry,john baldry
John Barry and His Orchestra,1965,john barry and his orchestra,john barry,john barry
John Belushi,1978,john belushi,john belushi,john belushi
John Cafferty,1986,john cafferty,john cafferty,john cafferty
John Cafferty & The Beaver Brown Band,1989,john cafferty & the beaver brown band,john cafferty,john cafferty
John Cougar,1983,john cougar,john cougar,john cougar
John Cougar Mellencamp,1984,john cougar mellencamp,john cougar mellencamp,john cougar mellencamp
John D. Loudermilk,1962,john d. loudermilk,john d. loudermilk,john d loudermilk
John Davis And The Monster Orchestra,1979,john davis and the monster orchestra,john davis,john davis
John Dawson Read,1975,john dawson read,john dawson read,john dawson read
John Denver,1982,john denver,john denver,john denver
John Denver & Sylvie Vartan,1984,john denver & sylvie vartan,john denver,john denver
John Denver With Fat City,1971,john denver with fat city,john denver,john denver
John Eddie,1986,john eddie,john eddie,john eddie
John Farnham,1990,john farnham,john farnham,john farnham
John Fogerty,1986,john fogerty,john fogerty,john fogerty
John Forte,1998,john forte,john forte,john forte
John Fred And The Playboys,1968,john fred and the playboys,john fred,john fred
John Gary,1964,john gary,john gary,john gary
John Handy,1976,john handy,john handy,john handy
John Hunter,1985,john hunter,john hunter,john hunter
John Kay,1972,john kay,john kay,john kay
John Kongos,1971,john kongos,john kongos,john kongos
John Lee Hooker,1962,john lee hooker,john lee hooker,john lee hooker
John Legend,2020,john legend,john legend,john legend
John Legend Featuring Andre 3000,2009,john legend,john legend,john legend
John Legend Featuring Ludacris,2012,john legend,john legend,john legend
John Lennon,1984,john lennon,john lennon,john lennon
John Lennon & The Plastic Ono Band,1988,john lennon & the plastic ono band,john lennon,john lennon
John Lennon With The Plastic Ono Nuclear Band,1975,john lennon with the plastic ono nuclear band,john lennon,john lennon
John Lennon/Plastic Ono Band,1971,john lennon,john lennon,john lennon
John Lennon/Plastic Ono Band With Elephant's Memory,1972,john lennon,john lennon,john lennon
John Lennon/Plastic Ono Band Yoko Ono/Plastic Ono Band,1971,john lennon,john lennon,john lennon
John Livigni,1975,john livigni,john livigni,john livigni
John Mayall,1969,john mayall,john mayall,john mayall
John Mayer,2019,john mayer,john mayer,john mayer
John Mayer Featuring Katy Perry,2014,john mayer,john mayer,john mayer
John Mayer Trio,2005,john mayer trio,john mayer trio,john mayer trio
John Mellencamp,2006,john mellencamp,john mellencamp,john mellencamp
John Mellencamp With Me'Shell Ndegeocello,1995,john mellencamp with me'shell ndegeocello,john mellencamp,john mellencamp
John Michael Montgomery,2004,john michael montgomery,john michael montgomery,john michael montgomery
John Miles,1977,john miles,john miles,john miles
John Morgan Featuring Jason Aldean,2025,john morgan,john morgan,john morgan
John Newman,2014,john newman,john newman,john newman
John O'Banion,1981,john o'banion,john o'banion,john obanion
John Ono Lennon,1970,john ono lennon,john ono lennon,john ono lennon
John Parr,1987,john parr,john parr,john parr
John Paul Young,1979,john paul young,john paul young,john paul young
John Phillips,1970,john phillips,john phillips,john phillips
John Rich,2022,john rich,john rich,john rich
John Rich Featuring The Five,2019,john rich,john rich,john rich
John Roberts,1967,john roberts,john roberts,john roberts
John Rowles,1971,john rowles,john rowles,john rowles
John Schneider,1982,john schneider,john schneider,john schneider
John Sebastian,1976,john sebastian,john sebastian,john sebastian
John Stewart,1980,john stewart,john stewart,john stewart
John Taylor,1986,john taylor,john taylor,john taylor
John Travolta,1978,john travolta,john travolta,john travolta
John Travolta & Olivia Newton-John,1978,john travolta & olivia newton-john,john travolta,john travolta
"John Travolta, Olivia Newton-John & Grease Cast",1978,"john travolta, olivia newton-john & grease cast",john travolta,john travolta
John Valenti,1976,john valenti,john valenti,john valenti
John W. Anderson presents KaSandra,1968,john w. anderson presents kasandra,john w. anderson presents kasandra,john w anderson presents kasandra
John Waite,1995,john waite,john waite,john waite
"John Wesley Ryles, I",1969,"john wesley ryles, i",john wesley ryles,john wesley ryles
John Williams,1978,john williams,john williams,john williams
"John Williams/""Jaws"" Soundtrack",1975,john williams,john williams,john williams
Johnnie & Joe,1960,johnnie & joe,johnnie,johnnie
Johnnie Morisette,1962,johnnie morisette,johnnie morisette,johnnie morisette
Johnnie Ray,1959,johnnie ray,johnnie ray,johnnie ray
Johnnie Taylor,1977,johnnie taylor,johnnie taylor,johnnie taylor
Johnnie Taylor (The Soul Philosopher),1972,johnnie taylor,johnnie taylor,johnnie taylor
Johnny Adams,1969,johnny adams,johnny adams,johnny adams
Johnny And The Hurricanes,1961,johnny and the hurricanes,johnny,johnny
Johnny Beecher and his Buckingham Road Quintet,1963,johnny beecher and his buckingham road quintet,johnny beecher,johnny beecher
Johnny Bond,1965,johnny bond,johnny bond,johnny bond
Johnny Bristol,1977,johnny bristol,johnny bristol,johnny bristol
Johnny Burnette,1961,johnny burnette,johnny burnette,johnny burnette
Johnny Cash,1971,johnny cash,johnny cash,johnny cash
Johnny Cash & June Carter,1970,johnny cash & june carter,johnny cash,johnny cash
Johnny Cash And The Tennessee Three,1976,johnny cash and the tennessee three,johnny cash,johnny cash
Johnny Cash And The Tennessee Two,1960,johnny cash and the tennessee two,johnny cash,johnny cash
Johnny Cash With The Gene Lowery Singers,1961,johnny cash with the gene lowery singers,johnny cash,johnny cash
Johnny Caswell,1963,johnny caswell,johnny caswell,johnny caswell
Johnny Crawford,1964,johnny crawford,johnny crawford,johnny crawford
Johnny Cymbal,1963,johnny cymbal,johnny cymbal,johnny cymbal
Johnny Ferguson,1960,johnny ferguson,johnny ferguson,johnny ferguson
Johnny Gibson,1962,johnny gibson,johnny gibson,johnny gibson
Johnny Gill,1997,johnny gill,johnny gill,johnny gill
Johnny Gill Featuring Roger Troutman,1997,johnny gill,johnny gill,johnny gill
Johnny Guitar Watson,1977,johnny guitar watson,johnny guitar watson,johnny guitar watson
Johnny Hates Jazz,1988,johnny hates jazz,johnny hates jazz,johnny hates jazz
Johnny Horton,1962,johnny horton,johnny horton,johnny horton
Johnny Kemp,1989,johnny kemp,johnny kemp,johnny kemp
Johnny Lee,1981,johnny lee,johnny lee,johnny lee
Johnny Lytle,1966,johnny lytle,johnny lytle,johnny lytle
Johnny Maestro,1961,johnny maestro,johnny maestro,johnny maestro
Johnny Maestro The Voice Of The Crests,1961,johnny maestro the voice of the crests,johnny maestro the voice of the crests,johnny maestro the voice of the crests
Johnny Maestro with The Coeds,1961,johnny maestro with the coeds,johnny maestro,johnny maestro
Johnny Mathis,1984,johnny mathis,johnny mathis,johnny mathis
Johnny Mathis & Deniece Williams,1978,johnny mathis & deniece williams,johnny mathis,johnny mathis
Johnny Mathis/Deniece Williams,1978,johnny mathis,johnny mathis,johnny mathis
Johnny Nash,1974,johnny nash,johnny nash,johnny nash
Johnny O,1994,johnny o,johnny o,johnny o
Johnny Otis,1958,johnny otis,johnny otis,johnny otis
Johnny Paycheck,1971,johnny paycheck,johnny paycheck,johnny paycheck
Johnny Preston,1961,johnny preston,johnny preston,johnny preston
Johnny Restivo,1959,johnny restivo,johnny restivo,johnny restivo
Johnny Rivers,1978,johnny rivers,johnny rivers,johnny rivers
Johnny Rivers & Friends,1970,johnny rivers & friends,johnny rivers,johnny rivers
Johnny Rodriguez,1974,johnny rodriguez,johnny rodriguez,johnny rodriguez
Johnny Sea,1966,johnny sea,johnny sea,johnny sea
Johnny T. Angel,1974,johnny t. angel,johnny t. angel,johnny t angel
Johnny Thunder,1965,johnny thunder,johnny thunder,johnny thunder
Johnny Thunder & Ruby Winters,1967,johnny thunder & ruby winters,johnny thunder,johnny thunder
Johnny Tillotson,1965,johnny tillotson,johnny tillotson,johnny tillotson
Johnny Wakelin & The Kinshasa Band,1975,johnny wakelin & the kinshasa band,johnny wakelin,johnny wakelin
Johnny Williams,1973,johnny williams,johnny williams,johnny williams
Johnny Winter,1971,johnny winter,johnny winter,johnny winter
Johnny and The Expressions,1966,johnny and the expressions,johnny,johnny
"Joiner, Arkansas Junior High School Band",1960,"joiner, arkansas junior high school band",joiner,joiner
Joji,2022,joji,joji,joji
Jomanda,1993,jomanda,jomanda,jomanda
Jon & Robin,1967,jon & robin,jon,jon
Jon & Robin And The In Crowd,1968,jon & robin and the in crowd,jon,jon
Jon & Vangelis,1982,jon & vangelis,jon,jon
Jon Astley,1988,jon astley,jon astley,jon astley
Jon B,2001,jon b,jon b,jon b
Jon B. Featuring Babyface,1995,jon b.,jon b.,jon b
Jon Bellion,2017,jon bellion,jon bellion,jon bellion
Jon Bon Jovi,1991,jon bon jovi,jon bon jovi,jon bon jovi
Jon Butcher Axis,1985,jon butcher axis,jon butcher axis,jon butcher axis
Jon Pardi,2023,jon pardi,jon pardi,jon pardi
Jon Secada,1997,jon secada,jon secada,jon secada
Jon Thomas and Orchestra,1960,jon thomas and orchestra,jon thomas,jon thomas
Jonas Blue Featuring Dakota,2016,jonas blue,jonas blue,jonas blue
Jonas Brothers,2025,jonas brothers,jonas brothers,jonas brothers
Jonas Brothers Featuring Karol G,2020,jonas brothers,jonas brothers,jonas brothers
"Jonathan Bailey Featuring Ariana Grande, Ethan Slater, Marissa Bode & Cynthia Erivo",2024,jonathan bailey,jonathan bailey,jonathan bailey
Jonathan Butler,1987,jonathan butler,jonathan butler,jonathan butler
Jonathan Cain,1976,jonathan cain,jonathan cain,jonathan cain
Jonathan Edwards,1972,jonathan edwards,jonathan edwards,jonathan edwards
Jonathan King,1966,jonathan king,jonathan king,jonathan king
Jonell & Method Man,2002,jonell & method man,jonell,jonell
Joni James,1961,joni james,joni james,joni james
Joni Mitchell,1986,joni mitchell,joni mitchell,joni mitchell
Jonn Hart Featuring IamSU!,2013,jonn hart,jonn hart,jonn hart
Joose,1997,joose,joose,joose
Jordan Adetunji,2024,jordan adetunji,jordan adetunji,jordan adetunji
Jordan Davis,2025,jordan davis,jordan davis,jordan davis
Jordan Davis Featuring Luke Bryan,2022,jordan davis,jordan davis,jordan davis
Jordan Hill,1996,jordan hill,jordan hill,jordan hill
Jordan Knight,1999,jordan knight,jordan knight,jordan knight
Jordan Pruitt,2007,jordan pruitt,jordan pruitt,jordan pruitt
Jordan Smith,2016,jordan smith,jordan smith,jordan smith
Jordan Smith & Adam Levine,2016,jordan smith & adam levine,jordan smith,jordan smith
Jordin Sparks,2011,jordin sparks,jordin sparks,jordin sparks
Jordin Sparks Duet With Chris Brown,2008,jordin sparks duet with chris brown,jordin sparks,jordin sparks
Jordy,1993,jordy,jordy,jordy
Jorgen Ingmann & His Guitar,1961,jorgen ingmann & his guitar,jorgen ingmann,jorgen ingmann
Jose Feliciano,2025,jose feliciano,jose feliciano,jose feliciano
Jose Jimenez,1961,jose jimenez,jose jimenez,jose jimenez
Josh Gracin,2008,josh gracin,josh gracin,josh gracin
Josh Groban,2006,josh groban,josh groban,josh groban
Josh Groban & The African Children's Choir,2007,josh groban & the african children's choir,josh groban,josh groban
Josh Kaufman,2014,josh kaufman,josh kaufman,josh kaufman
Josh Kelley,2011,josh kelley,josh kelley,josh kelley
Josh Ross,2025,josh ross,josh ross,josh ross
Josh Thompson,2010,josh thompson,josh thompson,josh thompson
Josh Turner,2017,josh turner,josh turner,josh turner
Josh Turner Featuring Trisha Yearwood,2008,josh turner,josh turner,josh turner
Joshua Kadison,1995,joshua kadison,joshua kadison,joshua kadison
Joshua Radin,2008,joshua radin,joshua radin,joshua radin
Josie Cotton,1984,josie cotton,josie cotton,josie cotton
Joss Stone,2007,joss stone,joss stone,joss stone
Journey,1997,journey,journey,journey
Joy Of Cooking,1971,joy of cooking,joy of cooking,joy of cooking
"Joyce ""Fenderella"" Irby",1990,"joyce ""fenderella"" irby","joyce ""fenderella"" irby",joyce fenderella irby
Joyce Cobb,1980,joyce cobb,joyce cobb,joyce cobb
Joyce Kennedy & Jeffrey Osborne,1984,joyce kennedy & jeffrey osborne,joyce kennedy,joyce kennedy
Joyner Lucas & Chris Brown,2018,joyner lucas & chris brown,joyner lucas,joyner lucas
Joyner Lucas & J. Cole,2021,joyner lucas & j. cole,joyner lucas,joyner lucas
Joyner Lucas & Jelly Roll,2024,joyner lucas & jelly roll,joyner lucas,joyner lucas
Joyner Lucas & Lil Baby,2021,joyner lucas & lil baby,joyner lucas,joyner lucas
Joyner Lucas Featuring Logic,2019,joyner lucas,joyner lucas,joyner lucas
Jr. Walker & The All Stars,1972,jr. walker & the all stars,jr. walker,jr walker
Juanes,2008,juanes,juanes,juanes
Jud Strunk,1975,jud strunk,jud strunk,jud strunk
Judas Priest,1982,judas priest,judas priest,judas priest
Jude Cole,1993,jude cole,jude cole,jude cole
Judson Spence,1989,judson spence,judson spence,judson spence
Judy Cheeks,1978,judy cheeks,judy cheeks,judy cheeks
Judy Clay & William Bell,1968,judy clay & william bell,judy clay,judy clay
Judy Collins,1979,judy collins,judy collins,judy collins
Juelz Santana,2006,juelz santana,juelz santana,juelz santana
Juice Newton,1984,juice newton,juice newton,juice newton
Juice WRLD,2025,juice wrld,juice wrld,juice wrld
Juice WRLD & Justin Bieber,2022,juice wrld & justin bieber,juice wrld,juice wrld
Juice WRLD & Marshmello Featuring Polo G & The Kid LAROI,2020,juice wrld & marshmello,juice wrld,juice wrld
Juice WRLD & Nicki Minaj,2024,juice wrld & nicki minaj,juice wrld,juice wrld
Juice WRLD & Suga,2021,juice wrld & suga,juice wrld,juice wrld
Juice WRLD & The Weeknd,2020,juice wrld & the weeknd,juice wrld,juice wrld
Juice WRLD & Trippie Redd,2020,juice wrld & trippie redd,juice wrld,juice wrld
Juice WRLD & Young Thug,2021,juice wrld & young thug,juice wrld,juice wrld
Juice WRLD & YoungBoy Never Broke Again,2020,juice wrld & youngboy never broke again,juice wrld,juice wrld
Juice WRLD Featuring Lil Uzi Vert,2018,juice wrld,juice wrld,juice wrld
Juice WRLD X Halsey,2020,juice wrld x halsey,juice wrld,juice wrld
Juice WRLD x Benny Blanco,2020,juice wrld x benny blanco,juice wrld,juice wrld
Juice WRLD x Marshmello,2020,juice wrld x marshmello,juice wrld,juice wrld
"Juice WRLD, Clever & Post Malone",2021,"juice wrld, clever & post malone",juice wrld,juice wrld
"Juice WRLD, Eminem & Benny Blanco",2024,"juice wrld, eminem & benny blanco",juice wrld,juice wrld
"Juice WRLD, Polo G & Trippie Redd",2021,"juice wrld, polo g & trippie redd",juice wrld,juice wrld
Juicy J Featuring Big Sean & Young Jeezy,2013,juicy j,juicy j,juicy j
Juicy J Featuring Lil Wayne & 2 Chainz,2013,juicy j,juicy j,juicy j
Juicy J Featuring Wale & Trey Songz,2014,juicy j,juicy j,juicy j
"Juicy J, Wiz Khalifa & Ty Dolla $ign Featuring Kill the Noise & Madsonik",2015,"juicy j, wiz khalifa & ty dolla $ign",juicy j,juicy j
Jules Shear,1985,jules shear,jules shear,jules shear
Julia Michaels,2017,julia michaels,julia michaels,julia michaels
Julian Cope,1987,julian cope,julian cope,julian cope
Julian Lennon,1989,julian lennon,julian lennon,julian lennon
Juliana Hatfield,1995,juliana hatfield,juliana hatfield,juliana hatfield
Julianne Hough,2008,julianne hough,julianne hough,julianne hough
Julie,1976,julie,julie,julie
Julie Andrews-Dick Van Dyke,1965,julie andrews-dick van dyke,julie andrews-dick van dyke,julie andrewsdick van dyke
Julie Monday,1966,julie monday,julie monday,julie monday
Julie Roberts,2004,julie roberts,julie roberts,julie roberts
Julie Rogers,1965,julie rogers,julie rogers,julie rogers
Juliet Roberts,1994,juliet roberts,juliet roberts,juliet roberts
Juliet Simms,2012,juliet simms,juliet simms,juliet simms
Julio Iglesias & Diana Ross,1984,julio iglesias & diana ross,julio iglesias,julio iglesias
Julio Iglesias And Willie Nelson,1984,julio iglesias and willie nelson,julio iglesias,julio iglesias
Julio Iglesias Featuring Stevie Wonder,1988,julio iglesias,julio iglesias,julio iglesias
Jump 'n The Saddle,1984,jump 'n the saddle,jump 'n the saddle,jump n the saddle
Jumpin' Gene Simmons,1964,jumpin' gene simmons,jumpin' gene simmons,jumpin gene simmons
June Valli,1960,june valli,june valli,june valli
Jung Kook,2024,jung kook,jung kook,jung kook
Jung Kook & Jack Harlow,2023,jung kook & jack harlow,jung kook,jung kook
Jung Kook Featuring Latto,2023,jung kook,jung kook,jung kook
Junior,1982,junior,junior,junior
Junior H,2024,junior h,junior h,junior h
Junior H X Oscar Maydon,2023,junior h x oscar maydon,junior h,junior h
Junior H x Peso Pluma,2023,junior h x peso pluma,junior h,junior h
Junior M.A.F.I.A.,1995,junior m.a.f.i.a.,junior m.a.f.i.a.,junior mafia
Junior M.A.F.I.A. Featuring The Notorious B.I.G.,1996,junior m.a.f.i.a.,junior m.a.f.i.a.,junior mafia
Junior Parker,1963,junior parker,junior parker,junior parker
Just Us,1966,just us,just us,just us
Justin Bieber,2025,justin bieber,justin bieber,justin bieber
Justin Bieber & Benny Blanco,2021,justin bieber & benny blanco,justin bieber,justin bieber
Justin Bieber & Dijon,2025,justin bieber & dijon,justin bieber,justin bieber
Justin Bieber & Don Toliver,2022,justin bieber & don toliver,justin bieber,justin bieber
Justin Bieber & Gunna,2025,justin bieber & gunna,justin bieber,justin bieber
Justin Bieber & Lil B,2025,justin bieber & lil b,justin bieber,justin bieber
Justin Bieber & Sexyy Red,2025,justin bieber & sexyy red,justin bieber,justin bieber
Justin Bieber + Bloodpop,2017,justin bieber + bloodpop,justin bieber,justin bieber
Justin Bieber Duet With Mariah Carey,2011,justin bieber duet with mariah carey,justin bieber,justin bieber
Justin Bieber Featuring BEAM,2021,justin bieber,justin bieber,justin bieber
Justin Bieber Featuring Big Sean,2015,justin bieber,justin bieber,justin bieber
Justin Bieber Featuring Burna Boy,2021,justin bieber,justin bieber,justin bieber
Justin Bieber Featuring Busta Rhymes,2012,justin bieber,justin bieber,justin bieber
Justin Bieber Featuring Chance the Rapper,2021,justin bieber,justin bieber,justin bieber
Justin Bieber Featuring Daniel Caesar & Giveon,2021,justin bieber,justin bieber,justin bieber
Justin Bieber Featuring Dominic Fike,2021,justin bieber,justin bieber,justin bieber
Justin Bieber Featuring Drake,2012,justin bieber,justin bieber,justin bieber
Justin Bieber Featuring Halsey,2016,justin bieber,justin bieber,justin bieber
Justin Bieber Featuring Jaden Smith,2011,justin bieber,justin bieber,justin bieber
Justin Bieber Featuring Kehlani,2020,justin bieber,justin bieber,justin bieber
Justin Bieber Featuring Khalid,2021,justin bieber,justin bieber,justin bieber
Justin Bieber Featuring Ludacris,2013,justin bieber,justin bieber,justin bieber
Justin Bieber Featuring Nas,2015,justin bieber,justin bieber,justin bieber
Justin Bieber Featuring Nicki Minaj,2013,justin bieber,justin bieber,justin bieber
Justin Bieber Featuring Post Malone & Clever,2020,justin bieber,justin bieber,justin bieber
Justin Bieber Featuring Quavo,2020,justin bieber,justin bieber,justin bieber
Justin Bieber Featuring R. Kelly,2013,justin bieber,justin bieber,justin bieber
Justin Bieber Featuring The Kid LAROI,2021,justin bieber,justin bieber,justin bieber
Justin Bieber Featuring Travi$ Scott,2015,justin bieber,justin bieber,justin bieber
Justin Bieber Featuring Usher,2011,justin bieber,justin bieber,justin bieber
"Justin Bieber, Cash Cobain & Eddie Benjamin",2025,"justin bieber, cash cobain & eddie benjamin",justin bieber,justin bieber
Justin Hayward,1978,justin hayward,justin hayward,justin hayward
Justin Hayward & John Lodge,1976,justin hayward & john lodge,justin hayward,justin hayward
Justin Moore,2024,justin moore,justin moore,justin moore
Justin Moore & Priscilla Block,2023,justin moore & priscilla block,justin moore,justin moore
Justin Timberlake,2024,justin timberlake,justin timberlake,justin timberlake
Justin Timberlake & Matt Morris Featuring Charlie Sexton,2010,justin timberlake & matt morris,justin timberlake,justin timberlake
Justin Timberlake Duet With Beyonce,2008,justin timberlake duet with beyonce,justin timberlake,justin timberlake
Justin Timberlake Featuring Chris Stapleton,2018,justin timberlake,justin timberlake,justin timberlake
Justin Timberlake Featuring JAY Z,2013,justin timberlake,justin timberlake,justin timberlake
Justin Timberlake Featuring T.I.,2007,justin timberlake,justin timberlake,justin timberlake
Justine Washington,1964,justine washington,justine washington,justine washington
Juvenile,2006,juvenile,juvenile,juvenile
Juvenile Featuring Mannie Fresh,2004,juvenile,juvenile,juvenile
Juvenile Featuring Mannie Fresh & Lil' Wayne,2000,juvenile,juvenile,juvenile
Juvenile Featuring Soulja Slim,2004,juvenile,juvenile,juvenile
"Juvenile, Wacko & Skip",2005,"juvenile, wacko & skip",juvenile,juvenile
K Camp,2015,k camp,k camp,k camp
K'Jon,2009,k'jon,k'jon,kjon
K'Naan,2010,k'naan,k'naan,knaan
K'Naan Featuring Nelly Furtado,2012,k'naan,k'naan,knaan
K-Ci & JoJo,2001,k-ci & jojo,k-ci,kci
K-Ci Hailey,1995,k-ci hailey,k-ci hailey,kci hailey
K. Michelle,2014,k. michelle,k. michelle,k michelle
K.M.C. KRU,1991,k.m.c. kru,k.m.c. kru,kmc kru
K.P. & Envyi,1998,k.p. & envyi,k.p.,kp
K.T.P.,1987,k.t.p.,k.t.p.,ktp
K.W.S.,1992,k.w.s.,k.w.s.,kws
K5,1997,k5,k5,k5
K7,1995,k7,k7,k7
KAI,1998,kai,kai,kai
KATSEYE,2025,katseye,katseye,katseye
KBC Band,1986,kbc band,kbc band,kbc band
KC,1984,kc,kc,kc
KC And The Sunshine Band,1980,kc and the sunshine band,kc,kc
KCamp Featuring 2 Chainz,2014,kcamp,kcamp,kcamp
KIDS SEE GHOSTS,2018,kids see ghosts,kids see ghosts,kids see ghosts
KIDS SEE GHOSTS Featuring Louis Prima,2018,kids see ghosts,kids see ghosts,kids see ghosts
KONGOS,2014,kongos,kongos,kongos
KRS-One,1997,krs-one,krs-one,krsone
KSI Featuring Trippie Redd,2024,ksi,ksi,ksi
KSI x Lil Wayne,2021,ksi x lil wayne,ksi,ksi
KT Tunstall,2007,kt tunstall,kt tunstall,kt tunstall
Kacey Cisyk/Original Cast,1977,kacey cisyk,kacey cisyk,kacey cisyk
Kacey Musgraves,2024,kacey musgraves,kacey musgraves,kacey musgraves
Kai Winding & Orchestra,1963,kai winding & orchestra,kai winding,kai winding
Kajagoogoo,1983,kajagoogoo,kajagoogoo,kajagoogoo
Kaleo,2017,kaleo,kaleo,kaleo
Kali Uchis,2023,kali uchis,kali uchis,kali uchis
Kali Uchis & Karol G,2023,kali uchis & karol g,kali uchis,kali uchis
Kali Uchis & Peso Pluma,2024,kali uchis & peso pluma,kali uchis,kali uchis
Kaliii,2023,kaliii,kaliii,kaliii
Kalin Twins,1959,kalin twins,kalin twins,kalin twins
Kandi,2001,kandi,kandi,kandi
Kane Brown,2025,kane brown,kane brown,kane brown
Kane Brown & John Legend,2020,kane brown & john legend,kane brown,kane brown
Kane Brown Featuring Lauren Alaina,2017,kane brown,kane brown,kane brown
Kane Brown With Jelly Roll,2025,kane brown with jelly roll,kane brown,kane brown
Kane Brown With Katelyn Brown,2023,kane brown with katelyn brown,kane brown,kane brown
Kane Brown With Swae Lee & Khalid,2020,kane brown with swae lee & khalid,kane brown,kane brown
Kane Brown X Blackbear,2021,kane brown x blackbear,kane brown,kane brown
Kane Roberts,1991,kane roberts,kane roberts,kane roberts
Kanii,2023,kanii,kanii,kanii
Kano,1982,kano,kano,kano
Kansas,1987,kansas,kansas,kansas
Kanye West,2021,kanye west,kanye west,kanye west
Kanye West & Lil Pump,2018,kanye west & lil pump,kanye west,kanye west
Kanye West & XXXTENTACION,2022,kanye west & xxxtentacion,kanye west,kanye west
Kanye West Featuring Adam Levine,2006,kanye west,kanye west,kanye west
Kanye West Featuring Ant Clemons,2019,kanye west,kanye west,kanye west
Kanye West Featuring Cam'ron & Consequence,2013,kanye west,kanye west,kanye west
Kanye West Featuring Chris Martin,2008,kanye west,kanye west,kanye west
Kanye West Featuring Clipse & Kenny G,2019,kanye west,kanye west,kanye west
Kanye West Featuring DJ Khaled,2012,kanye west,kanye west,kanye west
Kanye West Featuring Dwele,2008,kanye west,kanye west,kanye west
Kanye West Featuring Fred Hammond,2019,kanye west,kanye west,kanye west
Kanye West Featuring Jamie Foxx,2006,kanye west,kanye west,kanye west
"Kanye West Featuring Jay-Z, Rick Ross, Bon Iver & Nicki Minaj",2011,kanye west,kanye west,kanye west
Kanye West Featuring Lil Wayne,2009,kanye west,kanye west,kanye west
Kanye West Featuring Lupe Fiasco,2006,kanye west,kanye west,kanye west
Kanye West Featuring PARTYNEXTDOOR,2018,kanye west,kanye west,kanye west
Kanye West Featuring Paul McCartney,2015,kanye west,kanye west,kanye west
Kanye West Featuring Pusha T,2011,kanye west,kanye west,kanye west
Kanye West Featuring Sunday Service Choir,2019,kanye west,kanye west,kanye west
Kanye West Featuring Syleena Johnson,2004,kanye west,kanye west,kanye west
Kanye West Featuring T-Pain,2008,kanye west,kanye west,kanye west
Kanye West Featuring T.I.,2018,kanye west,kanye west,kanye west
"Kanye West Featuring Teyana Taylor, Nicki Minaj & Bon Iver",2010,kanye west,kanye west,kanye west
"Kanye West Featuring Theophilus London, Allan Kingdom & Paul McCartney",2015,kanye west,kanye west,kanye west
Kanye West Featuring Travis Scott,2020,kanye west,kanye west,kanye west
Kanye West Featuring Ty Dolla $ign & Ant Clemons,2019,kanye west,kanye west,kanye west
Kanye West Featuring Young Jeezy,2009,kanye west,kanye west,kanye west
Kanye West Jay Z,2011,kanye west jay z,kanye west jay z,kanye west jay z
"Kanye West, Big Sean, Pusha T, 2 Chainz",2012,"kanye west, big sean, pusha t, 2 chainz",kanye west,kanye west
"Kanye West, Gucci Mane, Big Sean, 2 Chainz, Travi$ Scott, Yo Gotti, Quavo, Desiigner",2016,"kanye west, gucci mane, big sean, 2 chainz, travi$ scott, yo gotti, quavo, desiigner",kanye west,kanye west
"Kanye West, Jay-Z, Big Sean",2013,"kanye west, jay-z, big sean",kanye west,kanye west
"Kanye West, R. Kelly",2012,"kanye west, r. kelly",kanye west,kanye west
Kaoma,1990,kaoma,kaoma,kaoma
Kardinal Offishall Featuring Akon,2008,kardinal offishall,kardinal offishall,kardinal offishall
Karen Kamon,1984,karen kamon,karen kamon,karen kamon
Karen Nelson And Billy T,1977,karen nelson and billy t,karen nelson,karen nelson
Karen Young,1978,karen young,karen young,karen young
"Karl Hammel, Jr.",1961,"karl hammel, jr.",karl hammel,karl hammel
Karla Bonoff,1982,karla bonoff,karla bonoff,karla bonoff
Karmin,2013,karmin,karmin,karmin
Karol G,2025,karol g,karol g,karol g
Karol G & Carla Morrison,2023,karol g & carla morrison,karol g,karol g
Karol G & Feid,2025,karol g & feid,karol g,karol g
Karol G & Nicki Minaj,2020,karol g & nicki minaj,karol g,karol g
Karol G & Ovy On The Drums,2023,karol g & ovy on the drums,karol g,karol g
Karol G & Peso Pluma,2024,karol g & peso pluma,karol g,karol g
Karol G & Quevedo,2023,karol g & quevedo,karol g,karol g
Karol G & Tiesto,2024,karol g & tiesto,karol g,karol g
Karol G x Maldy,2023,karol g x maldy,karol g,karol g
Karol G x Romeo Santos,2023,karol g x romeo santos,karol g,karol g
Karol G x Shakira,2023,karol g x shakira,karol g,karol g
"Karol G, Cris Mj & Ryan Castro",2023,"karol g, cris mj & ryan castro",karol g,karol g
"Karol G, Feid & DFZM Featuring Ovy On The Drums, J Balvin, Maluma, Ryan Castro & Blessd",2024,"karol g, feid & dfzm",karol g,karol g
"Karol G, Justin Quiles & Angel Dior",2023,"karol g, justin quiles & angel dior",karol g,karol g
Karyn White,1995,karyn white,karyn white,karyn white
Kasenetz-Katz Singing Orchestral Circus,1968,kasenetz-katz singing orchestral circus,kasenetz-katz singing orchestral circus,kasenetzkatz singing orchestral circus
Kaskade Featuring Neon Trees,2011,kaskade,kaskade,kaskade
Kat DeLuna Featuring Elephant Man,2007,kat deluna,kat deluna,kat deluna
Katalina,1996,katalina,katalina,katalina
Kate Bush,2022,kate bush,kate bush,kate bush
Kate Taylor,1977,kate taylor,kate taylor,kate taylor
Kate Voegele,2008,kate voegele,kate voegele,kate voegele
Katfish,1975,katfish,katfish,katfish
Katharine McPhee,2007,katharine mcphee,katharine mcphee,katharine mcphee
Kathy Dalton,1974,kathy dalton,kathy dalton,kathy dalton
Kathy Kirby,1965,kathy kirby,kathy kirby,kathy kirby
Kathy Linden,1959,kathy linden,kathy linden,kathy linden
Kathy Troccoli,1994,kathy troccoli,kathy troccoli,kathy troccoli
Kathy Young With The Innocents,1961,kathy young with the innocents,kathy young,kathy young
Katrina And The Waves,1989,katrina and the waves,katrina,katrina
Katy Perry,2024,katy perry,katy perry,katy perry
Katy Perry Featuring Juicy J,2014,katy perry,katy perry,katy perry
Katy Perry Featuring Kanye West,2011,katy perry,katy perry,katy perry
Katy Perry Featuring Migos,2017,katy perry,katy perry,katy perry
Katy Perry Featuring Nicki Minaj,2017,katy perry,katy perry,katy perry
Katy Perry Featuring Skip Marley,2017,katy perry,katy perry,katy perry
Katy Perry Featuring Snoop Dogg,2010,katy perry,katy perry,katy perry
Katy Tiz,2014,katy tiz,katy tiz,katy tiz
"Kay Flock, Cardi B, Dougie B & Bory300",2022,"kay flock, cardi b, dougie b & bory300",kay flock,kay flock
Kay Starr,1962,kay starr,kay starr,kay starr
Kayak,1978,kayak,kayak,kayak
Ke$ha,2013,ke$ha,ke$ha,kesha
Ke$ha Featuring 3OH!3,2010,ke$ha,ke$ha,kesha
"Ke$ha Featuring Lil Wayne, Wiz Khalifa, T.I. & Andre 3000",2011,ke$ha,ke$ha,kesha
Ke$ha Featuring will.i.am Or Juicy J,2013,ke$ha,ke$ha,kesha
KeKe Wyatt Featuring Avant,2002,keke wyatt,keke wyatt,keke wyatt
Keala Settle & The Greatest Showman Ensemble,2018,keala settle & the greatest showman ensemble,keala settle,keala settle
Keane,2006,keane,keane,keane
Keedy,1991,keedy,keedy,keedy
Kehlani,2025,kehlani,kehlani,kehlani
Kehlani Featuring Jhene Aiko,2020,kehlani,kehlani,kehlani
Kehlani Featuring Tory Lanez,2020,kehlani,kehlani,kehlani
Kehlani Featuring Ty Dolla $ign,2019,kehlani,kehlani,kehlani
Keith,1967,keith,keith,keith
Keith Anderson,2008,keith anderson,keith anderson,keith anderson
Keith Barbour,1969,keith barbour,keith barbour,keith barbour
Keith Carradine,1976,keith carradine,keith carradine,keith carradine
Keith Colley,1963,keith colley,keith colley,keith colley
Keith Hampshire,1973,keith hampshire,keith hampshire,keith hampshire
Keith Herman,1979,keith herman,keith herman,keith herman
Keith Martin,1995,keith martin,keith martin,keith martin
Keith Murray,1995,keith murray,keith murray,keith murray
Keith Murray Featuring Def Squad,2003,keith murray,keith murray,keith murray
Keith Sweat,1999,keith sweat,keith sweat,keith sweat
Keith Sweat (Duet With Jacci McGhee),1988,keith sweat,keith sweat,keith sweat
Keith Sweat (Featuring Kut Klose),1995,keith sweat,keith sweat,keith sweat
Keith Sweat (Featuring Ronald Isley),1997,keith sweat,keith sweat,keith sweat
Keith Sweat Featuring Athena Cage,1997,keith sweat,keith sweat,keith sweat
Keith Sweat Featuring Snoop Dogg,1999,keith sweat,keith sweat,keith sweat
Keith Urban,2022,keith urban,keith urban,keith urban
Keith Urban And Miranda Lambert,2014,keith urban and miranda lambert,keith urban,keith urban
Keith Urban Duet With P!nk,2021,keith urban duet with p!nk,keith urban,keith urban
Keith Urban Featuring Carrie Underwood,2017,keith urban,keith urban,keith urban
Keith Urban Featuring Eric Church,2015,keith urban,keith urban,keith urban
Keith Urban Featuring Julia Michaels,2018,keith urban,keith urban,keith urban
Keith Washington,1998,keith washington,keith washington,keith washington
Kelis,2004,kelis,kelis,kelis
Kelis Featuring Too $hort,2006,kelis,kelis,kelis
Kellee Patterson,1978,kellee patterson,kellee patterson,kellee patterson
Kellie Coffey,2002,kellie coffey,kellie coffey,kellie coffey
Kellie Pickler,2010,kellie pickler,kellie pickler,kellie pickler
Kelly Clarkson,2025,kelly clarkson,kelly clarkson,kelly clarkson
Kelly Clarkson & Ariana Grande,2023,kelly clarkson & ariana grande,kelly clarkson,kelly clarkson
Kelly Clarkson & Brett Eldredge,2021,kelly clarkson & brett eldredge,kelly clarkson,kelly clarkson
Kelly Clarkson Featuring Jeff Beck,2007,kelly clarkson,kelly clarkson,kelly clarkson
Kelly Clarkson Featuring Vince Gill,2013,kelly clarkson,kelly clarkson,kelly clarkson
Kelly Osbourne,2002,kelly osbourne,kelly osbourne,kelly osbourne
Kelly Price,2001,kelly price,kelly price,kelly price
Kelly Price & Friends,2000,kelly price & friends,kelly price,kelly price
Kelly Rowland,2013,kelly rowland,kelly rowland,kelly rowland
Kelly Rowland Featuring Eve,2007,kelly rowland,kelly rowland,kelly rowland
Kelly Rowland Featuring Lil Wayne,2013,kelly rowland,kelly rowland,kelly rowland
Kelsea Ballerini,2021,kelsea ballerini,kelsea ballerini,kelsea ballerini
Kelsea Ballerini & Noah Kahan,2024,kelsea ballerini & noah kahan,kelsea ballerini,kelsea ballerini
Kelsea Ballerini Featuring Kenny Chesney,2022,kelsea ballerini,kelsea ballerini,kelsea ballerini
Kelsea Ballerini x Halsey,2020,kelsea ballerini x halsey,kelsea ballerini,kelsea ballerini
Kem,2005,kem,kem,kem
Ken Carson,2024,ken carson,ken carson,ken carson
Kendrick Lamar,2025,kendrick lamar,kendrick lamar,kendrick lamar
Kendrick Lamar & Kodak Black,2022,kendrick lamar & kodak black,kendrick lamar,kendrick lamar
Kendrick Lamar & SZA,2025,kendrick lamar & sza,kendrick lamar,kendrick lamar
Kendrick Lamar & Tanna Leone,2022,kendrick lamar & tanna leone,kendrick lamar,kendrick lamar
Kendrick Lamar & Taylour Paige,2022,kendrick lamar & taylour paige,kendrick lamar,kendrick lamar
Kendrick Lamar & Travis Scott,2018,kendrick lamar & travis scott,kendrick lamar,kendrick lamar
Kendrick Lamar Featuring AzChike,2025,kendrick lamar,kendrick lamar,kendrick lamar
Kendrick Lamar Featuring Beth Gibbons,2022,kendrick lamar,kendrick lamar,kendrick lamar
"Kendrick Lamar Featuring Bilal, Anna Wise & Snoop Dogg",2015,kendrick lamar,kendrick lamar,kendrick lamar
"Kendrick Lamar Featuring Bilal, Anna Wise & Thundercat",2015,kendrick lamar,kendrick lamar,kendrick lamar
Kendrick Lamar Featuring Dody6,2025,kendrick lamar,kendrick lamar,kendrick lamar
Kendrick Lamar Featuring Drake,2013,kendrick lamar,kendrick lamar,kendrick lamar
Kendrick Lamar Featuring George Clinton & Thundercat,2015,kendrick lamar,kendrick lamar,kendrick lamar
"Kendrick Lamar Featuring Hitta J3, YoungThreat & Peysoh",2024,kendrick lamar,kendrick lamar,kendrick lamar
Kendrick Lamar Featuring Lefty Gunplay,2025,kendrick lamar,kendrick lamar,kendrick lamar
Kendrick Lamar Featuring MC Eiht,2014,kendrick lamar,kendrick lamar,kendrick lamar
Kendrick Lamar Featuring Rihanna,2017,kendrick lamar,kendrick lamar,kendrick lamar
Kendrick Lamar Featuring Sampha,2022,kendrick lamar,kendrick lamar,kendrick lamar
Kendrick Lamar Featuring U2,2017,kendrick lamar,kendrick lamar,kendrick lamar
"Kendrick Lamar Featuring Wallie the Sensei, Siete7x & Roddy Ricch",2025,kendrick lamar,kendrick lamar,kendrick lamar
Kendrick Lamar Featuring Zacari,2018,kendrick lamar,kendrick lamar,kendrick lamar
"Kendrick Lamar, Baby Keem, & Sam Dew",2022,"kendrick lamar, baby keem, & sam dew",kendrick lamar,kendrick lamar
"Kendrick Lamar, Blxst & Amanda Reifer",2022,"kendrick lamar, blxst & amanda reifer",kendrick lamar,kendrick lamar
"Kendrick Lamar, Summer Walker & Ghostface Killah",2022,"kendrick lamar, summer walker & ghostface killah",kendrick lamar,kendrick lamar
Kenny Ball and his Jazzmen,1962,kenny ball and his jazzmen,kenny ball,kenny ball
Kenny Chandler,1963,kenny chandler,kenny chandler,kenny chandler
Kenny Chesney,2024,kenny chesney,kenny chesney,kenny chesney
Kenny Chesney & Tim McGraw,2012,kenny chesney & tim mcgraw,kenny chesney,kenny chesney
Kenny Chesney & Uncle Kracker,2004,kenny chesney & uncle kracker,kenny chesney,kenny chesney
Kenny Chesney Duet With George Strait,2008,kenny chesney duet with george strait,kenny chesney,kenny chesney
Kenny Chesney Featuring Grace Potter,2011,kenny chesney,kenny chesney,kenny chesney
Kenny Chesney Featuring P!nk,2016,kenny chesney,kenny chesney,kenny chesney
Kenny Chesney With Dave Matthews,2009,kenny chesney with dave matthews,kenny chesney,kenny chesney
Kenny Chesney With Grace Potter,2015,kenny chesney with grace potter,kenny chesney,kenny chesney
Kenny Chesney With Mac McAnally,2009,kenny chesney with mac mcanally,kenny chesney,kenny chesney
Kenny Chesney With The Wailers,2009,kenny chesney with the wailers,kenny chesney,kenny chesney
Kenny Dino,1962,kenny dino,kenny dino,kenny dino
Kenny G,2000,kenny g,kenny g,kenny g
Kenny G With Peabo Bryson,1993,kenny g with peabo bryson,kenny g,kenny g
Kenny G. (Vocal By Lenny Williams),1988,kenny g.,kenny g.,kenny g
Kenny Karen,1973,kenny karen,kenny karen,kenny karen
Kenny Lattimore,1997,kenny lattimore,kenny lattimore,kenny lattimore
Kenny Loggins,1992,kenny loggins,kenny loggins,kenny loggins
Kenny Loggins & Jim Messina,1973,kenny loggins & jim messina,kenny loggins,kenny loggins
Kenny Loggins With Jim Messina,1972,kenny loggins with jim messina,kenny loggins,kenny loggins
Kenny Loggins with Steve Perry,1982,kenny loggins with steve perry,kenny loggins,kenny loggins
Kenny Nolan,1980,kenny nolan,kenny nolan,kenny nolan
Kenny O'Dell,1968,kenny o'dell,kenny o'dell,kenny odell
Kenny Rogers,2006,kenny rogers,kenny rogers,kenny rogers
Kenny Rogers & Dolly Parton,1985,kenny rogers & dolly parton,kenny rogers,kenny rogers
Kenny Rogers & The First Edition,1972,kenny rogers & the first edition,kenny rogers,kenny rogers
Kenny Rogers And Sheena Easton,1983,kenny rogers and sheena easton,kenny rogers,kenny rogers
Kenny Rogers Duet With Dolly Parton,1984,kenny rogers duet with dolly parton,kenny rogers,kenny rogers
Kenny Rogers With Alison Krauss & Billy Dean,2000,kenny rogers with alison krauss & billy dean,kenny rogers,kenny rogers
Kenny Rogers With Kim Carnes,1980,kenny rogers with kim carnes,kenny rogers,kenny rogers
Kenny Rogers With Kim Carnes & James Ingram,1985,kenny rogers with kim carnes & james ingram,kenny rogers,kenny rogers
Kenny Starr,1976,kenny starr,kenny starr,kenny starr
Kent Jones,2016,kent jones,kent jones,kent jones
Kenya Grace,2024,kenya grace,kenya grace,kenya grace
Keri Hilson,2011,keri hilson,keri hilson,keri hilson
Keri Hilson Featuring Kanye West & Ne-Yo,2009,keri hilson,keri hilson,keri hilson
Keri Hilson Featuring Lil Wayne,2009,keri hilson,keri hilson,keri hilson
Kermit (Jim Henson),1980,kermit,kermit,kermit
Kerry Chater,1977,kerry chater,kerry chater,kerry chater
Kesha,2025,kesha,kesha,kesha
Kesha Featuring The Dap-Kings Horns,2017,kesha,kesha,kesha
Ketty Lester,1962,ketty lester,ketty lester,ketty lester
Kevin Denney,2002,kevin denney,kevin denney,kevin denney
Kevin Gates,2021,kevin gates,kevin gates,kevin gates
Kevin Gates Featuring August Alsina,2015,kevin gates,kevin gates,kevin gates
Kevin Gates Featuring Juicy J,2022,kevin gates,kevin gates,kevin gates
"Kevin Gates Featuring Trey Songz, Ty Dolla $ign & Jamie Foxx",2016,kevin gates,kevin gates,kevin gates
Kevin Johnson,1973,kevin johnson,kevin johnson,kevin johnson
Kevin Lamb,1978,kevin lamb,kevin lamb,kevin lamb
Kevin Lyttle Featuring Spragga Benz,2004,kevin lyttle,kevin lyttle,kevin lyttle
Kevin Paige,1990,kevin paige,kevin paige,kevin paige
Kevin Raleigh,1989,kevin raleigh,kevin raleigh,kevin raleigh
"Kevin Rudolf Featuring Birdman, Jay Sean, & Lil Wayne",2010,kevin rudolf,kevin rudolf,kevin rudolf
Kevin Rudolf Featuring Lil Wayne,2009,kevin rudolf,kevin rudolf,kevin rudolf
Kevin Rudolf Featuring Rick Ross,2009,kevin rudolf,kevin rudolf,kevin rudolf
Kevon Edmonds,2000,kevon edmonds,kevon edmonds,kevon edmonds
Key Glock,2025,key glock,key glock,key glock
Key Glock & Young Dolph,2024,key glock & young dolph,key glock,key glock
Keyshia Cole,2009,keyshia cole,keyshia cole,keyshia cole
Keyshia Cole Duet With Monica,2009,keyshia cole duet with monica,keyshia cole,keyshia cole
Keyshia Cole Featuring 2Pac,2009,keyshia cole,keyshia cole,keyshia cole
Keyshia Cole Featuring Lil Wayne,2012,keyshia cole,keyshia cole,keyshia cole
Keyshia Cole Featuring Missy Elliott & Lil Kim,2007,keyshia cole,keyshia cole,keyshia cole
Keyshia Cole Featuring Shyne,2005,keyshia cole,keyshia cole,keyshia cole
Keyshia Cole Introducing Amina,2008,keyshia cole introducing amina,keyshia cole introducing amina,keyshia cole introducing amina
Khalid,2020,khalid,khalid,khalid
Khalid & Kane Brown,2019,khalid & kane brown,khalid,khalid
Khalid & Normani,2019,khalid & normani,khalid,khalid
Khalid & Swae Lee,2018,khalid & swae lee,khalid,khalid
Khalid Featuring A Boogie wit da Hoodie,2019,khalid,khalid,khalid
Khalid Featuring Empress Of,2018,khalid,khalid,khalid
Khalid With John Mayer,2019,khalid with john mayer,khalid,khalid
Khalid x Disclosure,2020,khalid x disclosure,khalid,khalid
Khalid x SAFE,2019,khalid x safe,khalid,khalid
"Khalid, Ty Dolla $ign & 6LACK",2018,"khalid, ty dolla $ign & 6lack",khalid,khalid
Khia Featuring DSD,2002,khia,khia,khia
Kiara (Duet With Shanice Wilson),1989,kiara,kiara,kiara
Kid 'N Play,1992,kid 'n play,kid 'n play,kid n play
Kid Cudi,2021,kid cudi,kid cudi,kid cudi
Kid Cudi & Eminem,2020,kid cudi & eminem,kid cudi,kid cudi
Kid Cudi Featuring Cee-Lo,2010,kid cudi,kid cudi,kid cudi
Kid Cudi Featuring Kanye West,2010,kid cudi,kid cudi,kid cudi
Kid Cudi Featuring Kanye West & Common,2009,kid cudi,kid cudi,kid cudi
Kid Cudi Featuring King Chip,2012,kid cudi,kid cudi,kid cudi
Kid Cudi Featuring MGMT & Ratatat,2011,kid cudi,kid cudi,kid cudi
"Kid Cudi, Skepta & Pop Smoke",2020,"kid cudi, skepta & pop smoke",kid cudi,kid cudi
Kid Frost,1992,kid frost,kid frost,kid frost
Kid Ink Featuring Chris Brown,2015,kid ink,kid ink,kid ink
Kid Ink Featuring DeJ Loaf,2015,kid ink,kid ink,kid ink
Kid Ink Featuring Fetty Wap,2016,kid ink,kid ink,kid ink
Kid Ink Featuring Meek Mill & Wale,2013,kid ink,kid ink,kid ink
Kid Ink Featuring Usher & Tinashe,2015,kid ink,kid ink,kid ink
"Kid Ink, Tyga, Wale, YG & Rich Homie Quan",2015,"kid ink, tyga, wale, yg & rich homie quan",kid ink,kid ink
Kid LAROI & Juice WRLD,2020,kid laroi & juice wrld,kid laroi,kid laroi
Kid Rock,2015,kid rock,kid rock,kid rock
Kid Rock Featuring Sheryl Crow Or Allison Moorer,2003,kid rock,kid rock,kid rock
Kiesza,2014,kiesza,kiesza,kiesza
Kiiara,2016,kiiara,kiiara,kiiara
Kiki Dee,1976,kiki dee,kiki dee,kiki dee
Kiley Dean,2003,kiley dean,kiley dean,kiley dean
Killer Mike Featuring Big Boi,2003,killer mike,killer mike,killer mike
Kim Carnes,1986,kim carnes,kim carnes,kim carnes
Kim Mitchell,1985,kim mitchell,kim mitchell,kim mitchell
Kim Petras Featuring Nicki Minaj,2023,kim petras,kim petras,kim petras
Kim Sanders,1998,kim sanders,kim sanders,kim sanders
Kim Weston,1967,kim weston,kim weston,kim weston
Kim Wilde,1988,kim wilde,kim wilde,kim wilde
Kimberley Locke,2004,kimberley locke,kimberley locke,kimberley locke
Kimberly Nichole,2015,kimberly nichole,kimberly nichole,kimberly nichole
Kimberly Scott,1998,kimberly scott,kimberly scott,kimberly scott
King,1985,king,king,king
King Crimson,1970,king crimson,king crimson,king crimson
King Curtis,1967,king curtis,king curtis,king curtis
King Curtis & The Kingpins,1971,king curtis & the kingpins,king curtis,king curtis
King Curtis And The Noble Knights,1962,king curtis and the noble knights,king curtis,king curtis
King Floyd,1972,king floyd,king floyd,king floyd
King Harvest,1973,king harvest,king harvest,king harvest
King Just,1994,king just,king just,king just
King Von,2022,king von,king von,king von
King Von & 21 Savage,2022,king von & 21 savage,king von,king von
King Von & Lil Durk,2022,king von & lil durk,king von,king von
King Von Featuring Fivio Foreign,2022,king von,king von,king von
King Von Featuring G Herbo,2022,king von,king von,king von
King Von Featuring Lil Durk,2020,king von,king von,king von
King Von Featuring Moneybagg Yo,2022,king von,king von,king von
King Von Featuring Polo G,2020,king von,king von,king von
Kingdom Come,1988,kingdom come,kingdom come,kingdom come
Kingofthehill,1991,kingofthehill,kingofthehill,kingofthehill
Kings Of The Sun,1988,kings of the sun,kings of the sun,kings of the sun
Kings of Leon,2010,kings of leon,kings of leon,kings of leon
Kinsu,1998,kinsu,kinsu,kinsu
Kip Moore,2019,kip moore,kip moore,kip moore
Kirby St. Romain,1963,kirby st. romain,kirby st. romain,kirby st romain
Kirk Franklin,2011,kirk franklin,kirk franklin,kirk franklin
"Kirk Franklin Featuring Mary J. Blige, Bono, R. Kelly, Crystal Lewis & The Family",1999,kirk franklin,kirk franklin,kirk franklin
Kirko Bangz,2012,kirko bangz,kirko bangz,kirko bangz
Kiss,1990,kiss,kiss,kiss
Kissing The Pink,1983,kissing the pink,kissing the pink,kissing the pink
Kitty Kallen,1963,kitty kallen,kitty kallen,kitty kallen
Kitty Wells,1958,kitty wells,kitty wells,kitty wells
Kix,1990,kix,kix,kix
Klaatu,1977,klaatu,klaatu,klaatu
Klique,1983,klique,klique,klique
Klymaxx,1987,klymaxx,klymaxx,klymaxx
"Knoc-Turn'Al With Dr. Dre & Missy ""Misdemeanor"" Elliott",2002,"knoc-turn'al with dr. dre & missy ""misdemeanor"" elliott",knoc-turn'al,knocturnal
Ko Ko Taylor,1966,ko ko taylor,ko ko taylor,ko ko taylor
Kodak Black,2022,kodak black,kodak black,kodak black
Kodak Black Featuring Future,2017,kodak black,kodak black,kodak black
Kodak Black Featuring Juice WRLD,2018,kodak black,kodak black,kodak black
Kodak Black Featuring Lil Pump,2018,kodak black,kodak black,kodak black
Kodak Black Featuring Lil Wayne,2018,kodak black,kodak black,kodak black
Kodak Black Featuring Travis Scott & Offset,2019,kodak black,kodak black,kodak black
Kodak Black Featuring XXXTENTACION,2018,kodak black,kodak black,kodak black
"Kodak Black, NLE Choppa, Jimin, JVKE & muni long",2023,"kodak black, nle choppa, jimin, jvke & muni long",kodak black,kodak black
Koe Wetzel,2024,koe wetzel,koe wetzel,koe wetzel
Koe Wetzel & jessie murph,2025,koe wetzel & jessie murph,koe wetzel,koe wetzel
Koffee Brown,2001,koffee brown,koffee brown,koffee brown
Kokomo,1961,kokomo,kokomo,kokomo
Kon Kan,1989,kon kan,kon kan,kon kan
Kongas,1978,kongas,kongas,kongas
Kool & The Gang,1988,kool & the gang,kool,kool
Kool G Rap,1996,kool g rap,kool g rap,kool g rap
Kool Moe Dee,1988,kool moe dee,kool moe dee,kool moe dee
Korn,2006,korn,korn,korn
Korn Featuring Amy Lee,2007,korn,korn,korn
Korona,1980,korona,korona,korona
Koryn Hawthorne,2015,koryn hawthorne,koryn hawthorne,koryn hawthorne
Kraftwerk,1978,kraftwerk,kraftwerk,kraftwerk
Kreayshawn,2011,kreayshawn,kreayshawn,kreayshawn
Krewella,2013,krewella,krewella,krewella
Kris Allen,2010,kris allen,kris allen,kris allen
Kris Jensen,1962,kris jensen,kris jensen,kris jensen
Kris Kristofferson,1977,kris kristofferson,kris kristofferson,kris kristofferson
Kris Kristofferson & Rita Coolidge,1974,kris kristofferson & rita coolidge,kris kristofferson,kris kristofferson
Kris Kross,1996,kris kross,kris kross,kris kross
Kris Kross Featuring Supercat,1993,kris kross,kris kross,kris kross
Kris Wu,2018,kris wu,kris wu,kris wu
Kristen Bell & Idina Menzel,2014,kristen bell & idina menzel,kristen bell,kristen bell
Kristen Bell & Santino Fontana,2014,kristen bell & santino fontana,kristen bell,kristen bell
"Kristen Bell, Agatha Lee Monn & Katie Lopez",2014,"kristen bell, agatha lee monn & katie lopez",kristen bell,kristen bell
Kristine W,1996,kristine w,kristine w,kristine w
Kristinia DeBarge,2009,kristinia debarge,kristinia debarge,kristinia debarge
Kristy And Jimmy McNichol,1978,kristy and jimmy mcnichol,kristy,kristy
Krokus,1986,krokus,krokus,krokus
Kumbia Kings Featuring A.B. Quintanilla,2000,kumbia kings,kumbia kings,kumbia kings
Kungs vs Cookin' On 3 Burners,2016,kungs vs cookin' on 3 burners,kungs vs cookin' on 3 burners,kungs vs cookin on 3 burners
Kurtis Blow,1985,kurtis blow,kurtis blow,kurtis blow
Kut Klose,1995,kut klose,kut klose,kut klose
Kygo & Ellie Goulding,2017,kygo & ellie goulding,kygo,kygo
Kygo & Imagine Dragons,2018,kygo & imagine dragons,kygo,kygo
Kygo & OneRepublic,2020,kygo & onerepublic,kygo,kygo
Kygo Featuring Conrad,2015,kygo,kygo,kygo
Kygo Featuring Miguel,2018,kygo,kygo,kygo
Kygo X Whitney Houston,2019,kygo x whitney houston,kygo,kygo
Kygo x Selena Gomez,2017,kygo x selena gomez,kygo,kygo
Kyle Featuring Lil Yachty,2017,kyle,kyle,kyle
Kylie Minogue,2004,kylie minogue,kylie minogue,kylie minogue
Kym Sims,1992,kym sims,kym sims,kym sims
Kyper,1990,kyper,kyper,kyper
Kyu Sakamoto,1963,kyu sakamoto,kyu sakamoto,kyu sakamoto
L'Trimm,1988,l'trimm,l'trimm,ltrimm
L.A. Guns,1992,l.a. guns,l.a. guns,la guns
L.A. Jets,1977,l.a. jets,l.a. jets,la jets
L.A. Style,1992,l.a. style,l.a. style,la style
L.A.D.,1996,l.a.d.,l.a.d.,lad
L.B.C. Crew Feat. Tray D & South Sentrell,1996,l.b.c. crew,l.b.c. crew,lbc crew
L.F.O. (Lyte Funky Ones) (Featuring Kayo),1998,l.f.o.,l.f.o.,lfo
L.T.D.,1981,l.t.d.,l.t.d.,ltd
L.V.,1996,l.v.,l.v.,lv
LANco,2018,lanco,lanco,lanco
LFO,2001,lfo,lfo,lfo
LISA,2024,lisa,lisa,lisa
LISA Featuring Doja Cat & RAYE,2025,lisa,lisa,lisa
LISA Featuring Rosalia,2024,lisa,lisa,lisa
LL Cool J,2004,ll cool j,ll cool j,ll cool j
LL Cool J Featuring 7 Aurelius,2005,ll cool j,ll cool j,ll cool j
LL Cool J Featuring Amerie,2003,ll cool j,ll cool j,ll cool j
LL Cool J Featuring Jennifer Lopez,2006,ll cool j,ll cool j,ll cool j
"LL Cool J Featuring Method Man, Redman, DMX, Canibus And Master P",1998,ll cool j,ll cool j,ll cool j
LL Cool J Featuring The-Dream,2008,ll cool j,ll cool j,ll cool j
LMFAO,2012,lmfao,lmfao,lmfao
LMFAO Featuring Lauren Bennett & GoonRock,2012,lmfao,lmfao,lmfao
LMFAO Featuring Lil Jon,2010,lmfao,lmfao,lmfao
LSG,1998,lsg,lsg,lsg
LTD,1978,ltd,ltd,ltd
La Bouche,1998,la bouche,la bouche,la bouche
La Flavour,1980,la flavour,la flavour,la flavour
La Roux,2010,la roux,la roux,la roux
LaTanya Featuring Twista,1998,latanya,latanya,latanya
LaTour,1991,latour,latour,latour
LaToya Jackson,1984,latoya jackson,latoya jackson,latoya jackson
LaVern Baker,1965,lavern baker,lavern baker,lavern baker
LaVern Baker & Jimmy Ricks,1961,lavern baker & jimmy ricks,lavern baker,lavern baker
Laban,1986,laban,laban,laban
Labelle,1975,labelle,labelle,labelle
Labrinth,2023,labrinth,labrinth,labrinth
Labrinth & Zendaya,2022,labrinth & zendaya,labrinth,labrinth
Labrinth Featuring Emeli Sande,2013,labrinth,labrinth,labrinth
"Labrinth, Sia & Diplo Present... LSD",2018,"labrinth, sia & diplo present... lsd",labrinth,labrinth
Lady A,2021,lady a,lady a,lady a
Lady Antebellum,2020,lady antebellum,lady antebellum,lady antebellum
Lady Flash,1976,lady flash,lady flash,lady flash
Lady Gaga,2025,lady gaga,lady gaga,lady gaga
Lady Gaga & Ariana Grande,2020,lady gaga & ariana grande,lady gaga,lady gaga
Lady Gaga & BLACKPINK,2020,lady gaga & blackpink,lady gaga,lady gaga
Lady Gaga & Bradley Cooper,2019,lady gaga & bradley cooper,lady gaga,lady gaga
Lady Gaga & Bruno Mars,2025,lady gaga & bruno mars,lady gaga,lady gaga
Lady Gaga Featuring Beyonce,2010,lady gaga,lady gaga,lady gaga
Lady Gaga Featuring Colby O'Donis,2009,lady gaga,lady gaga,lady gaga
Lady Gaga Featuring Gesaffelstein,2025,lady gaga,lady gaga,lady gaga
Lady Gaga Featuring R. Kelly,2014,lady gaga,lady gaga,lady gaga
Lady Sovereign,2007,lady sovereign,lady sovereign,lady sovereign
Laid Back,1984,laid back,laid back,laid back
Lainey Wilson,2025,lainey wilson,lainey wilson,lainey wilson
Laissez Faire,1992,laissez faire,laissez faire,laissez faire
Lake,1977,lake,lake,lake
Lakeside,1981,lakeside,lakeside,lakeside
Lale Anderson,1961,lale anderson,lale anderson,lale anderson
Lally Stott,1971,lally stott,lally stott,lally stott
Lalo Schifrin,1968,lalo schifrin,lalo schifrin,lalo schifrin
Lamont Dozier,1975,lamont dozier,lamont dozier,lamont dozier
Lana Cantrell,1975,lana cantrell,lana cantrell,lana cantrell
Lana Del Rey,2025,lana del rey,lana del rey,lana del rey
Lana Del Rey Featuring The Weeknd,2017,lana del rey,lana del rey,lana del rey
Lana Del Rey vs. Cedric Gervais,2013,lana del rey vs. cedric gervais,lana del rey vs. cedric gervais,lana del rey vs cedric gervais
Landon Pigg,2008,landon pigg,landon pigg,landon pigg
Lani Hall,1981,lani hall,lani hall,lani hall
Lanier & Co.,1983,lanier & co.,lanier,lanier
Lara Fabian,2000,lara fabian,lara fabian,lara fabian
Lari White,1998,lari white,lari white,lari white
Larray,2020,larray,larray,larray
Larry Bright,1960,larry bright,larry bright,larry bright
Larry Carlton,1982,larry carlton,larry carlton,larry carlton
Larry Elgart And His Manhattan Swing Orchestra,1982,larry elgart and his manhattan swing orchestra,larry elgart,larry elgart
Larry Finnegan,1962,larry finnegan,larry finnegan,larry finnegan
Larry Gatlin,1974,larry gatlin,larry gatlin,larry gatlin
Larry Graham,1981,larry graham,larry graham,larry graham
Larry Groce,1976,larry groce,larry groce,larry groce
Larry Hall,1960,larry hall,larry hall,larry hall
Larry John McNally,1981,larry john mcnally,larry john mcnally,larry john mcnally
Larry Lee,1982,larry lee,larry lee,larry lee
Larry Santos,1976,larry santos,larry santos,larry santos
Larry Verne,1961,larry verne,larry verne,larry verne
Larry Williams & Johnny Watson,1967,larry williams & johnny watson,larry williams,larry williams
Larsen-Feiten Band,1980,larsen-feiten band,larsen-feiten band,larsenfeiten band
Las Ketchup,2002,las ketchup,las ketchup,las ketchup
Lasgo,2004,lasgo,lasgo,lasgo
Latimore,1977,latimore,latimore,latimore
Latin Alliance Featuring War,1991,latin alliance,latin alliance,latin alliance
Latto,2025,latto,latto,latto
Latto Featuring Cardi B,2023,latto,latto,latto
Latto Featuring LU KALA,2023,latto,latto,latto
Latto Featuring Megan Thee Stallion & Flo Milli,2024,latto,latto,latto
Laufey,2025,laufey,laufey,laufey
Laura Branigan,1990,laura branigan,laura branigan,laura branigan
Laura Enea,1992,laura enea,laura enea,laura enea
Laura Lee,1972,laura lee,laura lee,laura lee
Laura Nyro,1970,laura nyro,laura nyro,laura nyro
Lauren Alaina,2017,lauren alaina,lauren alaina,lauren alaina
Lauren Daigle,2019,lauren daigle,lauren daigle,lauren daigle
Lauren Duski,2017,lauren duski,lauren duski,lauren duski
Lauren Spencer Smith,2023,lauren spencer smith,lauren spencer smith,lauren spencer smith
Lauren Wood,1979,lauren wood,lauren wood,lauren wood
Laurnea,1997,laurnea,laurnea,laurnea
Lauryn Hill,1999,lauryn hill,lauryn hill,lauryn hill
Lauv,2018,lauv,lauv,lauv
Lauv & Troye Sivan,2019,lauv & troye sivan,lauv,lauv
Laverne & Shirley,1976,laverne & shirley,laverne,laverne
Lawrence Reynolds,1969,lawrence reynolds,lawrence reynolds,lawrence reynolds
Lawrence Welk,1962,lawrence welk,lawrence welk,lawrence welk
Lawrence Welk And His Orchestra,1965,lawrence welk and his orchestra,lawrence welk,lawrence welk
Lawrence Welk His Orchestra And Chorus,1961,lawrence welk his orchestra and chorus,lawrence welk his orchestra,lawrence welk his orchestra
Lay Bankz,2024,lay bankz,lay bankz,lay bankz
Layng Martine,1971,layng martine,layng martine,layng martine
"Layton Greene, Lil Baby, City Girls & PnB Rock",2020,"layton greene, lil baby, city girls & pnb rock",layton greene,layton greene
Lazy Racer,1979,lazy racer,lazy racer,lazy racer
Le Click,1997,le click,le click,le click
Le Click Featuring Kayo,1998,le click,le click,le click
Le Pamplemousse,1978,le pamplemousse,le pamplemousse,le pamplemousse
Le Sserafim,2024,le sserafim,le sserafim,le sserafim
LeAnn Rimes,2008,leann rimes,leann rimes,leann rimes
LeBlanc & Carr,1978,leblanc & carr,leblanc,leblanc
LeRoux,1983,leroux,leroux,leroux
LeToya,2006,letoya,letoya,letoya
LeToya Featuring Ludacris,2009,letoya,letoya,letoya
Lea Michele,2013,lea michele,lea michele,lea michele
Lea Roberts,1975,lea roberts,lea roberts,lea roberts
Leah Andreone,1997,leah andreone,leah andreone,leah andreone
Leapy Lee,1969,leapy lee,leapy lee,leapy lee
Led Zeppelin,1980,led zeppelin,led zeppelin,led zeppelin
Lee Allen And His Band,1958,lee allen and his band,lee allen,lee allen
Lee Andrews And The Hearts,1958,lee andrews and the hearts,lee andrews,lee andrews
Lee Ann Womack,2009,lee ann womack,lee ann womack,lee ann womack
Lee Brice,2022,lee brice,lee brice,lee brice
Lee DeWyze,2010,lee dewyze,lee dewyze,lee dewyze
Lee DeWyze & Crystal Bowersox,2010,lee dewyze & crystal bowersox,lee dewyze,lee dewyze
Lee Dorsey,1969,lee dorsey,lee dorsey,lee dorsey
Lee Garrett,1976,lee garrett,lee garrett,lee garrett
Lee Greenwood,2002,lee greenwood,lee greenwood,lee greenwood
Lee Michaels,1972,lee michaels,lee michaels,lee michaels
Lee Morgan,1965,lee morgan,lee morgan,lee morgan
Lee Oskar,1976,lee oskar,lee oskar,lee oskar
Lee Ritenour,1983,lee ritenour,lee ritenour,lee ritenour
Lee and Paul,1959,lee and paul,lee,lee
Lefty Frizzell,1964,lefty frizzell,lefty frizzell,lefty frizzell
Legacy Of Sound Featuring Meja,1993,legacy of sound,legacy of sound,legacy of sound
Leif Garrett,1982,leif garrett,leif garrett,leif garrett
Leila K With Rob 'N' Raz,1990,leila k with rob 'n' raz,leila k,leila k
Lemon Pipers,1968,lemon pipers,lemon pipers,lemon pipers
Len,2000,len,len,len
Len Barry,1966,len barry,len barry,len barry
Lena Horne,1963,lena horne,lena horne,lena horne
Lena Zavaroni,1974,lena zavaroni,lena zavaroni,lena zavaroni
Lenny Kravitz,2008,lenny kravitz,lenny kravitz,lenny kravitz
Lenny Kravitz Featuring Jay-Z,2004,lenny kravitz,lenny kravitz,lenny kravitz
Lenny LeBlanc,1981,lenny leblanc,lenny leblanc,lenny leblanc
Lenny Miles,1961,lenny miles,lenny miles,lenny miles
Lenny O'Henry,1964,lenny o'henry,lenny o'henry,lenny ohenry
Lenny Welch,1972,lenny welch,lenny welch,lenny welch
Lenore O'malley,1980,lenore o'malley,lenore o'malley,lenore omalley
Leo Sayer,1981,leo sayer,leo sayer,leo sayer
Leon & Mary Russell,1976,leon & mary russell,leon,leon
Leon Hayward,1965,leon hayward,leon hayward,leon hayward
Leon Haywood,1980,leon haywood,leon haywood,leon haywood
Leon Redbone,1981,leon redbone,leon redbone,leon redbone
Leon Russell,1976,leon russell,leon russell,leon russell
Leon Thomas,2025,leon thomas,leon thomas,leon thomas
Leona Lewis,2009,leona lewis,leona lewis,leona lewis
Leonard Cohen,2016,leonard cohen,leonard cohen,leonard cohen
Leroy Pullins,1966,leroy pullins,leroy pullins,leroy pullins
Leroy Van Dyke,1962,leroy van dyke,leroy van dyke,leroy van dyke
Les Compagnons De La Chanson,1960,les compagnons de la chanson,les compagnons de la chanson,les compagnons de la chanson
Les Cooper and the Soul Rockers,1963,les cooper and the soul rockers,les cooper,les cooper
Les Crane,1971,les crane,les crane,les crane
Les Emmerson,1973,les emmerson,les emmerson,les emmerson
Les McCann & Eddie Harris,1970,les mccann & eddie harris,les mccann,les mccann
Les Paul And Mary Ford,1961,les paul and mary ford,les paul,les paul
Leschea,1997,leschea,leschea,leschea
Lesley Gore,1967,lesley gore,lesley gore,lesley gore
Leslie Carter,2001,leslie carter,leslie carter,leslie carter
Leslie Pearl,1982,leslie pearl,leslie pearl,leslie pearl
Leslie Uggams,1959,leslie uggams,leslie uggams,leslie uggams
Letters To Cleo,1995,letters to cleo,letters to cleo,letters to cleo
Level 42,1987,level 42,level 42,level 42
Levert,1993,levert,levert,levert
Lewis Capaldi,2023,lewis capaldi,lewis capaldi,lewis capaldi
Liam Payne,2017,liam payne,liam payne,liam payne
Liam Payne & Rita Ora,2018,liam payne & rita ora,liam payne,liam payne
Liam Payne Featuring Quavo,2017,liam payne,liam payne,liam payne
Libianca,2023,libianca,libianca,libianca
Lidell Townsell,1992,lidell townsell,lidell townsell,lidell townsell
Lidell Townsell & M.T.F.,1992,lidell townsell & m.t.f.,lidell townsell,lidell townsell
Lifehouse,2010,lifehouse,lifehouse,lifehouse
Lifehouse Featuring Natasha Bedingfield,2013,lifehouse,lifehouse,lifehouse
