artist,last_chart_year,l1,l2,l3
Lighter Shade Of Brown,1994,lighter shade of brown,lighter shade of brown,lighter shade of brown
Lighter Shade Of Brown Featuring Teardrop & Shiro,1991,lighter shade of brown,lighter shade of brown,lighter shade of brown
Lighthouse,1973,lighthouse,lighthouse,lighthouse
Lightning Seeds,1992,lightning seeds,lightning seeds,lightning seeds
Lil Baby,2025,lil baby,lil baby,lil baby
Lil Baby & 21 Savage,2025,lil baby & 21 savage,lil baby,lil baby
Lil Baby & 42 Dugg,2020,lil baby & 42 dugg,lil baby,lil baby
Lil Baby & DaBaby,2020,lil baby & dababy,lil baby,lil baby
Lil Baby & Drake,2018,lil baby & drake,lil baby,lil baby
Lil Baby & EST Gee,2022,lil baby & est gee,lil baby,lil baby
Lil Baby & Glorilla,2025,lil baby & glorilla,lil baby,lil baby
Lil Baby & Gunna,2020,lil baby & gunna,lil baby,lil baby
Lil Baby & Gunna Featuring Drake,2018,lil baby & gunna,lil baby,lil baby
Lil Baby & Gunna Featuring Lil Durk & Nav,2018,lil baby & gunna,lil baby,lil baby
Lil Baby & Lil Durk,2021,lil baby & lil durk,lil baby,lil baby
Lil Baby & Moneybagg Yo,2020,lil baby & moneybagg yo,lil baby,lil baby
Lil Baby & Nardo Wick,2022,lil baby & nardo wick,lil baby,lil baby
Lil Baby & Rylo Rodriguez,2022,lil baby & rylo rodriguez,lil baby,lil baby
Lil Baby & Rylo Rodriguez Featuring Rod Wave,2025,lil baby & rylo rodriguez,lil baby,lil baby
Lil Baby & Young Thug,2022,lil baby & young thug,lil baby,lil baby
Lil Baby Featuring EST Gee,2021,lil baby,lil baby,lil baby
Lil Baby Featuring Fridayy,2023,lil baby,lil baby,lil baby
Lil Baby Featuring Future,2022,lil baby,lil baby,lil baby
Lil Baby Featuring Gunna,2018,lil baby,lil baby,lil baby
Lil Baby Featuring Gunna & Lil Uzi Vert,2018,lil baby,lil baby,lil baby
Lil Baby Featuring Jeremih,2022,lil baby,lil baby,lil baby
Lil Baby Featuring Lil Uzi Vert,2020,lil baby,lil baby,lil baby
Lil Baby Featuring Lil Wayne,2020,lil baby,lil baby,lil baby
Lil Baby Featuring Meek Mill,2018,lil baby,lil baby,lil baby
Lil Baby Featuring Pooh Shiesty,2022,lil baby,lil baby,lil baby
Lil Baby Featuring Travis Scott,2025,lil baby,lil baby,lil baby
"Lil Baby, 42 Dugg & Veeze",2022,"lil baby, 42 dugg & veeze",lil baby,lil baby
"Lil Baby, Lil Durk & Meek Mill",2021,"lil baby, lil durk & meek mill",lil baby,lil baby
"Lil Baby, Lil Durk & Rod Wave",2021,"lil baby, lil durk & rod wave",lil baby,lil baby
"Lil Baby, Lil Durk & Travis Scott",2021,"lil baby, lil durk & travis scott",lil baby,lil baby
"Lil Baby, Lil Durk & Young Thug",2021,"lil baby, lil durk & young thug",lil baby,lil baby
"Lil Baby, Young Thug & Future",2025,"lil baby, young thug & future",lil baby,lil baby
Lil Boosie Featuring Foxx & Webbie,2007,lil boosie,lil boosie,lil boosie
Lil Bow Wow,2002,lil bow wow,lil bow wow,lil bow wow
Lil Bow Wow Featuring Jagged Edge,2001,lil bow wow,lil bow wow,lil bow wow
Lil Bow Wow Featuring Jagged Edge & Fundisha,2002,lil bow wow,lil bow wow,lil bow wow
Lil Bow Wow Featuring Xscape,2001,lil bow wow,lil bow wow,lil bow wow
Lil Dicky,2019,lil dicky,lil dicky,lil dicky
Lil Dicky Featuring Chris Brown,2018,lil dicky,lil dicky,lil dicky
Lil Dicky Featuring Fetty Wap & Rich Homie Quan,2016,lil dicky,lil dicky,lil dicky
Lil Durk,2025,lil durk,lil durk,lil durk
Lil Durk & Chief Wuk,2023,lil durk & chief wuk,lil durk,lil durk
Lil Durk & King Von,2021,lil durk & king von,lil durk,lil durk
Lil Durk Featuring 21 Savage,2023,lil durk,lil durk,lil durk
Lil Durk Featuring Doodie Lo,2022,lil durk,lil durk,lil durk
Lil Durk Featuring EST Gee,2022,lil durk,lil durk,lil durk
Lil Durk Featuring Future,2025,lil durk,lil durk,lil durk
Lil Durk Featuring Gunna,2022,lil durk,lil durk,lil durk
Lil Durk Featuring J. Cole,2023,lil durk,lil durk,lil durk
Lil Durk Featuring Jhene Aiko,2025,lil durk,lil durk,lil durk
Lil Durk Featuring Juice WRLD,2023,lil durk,lil durk,lil durk
Lil Durk Featuring Kodak Black,2023,lil durk,lil durk,lil durk
Lil Durk Featuring Lil Baby,2025,lil durk,lil durk,lil durk
Lil Durk Featuring Lil Baby & Polo G,2020,lil durk,lil durk,lil durk
Lil Durk Featuring Morgan Wallen,2023,lil durk,lil durk,lil durk
Lil Durk Featuring Pooh Shiesty,2021,lil durk,lil durk,lil durk
Lil Durk Featuring Summer Walker,2022,lil durk,lil durk,lil durk
"Lil Durk, 6LACK & Young Thug",2021,"lil durk, 6lack & young thug",lil durk,lil durk
Lil Jon & The East Side Boyz Featuring Lil Scrappy,2005,lil jon & the east side boyz,lil jon,lil jon
"Lil Jon & The East Side Boyz Featuring Ludacris, Too Short, Big Kap & Chyna Whyte",2001,lil jon & the east side boyz,lil jon,lil jon
Lil Jon & The East Side Boyz Featuring Usher & Ludacris,2005,lil jon & the east side boyz,lil jon,lil jon
Lil Jon & The East Side Boyz Featuring Ying Yang Twins,2004,lil jon & the east side boyz,lil jon,lil jon
Lil Jon Featuring 3OH!3,2010,lil jon,lil jon,lil jon
Lil Jon Featuring E-40 & Sean Paul Of The YoungBloodZ,2006,lil jon,lil jon,lil jon
Lil Jon Featuring LMFAO,2010,lil jon,lil jon,lil jon
Lil Jon Featuring Tyga,2014,lil jon,lil jon,lil jon
Lil Louis,1990,lil louis,lil louis,lil louis
Lil Mabu,2023,lil mabu,lil mabu,lil mabu
Lil Mabu & chriseanrock,2023,lil mabu & chriseanrock,lil mabu,lil mabu
Lil Mama,2007,lil mama,lil mama,lil mama
Lil Mama Featuring Chris Brown & T-Pain,2008,lil mama,lil mama,lil mama
Lil Mosey,2020,lil mosey,lil mosey,lil mosey
Lil Mosey x Gunna,2019,lil mosey x gunna,lil mosey,lil mosey
Lil Nas X,2024,lil nas x,lil nas,lil nas
Lil Nas X & Jack Harlow,2022,lil nas x & jack harlow,lil nas,lil nas
Lil Nas X & YoungBoy Never Broke Again,2022,lil nas x & youngboy never broke again,lil nas,lil nas
Lil Nas X Featuring Billy Ray Cyrus,2020,lil nas x,lil nas,lil nas
Lil Nas X Featuring Doja Cat,2021,lil nas x,lil nas,lil nas
Lil Nas X Featuring Elton John,2021,lil nas x,lil nas,lil nas
Lil Nas X Featuring Megan Thee Stallion,2021,lil nas x,lil nas,lil nas
Lil Nas X Featuring Miley Cyrus,2021,lil nas x,lil nas,lil nas
Lil Peep,2017,lil peep,lil peep,lil peep
Lil Peep & XXXTENTACION,2018,lil peep & xxxtentacion,lil peep,lil peep
Lil Peep & iLoveMakonnen Featuring Fall Out Boy,2019,lil peep & ilovemakonnen,lil peep,lil peep
Lil Pump,2019,lil pump,lil pump,lil pump
Lil Pump Featuring Lil Wayne,2019,lil pump,lil pump,lil pump
Lil Rob,2006,lil rob,lil rob,lil rob
Lil Scrappy,2004,lil scrappy,lil scrappy,lil scrappy
Lil Scrappy Featuring Young Buck,2007,lil scrappy,lil scrappy,lil scrappy
Lil Shordie Scott,2022,lil shordie scott,lil shordie scott,lil shordie scott
Lil Skies,2019,lil skies,lil skies,lil skies
Lil Skies Featuring Landon Cube,2018,lil skies,lil skies,lil skies
Lil Skies Featuring Yung Pinch,2018,lil skies,lil skies,lil skies
Lil Suzy,1998,lil suzy,lil suzy,lil suzy
Lil Tecca,2025,lil tecca,lil tecca,lil tecca
Lil Tecca & Gunna,2021,lil tecca & gunna,lil tecca,lil tecca
Lil Tecca & Kodak Black,2023,lil tecca & kodak black,lil tecca,lil tecca
Lil Tecca & Lil Uzi Vert,2020,lil tecca & lil uzi vert,lil tecca,lil tecca
Lil Tecca & Polo G Featuring Lil Durk,2020,lil tecca & polo g,lil tecca,lil tecca
Lil Tjay,2022,lil tjay,lil tjay,lil tjay
Lil Tjay Featuring 6LACK,2021,lil tjay,lil tjay,lil tjay
Lil Tjay Featuring Fivio Foreign & Pop Smoke,2020,lil tjay,lil tjay,lil tjay
Lil Tjay Featuring Offset & Moneybagg Yo,2021,lil tjay,lil tjay,lil tjay
"Lil Tjay, Fivio Foreign & Kay Flock",2021,"lil tjay, fivio foreign & kay flock",lil tjay,lil tjay
"Lil Tjay, Polo G & Fivio Foreign",2021,"lil tjay, polo g & fivio foreign",lil tjay,lil tjay
Lil Uzi Vert,2024,lil uzi vert,lil uzi vert,lil uzi vert
Lil Uzi Vert & 21 Savage,2020,lil uzi vert & 21 savage,lil uzi vert,lil uzi vert
Lil Uzi Vert Featuring Bring Me the Horizon,2023,lil uzi vert,lil uzi vert,lil uzi vert
Lil Uzi Vert Featuring Chief Keef,2020,lil uzi vert,lil uzi vert,lil uzi vert
Lil Uzi Vert Featuring Don Toliver,2023,lil uzi vert,lil uzi vert,lil uzi vert
Lil Uzi Vert Featuring Future,2020,lil uzi vert,lil uzi vert,lil uzi vert
Lil Uzi Vert Featuring Lil Durk,2020,lil uzi vert,lil uzi vert,lil uzi vert
Lil Uzi Vert Featuring Nav,2020,lil uzi vert,lil uzi vert,lil uzi vert
Lil Uzi Vert Featuring Nicki Minaj,2023,lil uzi vert,lil uzi vert,lil uzi vert
Lil Uzi Vert Featuring Pharrell Williams,2017,lil uzi vert,lil uzi vert,lil uzi vert
Lil Uzi Vert Featuring Syd,2020,lil uzi vert,lil uzi vert,lil uzi vert
Lil Uzi Vert Featuring The Weeknd,2017,lil uzi vert,lil uzi vert,lil uzi vert
Lil Uzi Vert Featuring Travis Scott,2023,lil uzi vert,lil uzi vert,lil uzi vert
Lil Uzi Vert Featuring Young Nudy,2020,lil uzi vert,lil uzi vert,lil uzi vert
Lil Uzi Vert Featuring Young Thug,2020,lil uzi vert,lil uzi vert,lil uzi vert
Lil Uzi Vert Featuring Young Thug & Gunna,2020,lil uzi vert,lil uzi vert,lil uzi vert
Lil Wayne,2025,lil wayne,lil wayne,lil wayne
Lil Wayne & 2 Chainz,2025,lil wayne & 2 chainz,lil wayne,lil wayne
Lil Wayne & BigXthaPlug Featuring Jay Jones,2025,lil wayne & bigxthaplug,lil wayne,lil wayne
Lil Wayne & Charlie Puth,2015,lil wayne & charlie puth,lil wayne,lil wayne
Lil Wayne Featuring 2 Chainz,2013,lil wayne,lil wayne,lil wayne
Lil Wayne Featuring Ashanti & Mack Maine,2018,lil wayne,lil wayne,lil wayne
Lil Wayne Featuring Big Sean,2012,lil wayne,lil wayne,lil wayne
Lil Wayne Featuring Big Sean & Lil Baby,2020,lil wayne,lil wayne,lil wayne
Lil Wayne Featuring Bobby Valentino & Kidd Kidd,2009,lil wayne,lil wayne,lil wayne
Lil Wayne Featuring Bruno Mars,2012,lil wayne,lil wayne,lil wayne
Lil Wayne Featuring Cory Gunz,2011,lil wayne,lil wayne,lil wayne
Lil Wayne Featuring DMX,2023,lil wayne,lil wayne,lil wayne
Lil Wayne Featuring Detail,2013,lil wayne,lil wayne,lil wayne
Lil Wayne Featuring Drake,2014,lil wayne,lil wayne,lil wayne
Lil Wayne Featuring Drake & Future,2013,lil wayne,lil wayne,lil wayne
Lil Wayne Featuring Drake & Jadakiss,2011,lil wayne,lil wayne,lil wayne
Lil Wayne Featuring Eminem,2010,lil wayne,lil wayne,lil wayne
Lil Wayne Featuring Gudda,2010,lil wayne,lil wayne,lil wayne
Lil Wayne Featuring Jay-Z,2008,lil wayne,lil wayne,lil wayne
Lil Wayne Featuring John Legend,2011,lil wayne,lil wayne,lil wayne
Lil Wayne Featuring Juelz Santana & Fabolous,2008,lil wayne,lil wayne,lil wayne
Lil Wayne Featuring Kendrick Lamar,2018,lil wayne,lil wayne,lil wayne
Lil Wayne Featuring Nicki Minaj,2018,lil wayne,lil wayne,lil wayne
Lil Wayne Featuring Nivea,2018,lil wayne,lil wayne,lil wayne
Lil Wayne Featuring Reginae Carter,2018,lil wayne,lil wayne,lil wayne
Lil Wayne Featuring Rich The Kid,2021,lil wayne,lil wayne,lil wayne
Lil Wayne Featuring Rick Ross,2011,lil wayne,lil wayne,lil wayne
Lil Wayne Featuring Shanell AKA SNL,2010,lil wayne,lil wayne,lil wayne
Lil Wayne Featuring Snoop Dogg,2018,lil wayne,lil wayne,lil wayne
Lil Wayne Featuring Sosamann,2018,lil wayne,lil wayne,lil wayne
Lil Wayne Featuring Static Major,2008,lil wayne,lil wayne,lil wayne
Lil Wayne Featuring T-Pain,2011,lil wayne,lil wayne,lil wayne
Lil Wayne Featuring Travis Scott,2018,lil wayne,lil wayne,lil wayne
Lil Wayne Featuring XXXTENTACION,2018,lil wayne,lil wayne,lil wayne
"Lil Wayne, Jelly Roll & Big Sean",2025,"lil wayne, jelly roll & big sean",lil wayne,lil wayne
"Lil Wayne, Wiz Khalifa & Imagine Dragons With Logic & Ty Dolla $ign Feat. X Ambassadors",2016,"lil wayne, wiz khalifa & imagine dragons with logic & ty dolla $ign",lil wayne,lil wayne
Lil Xan,2018,lil xan,lil xan,lil xan
Lil Yachty,2024,lil yachty,lil yachty,lil yachty
Lil Yachty & J. Cole,2023,lil yachty & j. cole,lil yachty,lil yachty
"Lil Yachty & Tierra Whack Featuring A$AP Rocky & Tyler, the Creator",2020,lil yachty & tierra whack,lil yachty,lil yachty
Lil Yachty & Veeze,2024,lil yachty & veeze,lil yachty,lil yachty
Lil Yachty & ian,2024,lil yachty & ian,lil yachty,lil yachty
Lil Yachty Featuring Juice WRLD,2018,lil yachty,lil yachty,lil yachty
Lil Yachty Featuring Kodak Black,2021,lil yachty,lil yachty,lil yachty
Lil Yachty Featuring Migos,2017,lil yachty,lil yachty,lil yachty
Lil Yachty Featuring NBA YoungBoy,2018,lil yachty,lil yachty,lil yachty
Lil Yachty Featuring Playboi Carti,2018,lil yachty,lil yachty,lil yachty
Lil Yachty Featuring Trippie Redd,2018,lil yachty,lil yachty,lil yachty
Lil Yachty Featuring Ugly God,2018,lil yachty,lil yachty,lil yachty
"Lil Yachty, Drake & DaBaby",2020,"lil yachty, drake & dababy",lil yachty,lil yachty
Lil' Boosie Featuring Yung Joc,2007,lil' boosie,lil' boosie,lil boosie
Lil' Duval Featuring Snoop Dogg & Ball Greezy,2019,lil' duval,lil' duval,lil duval
Lil' Flip,2004,lil' flip,lil' flip,lil flip
Lil' Flip Featuring Lea,2004,lil' flip,lil' flip,lil flip
Lil' Kim,2005,lil' kim,lil' kim,lil kim
Lil' Kim Featuring 50 Cent,2003,lil' kim,lil' kim,lil kim
"Lil' Kim Featuring Da Brat, Left Eye, Missy Elliott & Angie Martinez",1997,lil' kim,lil' kim,lil kim
Lil' Kim Featuring Mr. Cheeks,2003,lil' kim,lil' kim,lil kim
Lil' Kim Featuring Puff Daddy,1997,lil' kim,lil' kim,lil kim
Lil' Kim Featuring Sisqo,2001,lil' kim,lil' kim,lil kim
Lil' Mo,2000,lil' mo,lil' mo,lil mo
Lil' Mo Featuring Fabolous,2003,lil' mo,lil' mo,lil mo
Lil' Romeo,2001,lil' romeo,lil' romeo,lil romeo
"Lil' Troy Featuring Yungsta, Fat Pat, Lil' Will, Hawk, Big T",1999,lil' troy,lil' troy,lil troy
"Lil' Wayne Featuring Baby, Mack 10 & Mickey",2001,lil' wayne,lil' wayne,lil wayne
Lil' Wayne Featuring Juvenile & B.G.,2000,lil' wayne,lil' wayne,lil wayne
Lil' Zane Featuring 112,2000,lil' zane,lil' zane,lil zane
Lila McCann,1999,lila mccann,lila mccann,lila mccann
Lillywood & Robin Schulz,2015,lillywood & robin schulz,lillywood,lillywood
Lily Allen,2009,lily allen,lily allen,lily allen
Limahl,1985,limahl,limahl,limahl
Limited Warranty,1986,limited warranty,limited warranty,limited warranty
Limmie & Family Cookin',1973,limmie & family cookin',limmie,limmie
Limp Bizkit,2004,limp bizkit,limp bizkit,limp bizkit
Limp Bizkit Featuring Method Man,2000,limp bizkit,limp bizkit,limp bizkit
Lin-Manuel Miranda & Ben Platt,2018,lin-manuel miranda & ben platt,lin-manuel miranda,linmanuel miranda
Lin-Manuel Miranda Featuring Artists For Puerto Rico,2017,lin-manuel miranda,lin-manuel miranda,linmanuel miranda
Lina Santiago,1996,lina santiago,lina santiago,lina santiago
Linda Clifford,1980,linda clifford,linda clifford,linda clifford
Linda Jones,1972,linda jones,linda jones,linda jones
Linda Laurie,1959,linda laurie,linda laurie,linda laurie
Linda Ronstadt,1983,linda ronstadt,linda ronstadt,linda ronstadt
Linda Ronstadt & James Ingram,1987,linda ronstadt & james ingram,linda ronstadt,linda ronstadt
Linda Ronstadt & The Nelson Riddle Orchestra,1984,linda ronstadt & the nelson riddle orchestra,linda ronstadt,linda ronstadt
Linda Ronstadt & The Stone Poneys,1968,linda ronstadt & the stone poneys,linda ronstadt,linda ronstadt
Linda Ronstadt (Featuring Aaron Neville),1990,linda ronstadt,linda ronstadt,linda ronstadt
Linda Scott,1964,linda scott,linda scott,linda scott
Lindisfarne,1978,lindisfarne,lindisfarne,lindisfarne
Lindsay Lohan,2006,lindsay lohan,lindsay lohan,lindsay lohan
Lindsey Buckingham,1984,lindsey buckingham,lindsey buckingham,lindsey buckingham
Lindsey Pavao,2012,lindsey pavao,lindsey pavao,lindsey pavao
Lindsey Stirling,2016,lindsey stirling,lindsey stirling,lindsey stirling
Linear,1992,linear,linear,linear
Liner,1979,liner,liner,liner
Link,1998,link,link,link
Link Wray And The Wraymen,1963,link wray and the wraymen,link wray,link wray
Linkin Park,2024,linkin park,linkin park,linkin park
Linkin Park Featuring Kiiara,2017,linkin park,linkin park,linkin park
Linkin Park X Steve Aoki,2013,linkin park x steve aoki,linkin park,linkin park
Lionel Richie,2006,lionel richie,lionel richie,lionel richie
"Lipps, Inc.",1980,"lipps, inc.",lipps,lipps
Liquid Gold,1983,liquid gold,liquid gold,liquid gold
Liquid Smoke,1970,liquid smoke,liquid smoke,liquid smoke
Lisa Fischer,1991,lisa fischer,lisa fischer,lisa fischer
Lisa Keith,1994,lisa keith,lisa keith,lisa keith
Lisa Lisa And Cult Jam,1991,lisa lisa and cult jam,lisa lisa,lisa lisa
Lisa Lisa And Cult Jam Featuring Full Force,1988,lisa lisa and cult jam,lisa lisa,lisa lisa
Lisa Lisa And Cult Jam With Full Force,1986,lisa lisa and cult jam with full force,lisa lisa,lisa lisa
Lisa Lisa And Cult Jam With Full Force Featuring Paul Anthony & Bow Legged Lou,1987,lisa lisa and cult jam with full force,lisa lisa,lisa lisa
Lisa Loeb,1998,lisa loeb,lisa loeb,lisa loeb
Lisa Loeb & Nine Stories,1996,lisa loeb & nine stories,lisa loeb,lisa loeb
Lisa Stansfield,1997,lisa stansfield,lisa stansfield,lisa stansfield
Lisette Melendez,1994,lisette melendez,lisette melendez,lisette melendez
Lit,1999,lit,lit,lit
Lita Ford,1992,lita ford,lita ford,lita ford
Lita Ford (Duet With Ozzy Osbourne),1989,lita ford,lita ford,lita ford
Little Anthony And The Imperials,1974,little anthony and the imperials,little anthony,little anthony
Little Big Town,2022,little big town,little big town,little big town
Little Bill and The Bluenotes,1959,little bill and the bluenotes,little bill,little bill
Little Caesar,1991,little caesar,little caesar,little caesar
Little Caesar And The Consuls,1965,little caesar and the consuls,little caesar,little caesar
Little Caesar and The Romans,1961,little caesar and the romans,little caesar,little caesar
Little Carl Carlton,1970,little carl carlton,little carl carlton,little carl carlton
Little Esther Phillips,1963,little esther phillips,little esther phillips,little esther phillips
Little Esther Phillips & Big Al Downing,1963,little esther phillips & big al downing,little esther phillips,little esther phillips
Little Eva,1963,little eva,little eva,little eva
Little Jimmy Osmond,1973,little jimmy osmond,little jimmy osmond,little jimmy osmond
Little Jimmy Osmond With The Mike Curb Congregation,1972,little jimmy osmond with the mike curb congregation,little jimmy osmond,little jimmy osmond
Little Jo Ann,1962,little jo ann,little jo ann,little jo ann
Little Joey And The Flips,1962,little joey and the flips,little joey,little joey
Little Johnny Taylor,1972,little johnny taylor,little johnny taylor,little johnny taylor
Little Jr. Parker,1964,little jr. parker,little jr. parker,little jr parker
Little Junior Parker,1962,little junior parker,little junior parker,little junior parker
Little Milton,1972,little milton,little milton,little milton
Little Mix,2016,little mix,little mix,little mix
Little Peggy March,1964,little peggy march,little peggy march,little peggy march
Little Richard,1986,little richard,little richard,little richard
Little River Band,1985,little river band,little river band,little river band
Little Sister,1971,little sister,little sister,little sister
Little Steven,1983,little steven,little steven,little steven
Little Stevie Wonder,1964,little stevie wonder,little stevie wonder,little stevie wonder
Little Texas,1994,little texas,little texas,little texas
Little Willie John,1961,little willie john,little willie john,little willie john
Live,2004,live,live,live
Liverpool Five,1966,liverpool five,liverpool five,liverpool five
Livin' Joy,1997,livin' joy,livin' joy,livin joy
Living Colour,1989,living colour,living colour,living colour
Living In A Box,1987,living in a box,living in a box,living in a box
Livingston Taylor,1980,livingston taylor,livingston taylor,livingston taylor
Liz Damon's Orient Express,1971,liz damon's orient express,liz damon's orient express,liz damons orient express
Liz Phair,2004,liz phair,liz phair,liz phair
Lizzo,2023,lizzo,lizzo,lizzo
Lizzo Featuring Cardi B,2021,lizzo,lizzo,lizzo
Lizzo Featuring SZA,2023,lizzo,lizzo,lizzo
Lizzy McAlpine,2023,lizzy mcalpine,lizzy mcalpine,lizzy mcalpine
Lloyd,2011,lloyd,lloyd,lloyd
Lloyd Banks,2004,lloyd banks,lloyd banks,lloyd banks
Lloyd Banks Featuring 50 Cent,2006,lloyd banks,lloyd banks,lloyd banks
Lloyd Banks Featuring Avant,2005,lloyd banks,lloyd banks,lloyd banks
Lloyd Banks Featuring Juelz Santana,2010,lloyd banks,lloyd banks,lloyd banks
Lloyd Featuring Andre 3000 & Lil Wayne,2011,lloyd,lloyd,lloyd
Lloyd Featuring Ashanti,2004,lloyd,lloyd,lloyd
Lloyd Featuring Lil Wayne,2008,lloyd,lloyd,lloyd
Lloyd Price,1964,lloyd price,lloyd price,lloyd price
Lloyd Price and His Orchestra,1960,lloyd price and his orchestra,lloyd price,lloyd price
Lo-Key?,1993,lo-key?,lo-key?,lokey
LoCash,2025,locash,locash,locash
Lobo,1980,lobo,lobo,lobo
Loe Shimmy & Brent Faiyaz,2024,loe shimmy & brent faiyaz,loe shimmy,loe shimmy
Loggins & Messina,1975,loggins & messina,loggins,loggins
Logic,2020,logic,logic,logic
Logic & Marshmello,2018,logic & marshmello,logic,logic
Logic Featuring Alessia Cara & Khalid,2018,logic,logic,logic
Logic Featuring Big Sean,2018,logic,logic,logic
Logic Featuring Damian Lemar Hudson,2017,logic,logic,logic
Logic Featuring Eminem,2019,logic,logic,logic
Logic Featuring Ryan Tedder,2018,logic,logic,logic
Logic Featuring Wiz Khalifa,2018,logic,logic,logic
Logic Featuring Young Sinatra,2018,logic,logic,logic
Lois Fletcher,1974,lois fletcher,lois fletcher,lois fletcher
Lola Brooke X Latto X Yung Miami Or Featuring Billy B,2023,lola brooke x latto x yung miami or,lola brooke,lola brooke
Lola Young,2025,lola young,lola young,lola young
Loleatta Holloway,1977,loleatta holloway,loleatta holloway,loleatta holloway
Loleatta Holloway And Bunny Sigler,1978,loleatta holloway and bunny sigler,loleatta holloway,loleatta holloway
Lolita,1961,lolita,lolita,lolita
London Symphony Orchestra,1977,london symphony orchestra,london symphony orchestra,london symphony orchestra
Londonbeat,1995,londonbeat,londonbeat,londonbeat
Lone Justice,1987,lone justice,lone justice,lone justice
Lonestar,2006,lonestar,lonestar,lonestar
Long John Baldry,1968,long john baldry,long john baldry,long john baldry
Long John Baldry & Kathi MacDonald,1979,long john baldry & kathi macdonald,long john baldry,long john baldry
Lonnie Donegan And His Skiffle Group,1961,lonnie donegan and his skiffle group,lonnie donegan,lonnie donegan
Lonnie Gordon,1993,lonnie gordon,lonnie gordon,lonnie gordon
Lonnie Mack,1965,lonnie mack,lonnie mack,lonnie mack
Lonnie Russ,1963,lonnie russ,lonnie russ,lonnie russ
Lonzo And World Class Wreckin Kru,1988,lonzo and world class wreckin kru,lonzo,lonzo
Looking Glass,1973,looking glass,looking glass,looking glass
Loon Featuring Kelis,2003,loon,loon,loon
Loose Ends,1985,loose ends,loose ends,loose ends
Lord Huron,2017,lord huron,lord huron,lord huron
Lord Rockingham's XI,1958,lord rockingham's xi,lord rockingham's xi,lord rockinghams xi
Lord Tariq & Peter Gunz,1998,lord tariq & peter gunz,lord tariq,lord tariq
Lorde,2025,lorde,lorde,lorde
"Lorde Featuring Khalid, Post Malone & SZA",2017,lorde,lorde,lorde
Lords Of The Underground,1995,lords of the underground,lords of the underground,lords of the underground
Loreena McKennitt,1998,loreena mckennitt,loreena mckennitt,loreena mckennitt
Loren Allred,2018,loren allred,loren allred,loren allred
Lorenzo Lamas,1985,lorenzo lamas,lorenzo lamas,lorenzo lamas
Loretta Lynn,1975,loretta lynn,loretta lynn,loretta lynn
Lorne Greene,1965,lorne greene,lorne greene,lorne greene
Lorraine Ellison,1967,lorraine ellison,lorraine ellison,lorraine ellison
Lorrie Morgan,1997,lorrie morgan,lorrie morgan,lorrie morgan
Los Bravos,1968,los bravos,los bravos,los bravos
Los Del Mar,1996,los del mar,los del mar,los del mar
Los Indios Tabajaras,1964,los indios tabajaras,los indios tabajaras,los indios tabajaras
"Los Legendarios, Wisin & Jhay Cortez",2021,"los legendarios, wisin & jhay cortez",los legendarios,los legendarios
Los Lobos,1987,los lobos,los lobos,los lobos
Los Lonely Boys,2004,los lonely boys,los lonely boys,los lonely boys
Los Pop Tops,1968,los pop tops,los pop tops,los pop tops
Los Umbrellos,1998,los umbrellos,los umbrellos,los umbrellos
Los del Rio,1997,los del rio,los del rio,los del rio
Lost Boyz,1997,lost boyz,lost boyz,lost boyz
Lostprophets,2004,lostprophets,lostprophets,lostprophets
Lou Bega,2000,lou bega,lou bega,lou bega
Lou Christie,1974,lou christie,lou christie,lou christie
Lou Courtney,1967,lou courtney,lou courtney,lou courtney
Lou Donaldson,1967,lou donaldson,lou donaldson,lou donaldson
Lou Gramm,1990,lou gramm,lou gramm,lou gramm
Lou Johnson,1966,lou johnson,lou johnson,lou johnson
Lou Monte,1963,lou monte,lou monte,lou monte
Lou Rawls,1983,lou rawls,lou rawls,lou rawls
Lou Reed,1973,lou reed,lou reed,lou reed
Loud Luxury Featuring Brando,2019,loud luxury,loud luxury,loud luxury
Loudon Wainwright III,1973,loudon wainwright iii,loudon wainwright iii,loudon wainwright iii
Louie Louie,1990,louie louie,louie louie,louie louie
Louis Armstrong,1988,louis armstrong,louis armstrong,louis armstrong
Louis Armstrong And The All Stars,1964,louis armstrong and the all stars,louis armstrong,louis armstrong
Louis Prima,1961,louis prima,louis prima,louis prima
Louis Prima And Keely Smith,1959,louis prima and keely smith,louis prima,louis prima
Louis Tomlinson Featuring Bebe Rexha & Digital Farm Animals,2017,louis tomlinson,louis tomlinson,louis tomlinson
Louise Brown,1961,louise brown,louise brown,louise brown
Louise Goffin,1979,louise goffin,louise goffin,louise goffin
Louise Tucker,1983,louise tucker,louise tucker,louise tucker
Louisiana's LeRoux,1978,louisiana's leroux,louisiana's leroux,louisianas leroux
Love,1970,love,love,love
Love And Kisses,1978,love and kisses,love,love
Love And Money,1989,love and money,love,love
Love And Rockets,1989,love and rockets,love,love
Love And Theft,2012,love and theft,love,love
Love Childs Afro Cuban Blues Band,1975,love childs afro cuban blues band,love childs afro cuban blues band,love childs afro cuban blues band
Love Spit Love,1994,love spit love,love spit love,love spit love
Love Tribe,1997,love tribe,love tribe,love tribe
Love Unlimited,1975,love unlimited,love unlimited,love unlimited
Love Unlimited Orchestra,1977,love unlimited orchestra,love unlimited orchestra,love unlimited orchestra
LoveRance Featuring IamSu & Skipper or 50 Cent,2012,loverance,loverance,loverance
Loverboy,1990,loverboy,loverboy,loverboy
Lowell Fulsom,1967,lowell fulsom,lowell fulsom,lowell fulsom
Loz Netto,1983,loz netto,loz netto,loz netto
Loza Alexander,2021,loza alexander,loza alexander,loza alexander
Lucas,1995,lucas,lucas,lucas
Lucas Grabeel & Ashley Tisdale,2006,lucas grabeel & ashley tisdale,lucas grabeel,lucas grabeel
Lucille Starr,1964,lucille starr,lucille starr,lucille starr
Lucky Daye,2022,lucky daye,lucky daye,lucky daye
Lucy Hale,2014,lucy hale,lucy hale,lucy hale
Lucy Pearl,2000,lucy pearl,lucy pearl,lucy pearl
Ludacris,2013,ludacris,ludacris,ludacris
Ludacris & Field Mob Featuring Jamie Foxx,2006,ludacris & field mob,ludacris,ludacris
Ludacris Co-Starring Chris Brown & Sean Garrett,2008,ludacris co-starring chris brown & sean garrett,ludacris co-starring chris brown,ludacris costarring chris brown
Ludacris Co-Starring Lil Wayne,2008,ludacris co-starring lil wayne,ludacris co-starring lil wayne,ludacris costarring lil wayne
Ludacris Co-Starring T-Pain,2009,ludacris co-starring t-pain,ludacris co-starring t-pain,ludacris costarring tpain
Ludacris Featuring Bobby Valentino,2005,ludacris,ludacris,ludacris
Ludacris Featuring Kelly Rowland,2013,ludacris,ludacris,ludacris
Ludacris Featuring Mary J. Blige,2007,ludacris,ludacris,ludacris
Ludacris Featuring Miguel,2015,ludacris,ludacris,ludacris
Ludacris Featuring Mystikal & Infamous 2.0,2002,ludacris,ludacris,ludacris
Ludacris Featuring Nate Dogg,2001,ludacris,ludacris,ludacris
Ludacris Featuring Nicki Minaj,2010,ludacris,ludacris,ludacris
Ludacris Featuring Pharrell,2007,ludacris,ludacris,ludacris
Ludacris Featuring Shawnna,2004,ludacris,ludacris,ludacris
Ludacris Featuring Sleepy Brown,2002,ludacris,ludacris,ludacris
Ludacris Featuring Trey Songz,2010,ludacris,ludacris,ludacris
Ludacris Featuring Usher & David Guetta,2013,ludacris,ludacris,ludacris
"Ludacris, LL Cool J & Keith Murray",2002,"ludacris, ll cool j & keith murray",ludacris,ludacris
Luis Cardenas,1986,luis cardenas,luis cardenas,luis cardenas
Luis Fonsi,2008,luis fonsi,luis fonsi,luis fonsi
Luis Fonsi & Daddy Yankee Featuring Justin Bieber,2018,luis fonsi & daddy yankee,luis fonsi,luis fonsi
Luis Fonsi & Demi Lovato,2018,luis fonsi & demi lovato,luis fonsi,luis fonsi
Luis R Conriquez x Neton Vega,2024,luis r conriquez x neton vega,luis r conriquez,luis r conriquez
Lukas Graham,2019,lukas graham,lukas graham,lukas graham
Luke,1996,luke,luke,luke
Luke Bryan,2025,luke bryan,luke bryan,luke bryan
Luke Bryan Featuring Karen Fairchild,2016,luke bryan,luke bryan,luke bryan
Luke Combs,2025,luke combs,luke combs,luke combs
Luke Combs & Brooks & Dunn,2019,luke combs & brooks & dunn,luke combs,luke combs
Luke Combs Featuring Amanda Shires,2020,luke combs,luke combs,luke combs
Luke Combs Featuring Eric Church,2020,luke combs,luke combs,luke combs
Luke Featuring No Good But So Good,1998,luke,luke,luke
Luke Featuring The 2 Live Crew,1990,luke,luke,luke
Lulu,1982,lulu,lulu,lulu
Lulu And The Luvers,1967,lulu and the luvers,lulu,lulu
Lulu with The Dixie Flyers,1970,lulu with the dixie flyers,lulu,lulu
Lumidee,2003,lumidee,lumidee,lumidee
Lumidee Featuring Tony Sunshine,2007,lumidee,lumidee,lumidee
Lunar Funk,1972,lunar funk,lunar funk,lunar funk
"Lunay, Daddy Yankee & Bad Bunny",2019,"lunay, daddy yankee & bad bunny",lunay,lunay
LunchMoney Lewis,2015,lunchmoney lewis,lunchmoney lewis,lunchmoney lewis
Luniz,1995,luniz,luniz,luniz
Lupe Fiasco,2012,lupe fiasco,lupe fiasco,lupe fiasco
Lupe Fiasco & Guy Sebastian,2013,lupe fiasco & guy sebastian,lupe fiasco,lupe fiasco
Lupe Fiasco Featuring Ed Sheeran,2014,lupe fiasco,lupe fiasco,lupe fiasco
Lupe Fiasco Featuring MDMA,2011,lupe fiasco,lupe fiasco,lupe fiasco
Lupe Fiasco Featuring Matthew Santos,2009,lupe fiasco,lupe fiasco,lupe fiasco
Lupe Fiasco Featuring Skylar Grey,2011,lupe fiasco,lupe fiasco,lupe fiasco
Lupe Fiasco Featuring Trey Songz,2011,lupe fiasco,lupe fiasco,lupe fiasco
Luscious Jackson,1997,luscious jackson,luscious jackson,luscious jackson
Lustra,2006,lustra,lustra,lustra
Luther Ingram,1973,luther ingram,luther ingram,luther ingram
Luther Vandross,2003,luther vandross,luther vandross,luther vandross
Luther Vandross & Mariah Carey,1995,luther vandross & mariah carey,luther vandross,luther vandross
Luther Vandross And Janet Jackson With BBD And Ralph Tresvant,1992,luther vandross and janet jackson with bbd and ralph tresvant,luther vandross,luther vandross
Luther Vandross with Gregory Hines,1987,luther vandross with gregory hines,luther vandross,luther vandross
Lutricia McNeal,1998,lutricia mcneal,lutricia mcneal,lutricia mcneal
Lyfe Jennings,2006,lyfe jennings,lyfe jennings,lyfe jennings
Lyme & Cybelle,1966,lyme & cybelle,lyme,lyme
Lyn Collins,1972,lyn collins,lyn collins,lyn collins
Lynn Anderson,1975,lynn anderson,lynn anderson,lynn anderson
Lynyrd Skynyrd,1978,lynyrd skynyrd,lynyrd skynyrd,lynyrd skynyrd
"Lyrical Lemonade, Juice WRLD & Cordae",2023,"lyrical lemonade, juice wrld & cordae",lyrical lemonade,lyrical lemonade
Lysette,1998,lysette,lysette,lysette
M,1980,m,m,m
M + M,1984,m + m,m,m
M People,1994,m people,m people,m people
M.C. Brains,1992,m.c. brains,m.c. brains,mc brains
M.C. Breed,1993,m.c. breed,m.c. breed,mc breed
M.C. Breed & D.F.C.,1992,m.c. breed & d.f.c.,m.c. breed,mc breed
M.C. Hammer,1994,m.c. hammer,m.c. hammer,mc hammer
M.I.A.,2008,m.i.a.,m.i.a.,mia
M.I.A. & A R Rahman,2009,m.i.a. & a r rahman,m.i.a.,mia
M.V.P. (Most Valuable Playas) Featuring Stagga Lee,2003,m.v.p.,m.v.p.,mvp
M/A/R/R/S,1988,m,m,m
M2M,2000,m2m,m2m,m2m
M83.,2012,m83.,m83.,m83
M:G,1998,m:g,m:g,mg
MAGIC!,2015,magic!,magic!,magic
MAX Featuring Gnash,2018,max,max,max
MC Eiht,1993,mc eiht,mc eiht,mc eiht
MC Luscious,1992,mc luscious,mc luscious,mc luscious
MC Luscious Featuring Kinsui,1997,mc luscious,mc luscious,mc luscious
MC Lyte,1997,mc lyte,mc lyte,mc lyte
MC Lyte Featuring Xscape,1996,mc lyte,mc lyte,mc lyte
MC Nas-D & DJ Fred,1993,mc nas-d & dj fred,mc nas-d,mc nasd
MC Ren,1993,mc ren,mc ren,mc ren
MC Serch,1992,mc serch,mc serch,mc serch
MC Skat Kat & The Stray Mob,1991,mc skat kat & the stray mob,mc skat kat,mc skat kat
MC5,1969,mc5,mc5,mc5
MFSB,1976,mfsb,mfsb,mfsb
MFSB Featuring The Three Degrees,1974,mfsb,mfsb,mfsb
MGK,2025,mgk,mgk,mgk
MGK & Jelly Roll,2024,mgk & jelly roll,mgk,mgk
MGK Featuring Waka Flocka Flame,2012,mgk,mgk,mgk
MGMT,2009,mgmt,mgmt,mgmt
MKTO,2014,mkto,mkto,mkto
MO3 X OG Bobby Billions,2021,mo3 x og bobby billions,mo3,mo3
"MOLIY, Silent Addy, Skillibeng & Shenseea",2025,"moliy, silent addy, skillibeng & shenseea",moliy,moliy
Mabel,2019,mabel,mabel,mabel
Mable John,1966,mable john,mable john,mable john
Mac And Katie Kissoon,1971,mac and katie kissoon,mac,mac
Mac Davis,1981,mac davis,mac davis,mac davis
Mac DeMarco,2023,mac demarco,mac demarco,mac demarco
Mac McAnally,1983,mac mcanally,mac mcanally,mac mcanally
Mac Miller,2025,mac miller,mac miller,mac miller
Mac Miller Featuring SZA,2025,mac miller,mac miller,mac miller
Maceo And The Macks,1973,maceo and the macks,maceo,maceo
Machine,1979,machine,machine,machine
Machine Gun Kelly,2021,machine gun kelly,machine gun kelly,machine gun kelly
Machine Gun Kelly & Bring Me the Horizon,2022,machine gun kelly & bring me the horizon,machine gun kelly,machine gun kelly
Machine Gun Kelly & CORPSE,2021,machine gun kelly & corpse,machine gun kelly,machine gun kelly
Machine Gun Kelly & Halsey,2020,machine gun kelly & halsey,machine gun kelly,machine gun kelly
Machine Gun Kelly & Lil Wayne,2022,machine gun kelly & lil wayne,machine gun kelly,machine gun kelly
Machine Gun Kelly & WILLOW,2022,machine gun kelly & willow,machine gun kelly,machine gun kelly
Machine Gun Kelly Featuring Hailee Steinfeld,2017,machine gun kelly,machine gun kelly,machine gun kelly
Machine Gun Kelly X Blackbear,2022,machine gun kelly x blackbear,machine gun kelly,machine gun kelly
Machine Gun Kelly x Camila Cabello,2017,machine gun kelly x camila cabello,machine gun kelly,machine gun kelly
"Machine Gun Kelly, X Ambassadors & Bebe Rexha",2018,"machine gun kelly, x ambassadors & bebe rexha",machine gun kelly,machine gun kelly
Mack 10,1998,mack 10,mack 10,mack 10
Mack 10 & Tha Dogg Pound,1997,mack 10 & tha dogg pound,mack 10,mack 10
Mack 10 Featuring Gerald Levert,1998,mack 10,mack 10,mack 10
"Macklemore & Ryan Lewis Featuring Eric Nally, Melle Mel, Kool Moe Dee & Grandmaster Caz",2016,macklemore & ryan lewis,macklemore,macklemore
Macklemore & Ryan Lewis Featuring Mary Lambert,2013,macklemore & ryan lewis,macklemore,macklemore
Macklemore & Ryan Lewis Featuring Ray Dalton,2013,macklemore & ryan lewis,macklemore,macklemore
Macklemore & Ryan Lewis Featuring ScHoolboy Q & Hollis,2014,macklemore & ryan lewis,macklemore,macklemore
Macklemore & Ryan Lewis Featuring Wanz,2013,macklemore & ryan lewis,macklemore,macklemore
Macklemore Featuring Kesha,2018,macklemore,macklemore,macklemore
Macklemore Featuring Skylar Grey,2017,macklemore,macklemore,macklemore
Macy Gray,2000,macy gray,macy gray,macy gray
Mad Cobra,1993,mad cobra,mad cobra,mad cobra
Mad Lion,1994,mad lion,mad lion,mad lion
Madcon,2009,madcon,madcon,madcon
Maddie & Tae,2020,maddie & tae,maddie,maddie
MadeinTYO,2016,madeintyo,madeintyo,madeintyo
Madeline Bell,1968,madeline bell,madeline bell,madeline bell
Madi Davis,2015,madi davis,madi davis,madi davis
Madison Avenue,2000,madison avenue,madison avenue,madison avenue
Madleen Kane,1982,madleen kane,madleen kane,madleen kane
Madness,1984,madness,madness,madness
Madonna,2009,madonna,madonna,madonna
Madonna Featuring Justin Timberlake & Timbaland,2008,madonna,madonna,madonna
Madonna Featuring Nicki Minaj,2015,madonna,madonna,madonna
Madonna Featuring Nicki Minaj & M.I.A.,2012,madonna,madonna,madonna
Maejor Ali Featuring Juicy J & Justin Bieber,2014,maejor ali,maejor ali,maejor ali
Mag 7,1998,mag 7,mag 7,mag 7
Magazine 60,1986,magazine 60,magazine 60,magazine 60
Maggie Bell,1974,maggie bell,maggie bell,maggie bell
Magic Lanterns,1969,magic lanterns,magic lanterns,magic lanterns
Magoo And Timbaland,1997,magoo and timbaland,magoo,magoo
Mahalia Jackson,1962,mahalia jackson,mahalia jackson,mahalia jackson
Mai Tai,1986,mai tai,mai tai,mai tai
Maino Featuring T-Pain,2009,maino,maino,maino
Major Harris,1976,major harris,major harris,major harris
Major Lance,1970,major lance,major lance,major lance
"Major Lazer Featuring Bruno Mars, Tyga & Mystic",2013,major lazer,major lazer,major lazer
Major Lazer Featuring Ellie Goulding & Tarrus Riley,2015,major lazer,major lazer,major lazer
Major Lazer Featuring Justin Bieber & Mo,2017,major lazer,major lazer,major lazer
Major Lazer Featuring Nyla & Fuse ODG,2016,major lazer,major lazer,major lazer
Major Lazer Featuring PARTYNEXTDOOR & Nicki Minaj,2017,major lazer,major lazer,major lazer
"Major Lazer Featuring Travis Scott, Camila Cabello & Quavo",2017,major lazer,major lazer,major lazer
Major Lazer X DJ Snake Featuring Mo,2016,major lazer x dj snake,major lazer,major lazer
Malcolm Todd,2025,malcolm todd,malcolm todd,malcolm todd
Malo,1972,malo,malo,malo
Maluma,2019,maluma,maluma,maluma
Maluma & Carin Leon,2024,maluma & carin leon,maluma,maluma
Maluma & The Weeknd,2021,maluma & the weeknd,maluma,maluma
Maluma X Nego do Borel,2018,maluma x nego do borel,maluma,maluma
Mama Cass,1969,mama cass,mama cass,mama cass
Mama Cass Elliot,1970,mama cass elliot,mama cass elliot,mama cass elliot
Mama Cass With The Mamas & The Papas,1968,mama cass with the mamas & the papas,mama cass,mama cass
Mana,2006,mana,mana,mana
Mana Featuring Prince Royce,2011,mana,mana,mana
Mandrill,1973,mandrill,mandrill,mandrill
Mandy Moore,2000,mandy moore,mandy moore,mandy moore
Maneskin,2022,maneskin,maneskin,maneskin
Manfred Mann,1969,manfred mann,manfred mann,manfred mann
Manfred Mann's Earth Band,1984,manfred mann's earth band,manfred mann's earth band,manfred manns earth band
Mann,2011,mann,mann,mann
Mannie Fresh,2005,mannie fresh,mannie fresh,mannie fresh
Manny Kellem - His Orchestra And Voices,1968,manny kellem - his orchestra and voices,manny kellem - his orchestra,manny kellem his orchestra
Mantovani & His Orch.,1961,mantovani & his orch.,mantovani,mantovani
Mantovani & His Orchestra,1960,mantovani & his orchestra,mantovani,mantovani
Mantronix Featuring Wondress,1990,mantronix,mantronix,mantronix
Manu Dibango,1973,manu dibango,manu dibango,manu dibango
Manuel Turizo,2023,manuel turizo,manuel turizo,manuel turizo
Mar-Keys,1962,mar-keys,mar-keys,markeys
Marc Almond,1989,marc almond,marc almond,marc almond
Marc Anthony,2013,marc anthony,marc anthony,marc anthony
Marc Cohn,1991,marc cohn,marc cohn,marc cohn
Marc E. Bassy Featuring G-Eazy,2016,marc e. bassy,marc e. bassy,marc e bassy
Marc Nelson,2000,marc nelson,marc nelson,marc nelson
Marcia Griffiths,1990,marcia griffiths,marcia griffiths,marcia griffiths
Marcie Blane,1963,marcie blane,marcie blane,marcie blane
Marcos Hernandez,2005,marcos hernandez,marcos hernandez,marcos hernandez
Marcy Joe,1961,marcy joe,marcy joe,marcy joe
Marcy Levy & Robin Gibb,1981,marcy levy & robin gibb,marcy levy,marcy levy
Marcy Playground,1998,marcy playground,marcy playground,marcy playground
Maren Morris,2022,maren morris,maren morris,maren morris
Maren Morris Featuring Vince Gill,2017,maren morris,maren morris,maren morris
Margaret Whiting,1967,margaret whiting,margaret whiting,margaret whiting
Margie Joseph,1975,margie joseph,margie joseph,margie joseph
Maria Mena,2004,maria mena,maria mena,maria mena
Maria Muldaur,1975,maria muldaur,maria muldaur,maria muldaur
Maria Vidal,1984,maria vidal,maria vidal,maria vidal
Mariah Carey,2025,mariah carey,mariah carey,mariah carey
Mariah Carey & Boyz II Men,1996,mariah carey & boyz ii men,mariah carey,mariah carey
Mariah Carey Featuring Ariana Grande & Jennifer Hudson,2020,mariah carey,mariah carey,mariah carey
Mariah Carey Featuring Cameo,2001,mariah carey,mariah carey,mariah carey
Mariah Carey Featuring Jay-Z,2000,mariah carey,mariah carey,mariah carey
Mariah Carey Featuring Joe & 98 Degrees,2000,mariah carey,mariah carey,mariah carey
Mariah Carey Featuring Miguel,2013,mariah carey,mariah carey,mariah carey
Mariah Carey Featuring Nicki Minaj,2010,mariah carey,mariah carey,mariah carey
Mariah Carey Featuring Snoop Dogg,2006,mariah carey,mariah carey,mariah carey
Mariah Carey Featuring T-Pain,2008,mariah carey,mariah carey,mariah carey
Mariah Carey Featuring YG,2017,mariah carey,mariah carey,mariah carey
Mariah the Scientist,2025,mariah the scientist,mariah the scientist,mariah the scientist
Mariah the Scientist & Kali Uchis,2025,mariah the scientist & kali uchis,mariah the scientist,mariah the scientist
Marian Hill,2017,marian hill,marian hill,marian hill
Marianne Faithfull,1965,marianne faithfull,marianne faithfull,marianne faithfull
Marie & Rex,1959,marie & rex,marie,marie
Marie Osmond,1977,marie osmond,marie osmond,marie osmond
Marillion,1985,marillion,marillion,marillion
Marilyn Martin,1986,marilyn martin,marilyn martin,marilyn martin
Marilyn McCoo & Billy Davis Jr.,1977,marilyn mccoo & billy davis jr.,marilyn mccoo,marilyn mccoo
Marilyn Scott,1978,marilyn scott,marilyn scott,marilyn scott
Marilyn Sellars,1974,marilyn sellars,marilyn sellars,marilyn sellars
Mario,2010,mario,mario,mario
Mario Featuring Gucci Mane & Sean Garrett,2009,mario,mario,mario
Mario Vazquez,2006,mario vazquez,mario vazquez,mario vazquez
Mario Winans Featuring Enya & P. Diddy,2004,mario winans,mario winans,mario winans
Marion Worth,1963,marion worth,marion worth,marion worth
Mark Ambor,2025,mark ambor,mark ambor,mark ambor
Mark Chesnutt,2002,mark chesnutt,mark chesnutt,mark chesnutt
Mark Dinning,1961,mark dinning,mark dinning,mark dinning
Mark Lindsay,1971,mark lindsay,mark lindsay,mark lindsay
Mark McGuinn,2001,mark mcguinn,mark mcguinn,mark mcguinn
Mark Morrison,1998,mark morrison,mark morrison,mark morrison
Mark Ronson Featuring Bruno Mars,2016,mark ronson,mark ronson,mark ronson
Mark Ronson Featuring Miley Cyrus,2019,mark ronson,mark ronson,mark ronson
Mark Valentino,1963,mark valentino,mark valentino,mark valentino
Mark Wills,2003,mark wills,mark wills,mark wills
Mark-Almond,1972,mark-almond,mark-almond,markalmond
Marky Mark & The Funky Bunch,1992,marky mark & the funky bunch,marky mark,marky mark
Marky Mark & The Funky Bunch Featuring Loleatta Holloway,1991,marky mark & the funky bunch,marky mark,marky mark
Marlena Shaw,1967,marlena shaw,marlena shaw,marlena shaw
Marlowe Morris Quintet,1962,marlowe morris quintet,marlowe morris quintet,marlowe morris quintet
Marmalade,1976,marmalade,marmalade,marmalade
Maroon 5,2020,maroon 5,maroon 5,maroon 5
Maroon 5 & LISA,2025,maroon 5 & lisa,maroon 5,maroon 5
Maroon 5 Featuring Cardi B,2019,maroon 5,maroon 5,maroon 5
Maroon 5 Featuring Christina Aguilera,2012,maroon 5,maroon 5,maroon 5
Maroon 5 Featuring Future,2017,maroon 5,maroon 5,maroon 5
Maroon 5 Featuring Kendrick Lamar,2017,maroon 5,maroon 5,maroon 5
Maroon 5 Featuring Megan Thee Stallion,2021,maroon 5,maroon 5,maroon 5
Maroon 5 Featuring Rihanna,2008,maroon 5,maroon 5,maroon 5
Maroon 5 Featuring Rozzi Crane,2012,maroon 5,maroon 5,maroon 5
Maroon 5 Featuring SZA,2018,maroon 5,maroon 5,maroon 5
Maroon 5 Featuring Wiz Khalifa,2012,maroon 5,maroon 5,maroon 5
Marques Houston,2007,marques houston,marques houston,marques houston
"Marques Houston Featuring Jermaine ""JD"" Dupri",2004,marques houston,marques houston,marques houston
Marques Houston Featuring Joe Budden & Pied Piper,2004,marques houston,marques houston,marques houston
Marques Houston Featuring Young Rome,2005,marques houston,marques houston,marques houston
Marsha Ambrosius,2011,marsha ambrosius,marsha ambrosius,marsha ambrosius
Marshall Crenshaw,1982,marshall crenshaw,marshall crenshaw,marshall crenshaw
Marshall Hain,1979,marshall hain,marshall hain,marshall hain
Marshmello,2019,marshmello,marshmello,marshmello
Marshmello & Anne-Marie,2018,marshmello & anne-marie,marshmello,marshmello
Marshmello & Bastille,2019,marshmello & bastille,marshmello,marshmello
Marshmello & Demi Lovato,2020,marshmello & demi lovato,marshmello,marshmello
Marshmello & Halsey,2020,marshmello & halsey,marshmello,marshmello
Marshmello & Juice WRLD,2022,marshmello & juice wrld,marshmello,marshmello
Marshmello & Kane Brown,2024,marshmello & kane brown,marshmello,marshmello
Marshmello & Khalid,2022,marshmello & khalid,marshmello,marshmello
Marshmello Featuring A Day to Remember,2019,marshmello,marshmello,marshmello
Marshmello Featuring Chvrches,2019,marshmello,marshmello,marshmello
Marshmello Featuring Khalid,2018,marshmello,marshmello,marshmello
Marshmello X Jonas Brothers,2021,marshmello x jonas brothers,marshmello,marshmello
Marshmello x Jelly Roll,2025,marshmello x jelly roll,marshmello,marshmello
"Marshmello, Tyga & Chris Brown",2019,"marshmello, tyga & chris brown",marshmello,marshmello
Martha & The Vandellas,1967,martha & the vandellas,martha,martha
Martha Davis,1988,martha davis,martha davis,martha davis
Martha Reeves,1974,martha reeves,martha reeves,martha reeves
Martha Reeves & The Vandellas,1971,martha reeves & the vandellas,martha reeves,martha reeves
Martha Wash,1993,martha wash,martha wash,martha wash
Martika,1992,martika,martika,martika
Martin Briley,1983,martin briley,martin briley,martin briley
Martin Denny and His Orchestra,1962,martin denny and his orchestra,martin denny,martin denny
Martin Garrix,2014,martin garrix,martin garrix,martin garrix
Martin Garrix & Bebe Rexha,2017,martin garrix & bebe rexha,martin garrix,martin garrix
Martin Garrix & Dua Lipa,2017,martin garrix & dua lipa,martin garrix,martin garrix
Martin Garrix Featuring Khalid,2018,martin garrix,martin garrix,martin garrix
Martin Garrix Featuring Macklemore & Patrick Stump,2019,martin garrix,martin garrix,martin garrix
Martin Garrix x Troye Sivan,2017,martin garrix x troye sivan,martin garrix,martin garrix
Martin Mull and Orchestra,1973,martin mull and orchestra,martin mull,martin mull
Martin Page,1995,martin page,martin page,martin page
Martin Solveig & Dragonette,2011,martin solveig & dragonette,martin solveig,martin solveig
Martina McBride,2012,martina mcbride,martina mcbride,martina mcbride
Martina McBride With Jim Brickman,1998,martina mcbride with jim brickman,martina mcbride,martina mcbride
Marty Balin,1983,marty balin,marty balin,marty balin
Marty Robbins,1970,marty robbins,marty robbins,marty robbins
Marty Wilde,1960,marty wilde,marty wilde,marty wilde
Marv Johnson,1961,marv johnson,marv johnson,marv johnson
Marva Whitney,1969,marva whitney,marva whitney,marva whitney
Marvin Gaye,1983,marvin gaye,marvin gaye,marvin gaye
Marvin Gaye & Kim Weston,1967,marvin gaye & kim weston,marvin gaye,marvin gaye
Marvin Gaye & Mary Wells,1964,marvin gaye & mary wells,marvin gaye,marvin gaye
Marvin Gaye & Tammi Terrell,1970,marvin gaye & tammi terrell,marvin gaye,marvin gaye
"Marvin Hamlisch/""The Sting""",1974,marvin hamlisch,marvin hamlisch,marvin hamlisch
Marvin Rainwater,1959,marvin rainwater,marvin rainwater,marvin rainwater
Marvin Sapp,2008,marvin sapp,marvin sapp,marvin sapp
Mary Ann Fisher,1961,mary ann fisher,mary ann fisher,mary ann fisher
Mary Chapin Carpenter,1999,mary chapin carpenter,mary chapin carpenter,mary chapin carpenter
Mary Hopkin,1972,mary hopkin,mary hopkin,mary hopkin
Mary J. Blige,2022,mary j. blige,mary j. blige,mary j blige
Mary J. Blige & Andrea Bocelli,2010,mary j. blige & andrea bocelli,mary j. blige,mary j blige
Mary J. Blige And U2,2006,mary j. blige and u2,mary j. blige,mary j blige
Mary J. Blige Featuring Brook-Lyn,2006,mary j. blige,mary j. blige,mary j blige
Mary J. Blige Featuring Drake,2012,mary j. blige,mary j. blige,mary j blige
Mary J. Blige Featuring Eve,2004,mary j. blige,mary j. blige,mary j blige
Mary J. Blige Featuring Ja Rule,2002,mary j. blige,mary j. blige,mary j blige
Mary J. Blige Featuring Method Man,2003,mary j. blige,mary j. blige,mary j blige
Mary J. Blige Featuring The Game & 50 Cent,2005,mary j. blige,mary j. blige,mary j blige
Mary Jane Girls,1986,mary jane girls,mary jane girls,mary jane girls
Mary Kay Place As Loretta Haggers,1977,mary kay place as loretta haggers,mary kay place as loretta haggers,mary kay place as loretta haggers
Mary Lambert,2014,mary lambert,mary lambert,mary lambert
Mary MacGregor,1980,mary macgregor,mary macgregor,mary macgregor
Mary Mary,2011,mary mary,mary mary,mary mary
"Mary Mary Featuring Kierra ""KiKi"" Sheard",2009,mary mary,mary mary,mary mary
Mary Travers,1971,mary travers,mary travers,mary travers
Mary Wells,1968,mary wells,mary wells,mary wells
Mase,2004,mase,mase,mase
Mase Featuring P. Diddy,2004,mase,mase,mase
Mase Featuring Puff Daddy,1998,mase,mase,mase
Mase Featuring Total,1998,mase,mase,mase
Mashmakhan,1970,mashmakhan,mashmakhan,mashmakhan
Masked Wolf,2021,masked wolf,masked wolf,masked wolf
Mason Ramsey,2018,mason ramsey,mason ramsey,mason ramsey
Mason Williams,1969,mason williams,mason williams,mason williams
Mass Production,1979,mass production,mass production,mass production
Masta Ace Incorporated,1995,masta ace incorporated,masta ace incorporated,masta ace incorporated
Master P,2000,master p,master p,master p
"Master P Feat. Fiend, Silkk the Shocker, Mia X & Mystikal",1998,master p,master p,master p
Master P Featuring D.I.G.,1999,master p,master p,master p
Master P Featuring Pimp C And The Shocker,1998,master p,master p,master p
"Master P Featuring Silkk the Shocker, Sons Of Funk And Mo B. Dick",1998,master p,master p,master p
Master P Featuring Sons Of Funk,1998,master p,master p,master p
"Master P Featuring Steady Mobb'n, Mia X, Mo B. Dick & O'Dell",1997,master p,master p,master p
Master P Featuring Weebie,2002,master p,master p,master p
Mat Kearney,2011,mat kearney,mat kearney,mat kearney
Matchbox Twenty,2012,matchbox twenty,matchbox twenty,matchbox twenty
Matisyahu,2010,matisyahu,matisyahu,matisyahu
Matt And Kim,2009,matt and kim,matt,matt
Matt Lucas,1963,matt lucas,matt lucas,matt lucas
Matt McAndrew,2015,matt mcandrew,matt mcandrew,matt mcandrew
Matt McAndrew & Adam Levine,2015,matt mcandrew & adam levine,matt mcandrew,matt mcandrew
Matt Monro,1965,matt monro,matt monro,matt monro
Matt Nathanson,2011,matt nathanson,matt nathanson,matt nathanson
Matt Nathanson Featuring Sugarland,2011,matt nathanson,matt nathanson,matt nathanson
Matt Stell,2021,matt stell,matt stell,matt stell
Matthew Schuler,2013,matthew schuler,matthew schuler,matthew schuler
Matthew Sweet,1995,matthew sweet,matthew sweet,matthew sweet
Matthew Wilder,1984,matthew wilder,matthew wilder,matthew wilder
Matthews' Southern Comfort,1971,matthews' southern comfort,matthews' southern comfort,matthews southern comfort
Maureen Gray,1962,maureen gray,maureen gray,maureen gray
Maureen McGovern,1979,maureen mcgovern,maureen mcgovern,maureen mcgovern
Maureen Steele,1985,maureen steele,maureen steele,maureen steele
Maurice White,1986,maurice white,maurice white,maurice white
Maurice Williams & The Zodiacs,1961,maurice williams & the zodiacs,maurice williams,maurice williams
Mavis Staples,1970,mavis staples,mavis staples,mavis staples
Max Frost And The Troopers,1968,max frost and the troopers,max frost,max frost
Max McNown,2025,max mcnown,max mcnown,max mcnown
Max Werner,1981,max werner,max werner,max werner
Max-A-Million,1996,max-a-million,max-a-million,maxamillion
Maxi Priest,1992,maxi priest,maxi priest,maxi priest
Maxi Priest Featuring Shaggy,1996,maxi priest,maxi priest,maxi priest
Maxine Brown,1969,maxine brown,maxine brown,maxine brown
Maxine Nightingale,1979,maxine nightingale,maxine nightingale,maxine nightingale
Maxwell,2010,maxwell,maxwell,maxwell
Maynard Ferguson,1979,maynard ferguson,maynard ferguson,maynard ferguson
Maze Featuring Frankie Beverly,1985,maze,maze,maze
Mazzy Star,1995,mazzy star,mazzy star,mazzy star
McAuley Schenker Group,1990,mcauley schenker group,mcauley schenker group,mcauley schenker group
McFadden & Whitehead,1979,mcfadden & whitehead,mcfadden,mcfadden
McGuffey Lane,1982,mcguffey lane,mcguffey lane,mcguffey lane
"McGuinn, Clark & Hillman",1979,"mcguinn, clark & hillman",mcguinn,mcguinn
McGuinness Flint,1971,mcguinness flint,mcguinness flint,mcguinness flint
McKinley Travis,1970,mckinley travis,mckinley travis,mckinley travis
Me Phi Me,1992,me phi me,me phi me,me phi me
MeShell Ndegeocello,1994,meshell ndegeocello,meshell ndegeocello,meshell ndegeocello
Meat Loaf,1996,meat loaf,meat loaf,meat loaf
Meat Puppets,1994,meat puppets,meat puppets,meat puppets
Meco,1983,meco,meco,meco
Meek Mill,2021,meek mill,meek mill,meek mill
Meek Mill & Lil Uzi Vert,2017,meek mill & lil uzi vert,meek mill,meek mill
Meek Mill Featuring 21 Savage,2018,meek mill,meek mill,meek mill
Meek Mill Featuring A$AP Ferg,2021,meek mill,meek mill,meek mill
Meek Mill Featuring Cardi B,2018,meek mill,meek mill,meek mill
Meek Mill Featuring Chris Brown & Nicki Minaj,2015,meek mill,meek mill,meek mill
Meek Mill Featuring Chris Brown & Ty Dolla $ign,2017,meek mill,meek mill,meek mill
Meek Mill Featuring Drake,2019,meek mill,meek mill,meek mill
Meek Mill Featuring Ella Mai,2019,meek mill,meek mill,meek mill
Meek Mill Featuring Fabolous & Anuel AA,2018,meek mill,meek mill,meek mill
Meek Mill Featuring Future,2015,meek mill,meek mill,meek mill
"Meek Mill Featuring Future, Roddy Ricch & Young Thug",2018,meek mill,meek mill,meek mill
Meek Mill Featuring Jeremih & PnB Rock,2019,meek mill,meek mill,meek mill
Meek Mill Featuring Justin Timberlake,2020,meek mill,meek mill,meek mill
Meek Mill Featuring Kehlani,2021,meek mill,meek mill,meek mill
Meek Mill Featuring Kirko Bangz,2013,meek mill,meek mill,meek mill
Meek Mill Featuring Kodak Black,2018,meek mill,meek mill,meek mill
Meek Mill Featuring Lil Baby & Lil Durk,2021,meek mill,meek mill,meek mill
Meek Mill Featuring Lil Durk,2020,meek mill,meek mill,meek mill
Meek Mill Featuring Lil Uzi Vert,2021,meek mill,meek mill,meek mill
Meek Mill Featuring Lil Uzi Vert & Nicki Minaj,2016,meek mill,meek mill,meek mill
Meek Mill Featuring Moneybagg Yo,2021,meek mill,meek mill,meek mill
Meek Mill Featuring Nicki Minaj,2015,meek mill,meek mill,meek mill
Meek Mill Featuring Quavo,2016,meek mill,meek mill,meek mill
Meek Mill Featuring Rick Ross & Jay-Z,2018,meek mill,meek mill,meek mill
Meek Mill Featuring Roddy Ricch,2020,meek mill,meek mill,meek mill
Meek Mill Featuring Swizz Beatz,2018,meek mill,meek mill,meek mill
"Meek Mill Featuring T.I., Birdman, Lil Wayne, DJ Khaled, Rick Ross & Swizz Beatz",2012,meek mill,meek mill,meek mill
Meek Mill Featuring Tory Lanez,2016,meek mill,meek mill,meek mill
Meek Mill Featuring Young Thug,2017,meek mill,meek mill,meek mill
Meek Mill Featuring Young Thug & 21 Savage,2016,meek mill,meek mill,meek mill
Megadeth,1993,megadeth,megadeth,megadeth
Megan Moroney,2025,megan moroney,megan moroney,megan moroney
Megan Moroney & Kenny Chesney,2025,megan moroney & kenny chesney,megan moroney,megan moroney
Megan Thee Stallion,2024,megan thee stallion,megan thee stallion,megan thee stallion
Megan Thee Stallion & Dua Lipa,2022,megan thee stallion & dua lipa,megan thee stallion,megan thee stallion
Megan Thee Stallion & RM,2024,megan thee stallion & rm,megan thee stallion,megan thee stallion
Megan Thee Stallion Featuring Beyonce,2020,megan thee stallion,megan thee stallion,megan thee stallion
Megan Thee Stallion Featuring City Girls & Hot Girl Meg,2020,megan thee stallion,megan thee stallion,megan thee stallion
Megan Thee Stallion Featuring DaBaby,2021,megan thee stallion,megan thee stallion,megan thee stallion
Megan Thee Stallion Featuring Future,2022,megan thee stallion,megan thee stallion,megan thee stallion
Megan Thee Stallion Featuring Key Glock,2022,megan thee stallion,megan thee stallion,megan thee stallion
Megan Thee Stallion Featuring Latto,2022,megan thee stallion,megan thee stallion,megan thee stallion
Megan Thee Stallion Featuring Young Thug,2020,megan thee stallion,megan thee stallion,megan thee stallion
Megan Thee Stallion Featuring Yuki Chiba,2024,megan thee stallion,megan thee stallion,megan thee stallion
"Megan Thee Stallion, Nicki Minaj & Ty Dolla $ign",2019,"megan thee stallion, nicki minaj & ty dolla $ign",megan thee stallion,megan thee stallion
Meghan Linsey,2015,meghan linsey,meghan linsey,meghan linsey
Meghan Trainor,2024,meghan trainor,meghan trainor,meghan trainor
Meghan Trainor Featuring John Legend,2016,meghan trainor,meghan trainor,meghan trainor
Meghan Trainor Featuring Nicki Minaj,2020,meghan trainor,meghan trainor,meghan trainor
Mel & Kim,1987,mel & kim,mel,mel
Mel And Tim,1972,mel and tim,mel,mel
Mel Carter,1966,mel carter,mel carter,mel carter
Mel Gadson,1960,mel gadson,mel gadson,mel gadson
Mel Torme,1963,mel torme,mel torme,mel torme
Melanie,1974,melanie,melanie,melanie
Melanie Fiona,2012,melanie fiona,melanie fiona,melanie fiona
Melanie Martinez,2023,melanie martinez,melanie martinez,melanie martinez
Melanie With The Edwin Hawkins Singers,1970,melanie with the edwin hawkins singers,melanie,melanie
Melba Montgomery,1974,melba montgomery,melba montgomery,melba montgomery
Melba Moore,1979,melba moore,melba moore,melba moore
Meli'sa Morgan,1986,meli'sa morgan,meli'sa morgan,melisa morgan
Melissa Etheridge,1999,melissa etheridge,melissa etheridge,melissa etheridge
Melissa Etheridge & Joss Stone,2005,melissa etheridge & joss stone,melissa etheridge,melissa etheridge
Melissa Lawson,2008,melissa lawson,melissa lawson,melissa lawson
Melissa Manchester,1985,melissa manchester,melissa manchester,melissa manchester
Melissa Manchester & Peabo Bryson,1981,melissa manchester & peabo bryson,melissa manchester,melissa manchester
Mello-Kings,1961,mello-kings,mello-kings,mellokings
Mellow Man Ace,1990,mellow man ace,mellow man ace,mellow man ace
Memphis Bleek (& Jay-Z),1998,memphis bleek,memphis bleek,memphis bleek
Memphis Bleek Featuring Jay-Z & Missy Elliott,2001,memphis bleek,memphis bleek,memphis bleek
Men At Large,1993,men at large,men at large,men at large
Men Of Vizion,1996,men of vizion,men of vizion,men of vizion
Men Without Hats,1988,men without hats,men without hats,men without hats
Men at Work,1985,men at work,men at work,men at work
Menudo,1985,menudo,menudo,menudo
Mercedes Featuring Master P,1999,mercedes,mercedes,mercedes
Mercy,1969,mercy,mercy,mercy
MercyMe,2004,mercyme,mercyme,mercyme
Meredith Brooks,1998,meredith brooks,meredith brooks,meredith brooks
Meri Wilson,1977,meri wilson,meri wilson,meri wilson
Merle Haggard,1977,merle haggard,merle haggard,merle haggard
Merle Haggard And The Strangers,1973,merle haggard and the strangers,merle haggard,merle haggard
Merril Bainbridge,1997,merril bainbridge,merril bainbridge,merril bainbridge
Merrilee Rush,1977,merrilee rush,merrilee rush,merrilee rush
Merrilee Rush & The Turnabouts,1968,merrilee rush & the turnabouts,merrilee rush,merrilee rush
Merry Clayton,1988,merry clayton,merry clayton,merry clayton
Merv Griffin,1961,merv griffin,merv griffin,merv griffin
Meryl Streep,2008,meryl streep,meryl streep,meryl streep
Mesa,1977,mesa,mesa,mesa
Messengers,1971,messengers,messengers,messengers
Metallica,2022,metallica,metallica,metallica
Method Man,1996,method man,method man,method man
Method Man & Redman,2002,method man & redman,method man,method man
Method Man Featuring D'Angelo,1999,method man,method man,method man
Method Man Featuring Mary J. Blige,1995,method man,method man,method man
Metro Boomin & 21 Savage Featuring Mustafa,2022,metro boomin & 21 savage,metro boomin,metro boomin
Metro Boomin & A$AP Rocky Featuring TakeOff,2022,metro boomin & a$ap rocky,metro boomin,metro boomin
Metro Boomin & Coi Leray,2023,metro boomin & coi leray,metro boomin,metro boomin
Metro Boomin & Future Featuring Don Toliver,2022,metro boomin & future,metro boomin,metro boomin
Metro Boomin & Gunna,2022,metro boomin & gunna,metro boomin,metro boomin
Metro Boomin & James Blake,2023,metro boomin & james blake,metro boomin,metro boomin
Metro Boomin & John Legend,2022,metro boomin & john legend,metro boomin,metro boomin
Metro Boomin & Travis Scott,2022,metro boomin & travis scott,metro boomin,metro boomin
Metro Boomin & Young Thug,2022,metro boomin & young thug,metro boomin,metro boomin
Metro Boomin Featuring 21 Savage,2018,metro boomin,metro boomin,metro boomin
Metro Boomin Featuring Don Toliver,2022,metro boomin,metro boomin,metro boomin
Metro Boomin Featuring Don Toliver & Future,2023,metro boomin,metro boomin,metro boomin
Metro Boomin Featuring Gunna,2019,metro boomin,metro boomin,metro boomin
Metro Boomin Featuring Offset & Drake,2017,metro boomin,metro boomin,metro boomin
Metro Boomin Featuring Swae Lee & Travis Scott,2018,metro boomin,metro boomin,metro boomin
Metro Boomin Featuring Travis Scott,2018,metro boomin,metro boomin,metro boomin
Metro Boomin Featuring Travis Scott & Young Thug,2018,metro boomin,metro boomin,metro boomin
"Metro Boomin Featuring Travis Scott, Kodak Black & 21 Savage",2018,metro boomin,metro boomin,metro boomin
"Metro Boomin, 21 Savage & Young Nudy",2022,"metro boomin, 21 savage & young nudy",metro boomin,metro boomin
"Metro Boomin, A$AP Rocky & Roisee",2023,"metro boomin, a$ap rocky & roisee",metro boomin,metro boomin
"Metro Boomin, Future & Chris Brown",2023,"metro boomin, future & chris brown",metro boomin,metro boomin
"Metro Boomin, Future & Lil Uzi Vert",2023,"metro boomin, future & lil uzi vert",metro boomin,metro boomin
"Metro Boomin, Quavo, Breskii & YK NIECE",2025,"metro boomin, quavo, breskii & yk niece",metro boomin,metro boomin
"Metro Boomin, Swae Lee & Nav Featuring A Boogie wit da Hoodie",2023,"metro boomin, swae lee & nav",metro boomin,metro boomin
"Metro Boomin, Swae Lee, Lil Wayne & Offset",2023,"metro boomin, swae lee, lil wayne & offset",metro boomin,metro boomin
"Metro Boomin, The Weeknd & 21 Savage",2023,"metro boomin, the weeknd & 21 savage",metro boomin,metro boomin
"Metro Boomin, Travis Scott & 21 Savage",2023,"metro boomin, travis scott & 21 savage",metro boomin,metro boomin
"Metro Boomin, Travis Scott & Future",2022,"metro boomin, travis scott & future",metro boomin,metro boomin
"Metro Boomin, Travis Scott & Young Thug",2023,"metro boomin, travis scott & young thug",metro boomin,metro boomin
Metro Station,2009,metro station,metro station,metro station
Mia X Featuring Charlie Wilson,1999,mia x,mia,mia
Miami Sound Machine,1987,miami sound machine,miami sound machine,miami sound machine
Mic Geronimo Featuring DMX & Black Rob,1998,mic geronimo,mic geronimo,mic geronimo
Mica Paris,1989,mica paris,mica paris,mica paris
Michael Bolton,1997,michael bolton,michael bolton,michael bolton
Michael Buble,2025,michael buble,michael buble,michael buble
Michael Cera & Ellen Page,2008,michael cera & ellen page,michael cera,michael cera
Michael Cooper,1993,michael cooper,michael cooper,michael cooper
Michael Damian,1991,michael damian,michael damian,michael damian
Michael Franks,1976,michael franks,michael franks,michael franks
Michael Franti & Spearhead Featuring Cherine Anderson,2009,michael franti & spearhead,michael franti,michael franti
Michael Gore,1984,michael gore,michael gore,michael gore
Michael Henderson,1978,michael henderson,michael henderson,michael henderson
Michael Holm,1975,michael holm,michael holm,michael holm
Michael Jackson,2024,michael jackson,michael jackson,michael jackson
Michael Jackson & Janet Jackson,1995,michael jackson & janet jackson,michael jackson,michael jackson
Michael Jackson & Justin Timberlake,2014,michael jackson & justin timberlake,michael jackson,michael jackson
Michael Jackson And Paul McCartney,1983,michael jackson and paul mccartney,michael jackson,michael jackson
Michael Jackson Duet With Akon,2011,michael jackson duet with akon,michael jackson,michael jackson
Michael Jackson With Akon,2008,michael jackson with akon,michael jackson,michael jackson
Michael Jackson With Siedah Garrett,1987,michael jackson with siedah garrett,michael jackson,michael jackson
Michael Johnson,1980,michael johnson,michael johnson,michael johnson
Michael Marcagi,2024,michael marcagi,michael marcagi,michael marcagi
Michael McDonald,1990,michael mcdonald,michael mcdonald,michael mcdonald
Michael Morales,1991,michael morales,michael morales,michael morales
Michael Murphey,1983,michael murphey,michael murphey,michael murphey
Michael Nesmith & The First National Band,1971,michael nesmith & the first national band,michael nesmith,michael nesmith
Michael Parks,1970,michael parks,michael parks,michael parks
Michael Penn,1990,michael penn,michael penn,michael penn
Michael Peterson,1997,michael peterson,michael peterson,michael peterson
Michael Ray,2022,michael ray,michael ray,michael ray
Michael Redway,1973,michael redway,michael redway,michael redway
Michael Sembello,1983,michael sembello,michael sembello,michael sembello
Michael Stanley Band,1984,michael stanley band,michael stanley band,michael stanley band
Michael Stipe,2006,michael stipe,michael stipe,michael stipe
Michael W. Smith,1998,michael w. smith,michael w. smith,michael w smith
Michael Zager's Moon Band/Peabo Bryson,1976,michael zager's moon band,michael zager's moon band,michael zagers moon band
Michel Legrand,1972,michel legrand,michel legrand,michel legrand
Michel Polnareff,1976,michel polnareff,michel polnareff,michel polnareff
Michel Telo,2012,michel telo,michel telo,michel telo
Michel'le,1991,michel'le,michel'le,michelle
Michele Lee,1968,michele lee,michele lee,michele lee
Michelle Branch,2009,michelle branch,michelle branch,michelle branch
Michelle Chamuel,2013,michelle chamuel,michelle chamuel,michelle chamuel
Michelle Shocked,1989,michelle shocked,michelle shocked,michelle shocked
Mick Jackson,1978,mick jackson,mick jackson,mick jackson
Mick Jagger,1993,mick jagger,mick jagger,mick jagger
Mickey & Sylvia,1961,mickey & sylvia,mickey,mickey
Mickey Gilley,1981,mickey gilley,mickey gilley,mickey gilley
Mickey Lee Lane,1964,mickey lee lane,mickey lee lane,mickey lee lane
Mickey Murray,1967,mickey murray,mickey murray,mickey murray
Mickey Newbury,1973,mickey newbury,mickey newbury,mickey newbury
Mickey Shorr and The Cutups,1962,mickey shorr and the cutups,mickey shorr,mickey shorr
Micky Dolenz,1967,micky dolenz,micky dolenz,micky dolenz
Midge Ure,1989,midge ure,midge ure,midge ure
Midi Maxi & Efti,1992,midi maxi & efti,midi maxi,midi maxi
Midland,2019,midland,midland,midland
Midnight Oil,1990,midnight oil,midnight oil,midnight oil
Midnight Star,1986,midnight star,midnight star,midnight star
Mighty Clouds Of Joy,1976,mighty clouds of joy,mighty clouds of joy,mighty clouds of joy
Migos,2021,migos,migos,migos
Migos & Cardi B,2021,migos & cardi b,migos,migos
Migos & Marshmello,2017,migos & marshmello,migos,migos
Migos Featuring 21 Savage,2018,migos,migos,migos
Migos Featuring DJ Khaled,2017,migos,migos,migos
Migos Featuring Drake,2021,migos,migos,migos
Migos Featuring Gucci Mane,2018,migos,migos,migos
Migos Featuring Lil Uzi Vert,2017,migos,migos,migos
Migos Featuring Polo G,2021,migos,migos,migos
Migos Featuring Post Malone,2018,migos,migos,migos
Migos Featuring Travis Scott,2017,migos,migos,migos
"Migos Featuring Travis Scott, Ty Dolla $ign & Big Sean",2018,migos,migos,migos
Migos Featuring YoungBoy Never Broke Again,2020,migos,migos,migos
"Migos, Nicki Minaj & Cardi B",2018,"migos, nicki minaj & cardi b",migos,migos
"Migos, Young Thug & Travis Scott",2020,"migos, young thug & travis scott",migos,migos
Miguel,2023,miguel,miguel,miguel
Miguel Featuring J. Cole,2011,miguel,miguel,miguel
Miguel Featuring Travis Scott,2018,miguel,miguel,miguel
Miguel Rios,1970,miguel rios,miguel rios,miguel rios
Mika,2007,mika,mika,mika
Mika Featuring Ariana Grande,2013,mika,mika,mika
Mikaila,2001,mikaila,mikaila,mikaila
Mike + The Mechanics,1991,mike + the mechanics,mike,mike
Mike Clifford,1963,mike clifford,mike clifford,mike clifford
Mike Douglas,1966,mike douglas,mike douglas,mike douglas
Mike Jones,2009,mike jones,mike jones,mike jones
Mike Jones Featuring Slim Thug & Paul Wall,2005,mike jones,mike jones,mike jones
Mike Jones Featuring Trey Songz & Twista,2008,mike jones,mike jones,mike jones
Mike Kennedy,1972,mike kennedy,mike kennedy,mike kennedy
Mike Oldfield,1974,mike oldfield,mike oldfield,mike oldfield
Mike Pinera,1980,mike pinera,mike pinera,mike pinera
Mike Posner,2016,mike posner,mike posner,mike posner
Mike Posner Featuring Lil Wayne,2011,mike posner,mike posner,mike posner
Mike Post,1982,mike post,mike post,mike post
Mike Post featuring Larry Carlton,1982,mike post,mike post,mike post
Mike Preston,1958,mike preston,mike preston,mike preston
Mike Reilly,1971,mike reilly,mike reilly,mike reilly
Mike Reno And Ann Wilson,1984,mike reno and ann wilson,mike reno,mike reno
Mike Sharpe,1967,mike sharpe,mike sharpe,mike sharpe
"Mike Will Made-It Featuring Miley Cyrus, Wiz Khalifa & Juicy J",2014,mike will made-it,mike will made-it,mike will madeit
Mike Will Made-It x Rihanna,2016,mike will made-it x rihanna,mike will made-it,mike will madeit
"Mike Will Made-It, Nicki Minaj & YoungBoy Never Broke Again",2020,"mike will made-it, nicki minaj & youngboy never broke again",mike will made-it,mike will madeit
Mike Williams,1966,mike williams,mike williams,mike williams
Miki Howard,1992,miki howard,miki howard,miki howard
Milestone,1998,milestone,milestone,milestone
Miley Cyrus,2025,miley cyrus,miley cyrus,miley cyrus
Miley Cyrus & Billy Ray Cyrus,2009,miley cyrus & billy ray cyrus,miley cyrus,miley cyrus
Miley Cyrus Featuring Brandi Carlile,2023,miley cyrus,miley cyrus,miley cyrus
Miley Cyrus Featuring Dua Lipa,2021,miley cyrus,miley cyrus,miley cyrus
Militia,1998,militia,militia,militia
Milky Chance,2015,milky chance,milky chance,milky chance
Milli Vanilli,1990,milli vanilli,milli vanilli,milli vanilli
Millie Jackson,1978,millie jackson,millie jackson,millie jackson
Millie Small,1964,millie small,millie small,millie small
Millions Like Us,1987,millions like us,millions like us,millions like us
Mims,2009,mims,mims,mims
Mina,1961,mina,mina,mina
Mindless Behavior Featuring Diggy,2011,mindless behavior,mindless behavior,mindless behavior
Mindy McCready,1996,mindy mccready,mindy mccready,mindy mccready
Mink De Ville,1984,mink de ville,mink de ville,mink de ville
Minnie Riperton,1975,minnie riperton,minnie riperton,minnie riperton
Minor Detail,1983,minor detail,minor detail,minor detail
Mint Condition,2000,mint condition,mint condition,mint condition
Miranda,1994,miranda,miranda,miranda
Miranda Cosgrove,2011,miranda cosgrove,miranda cosgrove,miranda cosgrove
Miranda Cosgrove Featuring Drake Bell,2008,miranda cosgrove,miranda cosgrove,miranda cosgrove
Miranda Lambert,2022,miranda lambert,miranda lambert,miranda lambert
Miranda Lambert Duet With Carrie Underwood,2014,miranda lambert duet with carrie underwood,miranda lambert,miranda lambert
Miriam Makeba,1968,miriam makeba,miriam makeba,miriam makeba
Mis-Teeq,2004,mis-teeq,mis-teeq,misteeq
Misiing Persons,1984,misiing persons,misiing persons,misiing persons
Miss Abrams And The Strawberry Point School Third Grade Class,1970,miss abrams and the strawberry point school third grade class,miss abrams,miss abrams
Miss Toni Fisher,1960,miss toni fisher,miss toni fisher,miss toni fisher
Missing Persons,1983,missing persons,missing persons,missing persons
Missjones,1998,missjones,missjones,missjones
"Missy ""Misdemeanor"" Elliott",2015,"missy ""misdemeanor"" elliott","missy ""misdemeanor"" elliott",missy misdemeanor elliott
"Missy ""Misdemeanor"" Elliott Featuring Big Boi & Nicole",1999,"missy ""misdemeanor"" elliott","missy ""misdemeanor"" elliott",missy misdemeanor elliott
"Missy ""Misdemeanor"" Elliott Featuring Da Brat",1998,"missy ""misdemeanor"" elliott","missy ""misdemeanor"" elliott",missy misdemeanor elliott
"Missy ""Misdemeanor"" Elliott Featuring Ginuwine & Tweet",2002,"missy ""misdemeanor"" elliott","missy ""misdemeanor"" elliott",missy misdemeanor elliott
"Missy ""Misdemeanor"" Elliott Featuring Ludacris",2003,"missy ""misdemeanor"" elliott","missy ""misdemeanor"" elliott",missy misdemeanor elliott
"Missy ""Misdemeanor"" Elliott Featuring Nas, Eve & Q-Tip",2000,"missy ""misdemeanor"" elliott","missy ""misdemeanor"" elliott",missy misdemeanor elliott
Missy Elliott,2008,missy elliott,missy elliott,missy elliott
Missy Elliott Featuring Ciara & Fat Man Scoop,2005,missy elliott,missy elliott,missy elliott
Missy Elliott Featuring Lamb,2017,missy elliott,missy elliott,missy elliott
Missy Elliott Featuring Pharrell Williams,2016,missy elliott,missy elliott,missy elliott
Mista,1997,mista,mista,mista
Mista Grimm,1994,mista grimm,mista grimm,mista grimm
Mistress,1980,mistress,mistress,mistress
Mitch Malloy,1992,mitch malloy,mitch malloy,mitch malloy
Mitch Miller,1960,mitch miller,mitch miller,mitch miller
Mitch Miller With Orchestra And Chorus,1961,mitch miller with orchestra and chorus,mitch miller,mitch miller
"Mitch Miller and his ""Sing Along With Mitch"" Chorus",1959,"mitch miller and his ""sing along with mitch"" chorus",mitch miller,mitch miller
Mitch Miller and his Orchestra and Chorus,1958,mitch miller and his orchestra and chorus,mitch miller,mitch miller
Mitch Ryder,1983,mitch ryder,mitch ryder,mitch ryder
Mitch Ryder And The Detroit Wheels,1967,mitch ryder and the detroit wheels,mitch ryder,mitch ryder
Mitchel Musso,2009,mitchel musso,mitchel musso,mitchel musso
Mitchell Tenpenny,2022,mitchell tenpenny,mitchell tenpenny,mitchell tenpenny
Mitchell Torok,1960,mitchell torok,mitchell torok,mitchell torok
Mitski,2024,mitski,mitski,mitski
Mitty Collier,1966,mitty collier,mitty collier,mitty collier
Mo Thugs Family Featuring Bone Thugs-N-Harmony,1999,mo thugs family,mo thugs family,mo thugs family
MoKenStef,1995,mokenstef,mokenstef,mokenstef
Mobb Deep,2004,mobb deep,mobb deep,mobb deep
Mobb Deep Featuring 112,2002,mobb deep,mobb deep,mobb deep
Mobb Deep Featuring Vita & Noyd,2002,mobb deep,mobb deep,mobb deep
Moby Featuring Gwen Stefani,2001,moby,moby,moby
Moby Grape,1967,moby grape,moby grape,moby grape
Mocca Soul,1992,mocca soul,mocca soul,mocca soul
Mocedades,1974,mocedades,mocedades,mocedades
Models,1986,models,models,models
Modern English,1990,modern english,modern english,modern english
Modest Mouse,2007,modest mouse,modest mouse,modest mouse
Modjo,2001,modjo,modjo,modjo
Molly Hatchet,1984,molly hatchet,molly hatchet,molly hatchet
Moments,1975,moments,moments,moments
Moms Mabley,1969,moms mabley,moms mabley,moms mabley
Mona Lisa,1996,mona lisa,mona lisa,mona lisa
Mona Lisa Featuring Lost Boyz,1996,mona lisa,mona lisa,mona lisa
Monchy & Alexandra,2005,monchy & alexandra,monchy,monchy
Mondo Rock,1987,mondo rock,mondo rock,mondo rock
Money Man Featuring Lil Baby,2020,money man,money man,money man
Moneybagg Yo,2023,moneybagg yo,moneybagg yo,moneybagg yo
Moneybagg Yo & Future,2021,moneybagg yo & future,moneybagg yo,moneybagg yo
Moneybagg Yo Featuring BIG30,2021,moneybagg yo,moneybagg yo,moneybagg yo
Moneybagg Yo Featuring DaBaby,2020,moneybagg yo,moneybagg yo,moneybagg yo
Moneybagg Yo Featuring Future,2023,moneybagg yo,moneybagg yo,moneybagg yo
Moneybagg Yo Featuring Lil Baby,2020,moneybagg yo,moneybagg yo,moneybagg yo
Moneybagg Yo Featuring Lil Durk & EST Gee,2021,moneybagg yo,moneybagg yo,moneybagg yo
Moneybagg Yo Featuring Morgan Wallen,2024,moneybagg yo,moneybagg yo,moneybagg yo
Moneybagg Yo Featuring Polo G & Lil Durk,2021,moneybagg yo,moneybagg yo,moneybagg yo
Moneybagg Yo X Megan Thee Stallion,2020,moneybagg yo x megan thee stallion,moneybagg yo,moneybagg yo
Moneybagg Yo x Glorilla,2023,moneybagg yo x glorilla,moneybagg yo,moneybagg yo
Mongo Santamaria,1969,mongo santamaria,mongo santamaria,mongo santamaria
Mongo Santamaria Band,1963,mongo santamaria band,mongo santamaria band,mongo santamaria band
Mongo Santamaria Orch.,1963,mongo santamaria orch.,mongo santamaria orch.,mongo santamaria orch
Monica,2010,monica,monica,monica
Monica Featuring Dem Franchize Boyz,2006,monica,monica,monica
Monie Love,1993,monie love,monie love,monie love
Monie Love Featuring True Image,1991,monie love,monie love,monie love
Monifah,1999,monifah,monifah,monifah
Mono,1998,mono,mono,mono
Montell Jordan,2000,montell jordan,montell jordan,montell jordan
Montell Jordan Feat. Master P & Silkk the Shocker,1998,montell jordan,montell jordan,montell jordan
Montell Jordan Featuring Slick Rick,1996,montell jordan,montell jordan,montell jordan
Montgomery Gentry,2012,montgomery gentry,montgomery gentry,montgomery gentry
Monty Kelly And His Orchestra,1960,monty kelly and his orchestra,monty kelly,monty kelly
Moon Martin,1979,moon martin,moon martin,moon martin
Moonlion,1976,moonlion,moonlion,moonlion
Mooski,2021,mooski,mooski,mooski
"Mora, Bad Bunny & Sech",2021,"mora, bad bunny & sech",mora,mora
More Stars On 45,1981,more stars on 45,more stars on 45,more stars on 45
Morgan Evans,2018,morgan evans,morgan evans,morgan evans
Morgan Wallen,2025,morgan wallen,morgan wallen,morgan wallen
Morgan Wallen Featuring Ben Burgess,2021,morgan wallen,morgan wallen,morgan wallen
Morgan Wallen Featuring Chris Stapleton,2021,morgan wallen,morgan wallen,morgan wallen
Morgan Wallen Featuring ERNEST,2025,morgan wallen,morgan wallen,morgan wallen
Morgan Wallen Featuring Eric Church,2025,morgan wallen,morgan wallen,morgan wallen
Morgan Wallen Featuring Florida Georgia Line,2018,morgan wallen,morgan wallen,morgan wallen
Morgan Wallen Featuring HARDY,2025,morgan wallen,morgan wallen,morgan wallen
Morgan Wallen Featuring Lil Wayne & Rick Ross,2025,morgan wallen,morgan wallen,morgan wallen
Morgan Wallen Featuring Post Malone,2025,morgan wallen,morgan wallen,morgan wallen
Morgan Wallen Featuring Tate McRae,2025,morgan wallen,morgan wallen,morgan wallen
Morning Mist,1971,morning mist,morning mist,morning mist
Morray,2021,morray,morray,morray
Morris Albert,1976,morris albert,morris albert,morris albert
Morris Day,1988,morris day,morris day,morris day
Morrissey,1994,morrissey,morrissey,morrissey
Morty Jay And The Surferin' Cats,1963,morty jay and the surferin' cats,morty jay,morty jay
Mos Def & Kweli Are Black Star,1998,mos def & kweli are black star,mos def,mos def
Mos Def & Pharoahe Monch Featuring Nate Dogg,2001,mos def & pharoahe monch,mos def,mos def
Mother's Finest,1977,mother's finest,mother's finest,mothers finest
Motherlode,1969,motherlode,motherlode,motherlode
Motley Crue,1992,motley crue,motley crue,motley crue
Mott the Hoople,1974,mott the hoople,mott the hoople,mott the hoople
Mountain,1971,mountain,mountain,mountain
Mouth & MacNeal,1972,mouth & macneal,mouth,mouth
Moving Pictures,1989,moving pictures,moving pictures,moving pictures
Mr. Acker Bilk,1963,mr. acker bilk,mr. acker bilk,mr acker bilk
Mr. Big,1994,mr. big,mr. big,mr big
Mr. C The Slide Man,2001,mr. c the slide man,mr. c the slide man,mr c the slide man
Mr. Cheeks,2002,mr. cheeks,mr. cheeks,mr cheeks
Mr. Mister,1987,mr. mister,mr. mister,mr mister
Mr. President,1997,mr. president,mr. president,mr president
Mr. Probz,2015,mr. probz,mr. probz,mr probz
Mr. Vegas,2004,mr. vegas,mr. vegas,mr vegas
Mrs. Miller,1966,mrs. miller,mrs. miller,mrs miller
Ms. Adventures,1990,ms. adventures,ms. adventures,ms adventures
Ms. Jade,2002,ms. jade,ms. jade,ms jade
Mtume,1984,mtume,mtume,mtume
Mudvayne,2005,mudvayne,mudvayne,mudvayne
Mulatto,2020,mulatto,mulatto,mulatto
Mulberry Lane,1999,mulberry lane,mulberry lane,mulberry lane
Mumford & Sons,2015,mumford & sons,mumford,mumford
Mungo Jerry,1970,mungo jerry,mungo jerry,mungo jerry
Murphy Lee Featuring Jermaine Dupri,2004,murphy lee,murphy lee,murphy lee
Murray Head,1985,murray head,murray head,murray head
Murray Head With The Trinidad Singers,1971,murray head with the trinidad singers,murray head,murray head
Murry Kellum,1964,murry kellum,murry kellum,murry kellum
Muse,2013,muse,muse,muse
Musical Youth,1984,musical youth,musical youth,musical youth
Musiq,2004,musiq,musiq,musiq
Musiq Soulchild,2009,musiq soulchild,musiq soulchild,musiq soulchild
Musiq Soulchild Featuring Ayana,2001,musiq soulchild,musiq soulchild,musiq soulchild
Musiq Soulchild Featuring Mary J. Blige,2009,musiq soulchild,musiq soulchild,musiq soulchild
Musique,1979,musique,musique,musique
Mustard & Migos,2019,mustard & migos,mustard,mustard
Mustard & Roddy Ricch,2020,mustard & roddy ricch,mustard,mustard
Mustard & Travis Scott,2024,mustard & travis scott,mustard,mustard
"Mustard Featuring Nav, Playboi Carti & A Boogie wit da Hoodie",2019,mustard,mustard,mustard
My Chemical Romance,2011,my chemical romance,my chemical romance,my chemical romance
My Darkest Days Featuring Zakk Wylde,2011,my darkest days,my darkest days,my darkest days
Mya,2004,mya,mya,mya
Mya & Sisqo,1998,mya & sisqo,mya,mya
Mya Featuring Jadakiss,2000,mya,mya,mya
Mya Featuring Silkk the Shocker,1998,mya,mya,mya
Myke Towers,2023,myke towers,myke towers,myke towers
Myke Towers & Bad Bunny,2024,myke towers & bad bunny,myke towers,myke towers
Myke Towers & Juhn,2021,myke towers & juhn,myke towers,myke towers
Myles Smith,2025,myles smith,myles smith,myles smith
Mynt Featuring Kim Sozzi,2004,mynt,mynt,mynt
Myron,1998,myron,myron,myron
Mystikal,2002,mystikal,mystikal,mystikal
Mystikal Featuring Nivea,2001,mystikal,mystikal,mystikal
N*E*R*D & Rihanna,2018,n*e*r*d & rihanna,n*e*r*d,nerd
N-Trance,1996,n-trance,n-trance,ntrance
N.F. Porter,1972,n.f. porter,n.f. porter,nf porter
N.O.R.E.,2002,n.o.r.e.,n.o.r.e.,nore
"N.O.R.E. Featuring Daddy Yankee, Nina Sky, Gem Star & Big Mato",2005,n.o.r.e.,n.o.r.e.,nore
N.W.A,2015,n.w.a,n.w.a,nwa
N2Deep,1993,n2deep,n2deep,n2deep
N2U,1995,n2u,n2u,n2u
NB Ridaz Featuring Angelina,2005,nb ridaz,nb ridaz,nb ridaz
NB Ridaz Featuring Gemini,2004,nb ridaz,nb ridaz,nb ridaz
NEIKED X Mae Muller X Polo G,2022,neiked x mae muller x polo g,neiked,neiked
NF,2023,nf,nf,nf
NF & Cordae,2023,nf & cordae,nf,nf
NF Featuring Hopsin,2021,nf,nf,nf
NKOTB,1994,nkotb,nkotb,nkotb
NLE Choppa,2025,nle choppa,nle choppa,nle choppa
NLE Choppa & 2Rare,2023,nle choppa & 2rare,nle choppa,nle choppa
NLE Choppa & 41,2024,nle choppa & 41,nle choppa,nle choppa
NLE Choppa Featuring Polo G,2021,nle choppa,nle choppa,nle choppa
NLE Choppa Featuring Roddy Ricch,2020,nle choppa,nle choppa,nle choppa
NRBQ,1974,nrbq,nrbq,nrbq
Naked Eyes,1984,naked eyes,naked eyes,naked eyes
Nancy Ames,1966,nancy ames,nancy ames,nancy ames
Nancy Brooks,1979,nancy brooks,nancy brooks,nancy brooks
Nancy Martinez,1987,nancy martinez,nancy martinez,nancy martinez
Nancy Sinatra,1969,nancy sinatra,nancy sinatra,nancy sinatra
Nancy Sinatra & Frank Sinatra,1967,nancy sinatra & frank sinatra,nancy sinatra,nancy sinatra
Nancy Sinatra & Lee Hazlewood,1968,nancy sinatra & lee hazlewood,nancy sinatra,nancy sinatra
Nancy Sinatra with Lee Hazlewood,1967,nancy sinatra with lee hazlewood,nancy sinatra,nancy sinatra
Nancy Wilson,1971,nancy wilson,nancy wilson,nancy wilson
Napoleon XIV,1973,napoleon xiv,napoleon xiv,napoleon xiv
Nappy Brown,1958,nappy brown,nappy brown,nappy brown
Nappy Roots,2003,nappy roots,nappy roots,nappy roots
Nappy Roots Featuring Anthony Hamilton,2002,nappy roots,nappy roots,nappy roots
Narada Michael Walden,1980,narada michael walden,narada michael walden,narada michael walden
Nardo Wick,2022,nardo wick,nardo wick,nardo wick
"Nardo Wick Featuring G Herbo, Lil Durk & 21 Savage",2022,nardo wick,nardo wick,nardo wick
Nardo Wick Featuring Lil Baby,2023,nardo wick,nardo wick,nardo wick
"Nardo Wick, Lil Baby & Future",2022,"nardo wick, lil baby & future",nardo wick,nardo wick
Narvel Felts,1976,narvel felts,narvel felts,narvel felts
Nas,2021,nas,nas,nas
Nas Featuring Eminem & EPMD,2021,nas,nas,nas
Nas Featuring Fivio Foreign & A$AP Ferg,2020,nas,nas,nas
Nas Featuring Ginuwine,2000,nas,nas,nas
Nas Featuring Kanye West,2018,nas,nas,nas
Nas Featuring Keri Hilson,2008,nas,nas,nas
Nas Featuring Olu Dara,2004,nas,nas,nas
Nas Featuring Puff Daddy,1999,nas,nas,nas
Nas Featuring will.i.am,2007,nas,nas,nas
Nastyboy Klick,1998,nastyboy klick,nastyboy klick,nastyboy klick
Nastyboy Klick Featuring Roger Troutman,1997,nastyboy klick,nastyboy klick,nastyboy klick
"Nat ""King"" Cole",2025,"nat ""king"" cole","nat ""king"" cole",nat king cole
Nat Kendrick And The Swans,1960,nat kendrick and the swans,nat kendrick,nat kendrick
Nat King Cole,2025,nat king cole,nat king cole,nat king cole
Nat King Cole-Stan Kenton,1960,nat king cole-stan kenton,nat king cole-stan kenton,nat king colestan kenton
Natalie,2005,natalie,natalie,natalie
Natalie Cole,1997,natalie cole,natalie cole,natalie cole
Natalie Featuring Baby Bash,2005,natalie,natalie,natalie
Natalie Imbruglia,2002,natalie imbruglia,natalie imbruglia,natalie imbruglia
Natalie La Rose Featuring Jeremih,2015,natalie la rose,natalie la rose,natalie la rose
Natalie Merchant,1996,natalie merchant,natalie merchant,natalie merchant
Natasha Bedingfield,2010,natasha bedingfield,natasha bedingfield,natasha bedingfield
Natasha Bedingfield Featuring Sean Kingston,2008,natasha bedingfield,natasha bedingfield,natasha bedingfield
Nate Dogg Featuring Snoop Doggy Dogg,1997,nate dogg,nate dogg,nate dogg
Nate Dogg Featuring Warren G,1998,nate dogg,nate dogg,nate dogg
Nate Ruess,2015,nate ruess,nate ruess,nate ruess
Nate Smith,2025,nate smith,nate smith,nate smith
Nathan Morris,1996,nathan morris,nathan morris,nathan morris
Nathaniel Mayer And The Fabulous Twilights,1962,nathaniel mayer and the fabulous twilights,nathaniel mayer,nathaniel mayer
National Lampoon,1972,national lampoon,national lampoon,national lampoon
Natti Natasha x Ozuna,2018,natti natasha x ozuna,natti natasha,natti natasha
Natural Four,1974,natural four,natural four,natural four
Natural Selection,1992,natural selection,natural selection,natural selection
Nature's Divine,1979,nature's divine,nature's divine,natures divine
Naughty Boy Featuring Beyonce & Arrow Benjamin,2015,naughty boy,naughty boy,naughty boy
Naughty Boy Featuring Sam Smith,2014,naughty boy,naughty boy,naughty boy
Naughty by Nature,1998,naughty by nature,naughty by nature,naughty by nature
Naughty by Nature Featuring 3LW,2002,naughty by nature,naughty by nature,naughty by nature
Naughty by Nature Featuring Zhane,1999,naughty by nature,naughty by nature,naughty by nature
Nav Featuring Lil Baby,2020,nav,nav,nav
Nav Featuring Lil Uzi Vert,2018,nav,nav,nav
Nav Featuring Meek Mill,2019,nav,nav,nav
Nav Featuring The Weeknd,2019,nav,nav,nav
Nav Featuring Travis Scott,2018,nav,nav,nav
Nav With Gunna,2020,nav with gunna,nav,nav
"Nav, Gunna & Travis Scott",2020,"nav, gunna & travis scott",nav,nav
"Nav, Travis Scott & Lil Baby",2022,"nav, travis scott & lil baby",nav,nav
Nazareth,1980,nazareth,nazareth,nazareth
Nazz,1970,nazz,nazz,nazz
Ne-Yo,2013,ne-yo,ne-yo,neyo
Ne-Yo & Jeremih,2020,ne-yo & jeremih,ne-yo,neyo
Ne-Yo Featuring Jamie Foxx & Fabolous,2009,ne-yo,ne-yo,neyo
Ne-Yo Featuring Juicy J,2015,ne-yo,ne-yo,neyo
Neal Hefti,1966,neal hefti,neal hefti,neal hefti
Neal McCoy,2005,neal mccoy,neal mccoy,neal mccoy
Ned Miller,1965,ned miller,ned miller,ned miller
Needtobreathe Featuring Gavin DeGraw,2015,needtobreathe,needtobreathe,needtobreathe
Neil Diamond,1986,neil diamond,neil diamond,neil diamond
Neil Scott,1961,neil scott,neil scott,neil scott
Neil Sedaka,1977,neil sedaka,neil sedaka,neil sedaka
Neil Sedaka & Dara Sedaka,1980,neil sedaka & dara sedaka,neil sedaka,neil sedaka
Neil Young,1983,neil young,neil young,neil young
Neil Young & Crazy Horse,1979,neil young & crazy horse,neil young,neil young
Neil Young & Graham Nash,1972,neil young & graham nash,neil young,neil young
Neil Young / Crazy Horse,1982,neil young,neil young,neil young
Nektar,1975,nektar,nektar,nektar
Nella Dodds,1965,nella dodds,nella dodds,nella dodds
Nelly,2016,nelly,nelly,nelly
Nelly & Christina Aguilera,2004,nelly & christina aguilera,nelly,nelly
Nelly & Florida Georgia Line,2021,nelly & florida georgia line,nelly,nelly
Nelly Featuring Ashanti & Akon,2008,nelly,nelly,nelly
Nelly Featuring Ciara & JD,2008,nelly,nelly,nelly
Nelly Featuring City Spud,2001,nelly,nelly,nelly
Nelly Featuring Fergie,2008,nelly,nelly,nelly
Nelly Featuring Jaheim,2004,nelly,nelly,nelly
Nelly Featuring Jeremih,2016,nelly,nelly,nelly
Nelly Featuring Jung Tru & King Jacob,2005,nelly,nelly,nelly
Nelly Featuring Kelly Rowland,2003,nelly,nelly,nelly
Nelly Featuring Keri Hilson,2010,nelly,nelly,nelly
"Nelly Featuring Kyjuan, Ali & Murphy Lee",2003,nelly,nelly,nelly
"Nelly Featuring Paul Wall, Ali & Gipp",2006,nelly,nelly,nelly
Nelly Featuring T-Pain & Akon,2010,nelly,nelly,nelly
Nelly Featuring Tim McGraw,2005,nelly,nelly,nelly
Nelly Furtado,2007,nelly furtado,nelly furtado,nelly furtado
Nelly Furtado Featuring Timbaland,2006,nelly furtado,nelly furtado,nelly furtado
"Nelly, P. Diddy & Murphy Lee",2004,"nelly, p. diddy & murphy lee",nelly,nelly
Nelson,1991,nelson,nelson,nelson
Nelson Riddle,1962,nelson riddle,nelson riddle,nelson riddle
Nena,1984,nena,nena,nena
Neneh Cherry,1993,neneh cherry,neneh cherry,neneh cherry
Nengo Flow & Bad Bunny,2023,nengo flow & bad bunny,nengo flow,nengo flow
Neon Philharmonic,1970,neon philharmonic,neon philharmonic,neon philharmonic
Neon Trees,2014,neon trees,neon trees,neon trees
Nero,2012,nero,nero,nero
Nessa Barrett,2021,nessa barrett,nessa barrett,nessa barrett
Neton Vega,2025,neton vega,neton vega,neton vega
Neton Vega & Peso Pluma,2025,neton vega & peso pluma,neton vega,neton vega
New Birth,1975,new birth,new birth,new birth
New Born,1993,new born,new born,new born
New Boyz,2009,new boyz,new boyz,new boyz
New Boyz Feat. Chris Brown,2011,new boyz,new boyz,new boyz
New Boyz Featuring Iyaz,2010,new boyz,new boyz,new boyz
New Boyz Featuring Ray J,2010,new boyz,new boyz,new boyz
New Boyz Featuring The Cataracs & Dev,2011,new boyz,new boyz,new boyz
New Colony Six,1970,new colony six,new colony six,new colony six
New Edition,2004,new edition,new edition,new edition
New England,1979,new england,new england,new england
New Found Glory,2002,new found glory,new found glory,new found glory
New Hollow,2011,new hollow,new hollow,new hollow
New Kids on the Block,2008,new kids on the block,new kids on the block,new kids on the block
New Order,1995,new order,new order,new order
New Radicals,1999,new radicals,new radicals,new radicals
New Riders Of The Purple Sage,1972,new riders of the purple sage,new riders of the purple sage,new riders of the purple sage
New York City,1974,new york city,new york city,new york city
NewJeans,2023,newjeans,newjeans,newjeans
NewSong,2001,newsong,newsong,newsong
Newcity Rockers,1987,newcity rockers,newcity rockers,newcity rockers
Newcleus,1984,newcleus,newcleus,newcleus
Next,2000,next,next,next
Nia Peeples,1992,nia peeples,nia peeples,nia peeples
Niall Horan,2023,niall horan,niall horan,niall horan
Nice & Smooth,1994,nice & smooth,nice,nice
Nicholas David,2012,nicholas david,nicholas david,nicholas david
Nick Cannon Featuring B2K,2003,nick cannon,nick cannon,nick cannon
Nick Cannon Featuring R. Kelly,2004,nick cannon,nick cannon,nick cannon
Nick DeCaro,1969,nick decaro,nick decaro,nick decaro
Nick Fradiani,2015,nick fradiani,nick fradiani,nick fradiani
Nick Gilder,1979,nick gilder,nick gilder,nick gilder
Nick Jameson,1986,nick jameson,nick jameson,nick jameson
Nick Jonas,2015,nick jonas,nick jonas,nick jonas
Nick Jonas & Nicki Minaj,2017,nick jonas & nicki minaj,nick jonas,nick jonas
Nick Jonas & The Administration,2010,nick jonas & the administration,nick jonas,nick jonas
Nick Jonas Featuring Tove Lo,2016,nick jonas,nick jonas,nick jonas
Nick Lachey,2006,nick lachey,nick lachey,nick lachey
Nick Lowe,1979,nick lowe,nick lowe,nick lowe
Nick Lowe And His Cowboy Outfit,1986,nick lowe and his cowboy outfit,nick lowe,nick lowe
Nickelback,2012,nickelback,nickelback,nickelback
Nickey DeMatteo,1960,nickey dematteo,nickey dematteo,nickey dematteo
Nicki French,1995,nicki french,nicki french,nicki french
Nicki Minaj,2024,nicki minaj,nicki minaj,nicki minaj
Nicki Minaj & Fivio Foreign,2022,nicki minaj & fivio foreign,nicki minaj,nicki minaj
Nicki Minaj & Ice Spice With Aqua,2023,nicki minaj & ice spice with aqua,nicki minaj,nicki minaj
Nicki Minaj & Skillibeng,2021,nicki minaj & skillibeng,nicki minaj,nicki minaj
Nicki Minaj Featuring 2 Chainz,2012,nicki minaj,nicki minaj,nicki minaj
Nicki Minaj Featuring Ariana Grande,2018,nicki minaj,nicki minaj,nicki minaj
Nicki Minaj Featuring Beyonce,2015,nicki minaj,nicki minaj,nicki minaj
Nicki Minaj Featuring Chris Brown,2012,nicki minaj,nicki minaj,nicki minaj
Nicki Minaj Featuring Drake,2024,nicki minaj,nicki minaj,nicki minaj
Nicki Minaj Featuring Drake & Lil Wayne,2015,nicki minaj,nicki minaj,nicki minaj
"Nicki Minaj Featuring Drake, Lil Wayne & Chris Brown",2015,nicki minaj,nicki minaj,nicki minaj
Nicki Minaj Featuring Eminem,2011,nicki minaj,nicki minaj,nicki minaj
Nicki Minaj Featuring Eminem & Labrinth,2018,nicki minaj,nicki minaj,nicki minaj
Nicki Minaj Featuring J. Cole,2023,nicki minaj,nicki minaj,nicki minaj
Nicki Minaj Featuring Lil Uzi Vert,2024,nicki minaj,nicki minaj,nicki minaj
Nicki Minaj Featuring Lil Wayne,2019,nicki minaj,nicki minaj,nicki minaj
Nicki Minaj Featuring Lil Wayne & Tate Kobang,2023,nicki minaj,nicki minaj,nicki minaj
Nicki Minaj Featuring Lourdiz,2023,nicki minaj,nicki minaj,nicki minaj
Nicki Minaj Featuring Rihanna,2012,nicki minaj,nicki minaj,nicki minaj
Nicki Minaj Featuring Skylar Grey,2015,nicki minaj,nicki minaj,nicki minaj
Nicki Minaj Featuring The Weeknd,2018,nicki minaj,nicki minaj,nicki minaj
Nicki Minaj With Drake & Lil Wayne,2017,nicki minaj with drake & lil wayne,nicki minaj,nicki minaj
Nicki Minaj With Lil Wayne,2017,nicki minaj with lil wayne,nicki minaj,nicki minaj
Nicki Minaj X Lil Baby,2022,nicki minaj x lil baby,nicki minaj,nicki minaj
Nicki Minaj X Mike Will Made-It,2017,nicki minaj x mike will made-it,nicki minaj,nicki minaj
"Nicki Minaj, Drake & Lil Wayne",2021,"nicki minaj, drake & lil wayne",nicki minaj,nicki minaj
Nicky Jam,2017,nicky jam,nicky jam,nicky jam
Nicky Jam & Enrique Iglesias,2015,nicky jam & enrique iglesias,nicky jam,nicky jam
Nicky Jam X Ozuna,2019,nicky jam x ozuna,nicky jam,nicky jam
Nicky Jam x J Balvin,2018,nicky jam x j balvin,nicky jam,nicky jam
Nicky Youre & dazy,2023,nicky youre & dazy,nicky youre,nicky youre
Nico & Vinz,2015,nico & vinz,nico,nico
Nicola Paone,1959,nicola paone,nicola paone,nicola paone
"Nicole Featuring Missy ""Misdemeanor"" Elliott & Mocha",1998,nicole,nicole,nicole
Nicole Renee,1998,nicole renee,nicole renee,nicole renee
Nicole Scherzinger,2011,nicole scherzinger,nicole scherzinger,nicole scherzinger
Nicole Scherzinger Featuring 50 Cent,2011,nicole scherzinger,nicole scherzinger,nicole scherzinger
Nicolette Larson,1982,nicolette larson,nicolette larson,nicolette larson
Nicolette Larson & Michael McDonald,1980,nicolette larson & michael mcdonald,nicolette larson,nicolette larson
Nielsen/Pearson,1981,nielsen,nielsen,nielsen
Nigel Olsson,1979,nigel olsson,nigel olsson,nigel olsson
Night,1981,night,night,night
Night Ranger,1988,night ranger,night ranger,night ranger
Nightcrawlers,1994,nightcrawlers,nightcrawlers,nightcrawlers
Nik Kershaw,1984,nik kershaw,nik kershaw,nik kershaw
Nikki,1990,nikki,nikki,nikki
Niko Moon,2021,niko moon,niko moon,niko moon
Nile Rodgers,1985,nile rodgers,nile rodgers,nile rodgers
Nilsson,1974,nilsson,nilsson,nilsson
Nina Simone,1970,nina simone,nina simone,nina simone
Nina Sky Featuring Jabba,2004,nina sky,nina sky,nina sky
Nine,1995,nine,nine,nine
Nine Days,2000,nine days,nine days,nine days
Nine Inch Nails,2007,nine inch nails,nine inch nails,nine inch nails
Nino & The Ebb Tides,1961,nino & the ebb tides,nino,nino
Nino Tempo & April Stevens,1967,nino tempo & april stevens,nino tempo,nino tempo
Nino Tempo And 5th Ave. Sax,1973,nino tempo and 5th ave. sax,nino tempo,nino tempo
Nio Garcia X J Balvin X Bad Bunny,2021,nio garcia x j balvin x bad bunny,nio garcia,nio garcia
Nio Garcia x Anuel AA x Myke Towers x Brray x Juanka,2020,nio garcia x anuel aa x myke towers x brray x juanka,nio garcia,nio garcia
Nipsey Hussle & Jay-Z,2021,nipsey hussle & jay-z,nipsey hussle,nipsey hussle
Nipsey Hussle Featuring Belly & Dom Kennedy,2019,nipsey hussle,nipsey hussle,nipsey hussle
Nipsey Hussle Featuring Kendrick Lamar,2019,nipsey hussle,nipsey hussle,nipsey hussle
Nipsey Hussle Featuring Roddy Ricch & Hit-Boy,2019,nipsey hussle,nipsey hussle,nipsey hussle
Nipsey Hussle Featuring Stacy Barthe,2019,nipsey hussle,nipsey hussle,nipsey hussle
Nipsey Hussle Featuring YG,2019,nipsey hussle,nipsey hussle,nipsey hussle
Nirvana,2022,nirvana,nirvana,nirvana
Niteflyte,1979,niteflyte,niteflyte,niteflyte
Nitty,2004,nitty,nitty,nitty
Nitty Gritty Dirt Band,1972,nitty gritty dirt band,nitty gritty dirt band,nitty gritty dirt band
Nivea,2003,nivea,nivea,nivea
Nivea Featuring Brian & Brandon Casey,2003,nivea,nivea,nivea
Nivea Featuring Lil Jon & YoungBloodZ,2005,nivea,nivea,nivea
No Doubt,2012,no doubt,no doubt,no doubt
No Doubt Featuring Bounty Killer,2002,no doubt,no doubt,no doubt
No Doubt Featuring Lady Saw,2003,no doubt,no doubt,no doubt
No Mercy,1997,no mercy,no mercy,no mercy
Noah Cyrus & Leon Bridges,2020,noah cyrus & leon bridges,noah cyrus,noah cyrus
Noah Cyrus Featuring Labrinth,2017,noah cyrus,noah cyrus,noah cyrus
Noah Kahan,2024,noah kahan,noah kahan,noah kahan
Noah Kahan With Gracie Abrams,2023,noah kahan with gracie abrams,noah kahan,noah kahan
Noah Kahan With Hozier,2024,noah kahan with hozier,noah kahan,noah kahan
Noah Kahan With Kacey Musgraves,2024,noah kahan with kacey musgraves,noah kahan,noah kahan
Noah Kahan With Post Malone,2024,noah kahan with post malone,noah kahan,noah kahan
Nocera,1987,nocera,nocera,nocera
Noel,1988,noel,noel,noel
Noel Harrison,1967,noel harrison,noel harrison,noel harrison
Nolan,1971,nolan,nolan,nolan
Nolan Porter,1973,nolan porter,nolan porter,nolan porter
Nolan Thomas,1985,nolan thomas,nolan thomas,nolan thomas
Nona Gaye,1992,nona gaye,nona gaye,nona gaye
Nona Hendryx,1987,nona hendryx,nona hendryx,nona hendryx
Nonchalant,1996,nonchalant,nonchalant,nonchalant
Norah Jones,2007,norah jones,norah jones,norah jones
Noreaga,1998,noreaga,noreaga,noreaga
Norma Tanega,1966,norma tanega,norma tanega,norma tanega
Norman Connors,1976,norman connors,norman connors,norman connors
Norman Greenbaum,1971,norman greenbaum,norman greenbaum,norman greenbaum
Normani,2019,normani,normani,normani
Normani Featuring Cardi B,2021,normani,normani,normani
Northern Light,1975,northern light,northern light,northern light
Notorious,1991,notorious,notorious,notorious
Nu Flavor,2000,nu flavor,nu flavor,nu flavor
Nu Flavor Featuring Roger,1997,nu flavor,nu flavor,nu flavor
Nu Shooz,1988,nu shooz,nu shooz,nu shooz
Nutta Butta Featuring Teddy Riley And Anonymous,1998,nutta butta,nutta butta,nutta butta
Nuttin' Nyce,1995,nuttin' nyce,nuttin' nyce,nuttin nyce
Nyasia,1992,nyasia,nyasia,nyasia
O'Bryan,1982,o'bryan,o'bryan,obryan
O-Town,2003,o-town,o-town,otown
O.A.R.,2009,o.a.r.,o.a.r.,oar
O.C. Featuring Yvette Michele,1997,o.c.,o.c.,oc
O.C. Smith,1974,o.c. smith,o.c. smith,oc smith
O.T. Genasis,2015,o.t. genasis,o.t. genasis,ot genasis
O.T. Genasis Featuring Young Dolph,2016,o.t. genasis,o.t. genasis,ot genasis
O.V. Wright,1971,o.v. wright,o.v. wright,ov wright
OG Maco Featuring 2 Chainz,2014,og maco,og maco,og maco
OK Go,2014,ok go,ok go,ok go
OMI,2016,omi,omi,omi
Oak,1981,oak,oak,oak
Oakenfold Featuring Shifty Shellshock,2002,oakenfold,oakenfold,oakenfold
Oaktown's 3.5.7,1991,oaktown's 3.5.7,oaktown's 3.5.7,oaktowns 357
Oasis,2008,oasis,oasis,oasis
Obie Trice,2003,obie trice,obie trice,obie trice
Obie Trice Featuring Nate Dogg,2004,obie trice,obie trice,obie trice
Ocean,1972,ocean,ocean,ocean
Odds & Ends,1971,odds & ends,odds,odds
Odetari,2024,odetari,odetari,odetari
Odia Coates,1975,odia coates,odia coates,odia coates
Odyssey,1978,odyssey,odyssey,odyssey
Of Monsters and Men,2013,of monsters and men,of monsters,of monsters
Off Broadway USA,1980,off broadway usa,off broadway usa,off broadway usa
Offset,2022,offset,offset,offset
Offset & Cardi B,2023,offset & cardi b,offset,offset
Offset & Don Toliver,2024,offset & don toliver,offset,offset
Offset & Gunna,2025,offset & gunna,offset,offset
Offset & JID,2025,offset & jid,offset,offset
Offset & Metro Boomin,2018,offset & metro boomin,offset,offset
Offset Featuring  J. Cole,2019,offset,offset,offset
Offset Featuring Cardi B,2019,offset,offset,offset
Offset Featuring Travis Scott,2023,offset,offset,offset
Offset Featuring Travis Scott & 21 Savage,2019,offset,offset,offset
Ohio Express,1969,ohio express,ohio express,ohio express
Ohio Players,1977,ohio players,ohio players,ohio players
Oingo Boingo,1986,oingo boingo,oingo boingo,oingo boingo
Ol Skool [Featuring Keith Sweat & Xscape],1998,ol skool,ol skool,ol skool
Ol' Dirty Bastard,1995,ol' dirty bastard,ol' dirty bastard,ol dirty bastard
Ol' Dirty Bastard Featuring Kelis,2000,ol' dirty bastard,ol' dirty bastard,ol dirty bastard
Ola & The Janglers,1969,ola & the janglers,ola,ola
Old Dominion,2023,old dominion,old dominion,old dominion
Oleta Adams,1991,oleta adams,oleta adams,oleta adams
Olive,1998,olive,olive,olive
Oliver,1970,oliver,oliver,oliver
Oliver Anthony Music,2024,oliver anthony music,oliver anthony music,oliver anthony music
Oliver Tree,2022,oliver tree,oliver tree,oliver tree
Oliver Tree & Robin Schulz,2023,oliver tree & robin schulz,oliver tree,oliver tree
Olivia,2001,olivia,olivia,olivia
Olivia Dean,2025,olivia dean,olivia dean,olivia dean
Olivia Newton-John,1998,olivia newton-john,olivia newton-john,olivia newtonjohn
Olivia Newton-John And Cliff Richard,1981,olivia newton-john and cliff richard,olivia newton-john,olivia newtonjohn
Olivia Newton-John/Electric Light Orchestra,1980,olivia newton-john,olivia newton-john,olivia newtonjohn
Olivia O'Brien,2017,olivia o'brien,olivia o'brien,olivia obrien
Olivia Rodrigo,2024,olivia rodrigo,olivia rodrigo,olivia rodrigo
Ollie & The Nightingales,1968,ollie & the nightingales,ollie,ollie
Ollie And Jerry,1984,ollie and jerry,ollie,ollie
Olly Murs Featuring Chiddy Bang,2012,olly murs,olly murs,olly murs
Olly Murs Featuring Flo Rida,2013,olly murs,olly murs,olly murs
Omar Apollo,2022,omar apollo,omar apollo,omar apollo
Omarion,2007,omarion,omarion,omarion
Omarion Featuring Chris Brown & Jhene Aiko,2015,omarion,omarion,omarion
Omarion Featuring Gucci Mane,2010,omarion,omarion,omarion
One 2 Many,1989,one 2 many,one 2 many,one 2 many
One 2 One,1992,one 2 one,one 2 one,one 2 one
One Direction,2016,one direction,one direction,one direction
One To One,1986,one to one,one to one,one to one
One Way,1982,one way,one way,one way
OneRepublic,2023,onerepublic,onerepublic,onerepublic
OneRepublic With Sara Bareilles,2009,onerepublic with sara bareilles,onerepublic,onerepublic
Onyx,1995,onyx,onyx,onyx
Opetaia Foa'i & Lin-Manuel Miranda,2017,opetaia foa'i & lin-manuel miranda,opetaia foa'i,opetaia foai
Opus,1986,opus,opus,opus
Or-N-More (Featuring Father M.C.),1991,or-n-more,or-n-more,ornmore
Oran 'Juice' Jones,1987,oran 'juice' jones,oran 'juice' jones,oran juice jones
Orchestral Manoeuvres In The Dark,1988,orchestral manoeuvres in the dark,orchestral manoeuvres in the dark,orchestral manoeuvres in the dark
Orgy,1999,orgy,orgy,orgy
Orianthi,2010,orianthi,orianthi,orianthi
Orion The Hunter,1984,orion the hunter,orion the hunter,orion the hunter
Orleans,1979,orleans,orleans,orleans
Orpheus,1969,orpheus,orpheus,orpheus
Orsa Lia,1979,orsa lia,orsa lia,orsa lia
Oscar Black,1961,oscar black,oscar black,oscar black
Oscar Brown Jr.,1974,oscar brown jr.,oscar brown jr.,oscar brown jr
Oscar Maydon & Fuerza Regida,2025,oscar maydon & fuerza regida,oscar maydon,oscar maydon
Oscar McLollie and Jeanette Baker,1958,oscar mclollie and jeanette baker,oscar mclollie,oscar mclollie
Oscar Ortiz X Edgardo Nunez,2024,oscar ortiz x edgardo nunez,oscar ortiz,oscar ortiz
"Oscar Toney, Jr.",1968,"oscar toney, jr.",oscar toney,oscar toney
Otis & Carla,1968,otis & carla,otis,otis
Otis Clay,1968,otis clay,otis clay,otis clay
Otis Leavill,1970,otis leavill,otis leavill,otis leavill
Otis Leaville,1970,otis leaville,otis leaville,otis leaville
Otis Redding,1969,otis redding,otis redding,otis redding
Otis Williams And His Charms,1961,otis williams and his charms,otis williams,otis williams
Our Lady Peace,2003,our lady peace,our lady peace,our lady peace
OutKast,2006,outkast,outkast,outkast
OutKast Featuring Killer Mike,2002,outkast,outkast,outkast
OutKast Featuring Scar & Sleepy Brown,2006,outkast,outkast,outkast
OutKast Featuring Sleepy Brown,2004,outkast,outkast,outkast
Outasight,2012,outasight,outasight,outasight
Outlaws,1981,outlaws,outlaws,outlaws
Ovis,1994,ovis,ovis,ovis
Owen B.,1970,owen b.,owen b.,owen b
Owl City,2010,owl city,owl city,owl city
Owl City & Carly Rae Jepsen,2012,owl city & carly rae jepsen,owl city,owl city
Oxo,1983,oxo,oxo,oxo
Ozark Mountain Daredevils,1980,ozark mountain daredevils,ozark mountain daredevils,ozark mountain daredevils
Ozo,1976,ozo,ozo,ozo
Ozuna,2019,ozuna,ozuna,ozuna
Ozuna & Romeo Santos,2018,ozuna & romeo santos,ozuna,ozuna
Ozuna Featuring Feid,2023,ozuna,ozuna,ozuna
Ozuna x Cardi B,2018,ozuna x cardi b,ozuna,ozuna
Ozuna x Daddy Yankee x J Balvin x Farruko x Anuel AA,2019,ozuna x daddy yankee x j balvin x farruko x anuel aa,ozuna,ozuna
Ozuna x Karol G x Myke Towers,2020,ozuna x karol g x myke towers,ozuna,ozuna
Ozuna x Manuel Turizo,2018,ozuna x manuel turizo,ozuna,ozuna
Ozzy Osbourne,2025,ozzy osbourne,ozzy osbourne,ozzy osbourne
P!nk,2023,p!nk,p!nk,pnk
P!nk Featuring Chris Stapleton,2019,p!nk,p!nk,pnk
P!nk Featuring Lily Allen,2013,p!nk,p!nk,pnk
P!nk Featuring Nate Ruess,2013,p!nk,p!nk,pnk
P!nk Featuring William Orbit,2003,p!nk,p!nk,pnk
P$C Featuring T.I. & Lil Scrappy,2005,p$c,p$c,psc
P-Nut Gallery,1971,p-nut gallery,p-nut gallery,pnut gallery
"P. Diddy & Ginuwine Featuring Loon, Mario Winans & Tammy Ruggeri",2002,p. diddy & ginuwine,p. diddy,p diddy
P. Diddy Featuring The Neptunes,2001,p. diddy,p. diddy,p diddy
P. Diddy Featuring Usher & Loon,2002,p. diddy,p. diddy,p diddy
"P. Diddy, Black Rob & Mark Curry",2001,"p. diddy, black rob & mark curry",p. diddy,p diddy
P.F. Sloan,1965,p.f. sloan,p.f. sloan,pf sloan
P.J. Proby,1967,p.j. proby,p.j. proby,pj proby
P.M. Dawn,1998,p.m. dawn,p.m. dawn,pm dawn
P.O.D.,2006,p.o.d.,p.o.d.,pod
PARTYNEXTDOOR,2025,partynextdoor,partynextdoor,partynextdoor
PARTYNEXTDOOR & Drake,2025,partynextdoor & drake,partynextdoor,partynextdoor
PARTYNEXTDOOR & Rihanna,2020,partynextdoor & rihanna,partynextdoor,partynextdoor
PARTYNEXTDOOR Featuring Drake,2020,partynextdoor,partynextdoor,partynextdoor
"PARTYNEXTDOOR, Drake & Cash Cobain",2025,"partynextdoor, drake & cash cobain",partynextdoor,partynextdoor
"PARTYNEXTDOOR, Drake & Chino Pacas",2025,"partynextdoor, drake & chino pacas",partynextdoor,partynextdoor
"PARTYNEXTDOOR, Drake & Yebba",2025,"partynextdoor, drake & yebba",partynextdoor,partynextdoor
PC Quest,1991,pc quest,pc quest,pc quest
PG&E,1972,pg&e,pg,pg
PIKOTARO,2016,pikotaro,pikotaro,pikotaro
PLUTO & YKNIECE,2025,pluto & ykniece,pluto,pluto
PMD,1994,pmd,pmd,pmd
PRINCE BE & Ky-Mani,1998,prince be & ky-mani,prince be,prince be
PSY,2013,psy,psy,psy
PSY Featuring CL,2015,psy,psy,psy
PSY Featuring Snoop Dogg,2014,psy,psy,psy
PSY Featuring Suga,2022,psy,psy,psy
Pablo Cruise,1981,pablo cruise,pablo cruise,pablo cruise
Pacific Gas And Electric,1970,pacific gas and electric,pacific gas,pacific gas
Pages,1979,pages,pages,pages
Painter,1973,painter,painter,painter
Pajama Party,1990,pajama party,pajama party,pajama party
Panic! At The Disco,2019,panic! at the disco,panic! at the disco,panic at the disco
Panic! At The Disco Featuring Lolo,2013,panic! at the disco,panic! at the disco,panic at the disco
Panjabi MC Featuring Jay-Z,2003,panjabi mc,panjabi mc,panjabi mc
Papa Roach,2009,papa roach,papa roach,papa roach
Paper Lace,1974,paper lace,paper lace,paper lace
Paperboy,1993,paperboy,paperboy,paperboy
Parachute,2009,parachute,parachute,parachute
Paramore,2017,paramore,paramore,paramore
Pardison Fontaine Featuring Cardi B,2019,pardison fontaine,pardison fontaine,pardison fontaine
Paris Hilton,2006,paris hilton,paris hilton,paris hilton
Paris Sisters,1961,paris sisters,paris sisters,paris sisters
Parker McCollum,2025,parker mccollum,parker mccollum,parker mccollum
Parker McGee,1977,parker mcgee,parker mcgee,parker mcgee
Parliament,1979,parliament,parliament,parliament
Parmalee,2023,parmalee,parmalee,parmalee
Parmalee x Blanco Brown,2021,parmalee x blanco brown,parmalee,parmalee
Partland Brothers,1987,partland brothers,partland brothers,partland brothers
Partners In Kryme,1990,partners in kryme,partners in kryme,partners in kryme
Passenger,2014,passenger,passenger,passenger
Passion Pit,2013,passion pit,passion pit,passion pit
Pastor Troy Featuring Ms. Jade,2002,pastor troy,pastor troy,pastor troy
Pat & Mick,1991,pat & mick,pat,pat
Pat Benatar,1988,pat benatar,pat benatar,pat benatar
Pat Boone,1969,pat boone,pat boone,pat boone
Pat Green,2009,pat green,pat green,pat green
Pat Lundi,1975,pat lundi,pat lundi,pat lundi
Pat Thomas,1962,pat thomas,pat thomas,pat thomas
Pat Travers,1979,pat travers,pat travers,pat travers
Pat Travers Band,1980,pat travers band,pat travers band,pat travers band
Pat Zill,1961,pat zill,pat zill,pat zill
Pat and the Satellites,1959,pat and the satellites,pat,pat
Patra,1995,patra,patra,patra
Patra Duet With Aaron Hall,1996,patra duet with aaron hall,patra,patra
Patra Featuring Yo-Yo,1994,patra,patra,patra
Patrice Rushen,1984,patrice rushen,patrice rushen,patrice rushen
Patrick Hernandez,1979,patrick hernandez,patrick hernandez,patrick hernandez
Patrick Simmons,1983,patrick simmons,patrick simmons,patrick simmons
Patrick Swayze (Featuring Wendy Fraser),1988,patrick swayze,patrick swayze,patrick swayze
Patsy Cline,1963,patsy cline,patsy cline,patsy cline
Patti Austin,1986,patti austin,patti austin,patti austin
Patti Austin A Duet With James Ingram,1983,patti austin a duet with james ingram,patti austin a,patti austin a
Patti Drew,1968,patti drew,patti drew,patti drew
Patti LaBelle,2004,patti labelle,patti labelle,patti labelle
Patti LaBelle & Michael McDonald,1986,patti labelle & michael mcdonald,patti labelle,patti labelle
Patti LaBelle And The Blue Belles,1967,patti labelle and the blue belles,patti labelle,patti labelle
Patti LaBelle Featuring Ron Isley,2005,patti labelle,patti labelle,patti labelle
Patti Page,1968,patti page,patti page,patti page
Patti Smith Group,1979,patti smith group,patti smith group,patti smith group
Patty & The Emblems,1964,patty & the emblems,patty,patty
Patty Duke,1966,patty duke,patty duke,patty duke
Patty Loveless,2003,patty loveless,patty loveless,patty loveless
Patty Smyth,1993,patty smyth,patty smyth,patty smyth
Paul & Linda McCartney,1971,paul & linda mccartney,paul,paul
Paul Anka,1983,paul anka,paul anka,paul anka
Paul Anka with Odia Coates,1975,paul anka with odia coates,paul anka,paul anka
Paul Anka-Geo. Hamilton IV-Johnny Nash,1959,paul anka-geo. hamilton iv-johnny nash,paul anka-geo. hamilton iv-johnny nash,paul ankageo hamilton ivjohnny nash
Paul Anka/Odia Coates,1975,paul anka,paul anka,paul anka
Paul Carrack,1990,paul carrack,paul carrack,paul carrack
Paul Chaplain and his Emeralds,1960,paul chaplain and his emeralds,paul chaplain,paul chaplain
Paul Davis,1982,paul davis,paul davis,paul davis
Paul Davis Feat. Susan Collins,1978,paul davis,paul davis,paul davis
Paul Dino,1961,paul dino,paul dino,paul dino
Paul Evans,1960,paul evans,paul evans,paul evans
Paul Evans and the Curls,1960,paul evans and the curls,paul evans,paul evans
Paul Gayten,1959,paul gayten,paul gayten,paul gayten
Paul Hardcastle,1985,paul hardcastle,paul hardcastle,paul hardcastle
Paul Humphrey & His Cool Aid Chemists,1971,paul humphrey & his cool aid chemists,paul humphrey,paul humphrey
Paul Hyde & Payolas,1985,paul hyde & payolas,paul hyde,paul hyde
Paul Kelly,1973,paul kelly,paul kelly,paul kelly
Paul Lekakis,1987,paul lekakis,paul lekakis,paul lekakis
Paul Mauriat,1969,paul mauriat,paul mauriat,paul mauriat
Paul Mauriat And His Orchestra,1968,paul mauriat and his orchestra,paul mauriat,paul mauriat
Paul McCartney,2025,paul mccartney,paul mccartney,paul mccartney
Paul McCartney And Michael Jackson,1984,paul mccartney and michael jackson,paul mccartney,paul mccartney
Paul McCartney And Stevie Wonder,1982,paul mccartney and stevie wonder,paul mccartney,paul mccartney
Paul McCartney And Wings,1980,paul mccartney and wings,paul mccartney,paul mccartney
Paul McCartney With U2,2005,paul mccartney with u2,paul mccartney,paul mccartney
Paul Nicholas,1978,paul nicholas,paul nicholas,paul nicholas
Paul Peek,1966,paul peek,paul peek,paul peek
Paul Petersen,1964,paul petersen,paul petersen,paul petersen
Paul Revere & The Raiders,1967,paul revere & the raiders,paul revere,paul revere
Paul Revere & The Raiders Featuring Mark Lindsay,1969,paul revere & the raiders,paul revere,paul revere
Paul Russell,2024,paul russell,paul russell,paul russell
Paul Shaffer,1989,paul shaffer,paul shaffer,paul shaffer
Paul Simon,1991,paul simon,paul simon,paul simon
Paul Simon (with The Dixie Hummingbirds),1973,paul simon,paul simon,paul simon
Paul Simon/Phoebe Snow,1975,paul simon,paul simon,paul simon
Paul Stanley,1979,paul stanley,paul stanley,paul stanley
Paul Stookey,1971,paul stookey,paul stookey,paul stookey
Paul Vance,1966,paul vance,paul vance,paul vance
Paul Wall,2006,paul wall,paul wall,paul wall
Paul Wall Featuring Big Pokey,2005,paul wall,paul wall,paul wall
Paul Wall Featuring Jermaine Dupri,2007,paul wall,paul wall,paul wall
Paul Wall Featuring Lil' KeKe,2007,paul wall,paul wall,paul wall
Paul Williams,1972,paul williams,paul williams,paul williams
Paul Young,1992,paul young,paul young,paul young
Paul and Paula,1963,paul and paula,paul,paul
Paula Abdul,2009,paula abdul,paula abdul,paula abdul
Paula Abdul & Randy Jackson,2008,paula abdul & randy jackson,paula abdul,paula abdul
Paula Abdul (Duet With The Wild Pair),1990,paula abdul,paula abdul,paula abdul
Paula Cole,1998,paula cole,paula cole,paula cole
Paula DeAnda Featuring Baby Bash,2006,paula deanda,paula deanda,paula deanda
Paula DeAnda Featuring Bow Wow,2007,paula deanda,paula deanda,paula deanda
Paula DeAnda Featuring The DEY,2007,paula deanda,paula deanda,paula deanda
Paula Webb,1975,paula webb,paula webb,paula webb
Paulina Rubio,2006,paulina rubio,paulina rubio,paulina rubio
Peabo Bryson,1991,peabo bryson,peabo bryson,peabo bryson
Peabo Bryson & Regina Belle,1993,peabo bryson & regina belle,peabo bryson,peabo bryson
Peabo Bryson & Roberta Flack,1984,peabo bryson & roberta flack,peabo bryson,peabo bryson
Peabo Bryson/Roberta Flack,1984,peabo bryson,peabo bryson,peabo bryson
Peach Union,1997,peach union,peach union,peach union
Peaches & Herb,1980,peaches & herb,peaches,peaches
Pearl Jam,2013,pearl jam,pearl jam,pearl jam
Pearlettes,1962,pearlettes,pearlettes,pearlettes
Pebbles,1991,pebbles,pebbles,pebbles
Pebbles (With Salt-N-Pepa),1991,pebbles,pebbles,pebbles
Pedro Capo X Farruko,2019,pedro capo x farruko,pedro capo,pedro capo
Peggy Lee,1969,peggy lee,peggy lee,peggy lee
Peggy Scott & Jo Jo Benson,1969,peggy scott & jo jo benson,peggy scott,peggy scott
Peggy Scott-Adams,1997,peggy scott-adams,peggy scott-adams,peggy scottadams
Pendulum,1981,pendulum,pendulum,pendulum
Penny Mclean,1976,penny mclean,penny mclean,penny mclean
Pentatonix,2017,pentatonix,pentatonix,pentatonix
Pentatonix Featuring Meghan Trainor,2023,pentatonix,pentatonix,pentatonix
People,1968,people,people,people
People's Choice,1976,people's choice,people's choice,peoples choice
Peppermint Rainbow,1969,peppermint rainbow,peppermint rainbow,peppermint rainbow
Pepsi & Shirlie,1988,pepsi & shirlie,pepsi,pepsi
Percy Faith And His Orchestra,1960,percy faith and his orchestra,percy faith,percy faith
Percy Mayfield,1963,percy mayfield,percy mayfield,percy mayfield
Percy Sledge,1974,percy sledge,percy sledge,percy sledge
Perez Prado And His Orchestra,1962,perez prado and his orchestra,perez prado,perez prado
Perfect Gentlemen,1990,perfect gentlemen,perfect gentlemen,perfect gentlemen
Perfect Stranger,1995,perfect stranger,perfect stranger,perfect stranger
Perry Como,1974,perry como,perry como,perry como
Perry Como And The Fontane Sisters With Mitchell Ayres And His Orchestra,2025,perry como and the fontane sisters with mitchell ayres and his orchestra,perry como,perry como
Perry Como With Mitchell Ayers And His Orchestra,2024,perry como with mitchell ayers and his orchestra,perry como,perry como
Peso Pluma,2023,peso pluma,peso pluma,peso pluma
Peso Pluma & Anitta,2024,peso pluma & anitta,peso pluma,peso pluma
Peso Pluma & Grupo Frontera,2023,peso pluma & grupo frontera,peso pluma,peso pluma
Peso Pluma & Ivan Cornejo,2024,peso pluma & ivan cornejo,peso pluma,peso pluma
Peso Pluma & Jasiel Nunez,2023,peso pluma & jasiel nunez,peso pluma,peso pluma
Peso Pluma & Junior H,2023,peso pluma & junior h,peso pluma,peso pluma
Peso Pluma & Neton Vega,2024,peso pluma & neton vega,peso pluma,peso pluma
Peso Pluma X Natanael Cano,2023,peso pluma x natanael cano,peso pluma,peso pluma
Peso Pluma x Jasiel Nunez x Junior H,2023,peso pluma x jasiel nunez x junior h,peso pluma,peso pluma
"Peso Pluma, Edgardo Nunez & Los Dareyes de La Sierra",2023,"peso pluma, edgardo nunez & los dareyes de la sierra",peso pluma,peso pluma
"Peso Pluma, Gabito Ballesteros & Junior H",2023,"peso pluma, gabito ballesteros & junior h",peso pluma,peso pluma
"Peso Pluma, Junior H & Eslabon Armado",2024,"peso pluma, junior h & eslabon armado",peso pluma,peso pluma
"Peso Pluma, Junior H & Oscar Maydon",2024,"peso pluma, junior h & oscar maydon",peso pluma,peso pluma
"Peso Pluma, Natanael Cano & Gabito Ballesteros",2024,"peso pluma, natanael cano & gabito ballesteros",peso pluma,peso pluma
"Peso Pluma, Tito Double P & Joel de La P",2024,"peso pluma, tito double p & joel de la p",peso pluma,peso pluma
Pet Shop Boys,1991,pet shop boys,pet shop boys,pet shop boys
Pet Shop Boys & Dusty Springfield,1988,pet shop boys & dusty springfield,pet shop boys,pet shop boys
Pete Antell,1962,pete antell,pete antell,pete antell
Pete Drake And His Talking Steel Guitar,1964,pete drake and his talking steel guitar,pete drake,pete drake
Pete Fountain,1962,pete fountain,pete fountain,pete fountain
Pete Rock & C.L. Smooth,1995,pete rock & c.l. smooth,pete rock,pete rock
Pete Seeger,1964,pete seeger,pete seeger,pete seeger
Pete Townshend,1986,pete townshend,pete townshend,pete townshend
Pete Wingfield,1975,pete wingfield,pete wingfield,pete wingfield
Peter Allen,1981,peter allen,peter allen,peter allen
Peter And Gordon,1967,peter and gordon,peter,peter
Peter Brown,1980,peter brown,peter brown,peter brown
Peter Brown With Betty Wright,1978,peter brown with betty wright,peter brown,peter brown
Peter Cetera,1993,peter cetera,peter cetera,peter cetera
Peter Cetera & Crystal Bernard,1995,peter cetera & crystal bernard,peter cetera,peter cetera
Peter Cetera (Duet With Chaka Khan),1993,peter cetera,peter cetera,peter cetera
Peter Cetera Featuring Az Yet,1997,peter cetera,peter cetera,peter cetera
Peter Cetera With Amy Grant,1987,peter cetera with amy grant,peter cetera,peter cetera
Peter Frampton,1986,peter frampton,peter frampton,peter frampton
Peter Gabriel,1993,peter gabriel,peter gabriel,peter gabriel
Peter Gabriel/Kate Bush,1987,peter gabriel,peter gabriel,peter gabriel
Peter McIan,1980,peter mcian,peter mcian,peter mcian
Peter Mccann,1977,peter mccann,peter mccann,peter mccann
Peter Murphy,1990,peter murphy,peter murphy,peter murphy
Peter Nero,1972,peter nero,peter nero,peter nero
Peter Sarstedt,1969,peter sarstedt,peter sarstedt,peter sarstedt
Peter Schilling,1989,peter schilling,peter schilling,peter schilling
Peter Shelley,1975,peter shelley,peter shelley,peter shelley
Peter Skellern,1973,peter skellern,peter skellern,peter skellern
Peter Tosh,1983,peter tosh,peter tosh,peter tosh
Peter Tosh with Mick Jagger,1978,peter tosh with mick jagger,peter tosh,peter tosh
Peter Wolf,1990,peter wolf,peter wolf,peter wolf
Peter Yarrow,1972,peter yarrow,peter yarrow,peter yarrow
"Peter, Paul & Mary",1970,"peter, paul & mary",peter,peter
Petey Pablo,2007,petey pablo,petey pablo,petey pablo
Petula Clark,1982,petula clark,petula clark,petula clark
Phajja,1998,phajja,phajja,phajja
Pharoahe Monch,1999,pharoahe monch,pharoahe monch,pharoahe monch
Pharrell & Miley Cyrus,2024,pharrell & miley cyrus,pharrell,pharrell
Pharrell Featuring Gwen Stefani,2005,pharrell,pharrell,pharrell
Pharrell Featuring Jay-Z,2003,pharrell,pharrell,pharrell
Pharrell Featuring Kanye West,2006,pharrell,pharrell,pharrell
Pharrell Williams,2024,pharrell williams,pharrell williams,pharrell williams
Pharrell Williams & Travis Scott,2022,pharrell williams & travis scott,pharrell williams,pharrell williams
"Pharrell Williams Featuring 21 Savage & Tyler, the Creator",2022,pharrell williams,pharrell williams,pharrell williams
Pharrell Williams x Camila Cabello,2018,pharrell williams x camila cabello,pharrell williams,pharrell williams
Phil Collins,2003,phil collins,phil collins,phil collins
Phil Collins and Marilyn Martin,1986,phil collins and marilyn martin,phil collins,phil collins
Phil McLean,1962,phil mclean,phil mclean,phil mclean
Phil Phillips With The Twilights,1959,phil phillips with the twilights,phil phillips,phil phillips
Phil Seymour,1981,phil seymour,phil seymour,phil seymour
Phil Vassar,2008,phil vassar,phil vassar,phil vassar
Phil Wickham,2025,phil wickham,phil wickham,phil wickham
Philadelphia International All Stars,1977,philadelphia international all stars,philadelphia international all stars,philadelphia international all stars
Philip Bailey,1985,philip bailey,philip bailey,philip bailey
Philip Bailey With Phil Collins,1985,philip bailey with phil collins,philip bailey,philip bailey
Philip Upchurch Combo,1961,philip upchurch combo,philip upchurch combo,philip upchurch combo
Phill Wilson,1961,phill wilson,phill wilson,phill wilson
Phillip Phillips,2014,phillip phillips,phillip phillips,phillip phillips
Philly Cream,1979,philly cream,philly cream,philly cream
Philly Devotions,1975,philly devotions,philly devotions,philly devotions
Philly's Most Wanted,2001,philly's most wanted,philly's most wanted,phillys most wanted
Phoebe & Maggie,2020,phoebe & maggie,phoebe,phoebe
Phoebe Snow,1981,phoebe snow,phoebe snow,phoebe snow
Phoenix,2010,phoenix,phoenix,phoenix
Photoglo,1980,photoglo,photoglo,photoglo
Phyllis McGuire,1964,phyllis mcguire,phyllis mcguire,phyllis mcguire
Phyllis Nelson,1986,phyllis nelson,phyllis nelson,phyllis nelson
Pia Mia Featuring Chris Brown & Tyga,2015,pia mia,pia mia,pia mia
Pia Zadora,1983,pia zadora,pia zadora,pia zadora
Pickettywitch,1970,pickettywitch,pickettywitch,pickettywitch
Pieces Of Eight,1967,pieces of eight,pieces of eight,pieces of eight
Pierce the Veil,2025,pierce the veil,pierce the veil,pierce the veil
Piero Soffici,1961,piero soffici,piero soffici,piero soffici
Piero Umiliani,1969,piero umiliani,piero umiliani,piero umiliani
Pigmeat Markham,1968,pigmeat markham,pigmeat markham,pigmeat markham
Pilar Montenegro,2002,pilar montenegro,pilar montenegro,pilar montenegro
Pilot,1976,pilot,pilot,pilot
"Pimmie, PARTYNEXTDOOR & Drake",2025,"pimmie, partynextdoor & drake",pimmie,pimmie
Pink Floyd,1994,pink floyd,pink floyd,pink floyd
Pink Lady,1979,pink lady,pink lady,pink lady
PinkPantheress,2025,pinkpantheress,pinkpantheress,pinkpantheress
PinkPantheress & Ice Spice,2023,pinkpantheress & ice spice,pinkpantheress,pinkpantheress
Pinkfong,2019,pinkfong,pinkfong,pinkfong
Pips,1961,pips,pips,pips
Pistol Annies,2011,pistol annies,pistol annies,pistol annies
Pitbull,2012,pitbull,pitbull,pitbull
Pitbull & Ne-Yo,2015,pitbull & ne-yo,pitbull,pitbull
Pitbull Featuring Akon,2010,pitbull,pitbull,pitbull
Pitbull Featuring Chris Brown,2015,pitbull,pitbull,pitbull
Pitbull Featuring Christina Aguilera,2013,pitbull,pitbull,pitbull
Pitbull Featuring Enrique Iglesias,2016,pitbull,pitbull,pitbull
Pitbull Featuring Flo Rida & LunchMoney Lewis,2016,pitbull,pitbull,pitbull
Pitbull Featuring G.R.L.,2014,pitbull,pitbull,pitbull
Pitbull Featuring Jennifer Lopez & Claudia Leitte,2014,pitbull,pitbull,pitbull
Pitbull Featuring John Ryan,2015,pitbull,pitbull,pitbull
Pitbull Featuring Ke$ha,2014,pitbull,pitbull,pitbull
Pitbull Featuring Lil Jon,2009,pitbull,pitbull,pitbull
Pitbull Featuring Marc Anthony,2011,pitbull,pitbull,pitbull
"Pitbull Featuring Ne-Yo, Afrojack & Nayer",2012,pitbull,pitbull,pitbull
Pitbull Featuring Shakira,2012,pitbull,pitbull,pitbull
Pitbull Featuring T-Pain,2011,pitbull,pitbull,pitbull
Pitbull Featuring T-Pain & Sean Paul,2011,pitbull,pitbull,pitbull
Pitbull Featuring TJR,2013,pitbull,pitbull,pitbull
Pitbull Featuring Trina & Young Bo$$,2008,pitbull,pitbull,pitbull
Pitbull x El Chombo x Karol G Featuring Cutty Ranks,2018,pitbull x el chombo x karol g,pitbull,pitbull
Placido Domingo & John Denver,1982,placido domingo & john denver,placido domingo,placido domingo
Plain White T's,2011,plain white t's,plain white t's,plain white ts
Planet P,1983,planet p,planet p,planet p
Planet Soul,1996,planet soul,planet soul,planet soul
Planet Soul Featuring Brenda Dee,1996,planet soul,planet soul,planet soul
Plastic Bertrand,1978,plastic bertrand,plastic bertrand,plastic bertrand
Plastic Ono Band,1970,plastic ono band,plastic ono band,plastic ono band
Platinum Blonde,1986,platinum blonde,platinum blonde,platinum blonde
Play-N-Skillz Featuring Krayzie Bone & Adina Howard,2004,play-n-skillz,play-n-skillz,playnskillz
Playa,1998,playa,playa,playa
Playaz Circle Featuring Lil Wayne,2008,playaz circle,playaz circle,playaz circle
Playboi Carti,2025,playboi carti,playboi carti,playboi carti
Playboi Carti & Future,2025,playboi carti & future,playboi carti,playboi carti
Playboi Carti & Kendrick Lamar,2025,playboi carti & kendrick lamar,playboi carti,playboi carti
Playboi Carti & Lil Uzi Vert,2025,playboi carti & lil uzi vert,playboi carti,playboi carti
Playboi Carti & Skepta,2025,playboi carti & skepta,playboi carti,playboi carti
Playboi Carti & The Weeknd,2025,playboi carti & the weeknd,playboi carti,playboi carti
Playboi Carti & Travis Scott,2025,playboi carti & travis scott,playboi carti,playboi carti
Playboi Carti Featuring Kanye West,2021,playboi carti,playboi carti,playboi carti
Playboi Carti Featuring Kendrick Lamar & Jhene Aiko,2025,playboi carti,playboi carti,playboi carti
Playboi Carti Featuring Kid Cudi,2021,playboi carti,playboi carti,playboi carti
Playboi Carti Featuring Lil Uzi Vert,2018,playboi carti,playboi carti,playboi carti
"Playboi Carti, Future & Travis Scott",2025,"playboi carti, future & travis scott",playboi carti,playboi carti
"Playboi Carti, Young Thug & Ty Dolla $ign",2025,"playboi carti, young thug & ty dolla $ign",playboi carti,playboi carti
Player,1982,player,player,player
Pleasure,1980,pleasure,pleasure,pleasure
Pleasure P,2009,pleasure p,pleasure p,pleasure p
Plies,2018,plies,plies,plies
Plies Featuring Akon,2008,plies,plies,plies
Plies Featuring Ashanti,2009,plies,plies,plies
Plies Featuring Chris J,2009,plies,plies,plies
Plies Featuring Jamie Foxx & The-Dream,2008,plies,plies,plies
Plies Featuring Kodak Black,2017,plies,plies,plies
Plies Featuring Ne-Yo,2008,plies,plies,plies
Plies Featuring T-Pain,2007,plies,plies,plies
PnB Rock,2017,pnb rock,pnb rock,pnb rock
PnB Rock & XXXTENTACION,2019,pnb rock & xxxtentacion,pnb rock,pnb rock
Pockets,1978,pockets,pockets,pockets
Poco,1990,poco,poco,poco
Point Blank,1981,point blank,point blank,point blank
Poison,1993,poison,poison,poison
Polly Bergen,1959,polly bergen,polly bergen,polly bergen
Polly Brown,1975,polly brown,polly brown,polly brown
Polo G,2023,polo g,polo g,polo g
Polo G & Future,2023,polo g & future,polo g,polo g
Polo G & Lil Wayne,2021,polo g & lil wayne,polo g,polo g
Polo G Featuring DaBaby,2021,polo g,polo g,polo g
Polo G Featuring G Herbo,2021,polo g,polo g,polo g
Polo G Featuring Juice WRLD,2020,polo g,polo g,polo g
Polo G Featuring Lil Baby,2021,polo g,polo g,polo g
Polo G Featuring Lil Tjay,2019,polo g,polo g,polo g
Polo G Featuring Moneybagg Yo,2021,polo g,polo g,polo g
Polo G Featuring NLE Choppa & Stunna 4 Vegas,2020,polo g,polo g,polo g
Polo G Featuring Pop Smoke & Fivio Foreign,2021,polo g,polo g,polo g
Polo G Featuring Rod Wave,2021,polo g,polo g,polo g
Polo G Featuring The Kid LAROI & Lil Durk,2021,polo g,polo g,polo g
Ponderosa Twins + One,1971,ponderosa twins + one,ponderosa twins,ponderosa twins
Poni-Tails,1959,poni-tails,poni-tails,ponitails
Pooh Shiesty Featuring 21 Savage,2021,pooh shiesty,pooh shiesty,pooh shiesty
Pooh Shiesty Featuring BIG30,2021,pooh shiesty,pooh shiesty,pooh shiesty
Pooh Shiesty Featuring Lil Durk,2021,pooh shiesty,pooh shiesty,pooh shiesty
Pop Smoke,2021,pop smoke,pop smoke,pop smoke
Pop Smoke Featuring 21 Savage & 42 Dugg,2021,pop smoke,pop smoke,pop smoke
Pop Smoke Featuring 50 Cent & Roddy Ricch,2020,pop smoke,pop smoke,pop smoke
Pop Smoke Featuring A Boogie wit da Hoodie,2021,pop smoke,pop smoke,pop smoke
Pop Smoke Featuring Bizzy Banks,2021,pop smoke,pop smoke,pop smoke
Pop Smoke Featuring Chris Brown,2021,pop smoke,pop smoke,pop smoke
Pop Smoke Featuring Dua Lipa,2021,pop smoke,pop smoke,pop smoke
Pop Smoke Featuring Future,2021,pop smoke,pop smoke,pop smoke
Pop Smoke Featuring Kanye West & Pusha T,2021,pop smoke,pop smoke,pop smoke
Pop Smoke Featuring Karol G,2020,pop smoke,pop smoke,pop smoke
Pop Smoke Featuring King Combs,2020,pop smoke,pop smoke,pop smoke
Pop Smoke Featuring Lil Baby & DaBaby,2021,pop smoke,pop smoke,pop smoke
Pop Smoke Featuring Lil Tjay,2020,pop smoke,pop smoke,pop smoke
Pop Smoke Featuring Quavo,2020,pop smoke,pop smoke,pop smoke
Pop Smoke Featuring Quavo & Future,2020,pop smoke,pop smoke,pop smoke
Pop Smoke Featuring Rick Ross & The-Dream,2021,pop smoke,pop smoke,pop smoke
Pop Smoke Featuring Rowdy Rebel,2020,pop smoke,pop smoke,pop smoke
Pop Smoke Featuring Swae Lee,2020,pop smoke,pop smoke,pop smoke
Pop Smoke Featuring Tyga & Quavo,2020,pop smoke,pop smoke,pop smoke
Pop-Tops,1971,pop-tops,pop-tops,poptops
Popp Hunna,2021,popp hunna,popp hunna,popp hunna
Porno For Pyros,1993,porno for pyros,porno for pyros,porno for pyros
Porter Wagoner,1969,porter wagoner,porter wagoner,porter wagoner
Portishead,1995,portishead,portishead,portishead
Portrait,1995,portrait,portrait,portrait
Portugal. The Man,2018,portugal. the man,portugal. the man,portugal the man
Positive K,1993,positive k,positive k,positive k
Post Malone,2024,post malone,post malone,post malone
Post Malone & Swae Lee,2019,post malone & swae lee,post malone,post malone
Post Malone & The Weeknd,2022,post malone & the weeknd,post malone,post malone
Post Malone Featuring 21 Savage,2018,post malone,post malone,post malone
Post Malone Featuring Billy Strings,2024,post malone,post malone,post malone
Post Malone Featuring Blake Shelton,2024,post malone,post malone,post malone
Post Malone Featuring Brad Paisley,2024,post malone,post malone,post malone
Post Malone Featuring Chris Stapleton,2024,post malone,post malone,post malone
Post Malone Featuring DaBaby,2020,post malone,post malone,post malone
Post Malone Featuring Doja Cat,2023,post malone,post malone,post malone
Post Malone Featuring Dolly Parton,2024,post malone,post malone,post malone
Post Malone Featuring ERNEST,2024,post malone,post malone,post malone
Post Malone Featuring Fleet Foxes,2022,post malone,post malone,post malone
Post Malone Featuring Future & Halsey,2019,post malone,post malone,post malone
Post Malone Featuring G-Eazy & YG,2018,post malone,post malone,post malone
Post Malone Featuring Gunna,2022,post malone,post malone,post malone
Post Malone Featuring HARDY,2024,post malone,post malone,post malone
Post Malone Featuring Hank Williams Jr.,2024,post malone,post malone,post malone
Post Malone Featuring Jelly Roll,2024,post malone,post malone,post malone
Post Malone Featuring Justin Bieber,2016,post malone,post malone,post malone
Post Malone Featuring Lainey Wilson,2024,post malone,post malone,post malone
Post Malone Featuring Luke Combs,2025,post malone,post malone,post malone
Post Malone Featuring Meek Mill & Lil Baby,2019,post malone,post malone,post malone
Post Malone Featuring Morgan Wallen,2025,post malone,post malone,post malone
Post Malone Featuring Nicki Minaj,2018,post malone,post malone,post malone
Post Malone Featuring Ozzy Osbourne & Travis Scott,2020,post malone,post malone,post malone
Post Malone Featuring Quavo,2017,post malone,post malone,post malone
Post Malone Featuring Roddy Ricch,2022,post malone,post malone,post malone
Post Malone Featuring SZA,2019,post malone,post malone,post malone
Post Malone Featuring Sierra Ferrell,2024,post malone,post malone,post malone
Post Malone Featuring Swae Lee,2018,post malone,post malone,post malone
Post Malone Featuring The Kid LAROI,2022,post malone,post malone,post malone
Post Malone Featuring Tim McGraw,2024,post malone,post malone,post malone
Post Malone Featuring Ty Dolla $ign,2018,post malone,post malone,post malone
Post Malone Featuring Young Thug,2019,post malone,post malone,post malone
Potliquor,1972,potliquor,potliquor,potliquor
Pousette-Dart Band,1979,pousette-dart band,pousette-dart band,pousettedart band
Powersource (Solo...Sharon),1988,powersource,powersource,powersource
Powfu Featuring beabadoobee,2020,powfu,powfu,powfu
Pozo Seco Singers,1967,pozo seco singers,pozo seco singers,pozo seco singers
Pras Michel Feat. Ol' Dirty Bastard & Introducing Mya,1998,pras michel,pras michel,pras michel
Pratt & McClain,1976,pratt & mcclain,pratt,pratt
Pratt & McClain with Brother Love,1976,pratt & mcclain with brother love,pratt,pratt
Prelude,1976,prelude,prelude,prelude
Pressha,1998,pressha,pressha,pressha
Preston Epps,1960,preston epps,preston epps,preston epps
Pretenders,1995,pretenders,pretenders,pretenders
Pretty In Pink,1991,pretty in pink,pretty in pink,pretty in pink
Pretty Poison,1988,pretty poison,pretty poison,pretty poison
Pretty Purdie,1967,pretty purdie,pretty purdie,pretty purdie
Pretty Ricky,2007,pretty ricky,pretty ricky,pretty ricky
Prince,2016,prince,prince,prince
Prince And The N.P.G.,1992,prince and the n.p.g.,prince,prince
Prince And The New Power Generation,1993,prince and the new power generation,prince,prince
Prince And The Revolution,2016,prince and the revolution,prince,prince
Prince And The Revolution Duet With Apollonia,1985,prince and the revolution duet with apollonia,prince,prince
Prince Buster,1967,prince buster,prince buster,prince buster
Prince Markie Dee And The Soul Convention,1993,prince markie dee and the soul convention,prince markie dee,prince markie dee
Prince Royce,2013,prince royce,prince royce,prince royce
Prince Royce Featuring Jennifer Lopez & Pitbull,2015,prince royce,prince royce,prince royce
Prince Royce Featuring Snoop Dogg,2015,prince royce,prince royce,prince royce
Prince With Sheena Easton,1990,prince with sheena easton,prince,prince
Priscilla Block,2022,priscilla block,priscilla block,priscilla block
Prism,1982,prism,prism,prism
Procol Harum,1972,procol harum,procol harum,procol harum
Professor Morrison's Lollipop,1968,professor morrison's lollipop,professor morrison's lollipop,professor morrisons lollipop
Profyle,2001,profyle,profyle,profyle
Project Pat,2001,project pat,project pat,project pat
Pseudo Echo,1987,pseudo echo,pseudo echo,pseudo echo
Psychedelic Furs,1987,psychedelic furs,psychedelic furs,psychedelic furs
Public Announcement,2001,public announcement,public announcement,public announcement
Public Announcement Featuring LeLe,2001,public announcement,public announcement,public announcement
Public Enemy,1994,public enemy,public enemy,public enemy
Puddle of Mudd,2008,puddle of mudd,puddle of mudd,puddle of mudd
Puff Daddy & Faith Evans Featuring 112,1998,puff daddy & faith evans,puff daddy,puff daddy
Puff Daddy & The Family (Feat. The Notorious B.I.G. & Mase),1998,puff daddy & the family,puff daddy,puff daddy
Puff Daddy & The Family Featuring The Notorious B.I.G. & Busta Rh,1998,puff daddy & the family,puff daddy,puff daddy
Puff Daddy (Featuring Mase),1997,puff daddy,puff daddy,puff daddy
Puff Daddy Featuring Jimmy Page,1998,puff daddy,puff daddy,puff daddy
Puff Daddy Featuring Mario Winans & Hezekiah Walker & The Love Fe,2000,puff daddy,puff daddy,puff daddy
Puff Daddy Featuring R. Kelly,2000,puff daddy,puff daddy,puff daddy
Puff Johnson,1996,puff johnson,puff johnson,puff johnson
Pure Prairie League,1981,pure prairie league,pure prairie league,pure prairie league
Pure Soul,1996,pure soul,pure soul,pure soul
Pure Sugar,1998,pure sugar,pure sugar,pure sugar
Purple Reign,1976,purple reign,purple reign,purple reign
Purple Ribbon All-Stars,2006,purple ribbon all-stars,purple ribbon all-stars,purple ribbon allstars
Pusha T,2022,pusha t,pusha t,pusha t
Pusha T Featuring Jay-Z & Pharrell Williams,2022,pusha t,pusha t,pusha t
Pusha T Featuring Kanye West,2022,pusha t,pusha t,pusha t
Pusha T Featuring Kanye West & Kid Cudi,2022,pusha t,pusha t,pusha t
Pusha T Featuring Lil Uzi Vert & Don Toliver,2022,pusha t,pusha t,pusha t
Pusha T Kanye West,2012,pusha t kanye west,pusha t kanye west,pusha t kanye west
Python Lee Jackson,1972,python lee jackson,python lee jackson,python lee jackson
Q,1977,q,q,q
Q-Tip,2000,q-tip,q-tip,qtip
Q-feel,1989,q-feel,q-feel,qfeel
QB Finest Featuring Nas & Bravehearts,2001,qb finest,qb finest,qb finest
QT,1997,qt,qt,qt
Qkumba Zoo,1996,qkumba zoo,qkumba zoo,qkumba zoo
Quad City DJ's,1997,quad city dj's,quad city dj's,quad city djs
Quaker City Boys,1959,quaker city boys,quaker city boys,quaker city boys
Quarterflash,1985,quarterflash,quarterflash,quarterflash
Quavo,2018,quavo,quavo,quavo
Quavo & Future,2023,quavo & future,quavo,quavo
Quavo & Lana Del Rey,2024,quavo & lana del rey,quavo,quavo
Quavo & Lil Yachty,2018,quavo & lil yachty,quavo,quavo
Quavo & TakeOff,2023,quavo & takeoff,quavo,quavo
Quavo Featuring 21 Savage,2018,quavo,quavo,quavo
Quavo Featuring Drake,2018,quavo,quavo,quavo
Quavo Featuring Lil Baby,2018,quavo,quavo,quavo
Quavo Featuring Travis Scott,2018,quavo,quavo,quavo
"Quavo, TakeOff & YoungBoy Never Broke Again",2022,"quavo, takeoff & youngboy never broke again",quavo,quavo
"Quavo, Takeoff & Offset",2017,"quavo, takeoff & offset",quavo,quavo
Queen,2018,queen,queen,queen
Queen & David Bowie,2016,queen & david bowie,queen,queen
Queen Latifah,1997,queen latifah,queen latifah,queen latifah
Queen Latifah Featuring Apache,1998,queen latifah,queen latifah,queen latifah
Queen Naija,2018,queen naija,queen naija,queen naija
Queen Naija & Big Sean,2022,queen naija & big sean,queen naija,queen naija
Queen Pen Featuring Eric Williams,1998,queen pen,queen pen,queen pen
Queen Pen Featuring Teddy Riley,1998,queen pen,queen pen,queen pen
"Queen Pen Featuring Teddy Riley, Nutta Butta, Markell & Jesse Wes",1998,queen pen,queen pen,queen pen
Queens Of The Stone Age,2005,queens of the stone age,queens of the stone age,queens of the stone age
Queensryche,1991,queensryche,queensryche,queensryche
Quicksilver Messenger Service,1971,quicksilver messenger service,quicksilver messenger service,quicksilver messenger service
Quiet Riot,1984,quiet riot,quiet riot,quiet riot
Quincy Jones,1990,quincy jones,quincy jones,quincy jones
Quincy Jones (feat. The Brothers Johnson),1975,quincy jones,quincy jones,quincy jones
Quincy Jones Featuring Babyface & Tamia With Portrai,1996,quincy jones,quincy jones,quincy jones
Quincy Jones Featuring James Ingram,1982,quincy jones,quincy jones,quincy jones
Quincy Jones Featuring Ray Charles & Chaka Khan,1990,quincy jones,quincy jones,quincy jones
Quincy Jones Introducing Tamia,1996,quincy jones introducing tamia,quincy jones introducing tamia,quincy jones introducing tamia
Quincy Jones With Tevin Campbell,1990,quincy jones with tevin campbell,quincy jones,quincy jones
R. City Featuring Adam Levine,2016,r. city,r. city,r city
R. Dean Taylor,1972,r. dean taylor,r. dean taylor,r dean taylor
R. Kelly,2011,r. kelly,r. kelly,r kelly
R. Kelly & Celine Dion,1999,r. kelly & celine dion,r. kelly,r kelly
R. Kelly & Jay-Z,2004,r. kelly & jay-z,r. kelly,r kelly
R. Kelly & Public Announcement,1993,r. kelly & public announcement,r. kelly,r kelly
R. Kelly Duet With Usher,2007,r. kelly duet with usher,r. kelly,r kelly
R. Kelly Featuring 2 Chainz,2013,r. kelly,r. kelly,r kelly
R. Kelly Featuring Big Tigger,2003,r. kelly,r. kelly,r kelly
R. Kelly Featuring Jay-Z,2001,r. kelly,r. kelly,r kelly
R. Kelly Featuring Keith Murray,1999,r. kelly,r. kelly,r kelly
R. Kelly Featuring Keri Hilson,2009,r. kelly,r. kelly,r kelly
R. Kelly Featuring Ronald Isley,1996,r. kelly,r. kelly,r kelly
R. Kelly Featuring The Game,2005,r. kelly,r. kelly,r kelly
R. Kelly Or Bow Wow (Featuring T.I. & T-Pain),2007,r. kelly or bow wow,r. kelly or bow wow,r kelly or bow wow
R.B. Greaves,1970,r.b. greaves,r.b. greaves,rb greaves
R.E.M.,2008,r.e.m.,r.e.m.,rem
"R.L., Snoop Dogg & Lil' Kim",2002,"r.l., snoop dogg & lil' kim",r.l.,rl
RAYE,2025,raye,raye,raye
RAYE Featuring 070 Shake,2023,raye,raye,raye
RAab,1993,raab,raab,raab
RBD,2007,rbd,rbd,rbd
RCR,1980,rcr,rcr,rcr
REO Speedwagon,1990,reo speedwagon,reo speedwagon,reo speedwagon
RKM & Ken-Y,2006,rkm & ken-y,rkm,rkm
RM With Youjeen,2022,rm with youjeen,rm,rm
ROCKMAFIA,2010,rockmafia,rockmafia,rockmafia
ROSE,2024,rose,rose,rose
ROSE & Bruno Mars,2025,rose & bruno mars,rose,rose
RTZ,1992,rtz,rtz,rtz
RZA Feat. Method Man & Cappadonna,1996,rza,rza,rza
Rachel Platten,2016,rachel platten,rachel platten,rachel platten
Rachel Sweet,1983,rachel sweet,rachel sweet,rachel sweet
Radiants,1968,radiants,radiants,radiants
Radiohead,2025,radiohead,radiohead,radiohead
Rae Sremmurd,2017,rae sremmurd,rae sremmurd,rae sremmurd
Rae Sremmurd & Juicy J,2018,rae sremmurd & juicy j,rae sremmurd,rae sremmurd
Rae Sremmurd & Travis Scott,2018,rae sremmurd & travis scott,rae sremmurd,rae sremmurd
Rae Sremmurd Featuring Gucci Mane,2017,rae sremmurd,rae sremmurd,rae sremmurd
Rae Sremmurd Featuring Nicki Minaj & Young Thug,2015,rae sremmurd,rae sremmurd,rae sremmurd
RaeLynn,2015,raelynn,raelynn,raelynn
Raekwon,1996,raekwon,raekwon,raekwon
Raeletts,1970,raeletts,raeletts,raeletts
Rag'n'Bone Man,2017,rag'n'bone man,rag'n'bone man,ragnbone man
Rage Against the Machine,2000,rage against the machine,rage against the machine,rage against the machine
Raheem DeVaughn,2008,raheem devaughn,raheem devaughn,raheem devaughn
Rainbow,1984,rainbow,rainbow,rainbow
Ral Donner,1962,ral donner,ral donner,ral donner
Ralph Carter,1975,ralph carter,ralph carter,ralph carter
Ralph DeMarco,1959,ralph demarco,ralph demarco,ralph demarco
Ralph MacDonald With Bill Withers,1984,ralph macdonald with bill withers,ralph macdonald,ralph macdonald
Ralph Tresvant,1992,ralph tresvant,ralph tresvant,ralph tresvant
Ram Jam,1977,ram jam,ram jam,ram jam
Ramones,1978,ramones,ramones,ramones
Rampage Featuring Billy Lawrence,1997,rampage,rampage,rampage
Ramrods,1961,ramrods,ramrods,ramrods
Ramsey Lewis,1976,ramsey lewis,ramsey lewis,ramsey lewis
"Ramsey Lewis And Earth, Wind & Fire",1975,"ramsey lewis and earth, wind & fire",ramsey lewis,ramsey lewis
Ramsey Lewis Trio,1966,ramsey lewis trio,ramsey lewis trio,ramsey lewis trio
Randy & The Rainbows,1963,randy & the rainbows,randy,randy
Randy Bell,1984,randy bell,randy bell,randy bell
Randy Brown,1979,randy brown,randy brown,randy brown
Randy Edelman,1975,randy edelman,randy edelman,randy edelman
Randy Houser,2016,randy houser,randy houser,randy houser
Randy Meisner,1982,randy meisner,randy meisner,randy meisner
Randy Newman,1989,randy newman,randy newman,randy newman
Randy Newman & Paul Simon,1983,randy newman & paul simon,randy newman,randy newman
Randy Travis,2003,randy travis,randy travis,randy travis
Randy VanWarmer,1981,randy vanwarmer,randy vanwarmer,randy vanwarmer
Raphael Saadiq,1995,raphael saadiq,raphael saadiq,raphael saadiq
Raphael Saadiq & Q-Tip,1999,raphael saadiq & q-tip,raphael saadiq,raphael saadiq
Raphael Saadiq Featuring D'Angelo,2002,raphael saadiq,raphael saadiq,raphael saadiq
Rapination & Kym Mazelle,1993,rapination & kym mazelle,rapination,rapination
Rappin' 4-Tay,1996,rappin' 4-tay,rappin' 4-tay,rappin 4tay
Rappin' 4-Tay Featuring The Spinners,1995,rappin' 4-tay,rappin' 4-tay,rappin 4tay
Rare Earth,1978,rare earth,rare earth,rare earth
Rascal Flatts,2021,rascal flatts,rascal flatts,rascal flatts
Rascal Flatts Featuring Natasha Bedingfield,2012,rascal flatts,rascal flatts,rascal flatts
Raspberries,1974,raspberries,raspberries,raspberries
Ratt,1989,ratt,ratt,ratt
Rauw Alejandro,2024,rauw alejandro,rauw alejandro,rauw alejandro
Rauw Alejandro & Bad Bunny,2025,rauw alejandro & bad bunny,rauw alejandro,rauw alejandro
Rauw Alejandro & Chencho Corleone,2022,rauw alejandro & chencho corleone,rauw alejandro,rauw alejandro
Rauw Alejandro & Feid,2024,rauw alejandro & feid,rauw alejandro,rauw alejandro
Rauw Alejandro & Laura Pausini,2024,rauw alejandro & laura pausini,rauw alejandro,rauw alejandro
Rauw Alejandro & Romeo Santos,2025,rauw alejandro & romeo santos,rauw alejandro,rauw alejandro
"Rauw Alejandro, Lyanno & Brray",2022,"rauw alejandro, lyanno & brray",rauw alejandro,rauw alejandro
Raven-Symone,1993,raven-symone,raven-symone,ravensymone
Ravyn Lenae,2025,ravyn lenae,ravyn lenae,ravyn lenae
Ray And Bob,1962,ray and bob,ray,ray
Ray Anthony,1963,ray anthony,ray anthony,ray anthony
Ray Anthony and His Orchestra,1959,ray anthony and his orchestra,ray anthony,ray anthony
Ray Barretto,1963,ray barretto,ray barretto,ray barretto
Ray Bryant,1967,ray bryant,ray bryant,ray bryant
Ray Bryant Combo,1960,ray bryant combo,ray bryant combo,ray bryant combo
Ray Charles,1975,ray charles,ray charles,ray charles
Ray Charles & Betty Carter,1962,ray charles & betty carter,ray charles,ray charles
Ray Charles & Jimmy Lewis,1969,ray charles & jimmy lewis,ray charles,ray charles
Ray Charles & The Raelets,1966,ray charles & the raelets,ray charles,ray charles
Ray Charles And His Orchestra With The Raelettes,1961,ray charles and his orchestra with the raelettes,ray charles,ray charles
Ray Charles and his Orchestra,1966,ray charles and his orchestra,ray charles,ray charles
Ray Charles with the Raylettes,1959,ray charles with the raylettes,ray charles,ray charles
Ray Conniff And The Singers,1966,ray conniff and the singers,ray conniff,ray conniff
Ray Conniff His Orchestra And Chorus,1960,ray conniff his orchestra and chorus,ray conniff his orchestra,ray conniff his orchestra
Ray Ellis,1960,ray ellis,ray ellis,ray ellis
Ray Ellis And His Orchestra,1961,ray ellis and his orchestra,ray ellis,ray ellis
Ray J,2006,ray j,ray j,ray j
Ray J & Yung Berg,2008,ray j & yung berg,ray j,ray j
Ray J Featuring Bobby Brackins,2013,ray j,ray j,ray j
Ray J Featuring Lil' Kim,2001,ray j,ray j,ray j
Ray Kennedy,1980,ray kennedy,ray kennedy,ray kennedy
Ray LaMontagne,2008,ray lamontagne,ray lamontagne,ray lamontagne
Ray Parker Jr.,2024,ray parker jr.,ray parker jr.,ray parker jr
Ray Parker Jr. & Raydio,1981,ray parker jr. & raydio,ray parker jr.,ray parker jr
"Ray Parker,Jr. & Helen Terry",1986,"ray parker,jr. & helen terry",ray parker,ray parker
Ray Peterson,1964,ray peterson,ray peterson,ray peterson
Ray Price,1973,ray price,ray price,ray price
Ray Sawyer,1976,ray sawyer,ray sawyer,ray sawyer
Ray Sharpe,1959,ray sharpe,ray sharpe,ray sharpe
Ray Smith,1960,ray smith,ray smith,ray smith
Ray Stevens,1979,ray stevens,ray stevens,ray stevens
"Ray, Goodman & Brown",1980,"ray, goodman & brown",ray,ray
Raybon Bros.,1997,raybon bros.,raybon bros.,raybon bros
Raydio,1979,raydio,raydio,raydio
Raymond Lefevre and His Orchestra,1968,raymond lefevre and his orchestra,raymond lefevre,raymond lefevre
Rayvon,1994,rayvon,rayvon,rayvon
Razzy,1974,razzy,razzy,razzy
Re-flex,1984,re-flex,re-flex,reflex
Ready For The World,1987,ready for the world,ready for the world,ready for the world
Real Boston Richey,2025,real boston richey,real boston richey,real boston richey
Real Life,1989,real life,real life,real life
Real McCoy,1997,real mccoy,real mccoy,real mccoy
RealestK,2021,realestk,realestk,realestk
Reality,1994,reality,reality,reality
Reba,2011,reba,reba,reba
Reba McEntire,2005,reba mcentire,reba mcentire,reba mcentire
Reba McEntire Duet With Kelly Clarkson,2007,reba mcentire duet with kelly clarkson,reba mcentire,reba mcentire
Rebbie Jackson,1985,rebbie jackson,rebbie jackson,rebbie jackson
Rebecca Black,2011,rebecca black,rebecca black,rebecca black
Rebecca Black & Dave Days,2013,rebecca black & dave days,rebecca black,rebecca black
Rebecca Lynn Howard,2002,rebecca lynn howard,rebecca lynn howard,rebecca lynn howard
Rebekah,1998,rebekah,rebekah,rebekah
Red Eye,1971,red eye,red eye,red eye
Red Hot Chili Peppers,2022,red hot chili peppers,red hot chili peppers,red hot chili peppers
Red Rider,1984,red rider,red rider,red rider
Red River Dave,1960,red river dave,red river dave,red river dave
Red Rockers,1983,red rockers,red rockers,red rockers
Red Skelton,1969,red skelton,red skelton,red skelton
Red Sovine,1976,red sovine,red sovine,red sovine
Redbone,1974,redbone,redbone,redbone
Redeye,1971,redeye,redeye,redeye
Redhead Kingpin & The F.B.I.,1992,redhead kingpin & the f.b.i.,redhead kingpin,redhead kingpin
Redman,1997,redman,redman,redman
Redman Featuring DJ Kool,2001,redman,redman,redman
Redman Featuring K-Solo,1997,redman,redman,redman
Redman/Method Man,1995,redman,redman,redman
Rednex,1995,rednex,rednex,rednex
Reel 2 Real Featuring The Mad Stuntman,1994,reel 2 real,reel 2 real,reel 2 real
Reel Tight,1998,reel tight,reel tight,reel tight
Reeve Carney Featuring Bono & The Edge,2011,reeve carney,reeve carney,reeve carney
Refugee Camp All Stars Featuring Pras (With Ky-mani),1997,refugee camp all stars,refugee camp all stars,refugee camp all stars
Reg Owen & His Orchestra,1959,reg owen & his orchestra,reg owen,reg owen
Regard,2020,regard,regard,regard
Regard x Troye Sivan x Tate McRae,2021,regard x troye sivan x tate mcrae,regard,regard
Regina,1986,regina,regina,regina
Regina Belle,1993,regina belle,regina belle,regina belle
Regina Spektor,2007,regina spektor,regina spektor,regina spektor
Rehab,2008,rehab,rehab,rehab
Reik Featuring Ozuna & Wisin,2018,reik,reik,reik
Reina,2003,reina,reina,reina
Reiss Featuring Special Guest Michie Mee,1998,reiss,reiss,reiss
Rej3ctz,2011,rej3ctz,rej3ctz,rej3ctz
Rejoice!,1968,rejoice!,rejoice!,rejoice
Relient K,2006,relient k,relient k,relient k
Rell Featuring Jay-Z,1998,rell,rell,rell
Rema & Selena Gomez,2023,rema & selena gomez,rema,rema
Remedy,1993,remedy,remedy,remedy
Remy Ma,2006,remy ma,remy ma,remy ma
Remy Shand,2002,remy shand,remy shand,remy shand
Rene & Angela,1986,rene & angela,rene,rene
Rene & Rene,1969,rene & rene,rene,rene
Rene And Ray,1962,rene and ray,rene,rene
Reparata,1975,reparata,reparata,reparata
Reparata And The Delrons,1965,reparata and the delrons,reparata,reparata
Republica,1997,republica,republica,republica
Restless Heart,1993,restless heart,restless heart,restless heart
Restless Heart Featuring Warren Hill,1993,restless heart,restless heart,restless heart
Reuben Howell,1974,reuben howell,reuben howell,reuben howell
Reunion,1974,reunion,reunion,reunion
"Rev. Martin Luther King, Jr.",1968,"rev. martin luther king, jr.",rev. martin luther king,rev martin luther king
Revelation,1976,revelation,revelation,revelation
Rex Allen,1962,rex allen,rex allen,rex allen
Rex Smith,1979,rex smith,rex smith,rex smith
Rex Smith/Rachel Sweet,1981,rex smith,rex smith,rex smith
Rhinoceros,1969,rhinoceros,rhinoceros,rhinoceros
Rhythm Heritage,1977,rhythm heritage,rhythm heritage,rhythm heritage
Rhythm Syndicate,1992,rhythm syndicate,rhythm syndicate,rhythm syndicate
Ric Ocasek,1987,ric ocasek,ric ocasek,ric ocasek
Ric-A-Che Featuring Darija,2004,ric-a-che,ric-a-che,ricache
Ricardo Ray,1968,ricardo ray,ricardo ray,ricardo ray
Ricegum Featuring Alissa Violet,2017,ricegum,ricegum,ricegum
Rich Amiri,2024,rich amiri,rich amiri,rich amiri
Rich Boy Featuring Polow Da Don,2007,rich boy,rich boy,rich boy
"Rich Gang Featuring Lil Wayne, Birdman, Future, Mack Maine, Nicki Minaj",2013,rich gang,rich gang,rich gang
Rich Gang Featuring Young Thug & Rich Homie Quan,2015,rich gang,rich gang,rich gang
Rich Homie Quan,2015,rich homie quan,rich homie quan,rich homie quan
Rich Homie Quan Featuring Problem,2014,rich homie quan,rich homie quan,rich homie quan
Rich The Kid,2019,rich the kid,rich the kid,rich the kid
Rich The Kid Featuring Kendrick Lamar,2018,rich the kid,rich the kid,rich the kid
"Richard ""Dimples"" Fields",1982,"richard ""dimples"" fields","richard ""dimples"" fields",richard dimples fields
"Richard ""Groove"" Holmes",1966,"richard ""groove"" holmes","richard ""groove"" holmes",richard groove holmes
Richard And The Young Lions,1966,richard and the young lions,richard,richard
Richard Barrett With The Chantels,1959,richard barrett with the chantels,richard barrett,richard barrett
Richard Burton,1965,richard burton,richard burton,richard burton
Richard Chamberlain,1964,richard chamberlain,richard chamberlain,richard chamberlain
Richard Cocciante,1976,richard cocciante,richard cocciante,richard cocciante
Richard Harris,1972,richard harris,richard harris,richard harris
Richard Hayman And His Orchestra,1961,richard hayman and his orchestra,richard hayman,richard hayman
Richard Marx,1997,richard marx,richard marx,richard marx
Richard Marx & Donna Lewis,1998,richard marx & donna lewis,richard marx,richard marx
Richie Allen,1960,richie allen,richie allen,richie allen
Richie Furay,1980,richie furay,richie furay,richie furay
Richie Havens,1971,richie havens,richie havens,richie havens
Richie Rich,1997,richie rich,richie rich,richie rich
Richie Sambora,1991,richie sambora,richie sambora,richie sambora
Richy Mitch And The Coal Miners,2024,richy mitch and the coal miners,richy mitch,richy mitch
Rick And The Keens,1961,rick and the keens,rick,rick
Rick Astley,1994,rick astley,rick astley,rick astley
Rick Bowles,1982,rick bowles,rick bowles,rick bowles
Rick Cunha,1974,rick cunha,rick cunha,rick cunha
Rick Dees,1985,rick dees,rick dees,rick dees
Rick Dees & His Cast Of Idiots,1977,rick dees & his cast of idiots,rick dees,rick dees
Rick Derringer,1975,rick derringer,rick derringer,rick derringer
Rick James,1985,rick james,rick james,rick james
Rick James And Smokey Robinson,1984,rick james and smokey robinson,rick james,rick james
Rick Nelson,1970,rick nelson,rick nelson,rick nelson
Rick Nelson And The Stone Canyon Band,1973,rick nelson and the stone canyon band,rick nelson,rick nelson
Rick Pinette & Oak,1980,rick pinette & oak,rick pinette,rick pinette
Rick Ross,2006,rick ross,rick ross,rick ross
Rick Ross & Meek Mill,2023,rick ross & meek mill,rick ross,rick ross
Rick Ross Featuring Chris Brown,2015,rick ross,rick ross,rick ross
Rick Ross Featuring Drake,2019,rick ross,rick ross,rick ross
Rick Ross Featuring Drake & Chrisette Michele,2011,rick ross,rick ross,rick ross
Rick Ross Featuring Drake & French Montana,2012,rick ross,rick ross,rick ross
Rick Ross Featuring JAY Z,2014,rick ross,rick ross,rick ross
Rick Ross Featuring John Legend,2009,rick ross,rick ross,rick ross
Rick Ross Featuring Kanye West & Big Sean,2014,rick ross,rick ross,rick ross
"Rick Ross Featuring Kanye West, T-Pain & Lil' Wayne",2009,rick ross,rick ross,rick ross
Rick Ross Featuring Lil Wayne Or T.I.,2011,rick ross,rick ross,rick ross
Rick Ross Featuring Ne-Yo,2010,rick ross,rick ross,rick ross
Rick Ross Featuring Nelly & Avery Storm,2008,rick ross,rick ross,rick ross
Rick Ross Featuring Nicki Minaj,2012,rick ross,rick ross,rick ross
Rick Ross Featuring Styles P,2010,rick ross,rick ross,rick ross
Rick Ross Featuring T-Pain,2008,rick ross,rick ross,rick ross
Rick Ross Featuring Wale & Drake,2013,rick ross,rick ross,rick ross
Rick Ross Featuring Young Thug & Wale,2017,rick ross,rick ross,rick ross
Rick Springfield,1988,rick springfield,rick springfield,rick springfield
Rick Springfield With Randy Crawford,1985,rick springfield with randy crawford,rick springfield,rick springfield
Rickie Lee Jones,1984,rickie lee jones,rickie lee jones,rickie lee jones
Ricky Martin,2003,ricky martin,ricky martin,ricky martin
Ricky Martin Duet With Christina Aguilera,2001,ricky martin duet with christina aguilera,ricky martin,ricky martin
Ricky Martin Featuring Fat Joe & Amerie,2005,ricky martin,ricky martin,ricky martin
Ricky Martin Featuring La Mari De Chambao Y Tommy Torres,2006,ricky martin,ricky martin,ricky martin
Ricky Martin Featuring Meja,2000,ricky martin,ricky martin,ricky martin
Ricky Martin Featuring Natalia Jimenez,2011,ricky martin,ricky martin,ricky martin
Ricky Nelson,1963,ricky nelson,ricky nelson,ricky nelson
Rico Love,2014,rico love,rico love,rico love
Riff,1992,riff,riff,riff
Right Said Fred,1992,right said fred,right said fred,right said fred
Rihanna,2025,rihanna,rihanna,rihanna
Rihanna & Kanye West & Paul McCartney,2015,rihanna & kanye west & paul mccartney,rihanna,rihanna
Rihanna & Sean Paul,2007,rihanna & sean paul,rihanna,rihanna
Rihanna Featuring Britney Spears,2011,rihanna,rihanna,rihanna
Rihanna Featuring Calvin Harris,2023,rihanna,rihanna,rihanna
Rihanna Featuring Chris Brown,2012,rihanna,rihanna,rihanna
Rihanna Featuring David Guetta,2013,rihanna,rihanna,rihanna
Rihanna Featuring Drake,2016,rihanna,rihanna,rihanna
Rihanna Featuring Future,2013,rihanna,rihanna,rihanna
Rihanna Featuring Jay-Z,2023,rihanna,rihanna,rihanna
Rihanna Featuring Jeezy,2010,rihanna,rihanna,rihanna
Rihanna Featuring Mikky Ekko,2013,rihanna,rihanna,rihanna
Rihanna Featuring Ne-Yo,2008,rihanna,rihanna,rihanna
Rihanna Featuring Slash,2010,rihanna,rihanna,rihanna
Riley Green,2025,riley green,riley green,riley green
Riley Green Featuring Ella Langley,2025,riley green,riley green,riley green
Riley Green Featuring Luke Combs,2024,riley green,riley green,riley green
Ringo Starr,1982,ringo starr,ringo starr,ringo starr
Ripple,1973,ripple,ripple,ripple
Rise Against,2011,rise against,rise against,rise against
Rita Coolidge,1983,rita coolidge,rita coolidge,rita coolidge
Rita Ora,2014,rita ora,rita ora,rita ora
Rita Pavone,1964,rita pavone,rita pavone,rita pavone
Ritchie Valens,1959,ritchie valens,ritchie valens,ritchie valens
Ritt Momney,2021,ritt momney,ritt momney,ritt momney
Rixton,2014,rixton,rixton,rixton
Roachford,1989,roachford,roachford,roachford
Rob $tone Featuring J. Davi$ & Spooks,2017,rob $tone,rob $tone,rob stone
Rob Base & D.J. E-Z Rock,1989,rob base & d.j. e-z rock,rob base,rob base
Rob Jungklas,1987,rob jungklas,rob jungklas,rob jungklas
Rob Thomas,2010,rob thomas,rob thomas,rob thomas
Robbie Dupree,1981,robbie dupree,robbie dupree,robbie dupree
Robbie Nevil,1991,robbie nevil,robbie nevil,robbie nevil
Robbie Patton,1983,robbie patton,robbie patton,robbie patton
Robbie Williams,2000,robbie williams,robbie williams,robbie williams
Robbin Thompson Band,1980,robbin thompson band,robbin thompson band,robbin thompson band
Robert & Johnny,1958,robert & johnny,robert,robert
Robert Ellis Orral With Carlene Carter,1983,robert ellis orral with carlene carter,robert ellis orral,robert ellis orral
Robert Gordon,1981,robert gordon,robert gordon,robert gordon
Robert Gordon With Link Wray,1977,robert gordon with link wray,robert gordon,robert gordon
Robert Goulet,1965,robert goulet,robert goulet,robert goulet
Robert Hazard,1983,robert hazard,robert hazard,robert hazard
Robert John,1983,robert john,robert john,robert john
Robert Knight,1968,robert knight,robert knight,robert knight
Robert Maxwell His Harp And Orchestra,1964,robert maxwell his harp and orchestra,robert maxwell his harp,robert maxwell his harp
Robert Miles,1996,robert miles,robert miles,robert miles
Robert Miles Featuring Maria Nayler,1997,robert miles,robert miles,robert miles
Robert Mitchum,1967,robert mitchum,robert mitchum,robert mitchum
Robert Palmer,1991,robert palmer,robert palmer,robert palmer
Robert Parker,1967,robert parker,robert parker,robert parker
Robert Plant,1990,robert plant,robert plant,robert plant
Robert Tepper,1986,robert tepper,robert tepper,robert tepper
Roberta Flack,1982,roberta flack,roberta flack,roberta flack
Roberta Flack & Donny Hathaway,1972,roberta flack & donny hathaway,roberta flack,roberta flack
Roberta Flack With Donny Hathaway,1980,roberta flack with donny hathaway,roberta flack,roberta flack
Roberta Flack With Maxi Priest,1992,roberta flack with maxi priest,roberta flack,roberta flack
Robey,1985,robey,robey,robey
Robin George,1985,robin george,robin george,robin george
Robin Gibb,1984,robin gibb,robin gibb,robin gibb
Robin Lane & The Chartbusters,1980,robin lane & the chartbusters,robin lane,robin lane
Robin Luke,1958,robin luke,robin luke,robin luke
Robin McNamara,1970,robin mcnamara,robin mcnamara,robin mcnamara
Robin S.,1997,robin s.,robin s.,robin s
Robin Schulz Featuring Francesco Yates,2016,robin schulz,robin schulz,robin schulz
Robin Thicke,2014,robin thicke,robin thicke,robin thicke
Robin Thicke Featuring Kendrick Lamar,2013,robin thicke,robin thicke,robin thicke
Robin Thicke Featuring T.I. + Pharrell,2014,robin thicke,robin thicke,robin thicke
Robin Trower,1977,robin trower,robin trower,robin trower
Robin Ward,1964,robin ward,robin ward,robin ward
Robyn,1998,robyn,robyn,robyn
Rocco Granata and the International Quintet,1960,rocco granata and the international quintet,rocco granata,rocco granata
Rochell And The Candles With Johnny Wyatt,1961,rochell and the candles with johnny wyatt,rochell,rochell
Rock & Roll Double Bubble,1969,rock & roll double bubble,rock,rock
Rock And Hyde,1987,rock and hyde,rock,rock
Rock Flowers,1972,rock flowers,rock flowers,rock flowers
Rock-A-Teens,1959,rock-a-teens,rock-a-teens,rockateens
Rockell,1998,rockell,rockell,rockell
Rockell [Duet With Collage],1998,rockell,rockell,rockell
Rockets,1980,rockets,rockets,rockets
Rockie Robbins,1980,rockie robbins,rockie robbins,rockie robbins
Rockin' Rebels,1963,rockin' rebels,rockin' rebels,rockin rebels
Rocko,2008,rocko,rocko,rocko
Rocko Featuring Future & Rick Ross,2013,rocko,rocko,rocko
Rockpile,1981,rockpile,rockpile,rockpile
Rockwell,2024,rockwell,rockwell,rockwell
Rocky Burnette,1980,rocky burnette,rocky burnette,rocky burnette
Rocky Olson,1959,rocky olson,rocky olson,rocky olson
Rod Bernard,1960,rod bernard,rod bernard,rod bernard
Rod Hart,1977,rod hart,rod hart,rod hart
Rod Lauren,1960,rod lauren,rod lauren,rod lauren
Rod McKuen,1962,rod mckuen,rod mckuen,rod mckuen
Rod Stewart,1998,rod stewart,rod stewart,rod stewart
Rod Stewart With Faces,1972,rod stewart with faces,rod stewart,rod stewart
Rod Stewart With Ronald Isley,1990,rod stewart with ronald isley,rod stewart,rod stewart
Rod Wave,2025,rod wave,rod wave,rod wave
Rod Wave & Be Charlotte,2024,rod wave & be charlotte,rod wave,rod wave
Rod Wave & Kevin Gates,2019,rod wave & kevin gates,rod wave,rod wave
Rod Wave & Sadie Jean,2023,rod wave & sadie jean,rod wave,rod wave
Rod Wave & Wet,2023,rod wave & wet,rod wave,rod wave
Rod Wave Featuring 21 Savage,2024,rod wave,rod wave,rod wave
Rod Wave Featuring ATR Son Son,2020,rod wave,rod wave,rod wave
Rod Wave Featuring Jack Harlow,2022,rod wave,rod wave,rod wave
Rod Wave Featuring Kodak Black,2021,rod wave,rod wave,rod wave
Rod Wave Featuring Lil Durk,2021,rod wave,rod wave,rod wave
Rod Wave Featuring Lil Yachty & Lil Baby,2024,rod wave,rod wave,rod wave
Rod Wave Featuring Polo G,2021,rod wave,rod wave,rod wave
Roddie Joy,1965,roddie joy,roddie joy,roddie joy
Roddy Ricch,2022,roddy ricch,roddy ricch,roddy ricch
Roddy Ricch & Gunna,2020,roddy ricch & gunna,roddy ricch,roddy ricch
Roddy Ricch Featuring A Boogie wit da Hoodie,2020,roddy ricch,roddy ricch,roddy ricch
Roddy Ricch Featuring Kodak Black & 21 Savage,2022,roddy ricch,roddy ricch,roddy ricch
Roddy Ricch Featuring Lil Baby,2022,roddy ricch,roddy ricch,roddy ricch
Roddy Ricch Featuring Meek Mill,2020,roddy ricch,roddy ricch,roddy ricch
Roddy Ricch Featuring Mustard,2020,roddy ricch,roddy ricch,roddy ricch
Rodney Atkins,2011,rodney atkins,rodney atkins,rodney atkins
Rodney Crowell,1980,rodney crowell,rodney crowell,rodney crowell
Rodney Dangerfield,1984,rodney dangerfield,rodney dangerfield,rodney dangerfield
Rodney O & Joe Cooley,1993,rodney o & joe cooley,rodney o,rodney o
Rodway,1983,rodway,rodway,rodway
Roger,1988,roger,roger,roger
Roger Daltrey,1986,roger daltrey,roger daltrey,roger daltrey
Roger Hodgson,1985,roger hodgson,roger hodgson,roger hodgson
Roger Miller,1969,roger miller,roger miller,roger miller
Roger Smith,1959,roger smith,roger smith,roger smith
Roger Voudouris,1979,roger voudouris,roger voudouris,roger voudouris
Roger Whittaker,1975,roger whittaker,roger whittaker,roger whittaker
Roger Williams,1969,roger williams,roger williams,roger williams
Rolf Harris,1963,rolf harris,rolf harris,rolf harris
Roman Holliday,1985,roman holliday,roman holliday,roman holliday
Rome,1997,rome,rome,rome
Romeo & Juliet Soundtrack,1969,romeo & juliet soundtrack,romeo,romeo
Romeo Santos,2017,romeo santos,romeo santos,romeo santos
Romeo Santos & Justin Timberlake,2022,romeo santos & justin timberlake,romeo santos,romeo santos
Romeo Santos Featuring Drake,2014,romeo santos,romeo santos,romeo santos
Romeo Santos Featuring Nicky Jam & Daddy Yankee,2017,romeo santos,romeo santos,romeo santos
Romeo Santos Featuring Usher,2011,romeo santos,romeo santos,romeo santos
Romeo Void,1984,romeo void,romeo void,romeo void
Romeo's Daughter,1988,romeo's daughter,romeo's daughter,romeos daughter
Ron And The D.C. Crew,1987,ron and the d.c. crew,ron,ron
Ron Banks And The Dramatics,1975,ron banks and the dramatics,ron banks,ron banks
Ron Holden with The Thunderbirds,1960,ron holden with the thunderbirds,ron holden,ron holden
Ronnie Carroll,1963,ronnie carroll,ronnie carroll,ronnie carroll
Ronnie Dove,1969,ronnie dove,ronnie dove,ronnie dove
Ronnie Dunn,2011,ronnie dunn,ronnie dunn,ronnie dunn
Ronnie Dyson,1976,ronnie dyson,ronnie dyson,ronnie dyson
Ronnie Hawkins,1970,ronnie hawkins,ronnie hawkins,ronnie hawkins
Ronnie Hawkins and The Hawks,1959,ronnie hawkins and the hawks,ronnie hawkins,ronnie hawkins
Ronnie Height,1959,ronnie height,ronnie height,ronnie height
Ronnie Laws,1981,ronnie laws,ronnie laws,ronnie laws
Ronnie Love And His Orchestra,1961,ronnie love and his orchestra,ronnie love,ronnie love
Ronnie McDowell,1978,ronnie mcdowell,ronnie mcdowell,ronnie mcdowell
Ronnie Milsap,1984,ronnie milsap,ronnie milsap,ronnie milsap
Ronnie Savoy,1961,ronnie savoy,ronnie savoy,ronnie savoy
Ronnie Spector,1971,ronnie spector,ronnie spector,ronnie spector
Ronnie and The Hi-Lites,1962,ronnie and the hi-lites,ronnie,ronnie
Ronny And The Daytonas,1966,ronny and the daytonas,ronny,ronny
Ronny Douglas,1961,ronny douglas,ronny douglas,ronny douglas
Roosevelt Fountain And Pens Of Rhythm,1963,roosevelt fountain and pens of rhythm,roosevelt fountain,roosevelt fountain
Rosa Linn,2023,rosa linn,rosa linn,rosa linn
Rosalia,2022,rosalia,rosalia,rosalia
Rosalia & Rauw Alejandro,2023,rosalia & rauw alejandro,rosalia,rosalia
Rosalia & Travis Scott,2020,rosalia & travis scott,rosalia,rosalia
Rosalia Featuring The Weeknd,2021,rosalia,rosalia,rosalia
Rosanne Cash,1981,rosanne cash,rosanne cash,rosanne cash
Rosco Gordon,1960,rosco gordon,rosco gordon,rosco gordon
Rosco Martinez,1994,rosco martinez,rosco martinez,rosco martinez
Rosco Robinson,1966,rosco robinson,rosco robinson,rosco robinson
Roscoe Dash,2012,roscoe dash,roscoe dash,roscoe dash
Roscoe Dash Featuring Soulja Boy Tell'em,2010,roscoe dash,roscoe dash,roscoe dash
Rose Colored Glass,1971,rose colored glass,rose colored glass,rose colored glass
Rose Royce,1979,rose royce,rose royce,rose royce
Rosemary Clooney,1960,rosemary clooney,rosemary clooney,rosemary clooney
Rosie,1961,rosie,rosie,rosie
Rosie And The Originals,1961,rosie and the originals,rosie,rosie
"Ross Lynch, Grace Phipps And Jason Evigan",2013,"ross lynch, grace phipps and jason evigan",ross lynch,ross lynch
Rossington Collins Band,1980,rossington collins band,rossington collins band,rossington collins band
Rotary Connection,1970,rotary connection,rotary connection,rotary connection
Rough Trade,1983,rough trade,rough trade,rough trade
Roula,1995,roula,roula,roula
Round Robin,1964,round robin,round robin,round robin
Roxanne,1988,roxanne,roxanne,roxanne
Roxette,1994,roxette,roxette,roxette
Roxy Music,1980,roxy music,roxy music,roxy music
Roy Clark,1974,roy clark,roy clark,roy clark
Roy Drusky,1961,roy drusky,roy drusky,roy drusky
Roy Hamilton,1961,roy hamilton,roy hamilton,roy hamilton
Roy Head,1971,roy head,roy head,roy head
Roy Head And The Traits,1966,roy head and the traits,roy head,roy head
Roy Orbison,1989,roy orbison,roy orbison,roy orbison
Roy Orbison & Emmylou Harris,1980,roy orbison & emmylou harris,roy orbison,roy orbison
Roy Orbison And The Candy Men,1964,roy orbison and the candy men,roy orbison,roy orbison
Roy Rogers,1975,roy rogers,roy rogers,roy rogers
Royal Philharmonic Orchestra,1982,royal philharmonic orchestra,royal philharmonic orchestra,royal philharmonic orchestra
Royal Teens,1960,royal teens,royal teens,royal teens
Royel Otis,2024,royel otis,royel otis,royel otis
Rozalla,1994,rozalla,rozalla,rozalla
Rozetta Johnson,1970,rozetta johnson,rozetta johnson,rozetta johnson
RuPaul,1996,rupaul,rupaul,rupaul
Rubber Rodeo,1984,rubber rodeo,rubber rodeo,rubber rodeo
Ruben Studdard,2006,ruben studdard,ruben studdard,ruben studdard
Rubicon,1978,rubicon,rubicon,rubicon
Ruby And The Romantics,1965,ruby and the romantics,ruby,ruby
Ruby Andrews,1969,ruby andrews,ruby andrews,ruby andrews
Ruby Winters,1970,ruby winters,ruby winters,ruby winters
Ruby Wright,1959,ruby wright,ruby wright,ruby wright
Rudimental Featuring Ed Sheeran,2016,rudimental,rudimental,rudimental
Ruff Endz,2002,ruff endz,ruff endz,ruff endz
Ruffneck Featuring Yavahn,1996,ruffneck,ruffneck,ruffneck
Rufus & Carla,1964,rufus & carla,rufus,rufus
Rufus And Chaka Khan,1984,rufus and chaka khan,rufus,rufus
Rufus Blaq,1998,rufus blaq,rufus blaq,rufus blaq
Rufus Featuring Chaka Khan,1977,rufus,rufus,rufus
Rufus Thomas,1972,rufus thomas,rufus thomas,rufus thomas
Rufus With Chaka Khan,1982,rufus with chaka khan,rufus,rufus
Rufus/Chaka Khan,1978,rufus,rufus,rufus
"Rumi, JINU, EJAE & Andrew Choi",2025,"rumi, jinu, ejae & andrew choi",rumi,rumi
Run-D.M.C.,1993,run-d.m.c.,run-d.m.c.,rundmc
Runaway June,2019,runaway june,runaway june,runaway june
Runt,1971,runt,runt,runt
Runt-Todd Rundgren,1971,runt-todd rundgren,runt-todd rundgren,runttodd rundgren
Rupee,2005,rupee,rupee,rupee
Rupert Holmes,1981,rupert holmes,rupert holmes,rupert holmes
Rush,1986,rush,rush,rush
Russ,2023,russ,russ,russ
Russ & Bia,2020,russ & bia,russ,russ
Russ & Ed Sheeran,2022,russ & ed sheeran,russ,russ
Russ Ballard,1980,russ ballard,russ ballard,russ ballard
Russ Featuring Ktlyn,2022,russ,russ,russ
Russ Irwin,1991,russ irwin,russ irwin,russ irwin
Russell Byrd,1961,russell byrd,russell byrd,russell byrd
Russell Dickerson,2025,russell dickerson,russell dickerson,russell dickerson
Russell Dickerson & Jake Scott,2022,russell dickerson & jake scott,russell dickerson,russell dickerson
Rusted Root,1995,rusted root,rusted root,rusted root
Rusty Draper,1963,rusty draper,rusty draper,rusty draper
Rusty Wier,1975,rusty wier,rusty wier,rusty wier
Rusty York,1959,rusty york,rusty york,rusty york
Ruth B,2016,ruth b,ruth b,ruth b
Ruth Brown,1962,ruth brown,ruth brown,ruth brown
Ryan Cabrera,2005,ryan cabrera,ryan cabrera,ryan cabrera
Ryan Castro x Pe$o Pluma,2023,ryan castro x pe$o pluma,ryan castro,ryan castro
Ryan Duarte,2004,ryan duarte,ryan duarte,ryan duarte
Ryan Gosling,2023,ryan gosling,ryan gosling,ryan gosling
Ryan Hurd With Maren Morris,2022,ryan hurd with maren morris,ryan hurd,ryan hurd
Ryan Leslie,2008,ryan leslie,ryan leslie,ryan leslie
Rylo Rodriguez,2023,rylo rodriguez,rylo rodriguez,rylo rodriguez
Rylo Rodriguez Featuring NoCap,2023,rylo rodriguez,rylo rodriguez,rylo rodriguez
S Club 7,2001,s club 7,s club 7,s club 7
S-Express,1988,s-express,s-express,sexpress
S.O.A.P.,1998,s.o.a.p.,s.o.a.p.,soap
S.S.O.,1976,s.s.o.,s.s.o.,sso
SF Spanish Fly,1995,sf spanish fly,sf spanish fly,sf spanish fly
SHAED,2020,shaed,shaed,shaed
SHeDAISY,2005,shedaisy,shedaisy,shedaisy
SOB X RBE,2018,sob x rbe,sob,sob
SSgt Barry Sadler,1966,ssgt barry sadler,ssgt barry sadler,ssgt barry sadler
SWV,1998,swv,swv,swv
SWV (Featuring Puff Daddy),1997,swv,swv,swv
SZA,2025,sza,sza,sza
SZA Featuring Don Toliver,2023,sza,sza,sza
SZA Featuring Ol' Dirty Bastard,2022,sza,sza,sza
SZA Featuring Phoebe Bridgers,2023,sza,sza,sza
SZA Featuring Travis Scott,2023,sza,sza,sza
SZA Featuring Ty Dolla $ign,2021,sza,sza,sza
SZA With Kendrick Lamar,2025,sza with kendrick lamar,sza,sza
SZA X Justin Timberlake,2020,sza x justin timberlake,sza,sza
"SZA, The Weeknd & Travis Scott",2019,"sza, the weeknd & travis scott",sza,sza
SaFire,1991,safire,safire,safire
Sabrina Carpenter,2025,sabrina carpenter,sabrina carpenter,sabrina carpenter
Sad Cafe,1981,sad cafe,sad cafe,sad cafe
Sada Baby Featuring Nicki Minaj,2020,sada baby,sada baby,sada baby
Sadat X,1996,sadat x,sadat,sadat
Sade,2010,sade,sade,sade
Safaris with The Phantom's Band,1960,safaris with the phantom's band,safaris,safaris
Saga,1983,saga,saga,saga
Sagat,1994,sagat,sagat,sagat
Sage The Gemini,2017,sage the gemini,sage the gemini,sage the gemini
Sage The Gemini Featuring IamSu!,2014,sage the gemini,sage the gemini,sage the gemini
Sage The Gemini Featuring Nick Jonas,2015,sage the gemini,sage the gemini,sage the gemini
Sagittarius,1969,sagittarius,sagittarius,sagittarius
Saigon Kick,1993,saigon kick,saigon kick,saigon kick
Sailcat,1972,sailcat,sailcat,sailcat
Saint Jhn,2020,saint jhn,saint jhn,saint jhn
Saint Tropez,1979,saint tropez,saint tropez,saint tropez
"Saja Boys: Andrew Choi, Neckwav, Danny Chung, Kevin Woo & samUIL Lee",2025,"saja boys: andrew choi, neckwav, danny chung, kevin woo & samuil lee",saja boys: andrew choi,saja boys andrew choi
Saliva,2003,saliva,saliva,saliva
Sally Field,1967,sally field,sally field,sally field
Salt-N-Pepa,1998,salt-n-pepa,salt-n-pepa,saltnpepa
Salt-N-Pepa Featuring En Vogue,1994,salt-n-pepa,salt-n-pepa,saltnpepa
Salvage,1971,salvage,salvage,salvage
Sam & Bill,1966,sam & bill,sam,sam
Sam & Dave,1969,sam & dave,sam,sam
Sam Adams,2010,sam adams,sam adams,sam adams
Sam Barber Featuring Avery Anna,2025,sam barber,sam barber,sam barber
Sam Brown,1989,sam brown,sam brown,sam brown
Sam Cooke,1966,sam cooke,sam cooke,sam cooke
Sam Harris,1986,sam harris,sam harris,sam harris
Sam Hunt,2025,sam hunt,sam hunt,sam hunt
Sam Neely,1977,sam neely,sam neely,sam neely
Sam Palladio & Clare Bowen,2012,sam palladio & clare bowen,sam palladio,sam palladio
Sam Salter,1998,sam salter,sam salter,sam salter
Sam Smith,2023,sam smith,sam smith,sam smith
Sam Smith & Demi Lovato,2020,sam smith & demi lovato,sam smith,sam smith
Sam Smith & Kim Petras,2023,sam smith & kim petras,sam smith,sam smith
Sam Smith & Normani,2019,sam smith & normani,sam smith,sam smith
Sam Smith Featuring Logic,2017,sam smith,sam smith,sam smith
Sam The Sham and the Pharaohs,1967,sam the sham and the pharaohs,sam the sham,sam the sham
Samantha Barks,2013,samantha barks,samantha barks,samantha barks
Samantha Cole,1997,samantha cole,samantha cole,samantha cole
Samantha Fox,1989,samantha fox,samantha fox,samantha fox
Samantha Mumba,2001,samantha mumba,samantha mumba,samantha mumba
Samantha Sang,1979,samantha sang,samantha sang,samantha sang
Sami Jo,1974,sami jo,sami jo,sami jo
Sammi Smith,1972,sammi smith,sammi smith,sammi smith
Sammie,2000,sammie,sammie,sammie
Sammy Davis Jr.,1969,sammy davis jr.,sammy davis jr.,sammy davis jr
"Sammy Davis, Jr. with The Mike Curb Congregation",1972,"sammy davis, jr. with the mike curb congregation",sammy davis,sammy davis
Sammy Hagar,1988,sammy hagar,sammy hagar,sammy hagar
Sammy Johns,1975,sammy johns,sammy johns,sammy johns
Sammy Kaye And His Orchestra,1964,sammy kaye and his orchestra,sammy kaye,sammy kaye
Sammy Kershaw,1998,sammy kershaw,sammy kershaw,sammy kershaw
Sammy Kershaw & Lorrie Morgan,1999,sammy kershaw & lorrie morgan,sammy kershaw,sammy kershaw
Sammy Masters,1960,sammy masters,sammy masters,sammy masters
Sammy Turner,1960,sammy turner,sammy turner,sammy turner
Sammy Turner and The Twisters,1959,sammy turner and the twisters,sammy turner,sammy turner
San Remo Golden Strings,1965,san remo golden strings,san remo golden strings,san remo golden strings
Sandee,1991,sandee,sandee,sandee
Sandie Shaw,1965,sandie shaw,sandie shaw,sandie shaw
Sandy Nelson,1964,sandy nelson,sandy nelson,sandy nelson
Sandy Posey,1967,sandy posey,sandy posey,sandy posey
Sandy Stewart,1963,sandy stewart,sandy stewart,sandy stewart
Santa Esmeralda,1978,santa esmeralda,santa esmeralda,santa esmeralda
Santa Esmeralda Starring Leroy Gomez,1978,santa esmeralda starring leroy gomez,santa esmeralda starring leroy gomez,santa esmeralda starring leroy gomez
Santana,1985,santana,santana,santana
Santana Featuring Alex Band Or Chad Kroeger,2004,santana,santana,santana
Santana Featuring Chad Kroeger,2008,santana,santana,santana
Santana Featuring Michelle Branch,2003,santana,santana,santana
Santana Featuring Michelle Branch & The Wreckers,2005,santana,santana,santana
Santana Featuring Rob Thomas,2000,santana,santana,santana
Santana Featuring The Product G&B,2000,santana,santana,santana
Santo & Johnny,1964,santo & johnny,santo,santo
Sara Bareilles,2014,sara bareilles,sara bareilles,sara bareilles
Sara Evans,2014,sara evans,sara evans,sara evans
Sara Ramirez,2011,sara ramirez,sara ramirez,sara ramirez
Sarah Connor,2004,sarah connor,sarah connor,sarah connor
Sarah Dash,1979,sarah dash,sarah dash,sarah dash
Sarah Jeffery,2019,sarah jeffery,sarah jeffery,sarah jeffery
Sarah McLachlan,2007,sarah mclachlan,sarah mclachlan,sarah mclachlan
Sarah Vaughan,1966,sarah vaughan,sarah vaughan,sarah vaughan
Saraya,1990,saraya,saraya,saraya
Sarina Paris,2001,sarina paris,sarina paris,sarina paris
Sass Jordan,1994,sass jordan,sass jordan,sass jordan
Savage Featuring Soulja Boy Tell'em,2008,savage,savage,savage
Savage Garden,2000,savage garden,savage garden,savage garden
Saverio Saridis,1962,saverio saridis,saverio saridis,saverio saridis
Saving Abel,2009,saving abel,saving abel,saving abel
Saving Jane,2006,saving jane,saving jane,saving jane
Savoy Brown,1981,savoy brown,savoy brown,savoy brown
Saweetie,2020,saweetie,saweetie,saweetie
Saweetie Featuring Doja Cat,2021,saweetie,saweetie,saweetie
Saweetie Featuring H.E.R.,2022,saweetie,saweetie,saweetie
Saweetie Featuring Jhene Aiko,2021,saweetie,saweetie,saweetie
Sawyer Brown,1999,sawyer brown,sawyer brown,sawyer brown
Sawyer Fredericks,2015,sawyer fredericks,sawyer fredericks,sawyer fredericks
ScHoolboy Q,2019,schoolboy q,schoolboy q,schoolboy q
ScHoolboy Q + Travis Scott,2019,schoolboy q + travis scott,schoolboy q,schoolboy q
ScHoolboy Q Featuring 21 Savage,2019,schoolboy q,schoolboy q,schoolboy q
ScHoolboy Q Featuring BJ the Chicago Kid,2014,schoolboy q,schoolboy q,schoolboy q
ScHoolboy Q Featuring Kanye West,2016,schoolboy q,schoolboy q,schoolboy q
ScHoolboy Q Featuring Kendrick Lamar,2014,schoolboy q,schoolboy q,schoolboy q
"ScHoolboy Q, 2 Chainz & Saudi",2018,"schoolboy q, 2 chainz & saudi",schoolboy q,schoolboy q
Scandal Featuring Patty Smyth,1985,scandal,scandal,scandal
Scarface,1995,scarface,scarface,scarface
Scarface Feat. Ice Cube,1995,scarface,scarface,scarface
Scarface Featuring 2Pac & Johnny P,1997,scarface,scarface,scarface
Scarface Featuring Jay-Z & Beanie Sigel,2002,scarface,scarface,scarface
Scarlett & Black,1988,scarlett & black,scarlett,scarlett
Scatman John,1995,scatman john,scatman john,scatman john
Scorpions,1992,scorpions,scorpions,scorpions
Scott English,1972,scott english,scott english,scott english
Scott Garrett,1959,scott garrett,scott garrett,scott garrett
Scott McKenzie,1967,scott mckenzie,scott mckenzie,scott mckenzie
Scotty Emerick With Toby Keith,2003,scotty emerick with toby keith,scotty emerick,scotty emerick
Scotty McCreery,2023,scotty mccreery,scotty mccreery,scotty mccreery
Scotty McCreery & Hootie & The Blowfish,2025,scotty mccreery & hootie & the blowfish,scotty mccreery,scotty mccreery
Scritti Politti,1986,scritti politti,scritti politti,scritti politti
Scritti Politti Featuring Roger,1988,scritti politti,scritti politti,scritti politti
Sea Level,1978,sea level,sea level,sea level
Seal,2004,seal,seal,seal
Seals & Crofts,1978,seals & crofts,seals,seals
Seals & Crofts (Featuring Carolyn Willis),1976,seals & crofts,seals,seals
Sean Kingston,2010,sean kingston,sean kingston,sean kingston
Sean Kingston & Justin Bieber,2010,sean kingston & justin bieber,sean kingston,sean kingston
Sean Kingston Featuring Chris Brown & Wiz Khalifa,2013,sean kingston,sean kingston,sean kingston
Sean Kingston Featuring Elan & Juelz Santana,2008,sean kingston,sean kingston,sean kingston
Sean Kingston Featuring Nicki Minaj,2011,sean kingston,sean kingston,sean kingston
Sean Paul,2012,sean paul,sean paul,sean paul
Sean Paul Feat. Keyshia Cole,2006,sean paul,sean paul,sean paul
Sean Paul Featuring Alexis Jordan,2011,sean paul,sean paul,sean paul
