artist,last_chart_year,l1,l2,l3
"""Groove"" Holmes",1966,"""groove"" holmes","""groove"" holmes",groove holmes
"""Little"" Jimmy Dickens",1965,"""little"" jimmy dickens","""little"" jimmy dickens",little jimmy dickens
"""Pookie"" Hudson",1963,"""pookie"" hudson","""pookie"" hudson",pookie hudson
"""Weird Al"" Yankovic",2014,"""weird al"" yankovic","""weird al"" yankovic",weird al yankovic
$NOT & A$AP Rocky,2022,$not & a$ap rocky,$not,snot
$uicideboy$,2025,$uicideboy$,$uicideboy$,suicideboys
$uicideboy$ X BONES,2025,$uicideboy$ x bones,$uicideboy$,suicideboys
'Til Tuesday,1989,'til tuesday,'til tuesday,til tuesday
(+44),2006,,,
(The Preacher) Bobby Womack,1972,,,
*NSYNC,2024,*nsync,*nsync,nsync
*NSYNC & Gloria Estefan,2000,*nsync & gloria estefan,*nsync,nsync
*NSYNC Featuring Nelly,2002,*nsync,*nsync,nsync
1 Of The Girls,1993,1 of the girls,1 of the girls,1 of the girls
10 Years,2006,10 years,10 years,10 years
"10,000 Maniacs",1997,"10,000 maniacs",10,10
100 Proof Aged in Soul,1972,100 proof aged in soul,100 proof aged in soul,100 proof aged in soul
100 Strings and Jono (Choir of 40 Voices),1960,100 strings and jono,100 strings,100 strings
10cc,1979,10cc,10cc,10cc
112,2002,112,112,112
112 Featuring Foxy Brown,2005,112,112,112
112 Featuring Lil'z,1999,112,112,112
112 Featuring Ludacris,2003,112,112,112
112 Featuring Mase,1999,112,112,112
112 Featuring Super Cat,2003,112,112,112
112 Featuring The Notorious B.I.G.,1996,112,112,112
12 Gauge,1994,12 gauge,12 gauge,12 gauge
1910 Fruitgum Co.,1969,1910 fruitgum co.,1910 fruitgum co.,1910 fruitgum co
1927,1989,1927,1927,1927
2 Chainz,2016,2 chainz,2 chainz,2 chainz
2 Chainz & Wiz Khalifa,2013,2 chainz & wiz khalifa,2 chainz,2 chainz
2 Chainz Featuring Ariana Grande,2019,2 chainz,2 chainz,2 chainz
2 Chainz Featuring Drake,2012,2 chainz,2 chainz,2 chainz
2 Chainz Featuring Drake & Lil Wayne,2013,2 chainz,2 chainz,2 chainz
2 Chainz Featuring Kanye West,2013,2 chainz,2 chainz,2 chainz
2 Chainz Featuring Kendrick Lamar,2019,2 chainz,2 chainz,2 chainz
2 Chainz Featuring Lil Wayne,2016,2 chainz,2 chainz,2 chainz
2 Chainz Featuring Pharrell,2013,2 chainz,2 chainz,2 chainz
2 Chainz Featuring Travis Scott,2019,2 chainz,2 chainz,2 chainz
"2 Chainz Featuring Ty Dolla $ign, Trey Songz & Jhene Aiko",2017,2 chainz,2 chainz,2 chainz
2 Chainz Featuring YG & Offset,2018,2 chainz,2 chainz,2 chainz
2 Chainz x Gucci Mane x Quavo,2017,2 chainz x gucci mane x quavo,2 chainz,2 chainz
"2 Chainz, Drake & Quavo",2018,"2 chainz, drake & quavo",2 chainz,2 chainz
2 Hyped Brothers & A Dog,1992,2 hyped brothers & a dog,2 hyped brothers,2 hyped brothers
2 In A Room,1994,2 in a room,2 in a room,2 in a room
2 Of Clubs,1967,2 of clubs,2 of clubs,2 of clubs
2 Pistols Featuring T-Pain & Tay Dizm,2008,2 pistols,2 pistols,2 pistols
2 Unlimited,1995,2 unlimited,2 unlimited,2 unlimited
20 Fingers Featuring Gillette,1995,20 fingers,20 fingers,20 fingers
21 Savage,2024,21 savage,21 savage,21 savage
21 Savage & Brent Faiyaz,2024,21 savage & brent faiyaz,21 savage,21 savage
21 Savage & Doja Cat,2024,21 savage & doja cat,21 savage,21 savage
21 Savage & Mariah the Scientist,2024,21 savage & mariah the scientist,21 savage,21 savage
21 Savage & Metro Boomin,2020,21 savage & metro boomin,21 savage,21 savage
21 Savage & Metro Boomin Featuring Drake,2021,21 savage & metro boomin,21 savage,21 savage
21 Savage & Metro Boomin Featuring Future,2017,21 savage & metro boomin,21 savage,21 savage
21 Savage & Metro Boomin Featuring Young Nudy,2020,21 savage & metro boomin,21 savage,21 savage
21 Savage & Metro Boomin Featuring Young Thug,2020,21 savage & metro boomin,21 savage,21 savage
21 Savage & Summer Walker,2024,21 savage & summer walker,21 savage,21 savage
"21 Savage, Burna Boy & Metro Boomin",2024,"21 savage, burna boy & metro boomin",21 savage,21 savage
"21 Savage, Lil Durk & Metro Boomin",2024,"21 savage, lil durk & metro boomin",21 savage,21 savage
"21 Savage, Offset & Metro Boomin",2017,"21 savage, offset & metro boomin",21 savage,21 savage
"21 Savage, Offset & Metro Boomin Featuring Quavo",2017,"21 savage, offset & metro boomin",21 savage,21 savage
"21 Savage, Offset & Metro Boomin Featuring Travis Scott",2017,"21 savage, offset & metro boomin",21 savage,21 savage
"21 Savage, Tommy Newport & Mikky Ekko",2024,"21 savage, tommy newport & mikky ekko",21 savage,21 savage
"21 Savage, Travis Scott & Metro Boomin",2024,"21 savage, travis scott & metro boomin",21 savage,21 savage
"21 Savage, Young Thug & Metro Boomin",2024,"21 savage, young thug & metro boomin",21 savage,21 savage
24kGoldn,2019,24kgoldn,24kgoldn,24kgoldn
24kGoldn Featuring iann dior,2021,24kgoldn,24kgoldn,24kgoldn
2Gether,2000,2gether,2gether,2gether
2Pac,2003,2pac,2pac,2pac
2Pac + Outlawz,2000,2pac + outlawz,2pac,2pac
2Pac Duet With Mopreme,1994,2pac duet with mopreme,2pac,2pac
2Pac Featuring Eric Williams,1998,2pac,2pac,2pac
2Pac Featuring K-Ci And JoJo,1996,2pac,2pac,2pac
2Pac Featuring Nate Dogg,2005,2pac,2pac,2pac
2Pac Featuring Trick Daddy,2003,2pac,2pac,2pac
"2Pac, Notorious B.I.G., Radio, Dramacydal & Stretch",1997,"2pac, notorious b.i.g., radio, dramacydal & stretch",2pac,2pac
2nd II None,1992,2nd ii none,2nd ii none,2nd ii none
2nu,1991,2nu,2nu,2nu
3 Doors Down,2011,3 doors down,3 doors down,3 doors down
3 Man Island,1988,3 man island,3 man island,3 man island
30 Seconds To Mars,2007,30 seconds to mars,30 seconds to mars,30 seconds to mars
310babii,2024,310babii,310babii,310babii
311,2004,311,311,311
38 Special,1991,38 special,38 special,38 special
3LW,2001,3lw,3lw,3lw
3LW Featuring P. Diddy & Loon,2002,3lw,3lw,3lw
3OH!3,2012,3oh!3,3oh!3,3oh3
3OH!3 Featuring Katy Perry,2009,3oh!3,3oh!3,3oh3
3OH!3 Featuring Ke$ha,2010,3oh!3,3oh!3,3oh3
3OH!3 Featuring Neon Hitch,2010,3oh!3,3oh!3,3oh3
3T,1996,3t,3t,3t
3rd Bass,1991,3rd bass,3rd bass,3rd bass
3rd Party,1997,3rd party,3rd party,3rd party
4 Non Blondes,1993,4 non blondes,4 non blondes,4 non blondes
4 by Four,1987,4 by four,4 by four,4 by four
4 the Cause,1998,4 the cause,4 the cause,4 the cause
4*TOWN (From Disney And Pixar's Turning Red),2022,4*town,4*town,4town
4.0,1998,4.0,4.0,40
42 Dugg & EST Gee,2022,42 dugg & est gee,42 dugg,42 dugg
42 Dugg & Roddy Ricch,2021,42 dugg & roddy ricch,42 dugg,42 dugg
42 Dugg Featuring Future,2021,42 dugg,42 dugg,42 dugg
49-ers,1990,49-ers,49-ers,49ers
4PM,1995,4pm,4pm,4pm
4batz Featuring Drake,2024,4batz,4batz,4batz
5 Satins,1959,5 satins,5 satins,5 satins
5 Seconds of Summer,2022,5 seconds of summer,5 seconds of summer,5 seconds of summer
5 Stairsteps and Cubie,1968,5 stairsteps and cubie,5 stairsteps,5 stairsteps
50 Cent,2011,50 cent,50 cent,50 cent
50 Cent & Olivia,2006,50 cent & olivia,50 cent,50 cent
50 Cent Feat. Mobb Deep,2005,50 cent,50 cent,50 cent
50 Cent Featuring Akon,2007,50 cent,50 cent,50 cent
50 Cent Featuring Dr. Dre & Alicia Keys,2012,50 cent,50 cent,50 cent
50 Cent Featuring Eminem & Adam Levine,2012,50 cent,50 cent,50 cent
50 Cent Featuring Justin Timberlake & Timbaland,2008,50 cent,50 cent,50 cent
50 Cent Featuring Nate Dogg,2003,50 cent,50 cent,50 cent
50 Cent Featuring Ne-Yo,2010,50 cent,50 cent,50 cent
50 Cent Featuring Olivia,2005,50 cent,50 cent,50 cent
5000 Volts,1975,5000 volts,5000 volts,5000 volts
504 Boyz,2000,504 boyz,504 boyz,504 boyz
69 Boyz,1998,69 boyz,69 boyz,69 boyz
69 Boyz Featuring Quad City DJ's,1996,69 boyz,69 boyz,69 boyz
6LACK,2017,6lack,6lack,6lack
6LACK Featuring J. Cole,2018,6lack,6lack,6lack
6LACK Featuring Lil Baby,2020,6lack,6lack,6lack
6ix9ine,2022,6ix9ine,6ix9ine,6ix9ine
6ix9ine & Nicki Minaj,2020,6ix9ine & nicki minaj,6ix9ine,6ix9ine
6ix9ine Featuring A Boogie wit da Hoodie,2018,6ix9ine,6ix9ine,6ix9ine
6ix9ine Featuring Anuel AA,2018,6ix9ine,6ix9ine,6ix9ine
6ix9ine Featuring Bobby Shmurda,2018,6ix9ine,6ix9ine,6ix9ine
6ix9ine Featuring DJ SPINKING,2018,6ix9ine,6ix9ine,6ix9ine
6ix9ine Featuring Lil Baby,2018,6ix9ine,6ix9ine,6ix9ine
6ix9ine Featuring Nicki Minaj & Kanye West,2018,6ix9ine,6ix9ine,6ix9ine
6ix9ine Featuring Nicki Minaj & Murda Beatz,2018,6ix9ine,6ix9ine,6ix9ine
6ix9ine Featuring Tory Lanez,2019,6ix9ine,6ix9ine,6ix9ine
6ix9ine Featuring Tory Lanez & Young Thug,2018,6ix9ine,6ix9ine,6ix9ine
"6ix9ine, Fetty Wap & A Boogie wit da Hoodie",2018,"6ix9ine, fetty wap & a boogie wit da hoodie",6ix9ine,6ix9ine
7 Mile,1998,7 mile,7 mile,7 mile
702,2000,702,702,702
707,1982,707,707,707
9.9,1985,9.9,9.9,99
95 South,1995,95 south,95 south,95 south
98 Degrees,2001,98 degrees,98 degrees,98 degrees
"<a href=""https://www.billboard.com/artist/lil-Nas-x/"">Lil Nas X & Cardi B Or Nas",2020,"<a href=""https:","<a href=""https:",a hrefhttps
? (Question Mark) & The Mysterians,1967,?,?,
A Boogie wit da Hoodie,2021,a boogie wit da hoodie,a boogie wit da hoodie,a boogie wit da hoodie
A Boogie wit da Hoodie Featuring 21 Savage,2017,a boogie wit da hoodie,a boogie wit da hoodie,a boogie wit da hoodie
A Boogie wit da Hoodie Featuring 6ix9ine,2019,a boogie wit da hoodie,a boogie wit da hoodie,a boogie wit da hoodie
A Boogie wit da Hoodie Featuring DJ SPINKING,2017,a boogie wit da hoodie,a boogie wit da hoodie,a boogie wit da hoodie
A Boogie wit da Hoodie Featuring DaBaby,2020,a boogie wit da hoodie,a boogie wit da hoodie,a boogie wit da hoodie
A Boogie wit da Hoodie Featuring Juice WRLD,2019,a boogie wit da hoodie,a boogie wit da hoodie,a boogie wit da hoodie
A Boogie wit da Hoodie Featuring Kodak Black,2022,a boogie wit da hoodie,a boogie wit da hoodie,a boogie wit da hoodie
A Boogie wit da Hoodie Featuring Lil Durk,2021,a boogie wit da hoodie,a boogie wit da hoodie,a boogie wit da hoodie
A Boogie wit da Hoodie Featuring Lil Uzi Vert,2019,a boogie wit da hoodie,a boogie wit da hoodie,a boogie wit da hoodie
A Boogie wit da Hoodie Featuring Offset & Tyga,2019,a boogie wit da hoodie,a boogie wit da hoodie,a boogie wit da hoodie
A Boogie wit da Hoodie Featuring PnB Rock & YoungBoy Never Broke Again,2017,a boogie wit da hoodie,a boogie wit da hoodie,a boogie wit da hoodie
"A Boogie wit da Hoodie Featuring Roddy Ricch, Gunna & London On Da Track",2020,a boogie wit da hoodie,a boogie wit da hoodie,a boogie wit da hoodie
A Boogie wit da Hoodie Featuring Young Thug,2020,a boogie wit da hoodie,a boogie wit da hoodie,a boogie wit da hoodie
A Few Good Men,1996,a few good men,a few good men,a few good men
A Flock Of Seagulls,1984,a flock of seagulls,a flock of seagulls,a flock of seagulls
A Great Big World & Christina Aguilera,2014,a great big world & christina aguilera,a great big world,a great big world
A Great Big World Featuring FUTURISTIC,2015,a great big world,a great big world,a great big world
A Perfect Circle,2004,a perfect circle,a perfect circle,a perfect circle
A R Rahman & The Pussycat Dolls Featuring Nicole Scherzinger,2009,a r rahman & the pussycat dolls,a r rahman,a r rahman
A Rocket To The Moon,2010,a rocket to the moon,a rocket to the moon,a rocket to the moon
A Taste Of Honey,1982,a taste of honey,a taste of honey,a taste of honey
A Thousand Horses,2015,a thousand horses,a thousand horses,a thousand horses
A Tribe Called Quest,2016,a tribe called quest,a tribe called quest,a tribe called quest
A$AP Ferg,2013,a$ap ferg,a$ap ferg,asap ferg
A$AP Ferg Featuring  Nicki Minaj & MadeinTYO,2020,a$ap ferg,a$ap ferg,asap ferg
A$AP Ferg Featuring Future,2016,a$ap ferg,a$ap ferg,asap ferg
A$AP Ferg Featuring Nicki Minaj,2018,a$ap ferg,a$ap ferg,asap ferg
A$AP Rocky,2024,a$ap rocky,a$ap rocky,asap rocky
"A$AP Rocky Featuring Drake, 2 Chainz & Kendrick Lamar",2013,a$ap rocky,a$ap rocky,asap rocky
A$AP Rocky Featuring J. Cole,2024,a$ap rocky,a$ap rocky,asap rocky
A$AP Rocky Featuring Jessica Pratt,2024,a$ap rocky,a$ap rocky,asap rocky
A$AP Rocky Featuring Moby,2018,a$ap rocky,a$ap rocky,asap rocky
A$AP Rocky Featuring Rod Stewart x Miguel x Mark Ronson,2015,a$ap rocky,a$ap rocky,asap rocky
A$AP Rocky Featuring ScHoolboy Q,2015,a$ap rocky,a$ap rocky,asap rocky
A$AP Rocky Featuring Skepta,2018,a$ap rocky,a$ap rocky,asap rocky
A$AP Rocky Featuring Skrillex,2013,a$ap rocky,a$ap rocky,asap rocky
A'me Lorain,1990,a'me lorain,a'me lorain,ame lorain
A*Teens,2001,a*teens,a*teens,ateens
A+,1998,a+,a,a
A-Trak + Milo & Otis Featuring Rich Kidz,2015,a-trak + milo & otis,a-trak,atrak
A.B. Skhy,1969,a.b. skhy,a.b. skhy,ab skhy
A.L.T. And The Lost Civilization,1992,a.l.t. and the lost civilization,a.l.t.,alt
AB Logic,1993,ab logic,ab logic,ab logic
ABBA,1982,abba,abba,abba
ABC,1987,abc,abc,abc
AC/DC,1993,ac,ac,ac
AFI,2007,afi,afi,afi
AJR,2022,ajr,ajr,ajr
ATC,2001,atc,atc,atc
ATEEZ,2025,ateez,ateez,ateez
AWB,1979,awb,awb,awb
AWOLNATION,2014,awolnation,awolnation,awolnation
AZ,1995,az,az,az
Aaliyah,2003,aaliyah,aaliyah,aaliyah
Aaliyah Featuring Timbaland,2001,aaliyah,aaliyah,aaliyah
Aaron Carter,2001,aaron carter,aaron carter,aaron carter
Aaron Hall,1999,aaron hall,aaron hall,aaron hall
Aaron Lewis,2021,aaron lewis,aaron lewis,aaron lewis
Aaron Lewis Featuring George Jones & Charlie Daniels,2011,aaron lewis,aaron lewis,aaron lewis
Aaron Lewis Of Staind With Fred Durst,2001,aaron lewis of staind with fred durst,aaron lewis of staind,aaron lewis of staind
Aaron Lines,2003,aaron lines,aaron lines,aaron lines
Aaron Neville,1995,aaron neville,aaron neville,aaron neville
Aaron Tippin,2002,aaron tippin,aaron tippin,aaron tippin
Abaco Dream,1969,abaco dream,abaco dream,abaco dream
Abra Moore,1997,abra moore,abra moore,abra moore
Abstrac',1990,abstrac',abstrac',abstrac
Ace,1975,ace,ace,ace
Ace Cannon,1964,ace cannon,ace cannon,ace cannon
Ace Frehley,1979,ace frehley,ace frehley,ace frehley
Ace Hood,2011,ace hood,ace hood,ace hood
Ace Hood Featuring Chris Brown,2011,ace hood,ace hood,ace hood
Ace Hood Featuring Future & Rick Ross,2013,ace hood,ace hood,ace hood
Ace Hood Featuring Trey Songz,2008,ace hood,ace hood,ace hood
Ace Spectrum,1974,ace spectrum,ace spectrum,ace spectrum
Ace of Base,1998,ace of base,ace of base,ace of base
Acraze Featuring Cherish,2022,acraze,acraze,acraze
Action Bronson Featuring Chance the Rapper,2015,action bronson,action bronson,action bronson
Adam Ant,1995,adam ant,adam ant,adam ant
Adam Clayton & Larry Mullen,1996,adam clayton & larry mullen,adam clayton,adam clayton
Adam Faith,1965,adam faith,adam faith,adam faith
Adam Faith With The Roulettes,1965,adam faith with the roulettes,adam faith,adam faith
Adam Lambert,2015,adam lambert,adam lambert,adam lambert
Adam Levine & Javier Colon,2011,adam levine & javier colon,adam levine,adam levine
Adam Levine & Tony Lucca,2012,adam levine & tony lucca,adam levine,adam levine
Adam Sandler,1999,adam sandler,adam sandler,adam sandler
Adam Wade,1965,adam wade,adam wade,adam wade
Adam Wakefield,2016,adam wakefield,adam wakefield,adam wakefield
Addison Rae,2025,addison rae,addison rae,addison rae
Addrisi Brothers,1979,addrisi brothers,addrisi brothers,addrisi brothers
Adele,2022,adele,adele,adele
Adele With Erroll Garner,2021,adele with erroll garner,adele,adele
Adina Howard,1997,adina howard,adina howard,adina howard
Adrian Belew,1989,adrian belew,adrian belew,adrian belew
Adrian Kimberly,1961,adrian kimberly,adrian kimberly,adrian kimberly
Aerosmith,2001,aerosmith,aerosmith,aerosmith
Afrika Bambaataa & The Soul Sonic Force,1982,afrika bambaataa & the soul sonic force,afrika bambaataa,afrika bambaataa
Afrique,1973,afrique,afrique,afrique
Afrojack Featuring Chris Brown,2013,afrojack,afrojack,afrojack
Afrojack Featuring Eva Simons,2011,afrojack,afrojack,afrojack
Afrojack Featuring Wrabel,2014,afrojack,afrojack,afrojack
Afroman,2001,afroman,afroman,afroman
After 7,1995,after 7,after 7,after 7
After The Fire,1983,after the fire,after the fire,after the fire
Aftershock,1991,aftershock,aftershock,aftershock
Agnetha Faltskog,1983,agnetha faltskog,agnetha faltskog,agnetha faltskog
Agnetha Faltskog/Peter Cetera,1988,agnetha faltskog,agnetha faltskog,agnetha faltskog
Agust D,2023,agust d,agust d,agust d
Ahmad,1994,ahmad,ahmad,ahmad
Aimee Mann,1995,aimee mann,aimee mann,aimee mann
Air Supply,1986,air supply,air supply,air supply
Airwaves,1978,airwaves,airwaves,airwaves
Akon,2011,akon,akon,akon
Akon Featuring Colby O'Donis & Kardinal Offishall,2009,akon,akon,akon
Akon Featuring Eminem,2007,akon,akon,akon
Akon Featuring Lil Wayne & Young Jeezy,2009,akon,akon,akon
Akon Featuring Snoop Dogg,2007,akon,akon,akon
Akon Featuring Styles P.,2004,akon,akon,akon
Akon Featuring Sweet Rush,2008,akon,akon,akon
Al (He's the King) Hirt,1965,al,al,al
Al B. Sure!,1993,al b. sure!,al b. sure!,al b sure
Al Brown's Tunetoppers Featuring Cookie Brown,1960,al brown's tunetoppers,al brown's tunetoppers,al browns tunetoppers
Al Caiola And His Orchestra,1961,al caiola and his orchestra,al caiola,al caiola
Al Casey,1963,al casey,al casey,al casey
Al Casey Combo,1962,al casey combo,al casey combo,al casey combo
Al Corley,1985,al corley,al corley,al corley
Al DeLory,1970,al delory,al delory,al delory
Al Downing,1975,al downing,al downing,al downing
Al Green,1978,al green,al green,al green
Al Greene & The Soul Mate's,1968,al greene & the soul mate's,al greene,al greene
Al Hirt,1968,al hirt,al hirt,al hirt
Al Jarreau,1987,al jarreau,al jarreau,al jarreau
Al Kent,1967,al kent,al kent,al kent
Al Martino,1978,al martino,al martino,al martino
Al Stewart,1980,al stewart,al stewart,al stewart
Al Wilson,1976,al wilson,al wilson,al wilson
Alabama,1999,alabama,alabama,alabama
Alabama Featuring 'N Sync,1999,alabama,alabama,alabama
Alabama Shakes,2013,alabama shakes,alabama shakes,alabama shakes
Alan Jackson,2009,alan jackson,alan jackson,alan jackson
Alan Jackson & Jimmy Buffett,2003,alan jackson & jimmy buffett,alan jackson,alan jackson
Alan O'Day,1977,alan o'day,alan o'day,alan oday
Alan Parsons,1977,alan parsons,alan parsons,alan parsons
Alan Price Set,1966,alan price set,alan price set,alan price set
Alan Walker,2016,alan walker,alan walker,alan walker
Alana Davis,1998,alana davis,alana davis,alana davis
Alanis Morissette,2004,alanis morissette,alanis morissette,alanis morissette
Alannah Myles,1990,alannah myles,alannah myles,alannah myles
Albert Hammond,1975,albert hammond,albert hammond,albert hammond
Albert King,1973,albert king,albert king,albert king
Aldo Nova,1982,aldo nova,aldo nova,aldo nova
Alec Benjamin + Alessia Cara,2019,alec benjamin + alessia cara,alec benjamin,alec benjamin
Alejandro Sanz,2006,alejandro sanz,alejandro sanz,alejandro sanz
Aleman X Neton Vega,2025,aleman x neton vega,aleman,aleman
Alessi,1982,alessi,alessi,alessi
Alessia Cara,2018,alessia cara,alessia cara,alessia cara
Alesso / Katy Perry,2022,alesso,alesso,alesso
Alesso Featuring Tove Lo,2015,alesso,alesso,alesso
Alex Brown,1985,alex brown,alex brown,alex brown
Alex Clare,2013,alex clare,alex clare,alex clare
Alex Warren,2025,alex warren,alex warren,alex warren
Alex Warren & ROSE,2025,alex warren & rose,alex warren,alex warren
Alex Warren With Jelly Roll,2025,alex warren with jelly roll,alex warren,alex warren
Alexander O'Neal,1991,alexander o'neal,alexander o'neal,alexander oneal
Alexander O'Neal Featuring Cherrelle,1988,alexander o'neal,alexander o'neal,alexander oneal
Alexandra Stan,2011,alexandra stan,alexandra stan,alexandra stan
Alfonzo Hunter,1997,alfonzo hunter,alfonzo hunter,alfonzo hunter
Ali Gatie,2020,ali gatie,ali gatie,ali gatie
Ali Thomson,1980,ali thomson,ali thomson,ali thomson
Alias,1991,alias,alias,alias
Alice Cooper,1991,alice cooper,alice cooper,alice cooper
Alice Deejay,2000,alice deejay,alice deejay,alice deejay
Alice Merton,2018,alice merton,alice merton,alice merton
Alice Wonder Land,1963,alice wonder land,alice wonder land,alice wonder land
Alice in Chains,2009,alice in chains,alice in chains,alice in chains
Alicia Bridges,1979,alicia bridges,alicia bridges,alicia bridges
Alicia Keys,2020,alicia keys,alicia keys,alicia keys
Alicia Keys Featuring Miguel,2019,alicia keys,alicia keys,alicia keys
Alicia Keys Featuring Nicki Minaj,2013,alicia keys,alicia keys,alicia keys
Alicia Keys Featuring Tony! Toni! Tone!,2004,alicia keys,alicia keys,alicia keys
Alien Ant Farm,2002,alien ant farm,alien ant farm,alien ant farm
Alisan Porter,2016,alisan porter,alisan porter,alisan porter
Alisha,1990,alisha,alisha,alisha
Alison Gold,2013,alison gold,alison gold,alison gold
Alison Krauss + Union Station,1995,alison krauss + union station,alison krauss,alison krauss
Alison Moyet,1985,alison moyet,alison moyet,alison moyet
Alive & Kicking,1970,alive & kicking,alive,alive
Alive 'N Kickin',1970,alive 'n kickin',alive 'n kickin',alive n kickin
All City,1998,all city,all city,all city
All Saints,1998,all saints,all saints,all saints
All Sports Band,1982,all sports band,all sports band,all sports band
All Star Tribute,2001,all star tribute,all star tribute,all star tribute
All Time Low,2009,all time low,all time low,all time low
All Time Low Featuring Demi Lovato & Blackbear,2021,all time low,all time low,all time low
All-4-One,1996,all-4-one,all-4-one,all4one
Allan Clarke,1980,allan clarke,allan clarke,allan clarke
Allan Sherman,1965,allan sherman,allan sherman,allan sherman
Allure Featuring 112,1998,allure,allure,allure
Allure Featuring Nas,1997,allure,allure,allure
Aloe Blacc,2014,aloe blacc,aloe blacc,aloe blacc
Alpha Rev,2010,alpha rev,alpha rev,alpha rev
Alpha Team,1993,alpha team,alpha team,alpha team
Alphaville,1989,alphaville,alphaville,alphaville
Alt-J,2014,alt-j,alt-j,altj
Alton McClain & Destiny,1979,alton mcclain & destiny,alton mcclain,alton mcclain
Alvin And The Chipmunks,2008,alvin and the chipmunks,alvin,alvin
Alvin And The Chipmunks Featuring Chris Classic,2008,alvin and the chipmunks,alvin,alvin
Alvin Cash,1968,alvin cash,alvin cash,alvin cash
Alvin Cash & The Crawlers,1965,alvin cash & the crawlers,alvin cash,alvin cash
Alvin Cash & The Registers,1966,alvin cash & the registers,alvin cash,alvin cash
Alvin Robinson,1964,alvin robinson,alvin robinson,alvin robinson
Aly & AJ,2008,aly & aj,aly,aly
Amaarae & Moliy Featuring Kali Uchis,2021,amaarae & moliy,amaarae,amaarae
Amanda,2001,amanda,amanda,amanda
Amanda Brown,2012,amanda brown,amanda brown,amanda brown
Amanda Marshall,1997,amanda marshall,amanda marshall,amanda marshall
Amanda Perez,2003,amanda perez,amanda perez,amanda perez
Amazing Rhythm Aces,1976,amazing rhythm aces,amazing rhythm aces,amazing rhythm aces
Amazulu,1987,amazulu,amazulu,amazulu
Amber,2000,amber,amber,amber
Amber Carrington,2013,amber carrington,amber carrington,amber carrington
Ambjaay,2019,ambjaay,ambjaay,ambjaay
Ambrosia,1982,ambrosia,ambrosia,ambrosia
Amel Larrieux,2000,amel larrieux,amel larrieux,amel larrieux
America,1983,america,america,america
American Authors,2014,american authors,american authors,american authors
American Flyer,1976,american flyer,american flyer,american flyer
American Hi-Fi,2001,american hi-fi,american hi-fi,american hifi
American Idol Finalists,2003,american idol finalists,american idol finalists,american idol finalists
American Idol Finalists Season 4,2005,american idol finalists season 4,american idol finalists season 4,american idol finalists season 4
American Idol Top 8,2008,american idol top 8,american idol top 8,american idol top 8
Amerie,2005,amerie,amerie,amerie
Amii Stewart,1979,amii stewart,amii stewart,amii stewart
Amii Stewart & Johnny Bristol,1980,amii stewart & johnny bristol,amii stewart,amii stewart
Amine,2017,amine,amine,amine
Amy Grant,1995,amy grant,amy grant,amy grant
Amy Grant With Vince Gill,1995,amy grant with vince gill,amy grant,amy grant
Amy Holland,1980,amy holland,amy holland,amy holland
Amy Winehouse,2008,amy winehouse,amy winehouse,amy winehouse
Ana,1990,ana,ana,ana
Anacostia,1973,anacostia,anacostia,anacostia
Anais,2006,anais,anais,anais
Anastacia,2000,anastacia,anastacia,anastacia
Andre 3000,2023,andre 3000,andre 3000,andre 3000
Andre Gagnon,1976,andre gagnon,andre gagnon,andre gagnon
Andre Previn With David Rose,1959,andre previn with david rose,andre previn,andre previn
Andre Williams,1967,andre williams,andre williams,andre williams
Andre Williams & His Orch.,1966,andre williams & his orch.,andre williams,andre williams
Andrea Carroll,1963,andrea carroll,andrea carroll,andrea carroll
Andrea Martin,1998,andrea martin,andrea martin,andrea martin
Andrea True Connection,1978,andrea true connection,andrea true connection,andrea true connection
Andrew Gold,1978,andrew gold,andrew gold,andrew gold
Andrew Jannakos,2020,andrew jannakos,andrew jannakos,andrew jannakos
Andrew McMahon In the Wilderness,2015,andrew mcmahon in the wilderness,andrew mcmahon in the wilderness,andrew mcmahon in the wilderness
Andrew Ridgeley,1990,andrew ridgeley,andrew ridgeley,andrew ridgeley
Andrew Seeley,2006,andrew seeley,andrew seeley,andrew seeley
Andrew Seeley & Vanessa Anne Hudgens,2006,andrew seeley & vanessa anne hudgens,andrew seeley,andrew seeley
Andru Donalds,1995,andru donalds,andru donalds,andru donalds
Andy & David Williams,1974,andy & david williams,andy,andy
Andy Fairweather Low,1975,andy fairweather low,andy fairweather low,andy fairweather low
Andy Fraser,1984,andy fraser,andy fraser,andy fraser
Andy Gibb,1981,andy gibb,andy gibb,andy gibb
Andy Gibb & Olivia Newton-John,1980,andy gibb & olivia newton-john,andy gibb,andy gibb
Andy Gibb & Victoria Principal,1981,andy gibb & victoria principal,andy gibb,andy gibb
Andy Grammer,2017,andy grammer,andy grammer,andy grammer
Andy Griggs,2005,andy griggs,andy griggs,andy griggs
Andy Kim,1974,andy kim,andy kim,andy kim
Andy Pratt,1973,andy pratt,andy pratt,andy pratt
Andy Rose,1958,andy rose,andy rose,andy rose
Andy Stewart,1961,andy stewart,andy stewart,andy stewart
Andy Taylor,1986,andy taylor,andy taylor,andy taylor
Andy Williams,2025,andy williams,andy williams,andy williams
Andy Williams with the St. Charles Borromeo Choir,1969,andy williams with the st. charles borromeo choir,andy williams,andy williams
Angel,1978,angel,angel,angel
Angel City Featuring Lara McAllen,2004,angel city,angel city,angel city
Angelica,1992,angelica,angelica,angelica
Angelina,1997,angelina,angelina,angelina
Angels & Airwaves,2006,angels & airwaves,angels,angels
Angie Martinez Featuring Kelis,2003,angie martinez,angie martinez,angie martinez
Angie Martinez Featuring Lil' Mo & Sacario,2002,angie martinez,angie martinez,angie martinez
Angie Stone,2002,angie stone,angie stone,angie stone
Animotion,1989,animotion,animotion,animotion
Anita & Th' So-And-So's,1962,anita & th' so-and-so's,anita,anita
Anita Baker,2005,anita baker,anita baker,anita baker
Anita Bryant,1964,anita bryant,anita bryant,anita bryant
Anita Cochran (Duet With Steve Wariner),1998,anita cochran,anita cochran,anita cochran
Anita Ward,1979,anita ward,anita ward,anita ward
Anitta,2022,anitta,anitta,anitta
Anitta Featuring Cardi B & Myke Towers,2020,anitta,anitta,anitta
Ann Cole,1962,ann cole,ann cole,ann cole
Ann Peebles,1974,ann peebles,ann peebles,ann peebles
Ann Wilson,1987,ann wilson,ann wilson,ann wilson
Ann Wilson & Robin Zander,1989,ann wilson & robin zander,ann wilson,ann wilson
Ann-Margret,1962,ann-margret,ann-margret,annmargret
Anna Kendrick,2013,anna kendrick,anna kendrick,anna kendrick
Anna King,1964,anna king,anna king,anna king
Anna King-Bobby Byrd,1964,anna king-bobby byrd,anna king-bobby byrd,anna kingbobby byrd
Anna Nalick,2006,anna nalick,anna nalick,anna nalick
AnnaSophia Robb,2007,annasophia robb,annasophia robb,annasophia robb
Anne Hathaway,2013,anne hathaway,anne hathaway,anne hathaway
Anne Murray,1986,anne murray,anne murray,anne murray
AnnenMayKantereit & Giant Rooks,2022,annenmaykantereit & giant rooks,annenmaykantereit,annenmaykantereit
Annette,1960,annette,annette,annette
Annette With The Afterbeats,1961,annette with the afterbeats,annette,annette
Annie Lennox,2015,annie lennox,annie lennox,annie lennox
Annie Lennox & Al Green,1989,annie lennox & al green,annie lennox,annie lennox
Another Bad Creation,1991,another bad creation,another bad creation,another bad creation
Anson Williams,1977,anson williams,anson williams,anson williams
Ant Clemons Featuring Justin Timberlake,2021,ant clemons,ant clemons,ant clemons
Ant Saunders,2020,ant saunders,ant saunders,ant saunders
Anthony & The Imperials,1968,anthony & the imperials,anthony,anthony
Anthony Hamilton,2006,anthony hamilton,anthony hamilton,anthony hamilton
Anthony Newley,1962,anthony newley,anthony newley,anthony newley
Antoine Dodson & The Gregory Brothers Featuring Kelly Dodson,2010,antoine dodson & the gregory brothers,antoine dodson,antoine dodson
Anuel AA,2020,anuel aa,anuel aa,anuel aa
Anuel AA & Bad Bunny,2020,anuel aa & bad bunny,anuel aa,anuel aa
Anuel AA & Karol G,2019,anuel aa & karol g,anuel aa,anuel aa
Anuel AA & Ozuna,2021,anuel aa & ozuna,anuel aa,anuel aa
Anuel AA & Romeo Santos,2019,anuel aa & romeo santos,anuel aa,anuel aa
"Anuel AA, Daddy Yankee, Karol G, Ozuna & J Balvin",2020,"anuel aa, daddy yankee, karol g, ozuna & j balvin",anuel aa,anuel aa
"Anuel AA, Mambo Kingz & DJ Luian",2023,"anuel aa, mambo kingz & dj luian",anuel aa,anuel aa
Anya Marina,2009,anya marina,anya marina,anya marina
Anything Box,1990,anything box,anything box,anything box
Apache,1993,apache,apache,apache
Apocalyptica Featuring Adam Gontier,2009,apocalyptica,apocalyptica,apocalyptica
Apollo 100,1972,apollo 100,apollo 100,apollo 100
Apollo featuring Tom Parker,1972,apollo,apollo,apollo
Apollonia 6,1984,apollonia 6,apollonia 6,apollonia 6
April,1974,april,april,april
April Stevens,1959,april stevens,april stevens,april stevens
April Stevens & Nino Tempo,1962,april stevens & nino tempo,april stevens,april stevens
April Wine,1984,april wine,april wine,april wine
Aqua,1998,aqua,aqua,aqua
Arcade Fire,2013,arcade fire,arcade fire,arcade fire
Arcadia,1986,arcadia,arcadia,arcadia
Arcangel & Bad Bunny,2023,arcangel & bad bunny,arcangel,arcangel
Arcangel x Sech,2020,arcangel x sech,arcangel,arcangel
Archie Bell & The Drells,1973,archie bell & the drells,archie bell,archie bell
Arctic Monkeys,2014,arctic monkeys,arctic monkeys,arctic monkeys
Aretha Franklin,1998,aretha franklin,aretha franklin,aretha franklin
Aretha Franklin & Elton John,1989,aretha franklin & elton john,aretha franklin,aretha franklin
Aretha Franklin & George Michael,1987,aretha franklin & george michael,aretha franklin,aretha franklin
Aretha Franklin And George Benson,1981,aretha franklin and george benson,aretha franklin,aretha franklin
Aretha Franklin With James Cleveland & The Southern California Community Choir,1972,aretha franklin with james cleveland & the southern california community choir,aretha franklin,aretha franklin
Aretha Franklin With The Ray Bryant Combo,1961,aretha franklin with the ray bryant combo,aretha franklin,aretha franklin
Aretha Franklin with The Dixie Flyers,1970,aretha franklin with the dixie flyers,aretha franklin,aretha franklin
Aretha Franklin/Whitney Houston,1989,aretha franklin,aretha franklin,aretha franklin
Argent,1972,argent,argent,argent
Ari Lennox,2022,ari lennox,ari lennox,ari lennox
Ariana Grande,2025,ariana grande,ariana grande,ariana grande
Ariana Grande & Cynthia Erivo,2025,ariana grande & cynthia erivo,ariana grande,ariana grande
Ariana Grande & John Legend,2017,ariana grande & john legend,ariana grande,ariana grande
Ariana Grande & Justin Bieber,2020,ariana grande & justin bieber,ariana grande,ariana grande
Ariana Grande & Nathan Sykes,2013,ariana grande & nathan sykes,ariana grande,ariana grande
Ariana Grande & Social House,2019,ariana grande & social house,ariana grande,ariana grande
Ariana Grande & The Weeknd,2015,ariana grande & the weeknd,ariana grande,ariana grande
Ariana Grande & Victoria Monet,2019,ariana grande & victoria monet,ariana grande,ariana grande
Ariana Grande Feat. Doja Cat & Megan Thee Stallion,2021,ariana grande,ariana grande,ariana grande
"Ariana Grande Featuring Andy Nyman, Courtney-Mae Briggs, Jeff Goldblum, Sharon D. Clarke & Jenna Boyd",2024,ariana grande,ariana grande,ariana grande
Ariana Grande Featuring Big Sean,2014,ariana grande,ariana grande,ariana grande
Ariana Grande Featuring Doja Cat,2020,ariana grande,ariana grande,ariana grande
Ariana Grande Featuring Future,2017,ariana grande,ariana grande,ariana grande
Ariana Grande Featuring Iggy Azalea,2014,ariana grande,ariana grande,ariana grande
Ariana Grande Featuring Lil Wayne,2016,ariana grande,ariana grande,ariana grande
Ariana Grande Featuring Mac Miller,2013,ariana grande,ariana grande,ariana grande
Ariana Grande Featuring Nicki Minaj,2018,ariana grande,ariana grande,ariana grande
Ariana Grande Featuring Nonna,2024,ariana grande,ariana grande,ariana grande
Ariana Grande Featuring The Weeknd,2020,ariana grande,ariana grande,ariana grande
Ariana Grande Featuring Ty Dolla $ign,2020,ariana grande,ariana grande,ariana grande
Ariana Grande Featuring Zedd,2014,ariana grande,ariana grande,ariana grande
"Ariana Grande, Miley Cyrus & Lana Del Rey",2019,"ariana grande, miley cyrus & lana del rey",ariana grande,ariana grande
Arianna Featuring Pitbull,2013,arianna,arianna,arianna
Arizona Zervas,2020,arizona zervas,arizona zervas,arizona zervas
Arkade,1971,arkade,arkade,arkade
Arlan Day,1981,arlan day,arlan day,arlan day
Arlo Guthrie,1972,arlo guthrie,arlo guthrie,arlo guthrie
Armani White,2023,armani white,armani white,armani white
Armin van Buuren Featuring Trevor Guthrie,2013,armin van buuren,armin van buuren,armin van buuren
Around The Way,1992,around the way,around the way,around the way
Arpeggio,1979,arpeggio,arpeggio,arpeggio
Arrested Development,1994,arrested development,arrested development,arrested development
Art Garfunkel,1981,art garfunkel,art garfunkel,art garfunkel
Art Garfunkel With James Taylor & Paul Simon,1978,art garfunkel with james taylor & paul simon,art garfunkel,art garfunkel
Art Linkletter,1969,art linkletter,art linkletter,art linkletter
Art Lund,1958,art lund,art lund,art lund
Art Mooney And His Orchestra,1960,art mooney and his orchestra,art mooney,art mooney
Art N' Soul,1996,art n' soul,art n' soul,art n soul
Art Of Noise With Max Headroom,1986,art of noise with max headroom,art of noise,art of noise
Artemas,2024,artemas,artemas,artemas
Arthur Alexander,1975,arthur alexander,arthur alexander,arthur alexander
Arthur Baker Featuring Nikeeta,1992,arthur baker,arthur baker,arthur baker
Arthur Conley,1969,arthur conley,arthur conley,arthur conley
Arthur Lyman,1959,arthur lyman,arthur lyman,arthur lyman
Arthur Lyman Group,1963,arthur lyman group,arthur lyman group,arthur lyman group
Arthur Prysock,1977,arthur prysock,arthur prysock,arthur prysock
Artie The 1 Man Party,1996,artie the 1 man party,artie the 1 man party,artie the 1 man party
Artists For Haiti,2010,artists for haiti,artists for haiti,artists for haiti
"Artists Of Then, Now & Forever",2016,"artists of then, now & forever",artists of then,artists of then
Artists Stand Up To Cancer,2008,artists stand up to cancer,artists stand up to cancer,artists stand up to cancer
Artists United Against Apartheid,1986,artists united against apartheid,artists united against apartheid,artists united against apartheid
Ashanti,2008,ashanti,ashanti,ashanti
Ashe Featuring Niall Horan,2020,ashe,ashe,ashe
Asher Roth,2010,asher roth,asher roth,asher roth
Ashford & Simpson,1986,ashford & simpson,ashford,ashford
Ashlee Simpson,2006,ashlee simpson,ashlee simpson,ashlee simpson
Ashlee Simpson With Tom Higgenson,2008,ashlee simpson with tom higgenson,ashlee simpson,ashlee simpson
Ashley Cooke,2024,ashley cooke,ashley cooke,ashley cooke
Ashley McBryde,2020,ashley mcbryde,ashley mcbryde,ashley mcbryde
Ashley Parker Angel,2006,ashley parker angel,ashley parker angel,ashley parker angel
Ashley Tisdale,2009,ashley tisdale,ashley tisdale,ashley tisdale
Ashley Tisdale & Lucas Grabeel,2007,ashley tisdale & lucas grabeel,ashley tisdale,ashley tisdale
Ashton Shepherd,2011,ashton shepherd,ashton shepherd,ashton shepherd
"Ashton, Gardner & Dyke",1971,"ashton, gardner & dyke",ashton,ashton
Asia,1990,asia,asia,asia
Athenaeum,1998,athenaeum,athenaeum,athenaeum
Atlanta Rhythm Section,1981,atlanta rhythm section,atlanta rhythm section,atlanta rhythm section
Atlantic Starr,1994,atlantic starr,atlantic starr,atlantic starr
Attitudes,1976,attitudes,attitudes,attitudes
Auburn Featuring Iyaz,2010,auburn,auburn,auburn
Audience,1971,audience,audience,audience
Audioslave,2006,audioslave,audioslave,audioslave
Audrey Arno And The Hazy Osterwald Sextet,1961,audrey arno and the hazy osterwald sextet,audrey arno,audrey arno
Augie Rios,1959,augie rios,augie rios,augie rios
August Alsina,2015,august alsina,august alsina,august alsina
August Alsina Featuring Trinidad James,2014,august alsina,august alsina,august alsina
Augustana,2008,augustana,augustana,augustana
Auli'i Cravalho,2017,auli'i cravalho,auli'i cravalho,aulii cravalho
Aurra,1982,aurra,aurra,aurra
Austin Mahone,2013,austin mahone,austin mahone,austin mahone
Austin Mahone Featuring Pitbull,2014,austin mahone,austin mahone,austin mahone
Austin Roberts,1975,austin roberts,austin roberts,austin roberts
Austin Taylor,1960,austin taylor,austin taylor,austin taylor
Autograph,1985,autograph,autograph,autograph
Automatic Man,1977,automatic man,automatic man,automatic man
Autry Inman,1968,autry inman,autry inman,autry inman
Ava Max,2021,ava max,ava max,ava max
Avant,2009,avant,avant,avant
Avant Featuring KeKe Wyatt,2001,avant,avant,avant
Avenged Sevenfold,2013,avenged sevenfold,avenged sevenfold,avenged sevenfold
Aventura,2019,aventura,aventura,aventura
Aventura Featuring Don Omar,2005,aventura,aventura,aventura
Aventura x Bad Bunny,2022,aventura x bad bunny,aventura,aventura
Average White Band,1980,average white band,average white band,average white band
Avicii,2019,avicii,avicii,avicii
Avicii Featuring Aloe Blacc,2019,avicii,avicii,avicii
Avril Lavigne,2018,avril lavigne,avril lavigne,avril lavigne
Avril Lavigne Featuring Chad Kroeger,2013,avril lavigne,avril lavigne,avril lavigne
Axe,1983,axe,axe,axe
Ayo & Teo,2017,ayo & teo,ayo,ayo
Az Yet,1997,az yet,az yet,az yet
Az Yet Featuring Peter Cetera,1997,az yet,az yet,az yet
Azul Azul,2001,azul azul,azul azul,azul azul
B Angie B,1991,b angie b,b angie b,b angie b
B Rich,2002,b rich,b rich,b rich
B*Witched,1999,b*witched,b*witched,bwitched
B-Rock & The Bizz,1997,b-rock & the bizz,b-rock,brock
B. Bumble & The Stingers,1962,b. bumble & the stingers,b. bumble,b bumble
B.B. King,1975,b.b. king,b.b. king,bb king
B.B. King And His Orchestra,1964,b.b. king and his orchestra,b.b. king,bb king
B.C.G. (B.C. Generation),1976,b.c.g.,b.c.g.,bcg
B.E. Taylor Group,1986,b.e. taylor group,b.e. taylor group,be taylor group
"B.G. Featuring Baby, Turk, Mannie Fresh, Juvenile & Lil' Wayne",2000,b.g.,b.g.,bg
B.G. The Prince Of Rap,1991,b.g. the prince of rap,b.g. the prince of rap,bg the prince of rap
B.J. Thomas,1983,b.j. thomas,b.j. thomas,bj thomas
B.J. Thomas And The Triumphs,1966,b.j. thomas and the triumphs,b.j. thomas,bj thomas
B.M.U. (Black Men United),1995,b.m.u.,b.m.u.,bmu
B.T. Express,1976,b.t. express,b.t. express,bt express
B.W. Stevenson,1977,b.w. stevenson,b.w. stevenson,bw stevenson
B.o.B,2012,b.o.b,b.o.b,bob
B.o.B Featuring 2 Chainz,2014,b.o.b,b.o.b,bob
B.o.B Featuring Andre 3000,2012,b.o.b,b.o.b,bob
B.o.B Featuring Bruno Mars,2010,b.o.b,b.o.b,bob
B.o.B Featuring Hayley Williams,2010,b.o.b,b.o.b,bob
B.o.B Featuring Lil Wayne,2012,b.o.b,b.o.b,bob
B.o.B Featuring Priscilla,2014,b.o.b,b.o.b,bob
B.o.B Featuring Rivers Cuomo,2010,b.o.b,b.o.b,bob
B.o.B Featuring T.I. & Juicy J,2013,b.o.b,b.o.b,bob
B.o.B Featuring T.I. & Playboy Tre,2010,b.o.b,b.o.b,bob
B.o.B Featuring Taylor Swift,2012,b.o.b,b.o.b,bob
B.o.B Featuring Trey Songz,2015,b.o.b,b.o.b,bob
B2K,2003,b2k,b2k,b2k
B2K & P. Diddy,2003,b2k & p. diddy,b2k,b2k
B2K Featuring Fabolous,2004,b2k,b2k,b2k
BAS With J. Cole & Lil Tjay,2021,bas with j. cole & lil tjay,bas,bas
BBMak,2002,bbmak,bbmak,bbmak
BENEE Featuring Gus Dapperton,2020,benee,benee,benee
BENNY THE BUTCHER & J. Cole,2022,benny the butcher & j. cole,benny the butcher,benny the butcher
BLACKPINK,2025,blackpink,blackpink,blackpink
BLACKPINK X Selena Gomez,2020,blackpink x selena gomez,blackpink,blackpink
BLEU & Nicki Minaj,2022,bleu & nicki minaj,bleu,bleu
BRAVO All Stars,1998,bravo all stars,bravo all stars,bravo all stars
BRELAND,2020,breland,breland,breland
BRELAND Featuring Thomas Rhett,2022,breland,breland,breland
BROCKHAMPTON,2020,brockhampton,brockhampton,brockhampton
BRS Kash,2021,brs kash,brs kash,brs kash
BT,2003,bt,bt,bt
BTO,1979,bto,bto,bto
BTS,2023,bts,bts,bts
BTS Featuring Desiigner,2018,bts,bts,bts
BTS Featuring Halsey,2019,bts,bts,bts
BTS Featuring Lauv,2019,bts,bts,bts
BTS Featuring Nicki Minaj,2018,bts,bts,bts
Baauer,2013,baauer,baauer,baauer
Baby Bash Featuring Akon,2005,baby bash,baby bash,baby bash
Baby Bash Featuring Frankie J,2004,baby bash,baby bash,baby bash
Baby Bash Featuring Sean Kingston,2008,baby bash,baby bash,baby bash
Baby Bash Featuring T-Pain,2008,baby bash,baby bash,baby bash
Baby Boy da Prince Featuring Lil Boosie,2007,baby boy da prince,baby boy da prince,baby boy da prince
Baby Cortez,1962,baby cortez,baby cortez,baby cortez
Baby Featuring Clipse,2003,baby,baby,baby
Baby Featuring P. Diddy,2003,baby,baby,baby
Baby Jane & The Rockabyes,1963,baby jane & the rockabyes,baby jane,baby jane
Baby Keem,2020,baby keem,baby keem,baby keem
Baby Keem & Kendrick Lamar,2023,baby keem & kendrick lamar,baby keem,baby keem
Baby Keem & Travis Scott,2021,baby keem & travis scott,baby keem,baby keem
Baby Ray,1967,baby ray,baby ray,baby ray
Baby Talk,1998,baby talk,baby talk,baby talk
Baby Washington,1965,baby washington,baby washington,baby washington
BabyChiefDoit,2025,babychiefdoit,babychiefdoit,babychiefdoit
Babyface,2001,babyface,babyface,babyface
Babyface (Featuring Toni Braxton),1992,babyface,babyface,babyface
"Babyface Featuring LL Cool J, Howard Hewett, Jody Watley & Jeffrey Daniels",1997,babyface,babyface,babyface
Bachman-Turner Overdrive,1976,bachman-turner overdrive,bachman-turner overdrive,bachmanturner overdrive
Backstreet Boys,2018,backstreet boys,backstreet boys,backstreet boys
Bad Boy's Da Band,2003,bad boy's da band,bad boy's da band,bad boys da band
Bad Boys Blue,1993,bad boys blue,bad boys blue,bad boys blue
Bad Bunny,2025,bad bunny,bad bunny,bad bunny
Bad Bunny & Bomba Estereo,2022,bad bunny & bomba estereo,bad bunny,bad bunny
Bad Bunny & Bryant Myers,2023,bad bunny & bryant myers,bad bunny,bad bunny
Bad Bunny & Buscabulla,2022,bad bunny & buscabulla,bad bunny,bad bunny
Bad Bunny & Chencho Corleone,2022,bad bunny & chencho corleone,bad bunny,bad bunny
Bad Bunny & Chuwi,2025,bad bunny & chuwi,bad bunny,bad bunny
Bad Bunny & Eladio Carrion,2023,bad bunny & eladio carrion,bad bunny,bad bunny
Bad Bunny & Feid,2024,bad bunny & feid,bad bunny,bad bunny
Bad Bunny & Jhay Cortez,2022,bad bunny & jhay cortez,bad bunny,bad bunny
Bad Bunny & Los Pleneros de La Cresta,2025,bad bunny & los pleneros de la cresta,bad bunny,bad bunny
Bad Bunny & Luar La L,2023,bad bunny & luar la l,bad bunny,bad bunny
Bad Bunny & Mora,2023,bad bunny & mora,bad bunny,bad bunny
Bad Bunny & RaiNao,2025,bad bunny & rainao,bad bunny,bad bunny
Bad Bunny & Rauw Alejandro,2022,bad bunny & rauw alejandro,bad bunny,bad bunny
Bad Bunny & Rosalia,2021,bad bunny & rosalia,bad bunny,bad bunny
Bad Bunny & Sech,2020,bad bunny & sech,bad bunny,bad bunny
Bad Bunny & Tainy,2019,bad bunny & tainy,bad bunny,bad bunny
Bad Bunny & The Marias,2022,bad bunny & the marias,bad bunny,bad bunny
Bad Bunny & Tony Dize,2022,bad bunny & tony dize,bad bunny,bad bunny
Bad Bunny & YOVNGCHIMI,2023,bad bunny & yovngchimi,bad bunny,bad bunny
Bad Bunny & Yaviah,2020,bad bunny & yaviah,bad bunny,bad bunny
Bad Bunny & Young Miko,2023,bad bunny & young miko,bad bunny,bad bunny
Bad Bunny Featuring Drake,2019,bad bunny,bad bunny,bad bunny
Bad Bunny X Anuel AA,2020,bad bunny x anuel aa,bad bunny,bad bunny
Bad Bunny X Daddy Yankee,2020,bad bunny x daddy yankee,bad bunny,bad bunny
"Bad Bunny, Arcangel, De la Ghetto & Nengo Flow",2023,"bad bunny, arcangel, de la ghetto & nengo flow",bad bunny,bad bunny
"Bad Bunny, Jowell & Randy & Nengo Flow",2020,"bad bunny, jowell & randy & nengo flow",bad bunny,bad bunny
"Bad Bunny, Omar Courtz & Dei V",2025,"bad bunny, omar courtz & dei v",bad bunny,bad bunny
Bad Company,1993,bad company,bad company,bad company
Bad English,1991,bad english,bad english,bad english
Bad Meets Evil,2011,bad meets evil,bad meets evil,bad meets evil
Bad Meets Evil Featuring Bruno Mars,2011,bad meets evil,bad meets evil,bad meets evil
Bad Wolves,2018,bad wolves,bad wolves,bad wolves
Badfinger,1981,badfinger,badfinger,badfinger
Baha Men,2000,baha men,baha men,baha men
Baha Men With Imani Coppola,2001,baha men with imani coppola,baha men,baha men
Bailey Zimmerman,2025,bailey zimmerman,bailey zimmerman,bailey zimmerman
Bailey Zimmerman & Luke Combs,2025,bailey zimmerman & luke combs,bailey zimmerman,bailey zimmerman
Bailey Zimmerman & The Kid LAROI,2025,bailey zimmerman & the kid laroi,bailey zimmerman,bailey zimmerman
Baja Marimba Band,1967,baja marimba band,baja marimba band,baja marimba band
Bakar Featuring Summer Walker,2024,bakar,bakar,bakar
Balance,1982,balance,balance,balance
Ballin' Jack,1971,ballin' jack,ballin' jack,ballin jack
Baltimora,1993,baltimora,baltimora,baltimora
Bama,1979,bama,bama,bama
Bananarama,1988,bananarama,bananarama,bananarama
Band Aid,1985,band aid,band aid,band aid
Band Aid 30,2014,band aid 30,band aid 30,band aid 30
Band Of Gold,1984,band of gold,band of gold,band of gold
Bandit,1979,bandit,bandit,bandit
Bandit Gang Marco Featuring Dro,2015,bandit gang marco,bandit gang marco,bandit gang marco
Bang,1990,bang,bang,bang
Banzaii,1975,banzaii,banzaii,banzaii
Bar-Kays,1984,bar-kays,bar-kays,barkays
Barbara & The Browns,1964,barbara & the browns,barbara,barbara
Barbara Acklin,1969,barbara acklin,barbara acklin,barbara acklin
Barbara And The Uniques,1971,barbara and the uniques,barbara,barbara
Barbara Fairchild,1973,barbara fairchild,barbara fairchild,barbara fairchild
Barbara George,1962,barbara george,barbara george,barbara george
Barbara Greene,1968,barbara greene,barbara greene,barbara greene
Barbara Lewis,1967,barbara lewis,barbara lewis,barbara lewis
Barbara Lynn,1968,barbara lynn,barbara lynn,barbara lynn
Barbara Mandrell,1979,barbara mandrell,barbara mandrell,barbara mandrell
Barbara Mason,1975,barbara mason,barbara mason,barbara mason
Barbra Streisand,1986,barbra streisand,barbra streisand,barbra streisand
Barbra Streisand & Barry Gibb,1981,barbra streisand & barry gibb,barbra streisand,barbra streisand
Barbra Streisand & Bryan Adams,1997,barbra streisand & bryan adams,barbra streisand,barbra streisand
Barbra Streisand & Don Johnson,1989,barbra streisand & don johnson,barbra streisand,barbra streisand
Barbra Streisand & Neil Diamond,1979,barbra streisand & neil diamond,barbra streisand,barbra streisand
Barbra Streisand With Kim Carnes,1985,barbra streisand with kim carnes,barbra streisand,barbra streisand
Barbra Streisand/Donna Summer,1980,barbra streisand,barbra streisand,barbra streisand
Bardeux,1989,bardeux,bardeux,bardeux
Barenaked Ladies,2004,barenaked ladies,barenaked ladies,barenaked ladies
Baron Stewart,1975,baron stewart,baron stewart,baron stewart
Barrett Baber,2015,barrett baber,barrett baber,barrett baber
Barrett Strong,1960,barrett strong,barrett strong,barrett strong
Barry & The Tamerlanes,1963,barry & the tamerlanes,barry,barry
Barry Devorzon And Perry Botikin Jr.,1977,barry devorzon and perry botikin jr.,barry devorzon,barry devorzon
Barry Gibb,1984,barry gibb,barry gibb,barry gibb
Barry Manilow,1986,barry manilow,barry manilow,barry manilow
Barry Manilow with Kid Creole & The Coconuts,1988,barry manilow with kid creole & the coconuts,barry manilow,barry manilow
Barry Mann,1976,barry mann,barry mann,barry mann
Barry McGuire,1966,barry mcguire,barry mcguire,barry mcguire
Barry Ryan,1969,barry ryan,barry ryan,barry ryan
Barry White,1995,barry white,barry white,barry white
Barry Young,1966,barry young,barry young,barry young
Basia,1990,basia,basia,basia
Bastille,2014,bastille,bastille,bastille
Batdorf & Rodney,1975,batdorf & rodney,batdorf,batdorf
Bay City Rollers,1978,bay city rollers,bay city rollers,bay city rollers
Baz Luhrmann,1999,baz luhrmann,baz luhrmann,baz luhrmann
Bazzi,2019,bazzi,bazzi,bazzi
Bazzi Featuring Camila Cabello,2019,bazzi,bazzi,bazzi
BeBe & CeCe Winans Featuring Mavis Staples,1992,bebe & cece winans,bebe,bebe
BeBe Winans,1998,bebe winans,bebe winans,bebe winans
Bea Miller,2015,bea miller,bea miller,bea miller
Beanie Sigel & Freeway,2002,beanie sigel & freeway,beanie sigel,beanie sigel
Beastie Boys,2004,beastie boys,beastie boys,beastie boys
Beastie Boys Featuring Nas,2009,beastie boys,beastie boys,beastie boys
Beats International,1990,beats international,beats international,beats international
Beau Brummels,1966,beau brummels,beau brummels,beau brummels
Beau Coup,1987,beau coup,beau coup,beau coup
Bebe Rexha,2019,bebe rexha,bebe rexha,bebe rexha
Bebe Rexha & Florida Georgia Line,2018,bebe rexha & florida georgia line,bebe rexha,bebe rexha
Bebe Rexha Featuring Doja Cat,2020,bebe rexha,bebe rexha,bebe rexha
Beck,2005,beck,beck,beck
Beckmeier Brothers,1979,beckmeier brothers,beckmeier brothers,beckmeier brothers
Becky G,2015,becky g,becky g,becky g
Becky G & Peso Pluma,2023,becky g & peso pluma,becky g,becky g
Becky G + Natti Natasha,2018,becky g + natti natasha,becky g,becky g
Becky G Featuring Bad Bunny,2018,becky g,becky g,becky g
Becky G X Karol G,2022,becky g x karol g,becky g,becky g
Bee Gees,1998,bee gees,bee gees,bee gees
Beenie Man,2004,beenie man,beenie man,beenie man
Beenie Man Featuring Chevelle Franklyn,1997,beenie man,beenie man,beenie man
Beenie Man Featuring Janet,2002,beenie man,beenie man,beenie man
Beenie Man Featuring Ms. Thing,2004,beenie man,beenie man,beenie man
Beenie Man Featuring Mya,2001,beenie man,beenie man,beenie man
Before Dark,2000,before dark,before dark,before dark
Belinda Carlisle,1991,belinda carlisle,belinda carlisle,belinda carlisle
Bell & James,1979,bell & james,bell,bell
Bell Biv DeVoe,1993,bell biv devoe,bell biv devoe,bell biv devoe
Bella Poarch,2021,bella poarch,bella poarch,bella poarch
Bella Thorne,2012,bella thorne,bella thorne,bella thorne
Bella Thorne & Zendaya,2011,bella thorne & zendaya,bella thorne,bella thorne
Bellamy Brothers,1979,bellamy brothers,bellamy brothers,bellamy brothers
Belle Epoque,1978,belle epoque,belle epoque,belle epoque
Belly,1993,belly,belly,belly
Belly Featuring The Weeknd,2016,belly,belly,belly
"Belly, The Weeknd & Young Thug",2021,"belly, the weeknd & young thug",belly,belly
Belouis Some,1985,belouis some,belouis some,belouis some
Ben Colder,1968,ben colder,ben colder,ben colder
Ben E. King,1987,ben e. king,ben e. king,ben e king
Ben Folds,2005,ben folds,ben folds,ben folds
Ben Rector,2016,ben rector,ben rector,ben rector
Benjamin Orr,1987,benjamin orr,benjamin orr,benjamin orr
Benny Bell,1975,benny bell,benny bell,benny bell
Benny Blanco & Juice WRLD Featuring Brendon Urie,2019,benny blanco & juice wrld,benny blanco,benny blanco
"Benny Blanco, BTS & Snoop Dogg",2022,"benny blanco, bts & snoop dogg",benny blanco,benny blanco
"Benny Blanco, Halsey & Khalid",2019,"benny blanco, halsey & khalid",benny blanco,benny blanco
"Benny Blanco, Tainy, Selena Gomez & J Balvin",2019,"benny blanco, tainy, selena gomez & j balvin",benny blanco,benny blanco
Benny Mardones,1989,benny mardones,benny mardones,benny mardones
Benny Spellman,1962,benny spellman,benny spellman,benny spellman
Benson Boone,2025,benson boone,benson boone,benson boone
Bent Fabric and His Piano,1963,bent fabric and his piano,bent fabric,bent fabric
Benzino,2003,benzino,benzino,benzino
Berlin,1986,berlin,berlin,berlin
Berlin Philharmonic,1970,berlin philharmonic,berlin philharmonic,berlin philharmonic
Bernadette Carroll,1964,bernadette carroll,bernadette carroll,bernadette carroll
Bernadette Peters,1981,bernadette peters,bernadette peters,bernadette peters
Bernie Lowe Orchestra,1959,bernie lowe orchestra,bernie lowe orchestra,bernie lowe orchestra
Bert Kaempfert And His Orchestra,1966,bert kaempfert and his orchestra,bert kaempfert,bert kaempfert
Bert Sommer,1970,bert sommer,bert sommer,bert sommer
Bertha Tillman,1962,bertha tillman,bertha tillman,bertha tillman
Bertie Higgins,1982,bertie higgins,bertie higgins,bertie higgins
Beth Hart,2000,beth hart,beth hart,beth hart
Bette Midler,1992,bette midler,bette midler,bette midler
Better Than Ezra,1999,better than ezra,better than ezra,better than ezra
Betty Boo,1990,betty boo,betty boo,betty boo
Betty Everett,1971,betty everett,betty everett,betty everett
Betty Everett & Jerry Butler,1965,betty everett & jerry butler,betty everett,betty everett
Betty Harris,1967,betty harris,betty harris,betty harris
Betty Johnson,1959,betty johnson,betty johnson,betty johnson
Betty Madigan,1958,betty madigan,betty madigan,betty madigan
Betty Wright,1975,betty wright,betty wright,betty wright
Bettye Swann,1973,bettye swann,bettye swann,bettye swann
Beverly Bremers,1972,beverly bremers,beverly bremers,beverly bremers
Beyonce,2024,beyonce,beyonce,beyonce
Beyonce & Dolly Parton,2024,beyonce & dolly parton,beyonce,beyonce
Beyonce & Miley Cyrus,2024,beyonce & miley cyrus,beyonce,beyonce
Beyonce & Post Malone,2024,beyonce & post malone,beyonce,beyonce
Beyonce & Rumi Carter,2024,beyonce & rumi carter,beyonce,beyonce
Beyonce & Shaboozey,2024,beyonce & shaboozey,beyonce,beyonce
Beyonce & Shakira,2007,beyonce & shakira,beyonce,beyonce
Beyonce & Willie Jones,2024,beyonce & willie jones,beyonce,beyonce
Beyonce Featuring Andre 3000,2012,beyonce,beyonce,beyonce
Beyonce Featuring BEAM,2022,beyonce,beyonce,beyonce
Beyonce Featuring Drake,2014,beyonce,beyonce,beyonce
Beyonce Featuring Grace Jones & Tems,2022,beyonce,beyonce,beyonce
Beyonce Featuring Jack White,2016,beyonce,beyonce,beyonce
Beyonce Featuring James Blake,2016,beyonce,beyonce,beyonce
Beyonce Featuring Jay Z,2014,beyonce,beyonce,beyonce
Beyonce Featuring Kendrick Lamar,2023,beyonce,beyonce,beyonce
Beyonce Featuring Lady Gaga,2010,beyonce,beyonce,beyonce
Beyonce Featuring Nicki Minaj Or Chimamanda Ngozi Adichie,2015,beyonce,beyonce,beyonce
Beyonce Featuring Sean Paul,2004,beyonce,beyonce,beyonce
Beyonce Featuring Slim Thug,2006,beyonce,beyonce,beyonce
Beyonce Featuring The Weeknd,2016,beyonce,beyonce,beyonce
"Beyonce, Jay-Z & Childish Gambino Featuring Oumou Sangare",2019,"beyonce, jay-z & childish gambino",beyonce,beyonce
"Beyonce, Linda Martell & Shaboozey",2024,"beyonce, linda martell & shaboozey",beyonce,beyonce
"Beyonce, Saint Jhn & Wizkid Featuring Blue Ivy Carter",2019,"beyonce, saint jhn & wizkid",beyonce,beyonce
"Beyonce, Tanner Adell, Brittney Spencer, Tiera Kennedy & Reyna Roberts",2024,"beyonce, tanner adell, brittney spencer, tiera kennedy & reyna roberts",beyonce,beyonce
Bhad Bhabie,2025,bhad bhabie,bhad bhabie,bhad bhabie
Bhad Bhabie Featuring Lil Yachty,2018,bhad bhabie,bhad bhabie,bhad bhabie
Bia Featuring J. Cole,2022,bia,bia,bia
Bia Featuring Nicki Minaj,2021,bia,bia,bia
Biddu Orchestra,1976,biddu orchestra,biddu orchestra,biddu orchestra
Big & Rich,2014,big & rich,big,big
Big Audio,1992,big audio,big audio,big audio
Big Bopper,1959,big bopper,big bopper,big bopper
Big Brother And The Holding Company,1968,big brother and the holding company,big brother,big brother
Big Bub Featuring Queen Latifah & Heavy D,1997,big bub,big bub,big bub
Big Country,1984,big country,big country,big country
"Big Daddy Kane Feat. Spinderella, L. Williams & K. Anderson",1993,big daddy kane,big daddy kane,big daddy kane
Big Dee Irwin (with Little Eva),1963,big dee irwin,big dee irwin,big dee irwin
Big Jay McNeely And Band,1959,big jay mcneely and band,big jay mcneely,big jay mcneely
Big Maybelle,1967,big maybelle,big maybelle,big maybelle
Big Mountain,1996,big mountain,big mountain,big mountain
Big Noise,1989,big noise,big noise,big noise
Big Pig,1988,big pig,big pig,big pig
Big Punisher,1998,big punisher,big punisher,big punisher
Big Punisher Featuring Donell Jones,2000,big punisher,big punisher,big punisher
Big Punisher Featuring Joe,1998,big punisher,big punisher,big punisher
Big Red Machine Featuring Taylor Swift,2021,big red machine,big red machine,big red machine
Big Ric,1983,big ric,big ric,big ric
Big Sambo and The House Wreckers,1962,big sambo and the house wreckers,big sambo,big sambo
Big Sean,2020,big sean,big sean,big sean
Big Sean & Metro Boomin Featuring 21 Savage,2017,big sean & metro boomin,big sean,big sean
Big Sean & Metro Boomin Featuring Travis Scott,2017,big sean & metro boomin,big sean,big sean
Big Sean Featuring A$AP Ferg & Hit-Boy,2019,big sean,big sean,big sean
Big Sean Featuring Chris Brown,2011,big sean,big sean,big sean
Big Sean Featuring Chris Brown & Ty Dolla $ign,2016,big sean,big sean,big sean
Big Sean Featuring Drake,2015,big sean,big sean,big sean
Big Sean Featuring E-40,2015,big sean,big sean,big sean
Big Sean Featuring Eminem,2017,big sean,big sean,big sean
Big Sean Featuring Jeremih,2017,big sean,big sean,big sean
Big Sean Featuring Kanye West,2015,big sean,big sean,big sean
Big Sean Featuring Kanye West & John Legend,2015,big sean,big sean,big sean
Big Sean Featuring Kanye West & Roscoe Dash,2011,big sean,big sean,big sean
Big Sean Featuring Lil Wayne & Jhene Aiko,2013,big sean,big sean,big sean
Big Sean Featuring Migos,2017,big sean,big sean,big sean
Big Sean Featuring Nicki Minaj,2012,big sean,big sean,big sean
Big Sean Featuring Nipsey Hussle,2020,big sean,big sean,big sean
Big Sean Featuring Post Malone,2020,big sean,big sean,big sean
Big Sean Featuring Travis Scott,2020,big sean,big sean,big sean
Big Sean Featuring Ty Dolla $ign & Jhene Aiko,2020,big sean,big sean,big sean
Big Sean Featuring Wiz Khalifa,2011,big sean,big sean,big sean
Big Sister,1996,big sister,big sister,big sister
Big Time Rush,2012,big time rush,big time rush,big time rush
Big Trouble,1987,big trouble,big trouble,big trouble
Big Tymers,2003,big tymers,big tymers,big tymers
Big Tymers Featuring R. Kelly,2004,big tymers,big tymers,big tymers
"Big Tymers Featuring Tateeze, Boo & Gotti",2002,big tymers,big tymers,big tymers
BigXthaPlug,2025,bigxthaplug,bigxthaplug,bigxthaplug
BigXthaPlug Featuring Bailey Zimmerman,2025,bigxthaplug,bigxthaplug,bigxthaplug
BigXthaPlug Featuring Ella Langley,2025,bigxthaplug,bigxthaplug,bigxthaplug
BigXthaPlug Featuring Jelly Roll,2025,bigxthaplug,bigxthaplug,bigxthaplug
BigXthaPlug Featuring Shaboozey,2025,bigxthaplug,bigxthaplug,bigxthaplug
Bilal,2001,bilal,bilal,bilal
Bill Amesbury,1974,bill amesbury,bill amesbury,bill amesbury
Bill Anderson,1978,bill anderson,bill anderson,bill anderson
Bill Black's Combo,1968,bill black's combo,bill black's combo,bill blacks combo
Bill Brandon,1978,bill brandon,bill brandon,bill brandon
Bill Champlin,1982,bill champlin,bill champlin,bill champlin
Bill Conti,1983,bill conti,bill conti,bill conti
Bill Cosby,1976,bill cosby,bill cosby,bill cosby
Bill Deal & The Rhondels,1970,bill deal & the rhondels,bill deal,bill deal
Bill Doggett,1961,bill doggett,bill doggett,bill doggett
Bill Engvall With Special Guest Travis Tritt,1997,bill engvall with special guest travis tritt,bill engvall,bill engvall
Bill Haley And His Comets,1974,bill haley and his comets,bill haley,bill haley
Bill LaBounty,1978,bill labounty,bill labounty,bill labounty
Bill Medley,1982,bill medley,bill medley,bill medley
Bill Medley & Jennifer Warnes,1988,bill medley & jennifer warnes,bill medley,bill medley
Bill Parsons,1959,bill parsons,bill parsons,bill parsons
Bill Pursell,1963,bill pursell,bill pursell,bill pursell
Bill Quateman,1973,bill quateman,bill quateman,bill quateman
Bill Withers,1978,bill withers,bill withers,bill withers
Bill Wray,1979,bill wray,bill wray,bill wray
Bill Wyman,1968,bill wyman,bill wyman,bill wyman
Billie Eilish,2025,billie eilish,billie eilish,billie eilish
Billie Eilish & Khalid,2019,billie eilish & khalid,billie eilish,billie eilish
Billie Eilish & ROSALIA,2021,billie eilish & rosalia,billie eilish,billie eilish
Billie Jo Spears,1975,billie jo spears,billie jo spears,billie jo spears
Billie Myers,1998,billie myers,billie myers,billie myers
Billie Ray Martin,1996,billie ray martin,billie ray martin,billie ray martin
Billie Sans,1971,billie sans,billie sans,billie sans
"Billy ""Crash"" Craddock",1976,"billy ""crash"" craddock","billy ""crash"" craddock",billy crash craddock
Billy & Lillie,1959,billy & lillie,billy,billy
Billy & The Beaters,1981,billy & the beaters,billy,billy
Billy Abbott And The Jewels,1963,billy abbott and the jewels,billy abbott,billy abbott
Billy Bland,1961,billy bland,billy bland,billy bland
Billy Burnette,1980,billy burnette,billy burnette,billy burnette
Billy Butler & The Chanters,1965,billy butler & the chanters,billy butler,billy butler
Billy Crystal,1985,billy crystal,billy crystal,billy crystal
Billy Currington,2017,billy currington,billy currington,billy currington
Billy Dean,2005,billy dean,billy dean,billy dean
Billy Edd Wheeler,1965,billy edd wheeler,billy edd wheeler,billy edd wheeler
Billy Falcon,1991,billy falcon,billy falcon,billy falcon
Billy Gilman,2001,billy gilman,billy gilman,billy gilman
Billy Grammer,1959,billy grammer,billy grammer,billy grammer
Billy Graves,1959,billy graves,billy graves,billy graves
Billy Idol,1990,billy idol,billy idol,billy idol
Billy J. Kramer With The Dakotas,1965,billy j. kramer with the dakotas,billy j. kramer,billy j kramer
Billy Joe & The Checkmates,1962,billy joe & the checkmates,billy joe,billy joe
Billy Joe Royal,1978,billy joe royal,billy joe royal,billy joe royal
Billy Joel,2024,billy joel,billy joel,billy joel
Billy Joel featuring Ray Charles,1987,billy joel,billy joel,billy joel
Billy Lawrence,1998,billy lawrence,billy lawrence,billy lawrence
Billy Lawrence Featuring MC Lyte,1997,billy lawrence,billy lawrence,billy lawrence
Billy Lee Riley,1972,billy lee riley,billy lee riley,billy lee riley
Billy Lemmons,1977,billy lemmons,billy lemmons,billy lemmons
Billy Ocean,1989,billy ocean,billy ocean,billy ocean
Billy Paul,1976,billy paul,billy paul,billy paul
Billy Preston,1982,billy preston,billy preston,billy preston
Billy Preston & Syreeta,1980,billy preston & syreeta,billy preston,billy preston
Billy Rankin,1984,billy rankin,billy rankin,billy rankin
Billy Ray Cyrus,2000,billy ray cyrus,billy ray cyrus,billy ray cyrus
Billy Ray Cyrus With Miley Cyrus,2008,billy ray cyrus with miley cyrus,billy ray cyrus,billy ray cyrus
Billy Satellite,1985,billy satellite,billy satellite,billy satellite
Billy Squier,1989,billy squier,billy squier,billy squier
Billy Stewart,1969,billy stewart,billy stewart,billy stewart
Billy Storm,1959,billy storm,billy storm,billy storm
Billy Strange,1965,billy strange,billy strange,billy strange
Billy Swan,1975,billy swan,billy swan,billy swan
Billy Thorpe,1979,billy thorpe,billy thorpe,billy thorpe
Billy Thunderkloud & The Chieftones,1975,billy thunderkloud & the chieftones,billy thunderkloud,billy thunderkloud
Billy Vaughn And His Orchestra,1966,billy vaughn and his orchestra,billy vaughn,billy vaughn
Billy Vera,1968,billy vera,billy vera,billy vera
Billy Vera & Judy Clay,1968,billy vera & judy clay,billy vera,billy vera
Billy Vera & The Beaters,1987,billy vera & the beaters,billy vera,billy vera
Billy Walker,1960,billy walker,billy walker,billy walker
Billy Williams,1959,billy williams,billy williams,billy williams
Bimbo Jet,1975,bimbo jet,bimbo jet,bimbo jet
Bing Crosby,1960,bing crosby,bing crosby,bing crosby
Bing Crosby & The Andrews Sisters,2021,bing crosby & the andrews sisters,bing crosby,bing crosby
Bing Crosby With John Scott Trotter And His Orchestra,2021,bing crosby with john scott trotter and his orchestra,bing crosby,bing crosby
Bing Crosby With John Scott Trotter And His Orchestra & Max Terr's Mixed Chorus,1960,bing crosby with john scott trotter and his orchestra & max terr's mixed chorus,bing crosby,bing crosby
Bing Crosby With Ken Darby Singers & John Scott Trotter & His Orchestra,2025,bing crosby with ken darby singers & john scott trotter & his orchestra,bing crosby,bing crosby
Bingo Boys,1991,bingo boys,bingo boys,bingo boys
Bingo Boys Featuring Princessa,1991,bingo boys,bingo boys,bingo boys
Bird York,2006,bird york,bird york,bird york
Birdlegs & Pauline And Their Versatility Birds,1963,birdlegs & pauline and their versatility birds,birdlegs,birdlegs
Birdman & Lil Wayne,2007,birdman & lil wayne,birdman,birdman
Birdman Featuring Drake & Lil Wayne,2010,birdman,birdman,birdman
Birdman Featuring Lil Wayne,2011,birdman,birdman,birdman
Birdman Featuring Lil Wayne & Drake,2010,birdman,birdman,birdman
Birdman Featuring Nicki Minaj & Lil Wayne,2011,birdman,birdman,birdman
Biscuit,1990,biscuit,biscuit,biscuit
Biz Markie,1990,biz markie,biz markie,biz markie
Bizarrap & Peso Pluma,2023,bizarrap & peso pluma,bizarrap,bizarrap
Bizarrap & Quevedo,2022,bizarrap & quevedo,bizarrap,bizarrap
Bizarrap & Shakira,2023,bizarrap & shakira,bizarrap,bizarrap
Bizarre Inc,1993,bizarre inc,bizarre inc,bizarre inc
Bjork,2007,bjork,bjork,bjork
Blac Youngsta,2018,blac youngsta,blac youngsta,blac youngsta
Black Box,1991,black box,black box,black box
Black Eyed Peas X J Balvin,2020,black eyed peas x j balvin,black eyed peas,black eyed peas
Black Eyed Peas X Shakira,2021,black eyed peas x shakira,black eyed peas,black eyed peas
"Black Eyed Peas, Ozuna + J.Rey Soul",2020,"black eyed peas, ozuna + j.rey soul",black eyed peas,black eyed peas
Black Moon,1994,black moon,black moon,black moon
Black Oak Arkansas,1976,black oak arkansas,black oak arkansas,black oak arkansas
Black Rob,2000,black rob,black rob,black rob
Black Sabbath,1972,black sabbath,black sabbath,black sabbath
Black Sheep,1992,black sheep,black sheep,black sheep
BlackHawk,1999,blackhawk,blackhawk,blackhawk
Blackbear,2020,blackbear,blackbear,blackbear
Blackfoot,1981,blackfoot,blackfoot,blackfoot
Blackgirl,1994,blackgirl,blackgirl,blackgirl
Blackjack,1979,blackjack,blackjack,blackjack
Blackstreet,1995,blackstreet,blackstreet,blackstreet
Blackstreet & Mya Featuring Mase & Blinky Blink,1999,blackstreet & mya,blackstreet,blackstreet
Blackstreet (Featuring Dr. Dre),1997,blackstreet,blackstreet,blackstreet
Blackstreet With Janet,1999,blackstreet with janet,blackstreet,blackstreet
Blackstreet With Special Guests Ol' Dirty Bastard & Slash,1997,blackstreet with special guests ol' dirty bastard & slash,blackstreet,blackstreet
Blackwell,1969,blackwell,blackwell,blackwell
Blahzay Blahzay,1996,blahzay blahzay,blahzay blahzay,blahzay blahzay
Blaine Larsen,2005,blaine larsen,blaine larsen,blaine larsen
Blair,1998,blair,blair,blair
Blake Lewis,2007,blake lewis,blake lewis,blake lewis
Blake Shelton,2025,blake shelton,blake shelton,blake shelton
Blake Shelton & Dia Frampton,2011,blake shelton & dia frampton,blake shelton,blake shelton
Blake Shelton Duet With Gwen Stefani,2020,blake shelton duet with gwen stefani,blake shelton,blake shelton
Blake Shelton Featuring Ashley Monroe,2015,blake shelton,blake shelton,blake shelton
Blake Shelton Featuring Gwen Sebastian,2014,blake shelton,blake shelton,blake shelton
Blake Shelton Featuring Gwen Stefani,2021,blake shelton,blake shelton,blake shelton
Blake Shelton Featuring Pistol Annies & Friends,2013,blake shelton,blake shelton,blake shelton
Blake Shelton Featuring Trace Adkins,2019,blake shelton,blake shelton,blake shelton
Blanco Brown,2019,blanco brown,blanco brown,blanco brown
Blaque,2000,blaque,blaque,blaque
Blaze,1976,blaze,blaze,blaze
Blessid Union Of Souls,1999,blessid union of souls,blessid union of souls,blessid union of souls
Blind Melon,1994,blind melon,blind melon,blind melon
Blinky & Edwin Starr,1969,blinky & edwin starr,blinky,blinky
BlocBoy JB Featuring Drake,2018,blocboy jb,blocboy jb,blocboy jb
Blondie,1999,blondie,blondie,blondie
"Blood, Sweat & Tears",1975,"blood, sweat & tears",blood,blood
Bloodhound Gang,2000,bloodhound gang,bloodhound gang,bloodhound gang
Bloodrock,1971,bloodrock,bloodrock,bloodrock
Bloodstone,1975,bloodstone,bloodstone,bloodstone
Blu Cantrell,2001,blu cantrell,blu cantrell,blu cantrell
Blu Cantrell Featuring Sean Paul,2003,blu cantrell,blu cantrell,blu cantrell
Blue,1977,blue,blue,blue
Blue Cheer,1968,blue cheer,blue cheer,blue cheer
Blue County,2004,blue county,blue county,blue county
Blue Haze,1973,blue haze,blue haze,blue haze
Blue Magic,1974,blue magic,blue magic,blue magic
Blue Mercedes,1988,blue mercedes,blue mercedes,blue mercedes
Blue Mink,1970,blue mink,blue mink,blue mink
Blue October,2007,blue october,blue october,blue october
Blue Oyster Cult,1984,blue oyster cult,blue oyster cult,blue oyster cult
Blue Swede,1975,blue swede,blue swede,blue swede
Blue Train,1991,blue train,blue train,blue train
Blue Zone U.K.,1988,blue zone u.k.,blue zone u.k.,blue zone uk
Blueface,2019,blueface,blueface,blueface
Blueface & Rich The Kid,2019,blueface & rich the kid,blueface,blueface
Blues Brothers,1981,blues brothers,blues brothers,blues brothers
Blues Image,1970,blues image,blues image,blues image
Blues Magoos,1967,blues magoos,blues magoos,blues magoos
Blues Traveler,1996,blues traveler,blues traveler,blues traveler
Blur,1994,blur,blur,blur
Blxst & Tyga Featuring Ty Dolla $ign,2022,blxst & tyga,blxst,blxst
Bo Bice,2006,bo bice,bo bice,bo bice
Bo Diddley,1967,bo diddley,bo diddley,bo diddley
Bo Donaldson And The Heywoods,1975,bo donaldson and the heywoods,bo donaldson,bo donaldson
BoDeans,1996,bodeans,bodeans,bodeans
Bob & Doug McKenzie,1982,bob & doug mckenzie,bob,bob
Bob And Earl,1964,bob and earl,bob,bob
Bob B. Soxx And The Blue Jeans,1963,bob b. soxx and the blue jeans,bob b. soxx,bob b soxx
Bob Beckham,1960,bob beckham,bob beckham,bob beckham
Bob Braun,1962,bob braun,bob braun,bob braun
Bob Crewe,1960,bob crewe,bob crewe,bob crewe
Bob Crewe Generation,1967,bob crewe generation,bob crewe generation,bob crewe generation
Bob Dylan,1984,bob dylan,bob dylan,bob dylan
Bob Dylan/The Band,1974,bob dylan,bob dylan,bob dylan
Bob Geldof,1987,bob geldof,bob geldof,bob geldof
Bob James,1974,bob james,bob james,bob james
Bob Kayli,1958,bob kayli,bob kayli,bob kayli
Bob Kuban And The In-Men,1966,bob kuban and the in-men,bob kuban,bob kuban
Bob Lind,1966,bob lind,bob lind,bob lind
Bob Luman,1960,bob luman,bob luman,bob luman
Bob Marley And The Wailers,1976,bob marley and the wailers,bob marley,bob marley
Bob McFadden And Dor,1959,bob mcfadden and dor,bob mcfadden,bob mcfadden
Bob McGilpin,1978,bob mcgilpin,bob mcgilpin,bob mcgilpin
Bob Moore and His Orch.,1961,bob moore and his orch.,bob moore,bob moore
Bob Seger,1987,bob seger,bob seger,bob seger
Bob Seger & The Silver Bullet Band,1991,bob seger & the silver bullet band,bob seger,bob seger
Bob Seger System,1970,bob seger system,bob seger system,bob seger system
Bob Weir,1978,bob weir,bob weir,bob weir
Bob Welch,1979,bob welch,bob welch,bob welch
Bobbi Martin,1970,bobbi martin,bobbi martin,bobbi martin
Bobbie Gentry,1976,bobbie gentry,bobbie gentry,bobbie gentry
Bobbie Gentry & Glen Campbell,1970,bobbie gentry & glen campbell,bobbie gentry,bobbie gentry
"Bobby ""Blue"" Bland",1974,"bobby ""blue"" bland","bobby ""blue"" bland",bobby blue bland
"Bobby ""Boris"" Pickett And The Crypt-Kickers",2024,"bobby ""boris"" pickett and the crypt-kickers","bobby ""boris"" pickett",bobby boris pickett
Bobby Arvon,1978,bobby arvon,bobby arvon,bobby arvon
Bobby Bare,1974,bobby bare,bobby bare,bobby bare
Bobby Bland,1975,bobby bland,bobby bland,bobby bland
Bobby Bloom,1971,bobby bloom,bobby bloom,bobby bloom
Bobby Brackins Featuring Ray J,2010,bobby brackins,bobby brackins,bobby brackins
Bobby Brown,1993,bobby brown,bobby brown,bobby brown
Bobby Byrd,1972,bobby byrd,bobby byrd,bobby byrd
Bobby Caldwell,1982,bobby caldwell,bobby caldwell,bobby caldwell
Bobby Callender,1963,bobby callender,bobby callender,bobby callender
Bobby Cole,1968,bobby cole,bobby cole,bobby cole
Bobby Comstock,1963,bobby comstock,bobby comstock,bobby comstock
Bobby Comstock And The Counts,1963,bobby comstock and the counts,bobby comstock,bobby comstock
Bobby Curtola,1962,bobby curtola,bobby curtola,bobby curtola
Bobby Darin,1973,bobby darin,bobby darin,bobby darin
Bobby Day,1959,bobby day,bobby day,bobby day
Bobby Edwards,1962,bobby edwards,bobby edwards,bobby edwards
Bobby Freeman,1964,bobby freeman,bobby freeman,bobby freeman
Bobby Fuller Four,1966,bobby fuller four,bobby fuller four,bobby fuller four
Bobby Goldsboro,1973,bobby goldsboro,bobby goldsboro,bobby goldsboro
Bobby Gregg and His Friends,1962,bobby gregg and his friends,bobby gregg,bobby gregg
Bobby Hamilton,1958,bobby hamilton,bobby hamilton,bobby hamilton
Bobby Hatfield,1969,bobby hatfield,bobby hatfield,bobby hatfield
Bobby Hebb,1967,bobby hebb,bobby hebb,bobby hebb
Bobby Helms,2025,bobby helms,bobby helms,bobby helms
Bobby Hendricks,1960,bobby hendricks,bobby hendricks,bobby hendricks
Bobby Lewis,1962,bobby lewis,bobby lewis,bobby lewis
Bobby Marchan,1960,bobby marchan,bobby marchan,bobby marchan
Bobby McClure,1966,bobby mcclure,bobby mcclure,bobby mcclure
Bobby McFerrin,1989,bobby mcferrin,bobby mcferrin,bobby mcferrin
Bobby Moore,1975,bobby moore,bobby moore,bobby moore
Bobby Moore & The Rhythm Aces,1966,bobby moore & the rhythm aces,bobby moore,bobby moore
Bobby Moore's Rhythm Aces featuring Chico,1966,bobby moore's rhythm aces,bobby moore's rhythm aces,bobby moores rhythm aces
Bobby Parker,1961,bobby parker,bobby parker,bobby parker
"Bobby Pedrick, Jr.",1958,"bobby pedrick, jr.",bobby pedrick,bobby pedrick
Bobby Peterson,1960,bobby peterson,bobby peterson,bobby peterson
Bobby Peterson Quintet,1959,bobby peterson quintet,bobby peterson quintet,bobby peterson quintet
Bobby Pickett,1963,bobby pickett,bobby pickett,bobby pickett
Bobby Pinson,2005,bobby pinson,bobby pinson,bobby pinson
Bobby Powell,1967,bobby powell,bobby powell,bobby powell
Bobby Ross Avila,1993,bobby ross avila,bobby ross avila,bobby ross avila
Bobby Russell,1971,bobby russell,bobby russell,bobby russell
Bobby Rydell,1965,bobby rydell,bobby rydell,bobby rydell
Bobby Rydell/Chubby Checker,1962,bobby rydell,bobby rydell,bobby rydell
Bobby Shafto,1964,bobby shafto,bobby shafto,bobby shafto
Bobby Sherman,1972,bobby sherman,bobby sherman,bobby sherman
Bobby Shmurda,2015,bobby shmurda,bobby shmurda,bobby shmurda
Bobby Taylor & The Vancouvers,1969,bobby taylor & the vancouvers,bobby taylor,bobby taylor
Bobby V Featuring Yung Joc,2009,bobby v,bobby v,bobby v
Bobby Valentino,2005,bobby valentino,bobby valentino,bobby valentino
Bobby Valentino Featuring Timbaland,2007,bobby valentino,bobby valentino,bobby valentino
Bobby Vee,1970,bobby vee,bobby vee,bobby vee
Bobby Vee And The Strangers,1968,bobby vee and the strangers,bobby vee,bobby vee
Bobby Vee With The Eligibles,1964,bobby vee with the eligibles,bobby vee,bobby vee
Bobby Vee and The Crickets,1962,bobby vee and the crickets,bobby vee,bobby vee
Bobby Vee and The Shadows,1959,bobby vee and the shadows,bobby vee,bobby vee
Bobby Vinton,1980,bobby vinton,bobby vinton,bobby vinton
Bobby Womack,1975,bobby womack,bobby womack,bobby womack
Bobby Womack & Patti LaBelle,1984,bobby womack & patti labelle,bobby womack,bobby womack
Bobby Womack & Peace,1973,bobby womack & peace,bobby womack,bobby womack
Bobby Wood,1964,bobby wood,bobby wood,bobby wood
Body Head Bangerz Featuring YoungBloodZ,2005,body head bangerz,body head bangerz,body head bangerz
Bon Jovi,2013,bon jovi,bon jovi,bon jovi
Bone Crusher Featuring Killer Mike & T.I.,2003,bone crusher,bone crusher,bone crusher
Bone Thugs-N-Harmony,1998,bone thugs-n-harmony,bone thugs-n-harmony,bone thugsnharmony
Bone Thugs-N-Harmony Featuring Akon,2007,bone thugs-n-harmony,bone thugs-n-harmony,bone thugsnharmony
Bone Thugs-N-Harmony Featuring Eazy-E,1995,bone thugs-n-harmony,bone thugs-n-harmony,bone thugsnharmony
Bones,1972,bones,bones,bones
Boney M.,1979,boney m.,boney m.,boney m
Bonham,1990,bonham,bonham,bonham
Bonnie & The Treasures,1965,bonnie & the treasures,bonnie,bonnie
Bonnie Boyer,1979,bonnie boyer,bonnie boyer,bonnie boyer
Bonnie Guitar,1966,bonnie guitar,bonnie guitar,bonnie guitar
Bonnie McKee,2013,bonnie mckee,bonnie mckee,bonnie mckee
Bonnie Pointer,1980,bonnie pointer,bonnie pointer,bonnie pointer
Bonnie Raitt,1995,bonnie raitt,bonnie raitt,bonnie raitt
Bonnie Raitt With Bryan Adams,1995,bonnie raitt with bryan adams,bonnie raitt,bonnie raitt
Bonnie Tyler,1986,bonnie tyler,bonnie tyler,bonnie tyler
Book Of Love,1988,book of love,book of love,book of love
Booker T. & The MG's,1971,booker t. & the mg's,booker t.,booker t
Boomer Castleman,1975,boomer castleman,boomer castleman,boomer castleman
Boomkat,2003,boomkat,boomkat,boomkat
Boots Brown And His Blockbusters,1958,boots brown and his blockbusters,boots brown,boots brown
Boots Randolph,1967,boots randolph,boots randolph,boots randolph
Boots Randolph and his Combo,1963,boots randolph and his combo,boots randolph,boots randolph
Boots Walker,1967,boots walker,boots walker,boots walker
Born Jamericans,1998,born jamericans,born jamericans,born jamericans
Boss,1993,boss,boss,boss
BossMan Dlow,2025,bossman dlow,bossman dlow,bossman dlow
BossMan Dlow & Lil Baby,2024,bossman dlow & lil baby,bossman dlow,bossman dlow
Boston,1994,boston,boston,boston
Boston Pops Orchestra / Arthur Fiedler,1964,boston pops orchestra,boston pops orchestra,boston pops orchestra
Bounty Killa featuring the Fugees,1997,bounty killa,bounty killa,bounty killa
Bounty Killer Featuring Mobb Deep & Rappin' Noyd,1998,bounty killer,bounty killer,bounty killer
Bourgeois Tagg,1988,bourgeois tagg,bourgeois tagg,bourgeois tagg
Bow Wow & Omarion,2008,bow wow & omarion,bow wow,bow wow
Bow Wow Featuring Baby,2003,bow wow,bow wow,bow wow
Bow Wow Featuring Chris Brown & Johnta Austin,2007,bow wow,bow wow,bow wow
Bow Wow Featuring Ciara,2005,bow wow,bow wow,bow wow
Bow Wow Featuring J-Kwon & Jermaine Dupri,2006,bow wow,bow wow,bow wow
Bow Wow Featuring Jagged Edge,2004,bow wow,bow wow,bow wow
Bow Wow Featuring Johnta Austin,2009,bow wow,bow wow,bow wow
Bow Wow Featuring Lil Wayne,2011,bow wow,bow wow,bow wow
Bow Wow Featuring Omarion,2005,bow wow,bow wow,bow wow
Bow Wow Featuring Soulja Boy Tell'em,2008,bow wow,bow wow,bow wow
Bow Wow Featuring T-Pain & Johnta Austin,2007,bow wow,bow wow,bow wow
Bow Wow Wow,1983,bow wow wow,bow wow wow,bow wow wow
Bowling For Soup,2006,bowling for soup,bowling for soup,bowling for soup
Boy George,1993,boy george,boy george,boy george
Boy Krazy,1993,boy krazy,boy krazy,boy krazy
Boy Meets Girl,1989,boy meets girl,boy meets girl,boy meets girl
BoyWithUke X Blackbear,2022,boywithuke x blackbear,boywithuke,boywithuke
Boyd Bennett,1959,boyd bennett,boyd bennett,boyd bennett
Boys Club,1989,boys club,boys club,boys club
Boys Don't Cry,1986,boys don't cry,boys don't cry,boys dont cry
Boys Like Girls,2009,boys like girls,boys like girls,boys like girls
Boys Like Girls Featuring Taylor Swift,2010,boys like girls,boys like girls,boys like girls
Boyz II Men,2001,boyz ii men,boyz ii men,boyz ii men
Boyz N Da Hood,2005,boyz n da hood,boyz n da hood,boyz n da hood
Boz Scaggs,1988,boz scaggs,boz scaggs,boz scaggs
Brad Paisley,2017,brad paisley,brad paisley,brad paisley
Brad Paisley Duet With Carrie Underwood,2011,brad paisley duet with carrie underwood,brad paisley,brad paisley
Brad Paisley Duet With Keith Urban,2009,brad paisley duet with keith urban,brad paisley,brad paisley
Brad Paisley Featuring Alabama,2011,brad paisley,brad paisley,brad paisley
Brad Paisley Featuring Alison Krauss,2004,brad paisley,brad paisley,brad paisley
Brad Paisley Featuring Dolly Parton,2006,brad paisley,brad paisley,brad paisley
Brad Paisley Featuring LL Cool J,2013,brad paisley,brad paisley,brad paisley
Bradley Cooper,2018,bradley cooper,bradley cooper,bradley cooper
Brady Seals,1997,brady seals,brady seals,brady seals
Brainstorm,1977,brainstorm,brainstorm,brainstorm
Bram Tchaikovsky,1979,bram tchaikovsky,bram tchaikovsky,bram tchaikovsky
Brand Nubian,1998,brand nubian,brand nubian,brand nubian
Brandi Carlile,2007,brandi carlile,brandi carlile,brandi carlile
Brandon,1991,brandon,brandon,brandon
Brandon Lake X Jelly Roll,2025,brandon lake x jelly roll,brandon lake,brandon lake
Brandy,2009,brandy,brandy,brandy
Brandy & Monica,1998,brandy & monica,brandy,brandy
Brandy Featuring Chris Brown,2012,brandy,brandy,brandy
Brandy Featuring Kanye West,2004,brandy,brandy,brandy
"Brandy, Tamia, Gladys Knight & Chaka Khan",1997,"brandy, tamia, gladys knight & chaka khan",brandy,brandy
Brantley Gilbert,2020,brantley gilbert,brantley gilbert,brantley gilbert
Brantley Gilbert + Lindsay Ell,2019,brantley gilbert + lindsay ell,brantley gilbert,brantley gilbert
Brantley Gilbert Featuring Justin Moore & Thomas Rhett,2014,brantley gilbert,brantley gilbert,brantley gilbert
Brass Construction,1977,brass construction,brass construction,brass construction
Bread,1977,bread,bread,bread
Breaking Benjamin,2015,breaking benjamin,breaking benjamin,breaking benjamin
Breathe,1990,breathe,breathe,breathe
Breathe Carolina,2012,breathe carolina,breathe carolina,breathe carolina
Breathe Featuring David Glasper,1991,breathe,breathe,breathe
Breathless,1980,breathless,breathless,breathless
Brenda & The Tabulations,1971,brenda & the tabulations,brenda,brenda
Brenda Holloway,1967,brenda holloway,brenda holloway,brenda holloway
Brenda K. Starr,1988,brenda k. starr,brenda k. starr,brenda k starr
Brenda Lee,2025,brenda lee,brenda lee,brenda lee
Brenda Russell,1979,brenda russell,brenda russell,brenda russell
Brenda Russell Featuring Joe Esposito,1988,brenda russell,brenda russell,brenda russell
Brent Bourgeois,1990,brent bourgeois,brent bourgeois,brent bourgeois
Brent Faiyaz,2022,brent faiyaz,brent faiyaz,brent faiyaz
"Brent Faiyaz & DJ Dahi Featuring Tyler, the Creator",2022,brent faiyaz & dj dahi,brent faiyaz,brent faiyaz
Brent Faiyaz Featuring Alicia Keys,2022,brent faiyaz,brent faiyaz,brent faiyaz
Brent Faiyaz Featuring Drake,2022,brent faiyaz,brent faiyaz,brent faiyaz
Brent Faiyaz Featuring Joony,2022,brent faiyaz,brent faiyaz,brent faiyaz
Brenton Wood,1968,brenton wood,brenton wood,brenton wood
Brett Eldredge,2019,brett eldredge,brett eldredge,brett eldredge
Brett Young,2023,brett young,brett young,brett young
Brewer And Shipley,1972,brewer and shipley,brewer,brewer
Brian Auger & The Trinity,1970,brian auger & the trinity,brian auger,brian auger
Brian Hyland,1971,brian hyland,brian hyland,brian hyland
Brian McComas,2003,brian mccomas,brian mccomas,brian mccomas
Brian McKnight,2002,brian mcknight,brian mcknight,brian mcknight
Brian McKnight Featuring Jermaine Dupri,2002,brian mcknight,brian mcknight,brian mcknight
Brian McKnight Featuring Mase,1998,brian mcknight,brian mcknight,brian mcknight
Brian McKnight Featuring Tone & Kobe Bryant,1999,brian mcknight,brian mcknight,brian mcknight
Brian Poole And The Tremeloes,1964,brian poole and the tremeloes,brian poole,brian poole
Brian Protheroe,1975,brian protheroe,brian protheroe,brian protheroe
Brian Wilson,1966,brian wilson,brian wilson,brian wilson
Brick,1978,brick,brick,brick
Bridgit Mendler,2013,bridgit mendler,bridgit mendler,bridgit mendler
"Bridgit Mendler, Adam Hicks, Naomi Scott & Hayley Kiyoko",2011,"bridgit mendler, adam hicks, naomi scott & hayley kiyoko",bridgit mendler,bridgit mendler
Brighter Side Of Darkness,1973,brighter side of darkness,brighter side of darkness,brighter side of darkness
British Lions,1978,british lions,british lions,british lions
Britney Spears,2014,britney spears,britney spears,britney spears
Britney Spears & Iggy Azalea,2015,britney spears & iggy azalea,britney spears,britney spears
Britney Spears Featuring G-Eazy,2016,britney spears,britney spears,britney spears
Britney Spears Featuring Madonna,2004,britney spears,britney spears,britney spears
Britney Spears Featuring Nicki Minaj & Ke$ha,2011,britney spears,britney spears,britney spears
Britney Spears Featuring Tinashe,2016,britney spears,britney spears,britney spears
Britny Fox,1988,britny fox,britny fox,britny fox
Britt Nicole,2013,britt nicole,britt nicole,britt nicole
Bro Smith,1976,bro smith,bro smith,bro smith
Broadway,1976,broadway,broadway,broadway
Broadway for Orlando,2016,broadway for orlando,broadway for orlando,broadway for orlando
Bronski Beat,1985,bronski beat,bronski beat,bronski beat
Brook Benton,1970,brook benton,brook benton,brook benton
Brook Benton With The Dixie Flyers,1971,brook benton with the dixie flyers,brook benton,brook benton
Brooke Hogan Featuring Paul Wall,2006,brooke hogan,brooke hogan,brooke hogan
Brooke Valentine Featuring Lil Jon & Big Boi,2005,brooke valentine,brooke valentine,brooke valentine
Brooke White,2009,brooke white,brooke white,brooke white
Brooklyn Bounce,1998,brooklyn bounce,brooklyn bounce,brooklyn bounce
Brooklyn Bridge,1970,brooklyn bridge,brooklyn bridge,brooklyn bridge
Brooklyn Dreams,1979,brooklyn dreams,brooklyn dreams,brooklyn dreams
Brooks & Dunn,2008,brooks & dunn,brooks,brooks
Brooks & Dunn Featuring Billy Gibbons,2009,brooks & dunn,brooks,brooks
Brooks & Dunn Featuring Reba McEntire,2009,brooks & dunn,brooks,brooks
Brooks & Dunn With Morgan Wallen,2024,brooks & dunn with morgan wallen,brooks,brooks
Brooks & Dunn With Sheryl Crow & Vince Gill,2006,brooks & dunn with sheryl crow & vince gill,brooks,brooks
Brooks O'Dell,1964,brooks o'dell,brooks o'dell,brooks odell
Bros,1988,bros,bros,bros
Brother Beyond,1990,brother beyond,brother beyond,brother beyond
Brother Jack McDuff,1970,brother jack mcduff,brother jack mcduff,brother jack mcduff
Brother To Brother,1974,brother to brother,brother to brother,brother to brother
Brotherhood Creed,1992,brotherhood creed,brotherhood creed,brotherhood creed
Brotherhood of Man,1976,brotherhood of man,brotherhood of man,brotherhood of man
Brothers Osborne,2017,brothers osborne,brothers osborne,brothers osborne
Brown Boy,2006,brown boy,brown boy,brown boy
Brown Sugar,1976,brown sugar,brown sugar,brown sugar
Brownstone,1997,brownstone,brownstone,brownstone
Brownsville Station,1977,brownsville station,brownsville station,brownsville station
Bruce & Terry,1964,bruce & terry,bruce,bruce
Bruce Channel,1967,bruce channel,bruce channel,bruce channel
Bruce Cockburn,1985,bruce cockburn,bruce cockburn,bruce cockburn
Bruce Foster,1977,bruce foster,bruce foster,bruce foster
Bruce Hornsby,1995,bruce hornsby,bruce hornsby,bruce hornsby
Bruce Hornsby & The Range,1990,bruce hornsby & the range,bruce hornsby,bruce hornsby
Bruce Hornsby & The Range With Shawn Colvin,1990,bruce hornsby & the range with shawn colvin,bruce hornsby,bruce hornsby
Bruce Springsteen,2009,bruce springsteen,bruce springsteen,bruce springsteen
Bruce Willis,1987,bruce willis,bruce willis,bruce willis
Bruno Mars,2018,bruno mars,bruno mars,bruno mars
Bruno Mars & Cardi B,2018,bruno mars & cardi b,bruno mars,bruno mars
Bryan Adams,1997,bryan adams,bryan adams,bryan adams
Bryan Adams/Rod Stewart/Sting,1994,bryan adams,bryan adams,bryan adams
Bryan Adams/Tina Turner,1986,bryan adams,bryan adams,bryan adams
Bryan Ferry,1988,bryan ferry,bryan ferry,bryan ferry
Bryan Martin,2024,bryan martin,bryan martin,bryan martin
Bryce Vine,2018,bryce vine,bryce vine,bryce vine
Bryce Vine Featuring YG,2019,bryce vine,bryce vine,bryce vine
Bryson Gray Featuring Tyson James & Chandler Crump,2021,bryson gray,bryson gray,bryson gray
Bryson Tiller,2024,bryson tiller,bryson tiller,bryson tiller
Bryson Tiller Featuring Drake,2020,bryson tiller,bryson tiller,bryson tiller
Bubba Sparxxx,2002,bubba sparxxx,bubba sparxxx,bubba sparxxx
Bubba Sparxxx Featuring Ying Yang Twins & Mr. ColliPark,2006,bubba sparxxx,bubba sparxxx,bubba sparxxx
Buchanan Brothers,1969,buchanan brothers,buchanan brothers,buchanan brothers
Buck 22 Featuring Billy Ray Cyrus,2014,buck 22,buck 22,buck 22
Buck Owens,1966,buck owens,buck owens,buck owens
Buck Owens and The Buckaroos,1969,buck owens and the buckaroos,buck owens,buck owens
Buckcherry,2008,buckcherry,buckcherry,buckcherry
Buckeye,1979,buckeye,buckeye,buckeye
Buckner & Garcia,1982,buckner & garcia,buckner,buckner
Buckwheat,1972,buckwheat,buckwheat,buckwheat
Bucky Covington,2008,bucky covington,bucky covington,bucky covington
Bud & Travis,1960,bud & travis,bud,bud
Bud Shank,1966,bud shank,bud shank,bud shank
Buddy Greco,1962,buddy greco,buddy greco,buddy greco
Buddy Holly,1959,buddy holly,buddy holly,buddy holly
Buddy Jewell,2004,buddy jewell,buddy jewell,buddy jewell
Buddy Knox,1961,buddy knox,buddy knox,buddy knox
Buddy Knox with the Rhythm Orchids,1958,buddy knox with the rhythm orchids,buddy knox,buddy knox
Buddy Miles,1975,buddy miles,buddy miles,buddy miles
Buddy Miles & The Freedom Express,1971,buddy miles & the freedom express,buddy miles,buddy miles
Buddy Miles Express,1969,buddy miles express,buddy miles express,buddy miles express
Buddy Starcher,1966,buddy starcher,buddy starcher,buddy starcher
Buffalo Springfield,1968,buffalo springfield,buffalo springfield,buffalo springfield
Buffy,1996,buffy,buffy,buffy
Buffy Sainte-Marie,1972,buffy sainte-marie,buffy sainte-marie,buffy saintemarie
Bull & The Matadors,1968,bull & the matadors,bull,bull
Bull Moose Jackson,1961,bull moose jackson,bull moose jackson,bull moose jackson
Bulldog,1973,bulldog,bulldog,bulldog
Bullet,1972,bullet,bullet,bullet
BulletBoys,1989,bulletboys,bulletboys,bulletboys
Bumble Bee Unlimited,1977,bumble bee unlimited,bumble bee unlimited,bumble bee unlimited
Bunker Hill,1962,bunker hill,bunker hill,bunker hill
Bunny Sigler,1978,bunny sigler,bunny sigler,bunny sigler
Burl Ives,2025,burl ives,burl ives,burl ives
Burna Boy,2023,burna boy,burna boy,burna boy
Burna Boy & Byron Messia,2023,burna boy & byron messia,burna boy,burna boy
Burt Bacharach,1969,burt bacharach,burt bacharach,burt bacharach
Burt Reynolds,1980,burt reynolds,burt reynolds,burt reynolds
Burton Cummings,1981,burton cummings,burton cummings,burton cummings
Bus Boys,1984,bus boys,bus boys,bus boys
Bush,2000,bush,bush,bush
Busta Rhymes,2006,busta rhymes,busta rhymes,busta rhymes
Busta Rhymes & Mariah Carey Featuring The Flipmode Squad,2003,busta rhymes & mariah carey,busta rhymes,busta rhymes
Busta Rhymes Featuring Eminem,2014,busta rhymes,busta rhymes,busta rhymes
Busta Rhymes Featuring Janet,1999,busta rhymes,busta rhymes,busta rhymes
Busta Rhymes Featuring Linkin Park,2008,busta rhymes,busta rhymes,busta rhymes
Busta Rhymes Featuring P. Diddy & Pharrell,2002,busta rhymes,busta rhymes,busta rhymes
Busta Rhymes Featuring Ron Browz,2009,busta rhymes,busta rhymes,busta rhymes
Busta Rhymes Featuring Spliff Star,2003,busta rhymes,busta rhymes,busta rhymes
Busta Rhymes Featuring Zhane,1996,busta rhymes,busta rhymes,busta rhymes
Busta Rhymes Featuring will.i.am & Kelis,2006,busta rhymes,busta rhymes,busta rhymes
Buster Brown,1962,buster brown,buster brown,buster brown
Buster Poindexter & His Banshees Of Blue,1988,buster poindexter & his banshees of blue,buster poindexter,buster poindexter
Buzz Clifford,1961,buzz clifford,buzz clifford,buzz clifford
Byron MacGregor,1974,byron macgregor,byron macgregor,byron macgregor
C Company Featuring Terry Nelson,1971,c company,c company,c company
C+C Music Factory,1994,c+c music factory,c,c
C+C Music Factory Presents Zelma Davis,1992,c+c music factory presents zelma davis,c,c
C+C Music Factory/F. Williams,1991,c+c music factory,c,c
C-Side Featuring Keyshia Cole,2008,c-side,c-side,cside
C.C. & Company,1976,c.c. & company,c.c.,cc
C.C.S.,1971,c.c.s.,c.c.s.,ccs
C.J. & Company,1977,c.j. & company,c.j.,cj
C.W. McCall,1976,c.w. mccall,c.w. mccall,cw mccall
CHRYSTAL,2025,chrystal,chrystal,chrystal
CJ,2021,cj,cj,cj
CKay,2022,ckay,ckay,ckay
CL,2016,cl,cl,cl
CROW,1970,crow,crow,crow
CRU Featuring Slick Rick,1997,cru,cru,cru
CSS,2007,css,css,css
Ca$h Out,2014,ca$h out,ca$h out,cash out
Cab Calloway,1966,cab calloway,cab calloway,cab calloway
Caesars,2005,caesars,caesars,caesars
Cage the Elephant,2011,cage the elephant,cage the elephant,cage the elephant
Cake,1999,cake,cake,cake
Cal Smith,1973,cal smith,cal smith,cal smith
Cal Tjader,1965,cal tjader,cal tjader,cal tjader
Calboy,2019,calboy,calboy,calboy
Cali Swag District,2010,cali swag district,cali swag district,cali swag district
Calle 24 x Chino Pacas x Fuerza Regida,2024,calle 24 x chino pacas x fuerza regida,calle 24,calle 24
Calloway,1990,calloway,calloway,calloway
Calum Scott,2017,calum scott,calum scott,calum scott
Calvin Arnold,1968,calvin arnold,calvin arnold,calvin arnold
Calvin Harris,2016,calvin harris,calvin harris,calvin harris
Calvin Harris & Disciples,2015,calvin harris & disciples,calvin harris,calvin harris
Calvin Harris & Dua Lipa,2018,calvin harris & dua lipa,calvin harris,calvin harris
Calvin Harris & Sam Smith,2018,calvin harris & sam smith,calvin harris,calvin harris
Calvin Harris Featuring Ayah Marar,2014,calvin harris,calvin harris,calvin harris
Calvin Harris Featuring Ellie Goulding,2015,calvin harris,calvin harris,calvin harris
Calvin Harris Featuring Florence Welch,2013,calvin harris,calvin harris,calvin harris
Calvin Harris Featuring Frank Ocean & Migos,2017,calvin harris,calvin harris,calvin harris
Calvin Harris Featuring Future & Khalid,2017,calvin harris,calvin harris,calvin harris
Calvin Harris Featuring John Newman,2015,calvin harris,calvin harris,calvin harris
Calvin Harris Featuring Kehlani & Lil Yachty,2017,calvin harris,calvin harris,calvin harris
Calvin Harris Featuring Ne-Yo,2012,calvin harris,calvin harris,calvin harris
"Calvin Harris Featuring Pharrell Williams, Katy Perry & Big Sean",2017,calvin harris,calvin harris,calvin harris
Calvin Harris Featuring Rihanna,2016,calvin harris,calvin harris,calvin harris
"Calvin Harris Featuring Young Thug, Pharrell Williams & Ariana Grande",2017,calvin harris,calvin harris,calvin harris
Calvin Harris X The Weeknd,2020,calvin harris x the weeknd,calvin harris,calvin harris
"Calvin Harris, Dua Lipa & Young Thug",2022,"calvin harris, dua lipa & young thug",calvin harris,calvin harris
Cam,2016,cam,cam,cam
Cam'Ron,2000,cam'ron,cam'ron,camron
Cam'Ron Featuring Juelz Santana,2002,cam'ron,cam'ron,camron
"Cam'Ron Featuring Juelz Santana, Freekey Zekey & Toya",2003,cam'ron,cam'ron,camron
Cam'Ron Featuring Kanye West & Syleena Johnson,2005,cam'ron,cam'ron,camron
Cam'Ron Featuring Mase,1998,cam'ron,cam'ron,camron
Cameo,1988,cameo,cameo,cameo
Camila Cabello,2022,camila cabello,camila cabello,camila cabello
Camila Cabello & Playboi Carti,2024,camila cabello & playboi carti,camila cabello,camila cabello
Camila Cabello Featuring DaBaby,2020,camila cabello,camila cabello,camila cabello
Camila Cabello Featuring Drake,2024,camila cabello,camila cabello,camila cabello
Camila Cabello Featuring Ed Sheeran,2022,camila cabello,camila cabello,camila cabello
Camila Cabello Featuring Quavo,2017,camila cabello,camila cabello,camila cabello
Camila Cabello Featuring Willow,2022,camila cabello,camila cabello,camila cabello
Camila Cabello Featuring Young Thug,2018,camila cabello,camila cabello,camila cabello
Camouflage,1989,camouflage,camouflage,camouflage
Camp Lo,1997,camp lo,camp lo,camp lo
Canaan Smith,2015,canaan smith,canaan smith,canaan smith
Candi,1988,candi,candi,candi
Candi Staton,1976,candi staton,candi staton,candi staton
Candice Glover,2013,candice glover,candice glover,candice glover
Candlebox,1995,candlebox,candlebox,candlebox
Candy & The Kisses,1965,candy & the kisses,candy,candy
Candyman,1991,candyman,candyman,candyman
Canibus,1998,canibus,canibus,canibus
Canned Heat,1972,canned heat,canned heat,canned heat
Cannibal And The Headhunters,1965,cannibal and the headhunters,cannibal,cannibal
Cannonball Adderley,1970,cannonball adderley,cannonball adderley,cannonball adderley
Cannonball Adderley Orchestra,1961,cannonball adderley orchestra,cannonball adderley orchestra,cannonball adderley orchestra
Canyon,1975,canyon,canyon,canyon
Capella Grey,2021,capella grey,capella grey,capella grey
Capital Cities,2014,capital cities,capital cities,capital cities
Capleton,1995,capleton,capleton,capleton
Captain & Tennille,1980,captain & tennille,captain,captain
Captain Hollywood Project,1993,captain hollywood project,captain hollywood project,captain hollywood project
Cardi B,2025,cardi b,cardi b,cardi b
Cardi B & Bruno Mars,2019,cardi b & bruno mars,cardi b,cardi b
Cardi B & Megan Thee Stallion,2023,cardi b & megan thee stallion,cardi b,cardi b
Cardi B & YG,2018,cardi b & yg,cardi b,cardi b
Cardi B Featuring 21 Savage,2018,cardi b,cardi b,cardi b
Cardi B Featuring Cash Cobain,2025,cardi b,cardi b,cardi b
Cardi B Featuring Chance the Rapper,2018,cardi b,cardi b,cardi b
Cardi B Featuring Dougie F,2025,cardi b,cardi b,cardi b
Cardi B Featuring Janet Jackson,2025,cardi b,cardi b,cardi b
Cardi B Featuring Kehlani,2025,cardi b,cardi b,cardi b
Cardi B Featuring Lizzo,2025,cardi b,cardi b,cardi b
Cardi B Featuring Megan Thee Stallion,2021,cardi b,cardi b,cardi b
Cardi B Featuring Migos,2018,cardi b,cardi b,cardi b
Cardi B Featuring SZA,2018,cardi b,cardi b,cardi b
Cardi B Featuring Selena Gomez,2025,cardi b,cardi b,cardi b
Cardi B Featuring Summer Walker,2025,cardi b,cardi b,cardi b
"Cardi B, Bad Bunny & J Balvin",2019,"cardi b, bad bunny & j balvin",cardi b,cardi b
"Cardi B, Ye & Lil Durk",2022,"cardi b, ye & lil durk",cardi b,cardi b
Carin Leon,2023,carin leon,carin leon,carin leon
Carin Leon X Grupo Frontera,2023,carin leon x grupo frontera,carin leon,carin leon
Carl Anderson & Gloria Loring,1986,carl anderson & gloria loring,carl anderson,carl anderson
Carl Butler & Pearl,1963,carl butler & pearl,carl butler,carl butler
Carl Carlton,1982,carl carlton,carl carlton,carl carlton
"Carl Dobkins, Jr.",1960,"carl dobkins, jr.",carl dobkins,carl dobkins
Carl Douglas,1975,carl douglas,carl douglas,carl douglas
Carl Graves,1977,carl graves,carl graves,carl graves
Carl Mann,1959,carl mann,carl mann,carl mann
Carl Perkins,1959,carl perkins,carl perkins,carl perkins
Carl Smith,1959,carl smith,carl smith,carl smith
Carl Thomas,2001,carl thomas,carl thomas,carl thomas
Carl Wilson,1983,carl wilson,carl wilson,carl wilson
Carla Thomas,1969,carla thomas,carla thomas,carla thomas
Carlo Savina,1972,carlo savina,carlo savina,carlo savina
Carlos Santana & Buddy Miles,1972,carlos santana & buddy miles,carlos santana,carlos santana
Carlos Vives,2022,carlos vives,carlos vives,carlos vives
Carlos Vives & Shakira,2016,carlos vives & shakira,carlos vives,carlos vives
Carly Pearce,2023,carly pearce,carly pearce,carly pearce
Carly Pearce & Ashley McBryde,2022,carly pearce & ashley mcbryde,carly pearce,carly pearce
Carly Pearce & Lee Brice,2020,carly pearce & lee brice,carly pearce,carly pearce
Carly Pearce Featuring Chris Stapleton,2024,carly pearce,carly pearce,carly pearce
Carly Rae Jepsen,2015,carly rae jepsen,carly rae jepsen,carly rae jepsen
Carly Rae Jepsen Featuring Justin Bieber,2012,carly rae jepsen,carly rae jepsen,carly rae jepsen
Carly Rae Jepsen Featuring Nicki Minaj,2013,carly rae jepsen,carly rae jepsen,carly rae jepsen
Carly Simon,1989,carly simon,carly simon,carly simon
Carly Simon & James Taylor,1978,carly simon & james taylor,carly simon,carly simon
Carol Douglas,1975,carol douglas,carol douglas,carol douglas
Carol Lynn Townes,1984,carol lynn townes,carol lynn townes,carol lynn townes
Carole Bayer Sager,1981,carole bayer sager,carole bayer sager,carole bayer sager
Carole King,1982,carole king,carole king,carole king
"Carolina Gaitan, Mauro Castillo, Adassa, Rhenzy Feliz, Diane Guerrero, Stephanie Beatriz & Encanto Cast",2022,"carolina gaitan, mauro castillo, adassa, rhenzy feliz, diane guerrero, stephanie beatriz & encanto cast",carolina gaitan,carolina gaitan
Carolina Liar,2009,carolina liar,carolina liar,carolina liar
Carolyn Dawn Johnson,2004,carolyn dawn johnson,carolyn dawn johnson,carolyn dawn johnson
Carolyne Mas,1979,carolyne mas,carolyne mas,carolyne mas
Caron Wheeler,1990,caron wheeler,caron wheeler,caron wheeler
Carpenters,1982,carpenters,carpenters,carpenters
Carrie,1977,carrie,carrie,carrie
Carrie Lucas,1979,carrie lucas,carrie lucas,carrie lucas
Carrie Underwood,2022,carrie underwood,carrie underwood,carrie underwood
Carrie Underwood & John Legend,2021,carrie underwood & john legend,carrie underwood,carrie underwood
Carrie Underwood Featuring Ludacris,2018,carrie underwood,carrie underwood,carrie underwood
Carrie Underwood Featuring Randy Travis,2009,carrie underwood,carrie underwood,carrie underwood
Carroll Bros.,1962,carroll bros.,carroll bros.,carroll bros
Carroll O'Connor And Jean Stapleton (As The Bunkers),1972,carroll o'connor and jean stapleton,carroll o'connor,carroll oconnor
Cartel,2007,cartel,cartel,cartel
Cartouche,1991,cartouche,cartouche,cartouche
Cascada,2010,cascada,cascada,cascada
Case,2001,case,case,case
Case & Joe,1999,case & joe,case,case
Case Featuring Foxxy Brown,1996,case,case,case
Casey James,2013,casey james,casey james,casey james
Casey Kelly,1972,casey kelly,casey kelly,casey kelly
Casey Weston,2011,casey weston,casey weston,casey weston
Cash Cash Featuring Bebe Rexha,2014,cash cash,cash cash,cash cash
Cash Money Millionaires,2001,cash money millionaires,cash money millionaires,cash money millionaires
Cashman & West,1973,cashman & west,cashman,cashman
Cashmere Cat Featuring Ariana Grande,2015,cashmere cat,cashmere cat,cashmere cat
Casinos,1967,casinos,casinos,casinos
"Casper Magico, Nio Garcia, Darell, Nicky Jam, Ozuna & Bad Bunny",2018,"casper magico, nio garcia, darell, nicky jam, ozuna & bad bunny",casper magico,casper magico
Cassadee Pope,2014,cassadee pope,cassadee pope,cassadee pope
Cassidy,2005,cassidy,cassidy,cassidy
Cassidy Featuring Mashonda,2004,cassidy,cassidy,cassidy
Cassidy Featuring R. Kelly,2004,cassidy,cassidy,cassidy
Cassidy Featuring Swizz Beatz,2008,cassidy,cassidy,cassidy
Cassie,2006,cassie,cassie,cassie
Cast Of Camp Rock,2008,cast of camp rock,cast of camp rock,cast of camp rock
Cast Of Hairspray,2007,cast of hairspray,cast of hairspray,cast of hairspray
Cast Of Rent,2006,cast of rent,cast of rent,cast of rent
Cat Mother & the All Night News Boys,1969,cat mother & the all night news boys,cat mother,cat mother
Cat Stevens,1979,cat stevens,cat stevens,cat stevens
Cate Bros.,1976,cate bros.,cate bros.,cate bros
Cathy & Joe,1964,cathy & joe,cathy,cathy
Cathy Carr,1959,cathy carr,cathy carr,cathy carr
Cathy Carroll,1962,cathy carroll,cathy carroll,cathy carroll
Cathy Dennis,1993,cathy dennis,cathy dennis,cathy dennis
Cathy Jean and The Roommates,1961,cathy jean and the roommates,cathy jean,cathy jean
Cause And Effect,1994,cause and effect,cause,cause
Cazz,1978,cazz,cazz,cazz
CeCe Peniston,1996,cece peniston,cece peniston,cece peniston
Cee Farrow,1983,cee farrow,cee farrow,cee farrow
Cee-Lo,2002,cee-lo,cee-lo,ceelo
CeeLo Green,2011,ceelo green,ceelo green,ceelo green
Celebration featuring Mike Love,1978,celebration,celebration,celebration
Celi Bee & The Buzzy Bunch,1977,celi bee & the buzzy bunch,celi bee,celi bee
Celine Dion,2008,celine dion,celine dion,celine dion
Celine Dion & Josh Groban,2008,celine dion & josh groban,celine dion,celine dion
Celine Dion And Clive Griffin,1993,celine dion and clive griffin,celine dion,celine dion
Celine Dion And Peabo Bryson,1992,celine dion and peabo bryson,celine dion,celine dion
Cellarful Of Noise,1988,cellarful of noise,cellarful of noise,cellarful of noise
Central Cee & Lil Baby,2024,central cee & lil baby,central cee,central cee
Central Cee Featuring 21 Savage,2025,central cee,central cee,central cee
Central Line,1981,central line,central line,central line
Cerrone,1978,cerrone,cerrone,cerrone
Chad & Jeremy,1966,chad & jeremy,chad,chad
Chad Brock,2000,chad brock,chad brock,chad brock
Chad Brock With Hank Williams Jr. & George Jones,2000,chad brock with hank williams jr. & george jones,chad brock,chad brock
Chad Kroeger Featuring Josey Scott,2002,chad kroeger,chad kroeger,chad kroeger
Chairman Of The Board,1973,chairman of the board,chairman of the board,chairman of the board
Chaka Demus & Pliers,1993,chaka demus & pliers,chaka demus,chaka demus
Chaka Khan,1992,chaka khan,chaka khan,chaka khan
Cham Featuring Alicia Keys,2006,cham,cham,cham
Chambers Brothers,1970,chambers brothers,chambers brothers,chambers brothers
Chamillionaire,2009,chamillionaire,chamillionaire,chamillionaire
Chamillionaire Featuring Krayzie Bone,2006,chamillionaire,chamillionaire,chamillionaire
Chamillionaire Featuring Lil' Flip,2006,chamillionaire,chamillionaire,chamillionaire
Champagne,1977,champagne,champagne,champagne
Champaign,1983,champaign,champaign,champaign
Chance the Rapper,2018,chance the rapper,chance the rapper,chance the rapper
Chance the Rapper Featuring Death Cab for Cutie,2019,chance the rapper,chance the rapper,chance the rapper
Chance the Rapper Featuring John Legend,2019,chance the rapper,chance the rapper,chance the rapper
Chance the Rapper Featuring Lil Wayne & 2 Chainz,2016,chance the rapper,chance the rapper,chance the rapper
Chance the Rapper Featuring MadeinTYO & DaBaby,2019,chance the rapper,chance the rapper,chance the rapper
Chance the Rapper Featuring Ty Dolla $ign,2016,chance the rapper,chance the rapper,chance the rapper
Change,1982,change,change,change
Changing Faces,2000,changing faces,changing faces,changing faces
Changing Faces (Featuring Jay-Z),1998,changing faces,changing faces,changing faces
Channel Live,1995,channel live,channel live,channel live
Chanson,1979,chanson,chanson,chanson
Chantay Savage,1996,chantay savage,chantay savage,chantay savage
Chantay's,1963,chantay's,chantay's,chantays
Chante Moore,2000,chante moore,chante moore,chante moore
Chappell Roan,2025,chappell roan,chappell roan,chappell roan
Charice,2009,charice,charice,charice
Charice Featuring Iyaz,2010,charice,charice,charice
Charlene,1982,charlene,charlene,charlene
Charlene & Stevie Wonder,1983,charlene & stevie wonder,charlene,charlene
Charles & Eddie,1993,charles & eddie,charles,charles
Charles Brown,1962,charles brown,charles brown,charles brown
Charles Fox,1981,charles fox,charles fox,charles fox
Charles Wolcott,1960,charles wolcott,charles wolcott,charles wolcott
Charles Wright And The Watts 103rd Street Rhythm Band,1971,charles wright and the watts 103rd street rhythm band,charles wright,charles wright
Charley Pride,1974,charley pride,charley pride,charley pride
Charley Pride with Henry Mancini,1972,charley pride with henry mancini,charley pride,charley pride
Charli xcx,2025,charli xcx,charli xcx,charli xcx
Charli xcx Featuring Ariana Grande,2024,charli xcx,charli xcx,charli xcx
Charli xcx Featuring Billie Eilish,2025,charli xcx,charli xcx,charli xcx
Charli xcx Featuring Troye Sivan,2024,charli xcx,charli xcx,charli xcx
Charli xcx With Lorde,2024,charli xcx with lorde,charli xcx,charli xcx
Charlie,1983,charlie,charlie,charlie
Charlie Blackwell,1959,charlie blackwell,charlie blackwell,charlie blackwell
Charlie Byrd,1963,charlie byrd,charlie byrd,charlie byrd
Charlie Daniels,1973,charlie daniels,charlie daniels,charlie daniels
Charlie Dore,1980,charlie dore,charlie dore,charlie dore
Charlie Drake,1962,charlie drake,charlie drake,charlie drake
Charlie Kulis,1975,charlie kulis,charlie kulis,charlie kulis
Charlie McCoy,1961,charlie mccoy,charlie mccoy,charlie mccoy
Charlie Puth,2022,charlie puth,charlie puth,charlie puth
Charlie Puth Featuring Jung Kook,2022,charlie puth,charlie puth,charlie puth
Charlie Puth Featuring Kehlani,2018,charlie puth,charlie puth,charlie puth
Charlie Puth Featuring Meghan Trainor,2015,charlie puth,charlie puth,charlie puth
Charlie Puth Featuring Selena Gomez,2016,charlie puth,charlie puth,charlie puth
Charlie Rich,1976,charlie rich,charlie rich,charlie rich
Charlie Ross,1976,charlie ross,charlie ross,charlie ross
Charlie Russo,1963,charlie russo,charlie russo,charlie russo
Charlie Ryan and the Timberline Riders,1960,charlie ryan and the timberline riders,charlie ryan,charlie ryan
Charlie Sexton,1986,charlie sexton,charlie sexton,charlie sexton
Charlie Wilson,2009,charlie wilson,charlie wilson,charlie wilson
Charlie Worsham,2013,charlie worsham,charlie worsham,charlie worsham
Charm,1992,charm,charm,charm
Charm Farm,1996,charm farm,charm farm,charm farm
Chase,1972,chase,chase,chase
Chase Bryant,2016,chase bryant,chase bryant,chase bryant
Chase Matthew,2025,chase matthew,chase matthew,chase matthew
Chase Rice,2020,chase rice,chase rice,chase rice
Chase Rice Featuring Florida Georgia Line,2021,chase rice,chase rice,chase rice
Chayce Beckham,2024,chayce beckham,chayce beckham,chayce beckham
Cheap Trick,1990,cheap trick,cheap trick,cheap trick
Cheat Codes Featuring Demi Lovato,2017,cheat codes,cheat codes,cheat codes
Chedda Da Connect,2015,chedda da connect,chedda da connect,chedda da connect
Chee-Chee & Peppy,1971,chee-chee & peppy,chee-chee,cheechee
Cheech & Chong,1985,cheech & chong,cheech,cheech
Cheech & Chong Featuring Alice Bowie,1974,cheech & chong,cheech,cheech
Chef Raekwon,1995,chef raekwon,chef raekwon,chef raekwon
Chely Wright,2000,chely wright,chely wright,chely wright
Cher,2024,cher,cher,cher
Cher & Peter Cetera,1989,cher & peter cetera,cher,cher
Cher Lloyd,2012,cher lloyd,cher lloyd,cher lloyd
Cher Lloyd Featuring Becky G,2013,cher lloyd,cher lloyd,cher lloyd
Cherelle,1984,cherelle,cherelle,cherelle
Cheri,1982,cheri,cheri,cheri
Cherie,2004,cherie,cherie,cherie
Cherie & Marie Currie,1979,cherie & marie currie,cherie,cherie
Cherish,2007,cherish,cherish,cherish
Cherish Featuring Sean Paul Of The YoungBloodZ,2006,cherish,cherish,cherish
Cherish Featuring Yung Joc,2008,cherish,cherish,cherish
Cherrelle With Alexander O'Neal,1986,cherrelle with alexander o'neal,cherrelle,cherrelle
Cheryl Barnes/Hair Soundtrack,1979,cheryl barnes,cheryl barnes,cheryl barnes
Cheryl Ladd,1978,cheryl ladd,cheryl ladd,cheryl ladd
Cheryl Lynn,1984,cheryl lynn,cheryl lynn,cheryl lynn
Cheryl Pepsii Riley,1989,cheryl pepsii riley,cheryl pepsii riley,cheryl pepsii riley
Chesney Hawkes,1991,chesney hawkes,chesney hawkes,chesney hawkes
Chet Atkins,1965,chet atkins,chet atkins,chet atkins
Chevelle,2005,chevelle,chevelle,chevelle
Cheyenne Kimball,2006,cheyenne kimball,cheyenne kimball,cheyenne kimball
Chi Coltrane,1972,chi coltrane,chi coltrane,chi coltrane
Chic,1982,chic,chic,chic
Chicago,1991,chicago,chicago,chicago
Chico DeBarge,2000,chico debarge,chico debarge,chico debarge
Chico Holiday,1959,chico holiday,chico holiday,chico holiday
Chicory,1972,chicory,chicory,chicory
Chiddy Bang,2011,chiddy bang,chiddy bang,chiddy bang
Chief Keef,2013,chief keef,chief keef,chief keef
Chief Keef Featuring Lil Reese,2012,chief keef,chief keef,chief keef
Childish Gambino,2024,childish gambino,childish gambino,childish gambino
Chilliwack,1983,chilliwack,chilliwack,chilliwack
China Anne McClain,2011,china anne mcclain,china anne mcclain,china anne mcclain
"China Anne McClain, Thomas Doherty & Dylan Playfair",2017,"china anne mcclain, thomas doherty & dylan playfair",china anne mcclain,china anne mcclain
Chingy,2005,chingy,chingy,chingy
Chingy Featuring Amerie,2008,chingy,chingy,chingy
Chingy Featuring J. Weav,2004,chingy,chingy,chingy
Chingy Featuring Jermaine Dupri,2007,chingy,chingy,chingy
Chingy Featuring Ludacris & Snoop Dogg,2004,chingy,chingy,chingy
Chingy Featuring Tyrese,2006,chingy,chingy,chingy
Chino Pacas,2023,chino pacas,chino pacas,chino pacas
Chloe,2024,chloe,chloe,chloe
Chloe Kohanski,2017,chloe kohanski,chloe kohanski,chloe kohanski
Chloe X Halle,2020,chloe x halle,chloe,chloe
Chocolate Milk,1975,chocolate milk,chocolate milk,chocolate milk
Choirboys,1989,choirboys,choirboys,choirboys
Choppa Featuring Master P,2003,choppa,choppa,choppa
Chris Andrews,1966,chris andrews,chris andrews,chris andrews
Chris Barber's Jazz Band,1959,chris barber's jazz band,chris barber's jazz band,chris barbers jazz band
Chris Bartley,1967,chris bartley,chris bartley,chris bartley
Chris Blue,2017,chris blue,chris blue,chris blue
Chris Brown,2025,chris brown,chris brown,chris brown
Chris Brown & Tyga,2015,chris brown & tyga,chris brown,chris brown
Chris Brown & Young Thug,2021,chris brown & young thug,chris brown,chris brown
Chris Brown Feat. Ludacris,2011,chris brown,chris brown,chris brown
Chris Brown Featuring Aaliyah,2013,chris brown,chris brown,chris brown
Chris Brown Featuring Benny Benassi,2011,chris brown,chris brown,chris brown
Chris Brown Featuring Bryson Tiller,2025,chris brown,chris brown,chris brown
Chris Brown Featuring Davido & Lojay,2024,chris brown,chris brown,chris brown
Chris Brown Featuring Drake,2020,chris brown,chris brown,chris brown
Chris Brown Featuring Future & Young Thug,2017,chris brown,chris brown,chris brown
Chris Brown Featuring Gunna,2020,chris brown,chris brown,chris brown
Chris Brown Featuring Jack Harlow,2022,chris brown,chris brown,chris brown
Chris Brown Featuring Jay Biz,2007,chris brown,chris brown,chris brown
Chris Brown Featuring Justin Bieber,2011,chris brown,chris brown,chris brown
Chris Brown Featuring Justin Bieber & Ink,2019,chris brown,chris brown,chris brown
Chris Brown Featuring Kevin K-MAC McCall,2012,chris brown,chris brown,chris brown
Chris Brown Featuring Lil Baby,2022,chris brown,chris brown,chris brown
Chris Brown Featuring Lil Wayne,2006,chris brown,chris brown,chris brown
Chris Brown Featuring Lil Wayne & BLEU,2022,chris brown,chris brown,chris brown
Chris Brown Featuring Lil Wayne & Busta Rhymes,2011,chris brown,chris brown,chris brown
Chris Brown Featuring Lil Wayne & French Montana Or Too $hort Or Tyga,2014,chris brown,chris brown,chris brown
Chris Brown Featuring Lil Wayne & Swizz Beatz,2010,chris brown,chris brown,chris brown
Chris Brown Featuring Nicki Minaj,2014,chris brown,chris brown,chris brown
Chris Brown Featuring Plies,2009,chris brown,chris brown,chris brown
Chris Brown Featuring T-Pain,2008,chris brown,chris brown,chris brown
Chris Brown Featuring Tyga & Kevin McCall,2011,chris brown,chris brown,chris brown
Chris Brown Featuring Usher & Gucci Mane,2017,chris brown,chris brown,chris brown
Chris Brown Featuring Usher & Rick Ross,2014,chris brown,chris brown,chris brown
Chris Brown Featuring Wizkid,2022,chris brown,chris brown,chris brown
"Chris Brown Featuring Yo Gotti, A Boogie wit da Hoodie & Kodak Black",2018,chris brown,chris brown,chris brown
Chris Cagle,2013,chris cagle,chris cagle,chris cagle
Chris Christian,1982,chris christian,chris christian,chris christian
Chris Christian (with Amy Holland),1982,chris christian,chris christian,chris christian
Chris Columbo Quintet,1963,chris columbo quintet,chris columbo quintet,chris columbo quintet
Chris Cornell,2006,chris cornell,chris cornell,chris cornell
Chris Crosby,1964,chris crosby,chris crosby,chris crosby
Chris Cuevas,1992,chris cuevas,chris cuevas,chris cuevas
Chris Daughtry,2006,chris daughtry,chris daughtry,chris daughtry
Chris Hodge,1972,chris hodge,chris hodge,chris hodge
Chris Isaak,1995,chris isaak,chris isaak,chris isaak
Chris Jamison,2015,chris jamison,chris jamison,chris jamison
Chris Jamison & Adam Levine,2015,chris jamison & adam levine,chris jamison,chris jamison
Chris Janson,2024,chris janson,chris janson,chris janson
Chris Kenner,1963,chris kenner,chris kenner,chris kenner
Chris Lane,2021,chris lane,chris lane,chris lane
Chris Lane Featuring Tori Kelly,2018,chris lane,chris lane,chris lane
Chris Medina,2011,chris medina,chris medina,chris medina
Chris Montez,1967,chris montez,chris montez,chris montez
Chris Rea,1989,chris rea,chris rea,chris rea
Chris Stapleton,2025,chris stapleton,chris stapleton,chris stapleton
Chris Thompson & Night,1979,chris thompson & night,chris thompson,chris thompson
Chris Walker,1992,chris walker,chris walker,chris walker
Chris Young,2024,chris young,chris young,chris young
Chris Young + Kane Brown,2021,chris young + kane brown,chris young,chris young
Chris Young Duet With Cassadee Pope,2016,chris young duet with cassadee pope,chris young,chris young
Chris Young Featuring Vince Gill,2017,chris young,chris young,chris young
Chris Young With Mitchell Tenpenny,2022,chris young with mitchell tenpenny,chris young,chris young
Chris de Burgh,1987,chris de burgh,chris de burgh,chris de burgh
Chrisette Michele,2009,chrisette michele,chrisette michele,chrisette michele
Christian Nodal & Peso Pluma,2024,christian nodal & peso pluma,christian nodal,christian nodal
Christie,1971,christie,christie,christie
Christina Aguilera,2012,christina aguilera,christina aguilera,christina aguilera
Christina Aguilera & Beverly McClellan,2011,christina aguilera & beverly mcclellan,christina aguilera,christina aguilera
Christina Aguilera & Chris Mann,2012,christina aguilera & chris mann,christina aguilera,christina aguilera
Christina Aguilera Featuring Lil' Kim,2003,christina aguilera,christina aguilera,christina aguilera
Christina Aguilera Featuring Missy Elliott,2004,christina aguilera,christina aguilera,christina aguilera
Christina Aguilera Featuring Nicki Minaj,2010,christina aguilera,christina aguilera,christina aguilera
Christina Aguilera Featuring Redman,2003,christina aguilera,christina aguilera,christina aguilera
Christina Aguilera With Blake Shelton,2012,christina aguilera with blake shelton,christina aguilera,christina aguilera
"Christina Aguilera, Lil' Kim, Mya & P!nk",2001,"christina aguilera, lil' kim, mya & p!nk",christina aguilera,christina aguilera
Christina Grimmie,2014,christina grimmie,christina grimmie,christina grimmie
Christina Grimmie & Adam Levine,2014,christina grimmie & adam levine,christina grimmie,christina grimmie
Christina Milian,2004,christina milian,christina milian,christina milian
Christina Milian Featuring Joe Budden,2004,christina milian,christina milian,christina milian
Christina Milian Featuring Young Jeezy,2006,christina milian,christina milian,christina milian
Christina Perri,2014,christina perri,christina perri,christina perri
Christina Perri Featuring Steve Kazee,2012,christina perri,christina perri,christina perri
Christine McVie,1984,christine mcvie,christine mcvie,christine mcvie
Christine Quaite,1964,christine quaite,christine quaite,christine quaite
Christion,1998,christion,christion,christion
Christopher Atkins,1982,christopher atkins,christopher atkins,christopher atkins
Christopher Cross,1985,christopher cross,christopher cross,christopher cross
Christopher Max,1990,christopher max,christopher max,christopher max
Christopher Paul And Shawn,1975,christopher paul and shawn,christopher paul,christopher paul
Christopher Wilde,2010,christopher wilde,christopher wilde,christopher wilde
Christopher Wilde & Anna Margaret,2010,christopher wilde & anna margaret,christopher wilde,christopher wilde
Christopher Williams,1993,christopher williams,christopher williams,christopher williams
Chubb Rock,1991,chubb rock,chubb rock,chubb rock
Chubby Checker,1982,chubby checker,chubby checker,chubby checker
Chubby Checker (with Dee Dee Sharp),1962,chubby checker,chubby checker,chubby checker
Chuck Berry,2025,chuck berry,chuck berry,chuck berry
Chuck Brown & The Soul Searchers,1979,chuck brown & the soul searchers,chuck brown,chuck brown
Chuck Jackson,1968,chuck jackson,chuck jackson,chuck jackson
Chuck Jackson & Maxine Brown,1967,chuck jackson & maxine brown,chuck jackson,chuck jackson
Chuck Mangione,1980,chuck mangione,chuck mangione,chuck mangione
Chuck Mangione With The Hamilton Philharmonic Orchestra,1977,chuck mangione with the hamilton philharmonic orchestra,chuck mangione,chuck mangione
Chuck Wicks,2008,chuck wicks,chuck wicks,chuck wicks
Chuck Willis,1958,chuck willis,chuck willis,chuck willis
Chuckii Booker,1993,chuckii booker,chuckii booker,chuckii booker
Chucklebutt,1998,chucklebutt,chucklebutt,chucklebutt
Chuckyy,2025,chuckyy,chuckyy,chuckyy
Chumbawamba,1998,chumbawamba,chumbawamba,chumbawamba
Chunky A,1990,chunky a,chunky a,chunky a
Ciara,2018,ciara,ciara,ciara
Ciara Featuring 50 Cent,2007,ciara,ciara,ciara
Ciara Featuring Chamillionaire,2006,ciara,ciara,ciara
Ciara Featuring Justin Timberlake,2009,ciara,ciara,ciara
Ciara Featuring Ludacris,2010,ciara,ciara,ciara
Ciara Featuring Missy Elliott,2005,ciara,ciara,ciara
Ciara Featuring Nicki Minaj,2013,ciara,ciara,ciara
Ciara Featuring Petey Pablo,2005,ciara,ciara,ciara
Ciara Featuring T-Pain,2008,ciara,ciara,ciara
Ciara Featuring Young Jeezy,2009,ciara,ciara,ciara
Cico P,2021,cico p,cico p,cico p
Cilla Black,1966,cilla black,cilla black,cilla black
Cinderella,1991,cinderella,cinderella,cinderella
Cindy Bullens,1980,cindy bullens,cindy bullens,cindy bullens
Circus,1973,circus,circus,circus
Cissy Houston,1971,cissy houston,cissy houston,cissy houston
Citizen King,1999,citizen king,citizen king,citizen king
City Boy,1978,city boy,city boy,city boy
City Girls,2021,city girls,city girls,city girls
City Girls & Usher,2022,city girls & usher,city girls,city girls
City Girls Featuring Cardi B,2019,city girls,city girls,city girls
City High,2001,city high,city high,city high
City High Featuring Eve,2002,city high,city high,city high
Clairo,2020,clairo,clairo,clairo
Clarence Ashe,1964,clarence ashe,clarence ashe,clarence ashe
Clarence Carter,1973,clarence carter,clarence carter,clarence carter
Clarence Clemons & Jackson Browne,1986,clarence clemons & jackson browne,clarence clemons,clarence clemons
Clarence Henry,1962,clarence henry,clarence henry,clarence henry
Clarence Reid,1974,clarence reid,clarence reid,clarence reid
Classic Example,1993,classic example,classic example,classic example
Classics IV,1968,classics iv,classics iv,classics iv
Classics IV Featuring Dennis Yost,1969,classics iv,classics iv,classics iv
Claude Gray,1961,claude gray,claude gray,claude gray
Claude King,1962,claude king,claude king,claude king
Claudine Clark,1962,claudine clark,claudine clark,claudine clark
Claudine Longet,1968,claudine longet,claudine longet,claudine longet
Claudja Barry,1979,claudja barry,claudja barry,claudja barry
Clay Aiken,2004,clay aiken,clay aiken,clay aiken
Clay Davidson,2000,clay davidson,clay davidson,clay davidson
Clay Walker,2010,clay walker,clay walker,clay walker
Clean Bandit Featuring Demi Lovato,2018,clean bandit,clean bandit,clean bandit
Clean Bandit Featuring Jess Glynne,2015,clean bandit,clean bandit,clean bandit
Clean Bandit Featuring Julia Michaels,2018,clean bandit,clean bandit,clean bandit
Clean Bandit Featuring Sean Paul & Anne-Marie,2017,clean bandit,clean bandit,clean bandit
Clean Living,1973,clean living,clean living,clean living
Cledus Maggard And The Citizen's Band,1976,cledus maggard and the citizen's band,cledus maggard,cledus maggard
Clefs Of Lavender Hill,1966,clefs of lavender hill,clefs of lavender hill,clefs of lavender hill
Cleopatra,1998,cleopatra,cleopatra,cleopatra
Cleveland Crochet and Band,1961,cleveland crochet and band,cleveland crochet,cleveland crochet
Cliff DeYoung,1974,cliff deyoung,cliff deyoung,cliff deyoung
Cliff Nobles & Co.,1969,cliff nobles & co.,cliff nobles,cliff nobles
Cliff Richard,1983,cliff richard,cliff richard,cliff richard
Cliff Richard And The Shadows,1964,cliff richard and the shadows,cliff richard,cliff richard
Cliff Richard and The Drifters,1959,cliff richard and the drifters,cliff richard,cliff richard
Clifford Curry,1967,clifford curry,clifford curry,clifford curry
Climax,1972,climax,climax,climax
Climax Blues Band,1981,climax blues band,climax blues band,climax blues band
Climax featuring Sonny Geraci,1972,climax,climax,climax
Climie Fisher,1988,climie fisher,climie fisher,climie fisher
Clint Black,2000,clint black,clint black,clint black
Clint Black With Steve Wariner,2000,clint black with steve wariner,clint black,clint black
Clint Black With Wynonna,1993,clint black with wynonna,clint black,clint black
Clint Holmes,1973,clint holmes,clint holmes,clint holmes
Clinton Kane,2021,clinton kane,clinton kane,clinton kane
Clipse,2025,clipse,clipse,clipse
Clipse Featuring Faith Evans,2003,clipse,clipse,clipse
Clipse Featuring John Legend & Voices Of Fire,2025,clipse,clipse,clipse
Clipse Featuring Kendrick Lamar,2025,clipse,clipse,clipse
"Clipse Featuring Tyler, the Creator",2025,clipse,clipse,clipse
Clive Griffin,1993,clive griffin,clive griffin,clive griffin
Clivilles & Cole,1992,clivilles & cole,clivilles,clivilles
Clocks,1982,clocks,clocks,clocks
Clout,1978,clout,clout,clout
Club 69 Featuring Suzanne Palmer,1998,club 69,club 69,club 69
Club House,1983,club house,club house,club house
Club Nouveau,1987,club nouveau,club nouveau,club nouveau
Clubland,1992,clubland,clubland,clubland
Clubland Featuring Zemya Hamilton,1992,clubland,clubland,clubland
Clyde McPhatter,1964,clyde mcphatter,clyde mcphatter,clyde mcphatter
Clyde Stacy,1959,clyde stacy,clyde stacy,clyde stacy
Cobra Starship,2010,cobra starship,cobra starship,cobra starship
Cobra Starship Featuring Leighton Meester,2009,cobra starship,cobra starship,cobra starship
Cobra Starship Featuring Sabi,2012,cobra starship,cobra starship,cobra starship
Cochise,1971,cochise,cochise,cochise
Cochise & $NOT,2021,cochise & $not,cochise,cochise
Cock Robin,1985,cock robin,cock robin,cock robin
Coco Jones,2023,coco jones,coco jones,coco jones
Cody Jameson,1977,cody jameson,cody jameson,cody jameson
Cody Johnson,2025,cody johnson,cody johnson,cody johnson
Cody Johnson & Carrie Underwood,2025,cody johnson & carrie underwood,cody johnson,cody johnson
Coi Leray,2023,coi leray,coi leray,coi leray
Coi Leray & Nicki Minaj,2022,coi leray & nicki minaj,coi leray,coi leray
Coi Leray & Pooh Shiesty,2021,coi leray & pooh shiesty,coi leray,coi leray
Coi Leray Featuring Lil Durk,2021,coi leray,coi leray,coi leray
Coko,1999,coko,coko,coko
Colbie Caillat,2015,colbie caillat,colbie caillat,colbie caillat
Colby O'Donis Featuring Akon,2008,colby o'donis,colby o'donis,colby odonis
Cold,2003,cold,cold,cold
Cold Blood,1970,cold blood,cold blood,cold blood
Coldplay,2025,coldplay,coldplay,coldplay
"Coldplay Featuring Little Simz, Burna Boy, Elyanna & TINI",2024,coldplay,coldplay,coldplay
Coldplay Featuring Rihanna,2012,coldplay,coldplay,coldplay
Coldplay With Jay-Z,2009,coldplay with jay-z,coldplay,coldplay
Coldplay X Selena Gomez,2021,coldplay x selena gomez,coldplay,coldplay
Coldplay x BTS,2022,coldplay x bts,coldplay,coldplay
Cole Swindell,2025,cole swindell,cole swindell,cole swindell
Cole Swindell / Lainey Wilson,2022,cole swindell,cole swindell,cole swindell
Colin James Hay,1987,colin james hay,colin james hay,colin james hay
Collage,1994,collage,collage,collage
Collay & the Satellites,1960,collay & the satellites,collay,collay
Collective Soul,1999,collective soul,collective soul,collective soul
Collin Raye,2000,collin raye,collin raye,collin raye
Color Me Badd,1998,color me badd,color me badd,color me badd
Colourhaus,1992,colourhaus,colourhaus,colourhaus
Commander Cody,1975,commander cody,commander cody,commander cody
Commander Cody & His Lost Planet Airmen,1972,commander cody & his lost planet airmen,commander cody,commander cody
Commodores,1987,commodores,commodores,commodores
Common,2005,common,common,common
Common & John Legend,2015,common & john legend,common,common
Common Featuring Mary J. Blige,2003,common,common,common
Common Featuring Pharrell,2009,common,common,common
Company B,1987,company b,company b,company b
ConFunkShun,1984,confunkshun,confunkshun,confunkshun
Conan Gray,2020,conan gray,conan gray,conan gray
Concrete Blonde,1991,concrete blonde,concrete blonde,concrete blonde
Conductor,1982,conductor,conductor,conductor
Conner Smith,2024,conner smith,conner smith,conner smith
Connie Francis,1969,connie francis,connie francis,connie francis
Connie Stevens,1965,connie stevens,connie stevens,connie stevens
Consumer Rapport,1975,consumer rapport,consumer rapport,consumer rapport
Continental Miniatures,1978,continental miniatures,continental miniatures,continental miniatures
Conway Twitty,1975,conway twitty,conway twitty,conway twitty
Conway Twitty & Loretta Lynn,1971,conway twitty & loretta lynn,conway twitty,conway twitty
Conway Twitty with Joni Lee,1976,conway twitty with joni lee,conway twitty,conway twitty
Coo Coo Cal,2001,coo coo cal,coo coo cal,coo coo cal
Cooker,1974,cooker,cooker,cooker
Cookie And His Cupcakes,1963,cookie and his cupcakes,cookie,cookie
"Cool Breeze Featuring OutKast, Goodie Mob & Witchdoctor",1999,cool breeze,cool breeze,cool breeze
Cool Heat,1970,cool heat,cool heat,cool heat
Coolio,1996,coolio,coolio,coolio
Coolio Featuring 40 Thevz,1997,coolio,coolio,coolio
Coolio Featuring L.V.,1996,coolio,coolio,coolio
Cooper Brothers,1979,cooper brothers,cooper brothers,cooper brothers
Cooper Brothers Band,1979,cooper brothers band,cooper brothers band,cooper brothers band
Corbin Bleu,2007,corbin bleu,corbin bleu,corbin bleu
Corbin Bleu & Lucas Grabeel,2007,corbin bleu & lucas grabeel,corbin bleu,corbin bleu
Corey Featuring Lil' Romeo,2002,corey,corey,corey
Corey Hart,1990,corey hart,corey hart,corey hart
Corey Kent,2025,corey kent,corey kent,corey kent
Corina,1997,corina,corina,corina
Corinne Bailey Rae,2007,corinne bailey rae,corinne bailey rae,corinne bailey rae
Cornbread & Biscuits,1960,cornbread & biscuits,cornbread,cornbread
Cornelius Brothers & Sister Rose,1973,cornelius brothers & sister rose,cornelius brothers,cornelius brothers
Coro,1991,coro,coro,coro
Corona,1995,corona,corona,corona
Cory,1977,cory,cory,cory
Cory Daye,1979,cory daye,cory daye,cory daye
"Cotton, Lloyd & Christian",1975,"cotton, lloyd & christian",cotton,cotton
Count Basie,1963,count basie,count basie,count basie
Count Basie & His Orchestra,1962,count basie & his orchestra,count basie,count basie
Count Five,1966,count five,count five,count five
Counting Crows,2004,counting crows,counting crows,counting crows
Counting Crows Featuring Vanessa Carlton,2003,counting crows,counting crows,counting crows
Country Coalition,1970,country coalition,country coalition,country coalition
Country Joe & The Fish,1967,country joe & the fish,country joe,country joe
Country Joe McDonald,1976,country joe mcdonald,country joe mcdonald,country joe mcdonald
Coven,1974,coven,coven,coven
Cowboy Copas,1960,cowboy copas,cowboy copas,cowboy copas
Coyote Sisters,1984,coyote sisters,coyote sisters,coyote sisters
Cozy Cole,1959,cozy cole,cozy cole,cozy cole
Cozy Powell,1974,cozy powell,cozy powell,cozy powell
Crabby Appleton,1970,crabby appleton,crabby appleton,crabby appleton
Cracker,1994,cracker,cracker,cracker
Craig Campbell,2014,craig campbell,craig campbell,craig campbell
Craig David,2002,craig david,craig david,craig david
Craig Mack,1995,craig mack,craig mack,craig mack
Craig Morgan,2014,craig morgan,craig morgan,craig morgan
Craig Wayne Boyd,2015,craig wayne boyd,craig wayne boyd,craig wayne boyd
Crash Craddock,1959,crash craddock,crash craddock,crash craddock
Crash Test Dummies,1994,crash test dummies,crash test dummies,crash test dummies
Crawler,1977,crawler,crawler,crawler
Crazy Elephant,1969,crazy elephant,crazy elephant,crazy elephant
Crazy Frog,2005,crazy frog,crazy frog,crazy frog
Crazy Town,2001,crazy town,crazy town,crazy town
Cream,1969,cream,cream,cream
Creative Source,1974,creative source,creative source,creative source
Creed,2010,creed,creed,creed
Creedence Clearwater Revival,1972,creedence clearwater revival,creedence clearwater revival,creedence clearwater revival
Creedence Clearwater Revival Featuring John Fogerty,1976,creedence clearwater revival,creedence clearwater revival,creedence clearwater revival
Crime Mob Featuring Lil Scrappy,2007,crime mob,crime mob,crime mob
Cris Mj,2024,cris mj,cris mj,cris mj
Crispian St. Peters,1967,crispian st. peters,crispian st. peters,crispian st peters
Cristian Castro,2005,cristian castro,cristian castro,cristian castro
Crooklyn Dodgers '95,1995,crooklyn dodgers '95,crooklyn dodgers '95,crooklyn dodgers 95
"Crosby, Stills & Nash",1983,"crosby, stills & nash",crosby,crosby
"Crosby, Stills, Nash & Young",1989,"crosby, stills, nash & young",crosby,crosby
Cross Country,1973,cross country,cross country,cross country
Crossfade,2005,crossfade,crossfade,crossfade
Crowded House,1991,crowded house,crowded house,crowded house
Crown Heights Affair,1977,crown heights affair,crown heights affair,crown heights affair
Crucial Conflict,1996,crucial conflict,crucial conflict,crucial conflict
Crush,1997,crush,crush,crush
Crystal Bowersox,2010,crystal bowersox,crystal bowersox,crystal bowersox
Crystal Gayle,1984,crystal gayle,crystal gayle,crystal gayle
Crystal Mansion Featuring Johnny Caswell,1970,crystal mansion,crystal mansion,crystal mansion
Crystal Waters,1997,crystal waters,crystal waters,crystal waters
Cugini,1980,cugini,cugini,cugini
Culture Beat,1994,culture beat,culture beat,culture beat
Culture Club,1986,culture club,culture club,culture club
Cupid,2007,cupid,cupid,cupid
Curiosity Killed The Cat,1987,curiosity killed the cat,curiosity killed the cat,curiosity killed the cat
Curren$y Featuring August Alsina & Lil Wayne,2016,curren$y,curren$y,currensy
Current,1977,current,current,current
Curtie & The Boom Box,1985,curtie & the boom box,curtie,curtie
Curtis Lee,1961,curtis lee,curtis lee,curtis lee
Curtis Mayfield,1975,curtis mayfield,curtis mayfield,curtis mayfield
Curtis Stigers,1992,curtis stigers,curtis stigers,curtis stigers
Cut 'N' Move,1991,cut 'n' move,cut 'n' move,cut n move
Cutting Crew,1989,cutting crew,cutting crew,cutting crew
Cyclones,1958,cyclones,cyclones,cyclones
Cymande,1973,cymande,cymande,cymande
Cymarron,1971,cymarron,cymarron,cymarron
Cyndi Grecco,1976,cyndi grecco,cyndi grecco,cyndi grecco
Cyndi Lauper,1995,cyndi lauper,cyndi lauper,cyndi lauper
Cyndi Thomson,2001,cyndi thomson,cyndi thomson,cyndi thomson
Cynthia,1998,cynthia,cynthia,cynthia
Cynthia & Johnny O,1990,cynthia & johnny o,cynthia,cynthia
Cynthia Erivo,2024,cynthia erivo,cynthia erivo,cynthia erivo
Cynthia Erivo Featuring Ariana Grande,2025,cynthia erivo,cynthia erivo,cynthia erivo
Cynthia Erivo Featuring Michelle Yeoh,2024,cynthia erivo,cynthia erivo,cynthia erivo
Cypress Hill,1998,cypress hill,cypress hill,cypress hill
Cyril Stapleton And His Orchestra,1959,cyril stapleton and his orchestra,cyril stapleton,cyril stapleton
D Train,1984,d train,d train,d train
D'Angelo,2000,d'angelo,d'angelo,dangelo
D'Angelo Featuring Method Man And Redman,2000,d'angelo,d'angelo,dangelo
D'zyre,1991,d'zyre,d'zyre,dzyre
D-Mob Introducing Cathy Dennis,1990,d-mob introducing cathy dennis,d-mob introducing cathy dennis,dmob introducing cathy dennis
D-Mob With Cathy Dennis,1990,d-mob with cathy dennis,d-mob,dmob
D.C. LaRue,1976,d.c. larue,d.c. larue,dc larue
D.H.T.,2005,d.h.t.,d.h.t.,dht
D.J. Jazzy Jeff & The Fresh Prince,1992,d.j. jazzy jeff & the fresh prince,d.j. jazzy jeff,dj jazzy jeff
D.J. Rogers,1976,d.j. rogers,d.j. rogers,dj rogers
D.R.A.M. Featuring Lil Yachty,2017,d.r.a.m.,d.r.a.m.,dram
D12,2004,d12,d12,d12
D4L,2006,d4l,d4l,d4l
DDG,2021,ddg,ddg,ddg
DJ Chose Featuring BeatKing,2020,dj chose,dj chose,dj chose
DJ Company,1998,dj company,dj company,dj company
"DJ Drama Featuring 2 Chainz, Meek Mill & Jeremih",2013,dj drama,dj drama,dj drama
"DJ Drama Featuring Chris Brown, Skeme & Lyquin",2016,dj drama,dj drama,dj drama
"DJ Drama Featuring Fabolous, Roscoe Dash & Wiz Khalifa",2011,dj drama,dj drama,dj drama
"DJ Drama Featuring Wale, Tyga & Roscoe Dash",2013,dj drama,dj drama,dj drama
DJ Esco Featuring Future & Lil Uzi Vert,2017,dj esco,dj esco,dj esco
"DJ Felli Fel Featuring Diddy, Akon, Ludacris & Lil Jon",2008,dj felli fel,dj felli fel,dj felli fel
DJ Khaled & Calvin Harris Featuring Travis Scott & Jeremih,2017,dj khaled & calvin harris,dj khaled,dj khaled
"DJ Khaled Featuring Akon, Plies, Young Jeezy, Rick Ross, Ace Hood, Trick Daddy & Lil' Boosie",2008,dj khaled,dj khaled,dj khaled
DJ Khaled Featuring Beyonce & JAY Z,2017,dj khaled,dj khaled,dj khaled
"DJ Khaled Featuring Big Sean, Kendrick Lamar & Betty Wright",2016,dj khaled,dj khaled,dj khaled
"DJ Khaled Featuring Bryson Tiller, Lil Baby & Roddy Ricch",2021,dj khaled,dj khaled,dj khaled
DJ Khaled Featuring Cardi B,2021,dj khaled,dj khaled,dj khaled
DJ Khaled Featuring Cardi B & 21 Savage,2019,dj khaled,dj khaled,dj khaled
"DJ Khaled Featuring Chris Brown, August Alsina, Future & Jeremih",2015,dj khaled,dj khaled,dj khaled
"DJ Khaled Featuring Chris Brown, Lil Wayne & Big Sean",2019,dj khaled,dj khaled,dj khaled
"DJ Khaled Featuring Chris Brown, Rick Ross, Nicki Minaj & Lil Wayne",2012,dj khaled,dj khaled,dj khaled
DJ Khaled Featuring Don Toliver & Travis Scott,2022,dj khaled,dj khaled,dj khaled
DJ Khaled Featuring Drake,2022,dj khaled,dj khaled,dj khaled
DJ Khaled Featuring Drake & Lil Baby,2022,dj khaled,dj khaled,dj khaled
"DJ Khaled Featuring Drake, Rick Ross & Lil Wayne",2013,dj khaled,dj khaled,dj khaled
DJ Khaled Featuring Future & Lil Baby,2022,dj khaled,dj khaled,dj khaled
DJ Khaled Featuring Future & SZA,2022,dj khaled,dj khaled,dj khaled
"DJ Khaled Featuring JAY Z, Future & B",2018,dj khaled,dj khaled,dj khaled
DJ Khaled Featuring Jay Z & Future,2016,dj khaled,dj khaled,dj khaled
DJ Khaled Featuring Juice WRLD,2022,dj khaled,dj khaled,dj khaled
DJ Khaled Featuring Justin Bieber & 21 Savage,2021,dj khaled,dj khaled,dj khaled
"DJ Khaled Featuring Justin Bieber, Chance the Rapper & Quavo",2018,dj khaled,dj khaled,dj khaled
"DJ Khaled Featuring Justin Bieber, Quavo, Chance the Rapper & Lil Wayne",2017,dj khaled,dj khaled,dj khaled
DJ Khaled Featuring Kanye West & Eminem,2022,dj khaled,dj khaled,dj khaled
DJ Khaled Featuring Kanye West & Rick Ross,2012,dj khaled,dj khaled,dj khaled
DJ Khaled Featuring Kanye West & T-Pain,2009,dj khaled,dj khaled,dj khaled
DJ Khaled Featuring Lil Baby & Lil Durk,2021,dj khaled,dj khaled,dj khaled
"DJ Khaled Featuring Lil Durk, 21 Savage & Roddy Ricch",2022,dj khaled,dj khaled,dj khaled
DJ Khaled Featuring Lil Wayne & Jeremih,2021,dj khaled,dj khaled,dj khaled
"DJ Khaled Featuring Lil Wayne, Paul Wall, Fat Joe, Rick Ross & Pitbull",2006,dj khaled,dj khaled,dj khaled
DJ Khaled Featuring Meek Mill & Lil Baby,2019,dj khaled,dj khaled,dj khaled
"DJ Khaled Featuring Meek Mill, J Balvin, Lil Baby & Jeremih",2019,dj khaled,dj khaled,dj khaled
DJ Khaled Featuring Nardo Wick & Kodak Black,2022,dj khaled,dj khaled,dj khaled
"DJ Khaled Featuring Nas, Jay-Z & James Fauntleroy",2021,dj khaled,dj khaled,dj khaled
"DJ Khaled Featuring Nicki Minaj, Chris Brown, August Alsina, Jeremih, Future & Rick Ross",2017,dj khaled,dj khaled,dj khaled
DJ Khaled Featuring Nipsey Hussle & John Legend,2019,dj khaled,dj khaled,dj khaled
"DJ Khaled Featuring Post Malone, Megan Thee Stallion, Lil Baby & DaBaby",2021,dj khaled,dj khaled,dj khaled
DJ Khaled Featuring Quavo & TakeOff,2022,dj khaled,dj khaled,dj khaled
"DJ Khaled Featuring Rick Ross, Lil Wayne, Jay-Z, John Legend & Fridayy",2022,dj khaled,dj khaled,dj khaled
"DJ Khaled Featuring Rick Ross, Plies, Lil Wayne & T-Pain",2011,dj khaled,dj khaled,dj khaled
DJ Khaled Featuring Rihanna & Bryson Tiller,2017,dj khaled,dj khaled,dj khaled
DJ Khaled Featuring SZA,2019,dj khaled,dj khaled,dj khaled
"DJ Khaled Featuring T-Pain, Ludacris, Snoop Dogg & Rick Ross",2010,dj khaled,dj khaled,dj khaled
"DJ Khaled Featuring T-Pain, Trick Daddy, Rick Ross & Plies",2008,dj khaled,dj khaled,dj khaled
"DJ Khaled Featuring T.I., Akon, Rick Ross, Fat Joe, Lil' Wayne & Baby",2007,dj khaled,dj khaled,dj khaled
DJ Khaled Featuring Travis Scott & Post Malone,2019,dj khaled,dj khaled,dj khaled
"DJ Khaled Featuring Travis Scott, Rick Ross & Big Sean",2017,dj khaled,dj khaled,dj khaled
"DJ Khaled, Lil Baby, Future & Lil Uzi Vert",2023,"dj khaled, lil baby, future & lil uzi vert",dj khaled,dj khaled
DJ Kool,1997,dj kool,dj kool,dj kool
DJ Laz Featuring Flo Rida & Casely,2008,dj laz,dj laz,dj laz
DJ Luke Nasty,2017,dj luke nasty,dj luke nasty,dj luke nasty
DJ Miko,1994,dj miko,dj miko,dj miko
DJ Quik,1995,dj quik,dj quik,dj quik
DJ Sammy & Yanou Featuring Do,2002,dj sammy & yanou,dj sammy,dj sammy
DJ Snake & AlunaGeorge,2015,dj snake & alunageorge,dj snake,dj snake
DJ Snake & Lil Jon,2014,dj snake & lil jon,dj snake,dj snake
DJ Snake Featuring Bipolar Sunshine,2016,dj snake,dj snake,dj snake
DJ Snake Featuring Justin Bieber,2017,dj snake,dj snake,dj snake
"DJ Snake Featuring Selena Gomez, Ozuna & Cardi B",2019,dj snake,dj snake,dj snake
"DJ Snake, J. Balvin & Tyga",2020,"dj snake, j. balvin & tyga",dj snake,dj snake
DJ Suede The Remix God,2017,dj suede the remix god,dj suede the remix god,dj suede the remix god
DJ Taz Featuring Raheem The Dream,1997,dj taz,dj taz,dj taz
DLOW,2016,dlow,dlow,dlow
DMX,2021,dmx,dmx,dmx
DMX Featuring Faith Evans,2002,dmx,dmx,dmx
DMX Featuring Sheek Of The Lox,1998,dmx,dmx,dmx
DMX Featuring Sisqo,2000,dmx,dmx,dmx
DNA Featuring Suzanne Vega,1991,dna,dna,dna
DNCE,2016,dnce,dnce,dnce
DRS,1994,drs,drs,drs
Da Brat,2000,da brat,da brat,da brat
Da Brat Featuring Cherish,2003,da brat,da brat,da brat
Da Brat Featuring T-Boz,1997,da brat,da brat,da brat
Da Brat Featuring Tyrese,2000,da brat,da brat,da brat
Da Youngsta's,1994,da youngsta's,da youngsta's,da youngstas
DaBaby,2023,dababy,dababy,dababy
DaBaby & Nicki Minaj,2019,dababy & nicki minaj,dababy,dababy
DaBaby & YoungBoy Never Broke Again,2022,dababy & youngboy never broke again,dababy,dababy
DaBaby Featuring A Boogie wit da Hoodie & London On Da Track,2020,dababy,dababy,dababy
DaBaby Featuring Ashanti & Megan Thee Stallion,2020,dababy,dababy,dababy
"DaBaby Featuring Chance the Rapper, Gucci Mane & YK Osiris",2019,dababy,dababy,dababy
DaBaby Featuring Future & jetsonmade,2020,dababy,dababy,dababy
DaBaby Featuring Kevin Gates,2019,dababy,dababy,dababy
DaBaby Featuring Lil Baby & Moneybagg Yo,2020,dababy,dababy,dababy
DaBaby Featuring Migos,2019,dababy,dababy,dababy
DaBaby Featuring Offset,2020,dababy,dababy,dababy
DaBaby Featuring Quavo,2020,dababy,dababy,dababy
DaBaby Featuring Roddy Ricch,2021,dababy,dababy,dababy
DaBaby Featuring Stunna 4 Vegas,2019,dababy,dababy,dababy
DaBaby Featuring Young Thug,2020,dababy,dababy,dababy
DaBaby Featuring YoungBoy Never Broke Again,2020,dababy,dababy,dababy
DaBaby X Lil Wayne,2021,dababy x lil wayne,dababy,dababy
DaBaby x Stunna 4 Vegas,2020,dababy x stunna 4 vegas,dababy,dababy
Daddy Dewdrop,1971,daddy dewdrop,daddy dewdrop,daddy dewdrop
Daddy Yankee,2018,daddy yankee,daddy yankee,daddy yankee
Daddy Yankee & Bad Bunny,2022,daddy yankee & bad bunny,daddy yankee,daddy yankee
Daddy Yankee & Katy Perry Featuring Snow,2019,daddy yankee & katy perry,daddy yankee,daddy yankee
Daddy Yankee Featuring Fergie,2007,daddy yankee,daddy yankee,daddy yankee
Dae Dae,2016,dae dae,dae dae,dae dae
Daft Punk,2001,daft punk,daft punk,daft punk
Daft Punk Featuring Pharrell Williams,2013,daft punk,daft punk,daft punk
Daisy Dee,1991,daisy dee,daisy dee,daisy dee
Dakota Moon,1998,dakota moon,dakota moon,dakota moon
Dale & Grace,1964,dale & grace,dale,dale
Dale Hawkins,1959,dale hawkins,dale hawkins,dale hawkins
Dale Ward,1964,dale ward,dale ward,dale ward
Dale Wright And The Wright Guys With the Dons,1958,dale wright and the wright guys with the dons,dale wright,dale wright
Dallas Frazier,1966,dallas frazier,dallas frazier,dallas frazier
Damage,1997,damage,damage,damage
"Damian ""Jr. Gong"" Marley",2005,"damian ""jr. gong"" marley","damian ""jr. gong"" marley",damian jr gong marley
Damian Dame,1992,damian dame,damian dame,damian dame
Damien,2015,damien,damien,damien
Damita Jo,1967,damita jo,damita jo,damita jo
Damizza Presents Shade Sheist Featuring Nate Dogg & Kurupt,2000,damizza presents shade sheist,damizza presents shade sheist,damizza presents shade sheist
Damn Yankees,1993,damn yankees,damn yankees,damn yankees
Dan + Shay,2025,dan + shay,dan,dan
Dan + Shay & Justin Bieber,2020,dan + shay & justin bieber,dan,dan
Dan Baird,1993,dan baird,dan baird,dan baird
Dan Fogelberg,1987,dan fogelberg,dan fogelberg,dan fogelberg
Dan Fogelberg/Tim Weisberg,1979,dan fogelberg,dan fogelberg,dan fogelberg
Dan Hartman,1985,dan hartman,dan hartman,dan hartman
Dan Hill,1988,dan hill,dan hill,dan hill
Dan Hill (Duet With Vonda Shepard),1987,dan hill,dan hill,dan hill
Dan Peek,1979,dan peek,dan peek,dan peek
Dan Reed Network,1988,dan reed network,dan reed network,dan reed network
Dan Seals,1986,dan seals,dan seals,dan seals
Dana,1997,dana,dana,dana
Dana Rollin,1966,dana rollin,dana rollin,dana rollin
Dana Valery,1980,dana valery,dana valery,dana valery
"Dancer, Prancer And Nervous",1960,"dancer, prancer and nervous",dancer,dancer
Danger Danger,1990,danger danger,danger danger,danger danger
DaniLeigh Featuring Chris Brown,2020,danileigh,danileigh,danileigh
Daniel Bedingfield,2003,daniel bedingfield,daniel bedingfield,daniel bedingfield
Daniel Boone,1975,daniel boone,daniel boone,daniel boone
Daniel Caesar Featuring H.E.R.,2018,daniel caesar,daniel caesar,daniel caesar
Daniel Caesar Featuring Kali Uchis,2018,daniel caesar,daniel caesar,daniel caesar
Daniel Powter,2006,daniel powter,daniel powter,daniel powter
Daniel Rodriguez,2002,daniel rodriguez,daniel rodriguez,daniel rodriguez
Danielle Bradbery,2014,danielle bradbery,danielle bradbery,danielle bradbery
Danity Kane,2008,danity kane,danity kane,danity kane
Dann Rogers,1980,dann rogers,dann rogers,dann rogers
Danny & The Juniors,1963,danny & the juniors,danny,danny
Danny & The Juniors with Freddy Cannon,1962,danny & the juniors with freddy cannon,danny,danny
Danny Gokey,2010,danny gokey,danny gokey,danny gokey
Danny Holien,1972,danny holien,danny holien,danny holien
Danny Hutton,1965,danny hutton,danny hutton,danny hutton
Danny O'Keefe,1972,danny o'keefe,danny o'keefe,danny okeefe
Danny Peppermint and the Jumping Jacks,1961,danny peppermint and the jumping jacks,danny peppermint,danny peppermint
Danny Valentino,1960,danny valentino,danny valentino,danny valentino
Danny White,1977,danny white,danny white,danny white
Danny Williams,1964,danny williams,danny williams,danny williams
Danny Wilson,1987,danny wilson,danny wilson,danny wilson
Danny Zella and his Zell Rocks,1959,danny zella and his zell rocks,danny zella,danny zella
Dante Thomas Featuring Pras,2001,dante thomas,dante thomas,dante thomas
Dante and the Evergreens,1960,dante and the evergreens,dante,dante
Danyel Gerard,1972,danyel gerard,danyel gerard,danyel gerard
Danzig,1994,danzig,danzig,danzig
Darden Smith,1993,darden smith,darden smith,darden smith
Dareyes de La Sierra,2025,dareyes de la sierra,dareyes de la sierra,dareyes de la sierra
Darius Rucker,2021,darius rucker,darius rucker,darius rucker
Darlene Love,2025,darlene love,darlene love,darlene love
Darrell Banks,1966,darrell banks,darrell banks,darrell banks
Darren Hayes,2002,darren hayes,darren hayes,darren hayes
Darrow Fletcher,1966,darrow fletcher,darrow fletcher,darrow fletcher
Darryl Worley,2009,darryl worley,darryl worley,darryl worley
Darude,2001,darude,darude,darude
Daryl Braithwaite,1991,daryl braithwaite,daryl braithwaite,daryl braithwaite
Daryl Hall,1993,daryl hall,daryl hall,daryl hall
Daryl Hall  John Oates,2005,daryl hall  john oates,daryl hall  john oates,daryl hall john oates
Daryle Singletary,1998,daryle singletary,daryle singletary,daryle singletary
Das EFX,1995,das efx,das efx,das efx
Das EFX (Featuring Mobb Deep),1996,das efx,das efx,das efx
Dasha,2025,dasha,dasha,dasha
Dashboard Confessional,2007,dashboard confessional,dashboard confessional,dashboard confessional
Daughtry,2014,daughtry,daughtry,daughtry
"Dave ""Baby"" Cortez",1966,"dave ""baby"" cortez","dave ""baby"" cortez",dave baby cortez
Dave & Ansil Collins,1971,dave & ansil collins,dave,dave
"Dave Dee, Dozy, Beaky, Mick And Tich",1968,"dave dee, dozy, beaky, mick and tich",dave dee,dave dee
Dave Dudley,1963,dave dudley,dave dudley,dave dudley
Dave Edmunds,1985,dave edmunds,dave edmunds,dave edmunds
Dave Hollister,2001,dave hollister,dave hollister,dave hollister
Dave Loggins,1974,dave loggins,dave loggins,dave loggins
Dave Mason,1980,dave mason,dave mason,dave mason
Dave Matthews Band,2012,dave matthews band,dave matthews band,dave matthews band
Dave Stewart And Barbara Gaskin,1982,dave stewart and barbara gaskin,dave stewart,dave stewart
Dave York and The Beachcombers,1962,dave york and the beachcombers,dave york,dave york
David & David,1987,david & david,david,david
David & Jimmy Ruffin,1970,david & jimmy ruffin,david,david
David & Jonathan,1966,david & jonathan,david,david
David A. Stewart Introducing Candy Dulfer,1991,david a. stewart introducing candy dulfer,david a. stewart introducing candy dulfer,david a stewart introducing candy dulfer
David Archuleta,2009,david archuleta,david archuleta,david archuleta
David Ball,2002,david ball,david ball,david ball
David Banner,2005,david banner,david banner,david banner
David Banner Featuring Chris Brown,2008,david banner,david banner,david banner
David Banner Featuring Lil' Flip,2003,david banner,david banner,david banner
David Bellamy,1975,david bellamy,david bellamy,david bellamy
David Blue,1973,david blue,david blue,david blue
David Bowie,2016,david bowie,david bowie,david bowie
David Bowie & Mick Jagger,1985,david bowie & mick jagger,david bowie,david bowie
David Bowie/Pat Metheny Group,1985,david bowie,david bowie,david bowie
David Carroll And His Orchestra,1962,david carroll and his orchestra,david carroll,david carroll
David Cassidy,1991,david cassidy,david cassidy,david cassidy
David Castle,1978,david castle,david castle,david castle
David Cook,2009,david cook,david cook,david cook
David Crosby,1971,david crosby,david crosby,david crosby
David Crosby & Phil Collins,1993,david crosby & phil collins,david crosby,david crosby
David Crosby/Graham Nash,1976,david crosby,david crosby,david crosby
David Dundas,1977,david dundas,david dundas,david dundas
David Essex,1974,david essex,david essex,david essex
David Foster,1988,david foster,david foster,david foster
David Foster And Olivia Newton-John,1986,david foster and olivia newton-john,david foster,david foster
David Gates,1981,david gates,david gates,david gates
David Geddes,1976,david geddes,david geddes,david geddes
David Gilmour,1984,david gilmour,david gilmour,david gilmour
David Gray,2001,david gray,david gray,david gray
David Guetta & Bebe Rexha,2023,david guetta & bebe rexha,david guetta,david guetta
David Guetta & Chris Willis,2008,david guetta & chris willis,david guetta,david guetta
David Guetta & Chris Willis Featuring Fergie & LMFAO,2010,david guetta & chris willis,david guetta,david guetta
David Guetta & OneRepublic,2024,david guetta & onerepublic,david guetta,david guetta
David Guetta Featuring Akon,2010,david guetta,david guetta,david guetta
David Guetta Featuring Chris Brown & Lil Wayne,2012,david guetta,david guetta,david guetta
David Guetta Featuring Flo Rida & Nicki Minaj,2011,david guetta,david guetta,david guetta
David Guetta Featuring Jennifer Hudson,2011,david guetta,david guetta,david guetta
David Guetta Featuring Justin Bieber,2017,david guetta,david guetta,david guetta
David Guetta Featuring Kelly Rowland,2009,david guetta,david guetta,david guetta
David Guetta Featuring Kid Cudi,2011,david guetta,david guetta,david guetta
David Guetta Featuring Ne-Yo & Akon,2013,david guetta,david guetta,david guetta
David Guetta Featuring Nicki Minaj,2012,david guetta,david guetta,david guetta
"David Guetta Featuring Nicki Minaj, Bebe Rexha & Afrojack",2015,david guetta,david guetta,david guetta
David Guetta Featuring Rihanna,2011,david guetta,david guetta,david guetta
David Guetta Featuring Sam Martin,2015,david guetta,david guetta,david guetta
David Guetta Featuring Sia,2012,david guetta,david guetta,david guetta
David Guetta Featuring Sia & Fetty Wap,2016,david guetta,david guetta,david guetta
David Guetta Featuring Taio Cruz & Ludacris,2011,david guetta,david guetta,david guetta
David Guetta Featuring Usher,2012,david guetta,david guetta,david guetta
"David Guetta, Alphaville & Ava Max",2025,"david guetta, alphaville & ava max",david guetta,david guetta
"David Guetta, Anne-Marie & Coi Leray",2023,"david guetta, anne-marie & coi leray",david guetta,david guetta
David Hallyday,1991,david hallyday,david hallyday,david hallyday
David Hill,1959,david hill,david hill,david hill
David Houston,1968,david houston,david houston,david houston
David Houston & Tammy Wynette,1967,david houston & tammy wynette,david houston,david houston
David Hudson,1980,david hudson,david hudson,david hudson
David Jones,1965,david jones,david jones,david jones
David Kersh,1998,david kersh,david kersh,david kersh
David Kushner,2024,david kushner,david kushner,david kushner
David LaFlamme,1977,david laflamme,david laflamme,david laflamme
David Lasley,1982,david lasley,david lasley,david lasley
David Lee Murphy,2004,david lee murphy,david lee murphy,david lee murphy
David Lee Murphy & Kenny Chesney,2018,david lee murphy & kenny chesney,david lee murphy,david lee murphy
David Lee Roth,1988,david lee roth,david lee roth,david lee roth
David Nail,2016,david nail,david nail,david nail
David Nail Featuring Sarah Buxton,2012,david nail,david nail,david nail
David Naughton,1979,david naughton,david naughton,david naughton
David Pack,1986,david pack,david pack,david pack
David Rose and His Orchestra,1962,david rose and his orchestra,david rose,david rose
David Ruffin,1976,david ruffin,david ruffin,david ruffin
David Sanborn,1992,david sanborn,david sanborn,david sanborn
David Seville,1959,david seville,david seville,david seville
David Seville And The Chipmunks,1962,david seville and the chipmunks,david seville,david seville
David Soul,1977,david soul,david soul,david soul
David Thorne,1962,david thorne,david thorne,david thorne
Davie Allan And The Arrows,1967,davie allan and the arrows,davie allan,davie allan
Davina,1998,davina,davina,davina
Davy Jones,1971,davy jones,davy jones,davy jones
Dawin,2016,dawin,dawin,dawin
Dawn,1971,dawn,dawn,dawn
Dawn Featuring Tony Orlando,1974,dawn,dawn,dawn
Dawn Penn,1994,dawn penn,dawn penn,dawn penn
Day26,2008,day26,day26,day26
Day26 Featuring P. Diddy & Yung Joc,2009,day26,day26,day26
Daya,2016,daya,daya,daya
Daybreak,1970,daybreak,daybreak,daybreak
Dayton,1982,dayton,dayton,dayton
Daze,1998,daze,daze,daze
Dazz Band,1985,dazz band,dazz band,dazz band
De La Soul,1993,de la soul,de la soul,de la soul
De La Soul Featuring Chaka Khan,2001,de la soul,de la soul,de la soul
DeJ Loaf,2017,dej loaf,dej loaf,dej loaf
DeJ Loaf Featuring Big Sean,2016,dej loaf,dej loaf,dej loaf
DeJohn Sisters,1958,dejohn sisters,dejohn sisters,dejohn sisters
Dead or Alive,1989,dead or alive,dead or alive,dead or alive
Deadeye Dick,1995,deadeye dick,deadeye dick,deadeye dick
Deadmau5 Featuring Greta Svabo Bech,2012,deadmau5,deadmau5,deadmau5
Dean & Marc,1959,dean & marc,dean,dean
Dean And Jean,1964,dean and jean,dean,dean
Dean Christie,1962,dean christie,dean christie,dean christie
Dean Friedman,1977,dean friedman,dean friedman,dean friedman
Dean Lewis,2019,dean lewis,dean lewis,dean lewis
Dean Martin,2025,dean martin,dean martin,dean martin
Dean Martin & Sammy Davis Jr.,1963,dean martin & sammy davis jr.,dean martin,dean martin
Dean Parrish,1966,dean parrish,dean parrish,dean parrish
Dean Reed,1959,dean reed,dean reed,dean reed
Deana Carter,1998,deana carter,deana carter,deana carter
Deane Hawley,1961,deane hawley,deane hawley,deane hawley
Death Cab for Cutie,2008,death cab for cutie,death cab for cutie,death cab for cutie
Debarge,1985,debarge,debarge,debarge
Debbie Campbell,1975,debbie campbell,debbie campbell,debbie campbell
Debbie Dean,1961,debbie dean,debbie dean,debbie dean
Debbie Dovale,1963,debbie dovale,debbie dovale,debbie dovale
Debbie Gibson,1993,debbie gibson,debbie gibson,debbie gibson
Debbie Harry,1987,debbie harry,debbie harry,debbie harry
Debbie Jacobs,1980,debbie jacobs,debbie jacobs,debbie jacobs
Debbie Reynolds,1960,debbie reynolds,debbie reynolds,debbie reynolds
Debbie Taylor,1976,debbie taylor,debbie taylor,debbie taylor
Debby Boone,1978,debby boone,debby boone,debby boone
Debelah Morgan,2001,debelah morgan,debelah morgan,debelah morgan
Deborah Allen,1984,deborah allen,deborah allen,deborah allen
Deborah Cox,2004,deborah cox,deborah cox,deborah cox
Deborah Cox With R.L.,2000,deborah cox with r.l.,deborah cox,deborah cox
Debra Laws,1981,debra laws,debra laws,debra laws
Dee Clark,1963,dee clark,dee clark,dee clark
Dee Dee Sharp,1965,dee dee sharp,dee dee sharp,dee dee sharp
Dee Dee Warwick,1971,dee dee warwick,dee dee warwick,dee dee warwick
Dee Jay And The Runaways,1966,dee jay and the runaways,dee jay,dee jay
Deee-Lite,1991,deee-lite,deee-lite,deeelite
Deep Blue Something,1996,deep blue something,deep blue something,deep blue something
Deep Forest,1994,deep forest,deep forest,deep forest
Deep Purple,1985,deep purple,deep purple,deep purple
Def Leppard,1996,def leppard,def leppard,def leppard
Default,2002,default,default,default
Degrees Of Motion,1992,degrees of motion,degrees of motion,degrees of motion
Deja,1988,deja,deja,deja
Deja Vu,1998,deja vu,deja vu,deja vu
Del Amitri,1996,del amitri,del amitri,del amitri
Del Reeves,1965,del reeves,del reeves,del reeves
Del Shannon,1982,del shannon,del shannon,del shannon
Delaney & Bonnie,1972,delaney & bonnie,delaney,delaney
Delaney & Bonnie & Friends,1971,delaney & bonnie & friends,delaney,delaney
Delaney & Bonnie & Friends/Eric Clapton,1970,delaney & bonnie & friends,delaney,delaney
Delbert & Glen,1972,delbert & glen,delbert,delbert
Delbert McClinton,1981,delbert mcclinton,delbert mcclinton,delbert mcclinton
Delegation,1979,delegation,delegation,delegation
Delinquent Habits,1996,delinquent habits,delinquent habits,delinquent habits
Deliverance,1980,deliverance,deliverance,deliverance
Deliverance/Eric Weissberg & Steve Mandell,1973,deliverance,deliverance,deliverance
Della Humphrey,1968,della humphrey,della humphrey,della humphrey
Della Reese,1966,della reese,della reese,della reese
Dem Franchize Boyz,2006,dem franchize boyz,dem franchize boyz,dem franchize boyz
"Dem Franchize Boyz Featuring Jermaine Dupri, Da Brat & Bow Wow",2006,dem franchize boyz,dem franchize boyz,dem franchize boyz
Dem Franchize Boyz Featuring Lil Peanut & Charlay,2006,dem franchize boyz,dem franchize boyz,dem franchize boyz
Demi Lovato,2022,demi lovato,demi lovato,demi lovato
Demi Lovato & Joe Jonas,2008,demi lovato & joe jonas,demi lovato,demi lovato
Demi Lovato Featuring Ariana Grande,2021,demi lovato,demi lovato,demi lovato
Demi Lovato Featuring Cher Lloyd,2014,demi lovato,demi lovato,demi lovato
Demi Lovato Featuring Jonas Brothers,2008,demi lovato,demi lovato,demi lovato
Demis Roussos,1978,demis roussos,demis roussos,demis roussos
Deniece Williams,1988,deniece williams,deniece williams,deniece williams
Denine With Collage's Adam Marano,1996,denine with collage's adam marano,denine,denine
Denise LaSalle,1978,denise lasalle,denise lasalle,denise lasalle
Denise Lopez,1990,denise lopez,denise lopez,denise lopez
Dennis Coffey & The Detroit Guitar Band,1972,dennis coffey & the detroit guitar band,dennis coffey,dennis coffey
Dennis DeYoung,1986,dennis deyoung,dennis deyoung,dennis deyoung
Dennis Edwards,1984,dennis edwards,dennis edwards,dennis edwards
Dennis Lloyd,2018,dennis lloyd,dennis lloyd,dennis lloyd
Dennis Yost And The Classics IV,1975,dennis yost and the classics iv,dennis yost,dennis yost
Denny Reed,1960,denny reed,denny reed,denny reed
Deodato,1982,deodato,deodato,deodato
Deon Estus,1989,deon estus,deon estus,deon estus
Deon Jackson,1967,deon jackson,deon jackson,deon jackson
Depeche Mode,2005,depeche mode,depeche mode,depeche mode
Derek,1969,derek,derek,derek
Derek & The Dominos,1972,derek & the dominos,derek,derek
Derek Martin,1965,derek martin,derek martin,derek martin
Derez De'Shon,2018,derez de'shon,derez de'shon,derez deshon
Derringer,1976,derringer,derringer,derringer
Deryl Dodd,1999,deryl dodd,deryl dodd,deryl dodd
Des'ree,1995,des'ree,des'ree,desree
Descendants 2 Cast,2017,descendants 2 cast,descendants 2 cast,descendants 2 cast
Desiigner,2016,desiigner,desiigner,desiigner
Desmond Child,1991,desmond child,desmond child,desmond child
Desmond Child And Rouge,1979,desmond child and rouge,desmond child,desmond child
Desmond Dekker And The Aces,1969,desmond dekker and the aces,desmond dekker,desmond dekker
Destiny's Child,2005,destiny's child,destiny's child,destinys child
Destiny's Child Featuring T.I. & Lil Wayne,2005,destiny's child,destiny's child,destinys child
Detroit Emeralds,1977,detroit emeralds,detroit emeralds,detroit emeralds
Dev,2011,dev,dev,dev
Dev & Enrique Iglesias,2012,dev & enrique iglesias,dev,dev
Dev Featuring The Cataracs,2011,dev,dev,dev
Device,1986,device,device,device
Devin Dawson,2018,devin dawson,devin dawson,devin dawson
Devo,1983,devo,devo,devo
Devone,1996,devone,devone,devone
Dexys Midnight Runners,1983,dexys midnight runners,dexys midnight runners,dexys midnight runners
Dia Frampton,2011,dia frampton,dia frampton,dia frampton
Diamond Reo,1975,diamond reo,diamond reo,diamond reo
Diamond Rio,2003,diamond rio,diamond rio,diamond rio
Diana DeGarmo,2004,diana degarmo,diana degarmo,diana degarmo
Diana King,1998,diana king,diana king,diana king
Diana Ross,1986,diana ross,diana ross,diana ross
Diana Ross & Lionel Richie,1982,diana ross & lionel richie,diana ross,diana ross
Diana Ross & Marvin Gaye,1974,diana ross & marvin gaye,diana ross,diana ross
Diana Ross & Michael Jackson,1978,diana ross & michael jackson,diana ross,diana ross
Diana Ross & The Supremes,1970,diana ross & the supremes,diana ross,diana ross
Diana Ross And The Supremes & The Temptations,1969,diana ross and the supremes & the temptations,diana ross,diana ross
"Diana Ross, Marvin Gaye, Smokey Robinson & Stevie Wonder",1979,"diana ross, marvin gaye, smokey robinson & stevie wonder",diana ross,diana ross
Diana Williams,1976,diana williams,diana williams,diana williams
Diane Guerrero & Stephanie Beatriz,2022,diane guerrero & stephanie beatriz,diane guerrero,diane guerrero
Diane Kolby,1970,diane kolby,diane kolby,diane kolby
Diane Maxwell,1959,diane maxwell,diane maxwell,diane maxwell
Diane Ray,1963,diane ray,diane ray,diane ray
Diane Renay,1964,diane renay,diane renay,diane renay
Dick Dale and The Del-Tones,1963,dick dale and the del-tones,dick dale,dick dale
Dick Feller,1974,dick feller,dick feller,dick feller
Dick Flood,1959,dick flood,dick flood,dick flood
Dick Hyman & His Electric Eclectics,1969,dick hyman & his electric eclectics,dick hyman,dick hyman
Dick Lee,1961,dick lee,dick lee,dick lee
Dick Roman,1962,dick roman,dick roman,dick roman
Dick and DeeDee,1965,dick and deedee,dick,dick
Dickey Lee,1977,dickey lee,dickey lee,dickey lee
Dickie Goodman,1977,dickie goodman,dickie goodman,dickie goodman
Dicky Doo And The Don'ts,1959,dicky doo and the don'ts,dicky doo,dicky doo
Diddy & Bryson Tiller,2022,diddy & bryson tiller,diddy,diddy
Diddy - Dirty Money Featuring Drake,2011,diddy - dirty money,diddy - dirty money,diddy dirty money
Diddy - Dirty Money Featuring Skylar Grey,2011,diddy - dirty money,diddy - dirty money,diddy dirty money
Diddy - Dirty Money Featuring T.I.,2010,diddy - dirty money,diddy - dirty money,diddy dirty money
Diddy Featuring Christina Aguilera,2007,diddy,diddy,diddy
Diddy Featuring Keyshia Cole,2007,diddy,diddy,diddy
Diddy Featuring Nicole Scherzinger,2007,diddy,diddy,diddy
"Diddy, French Montana & The Weeknd Featuring 21 Savage",2023,"diddy, french montana & the weeknd",diddy,diddy
Dido,2004,dido,dido,dido
Die Beatles,1964,die beatles,die beatles,die beatles
Dierks Bentley,2023,dierks bentley,dierks bentley,dierks bentley
Dierks Bentley Featuring Brothers Osborne,2019,dierks bentley,dierks bentley,dierks bentley
Dierks Bentley Featuring Elle King,2016,dierks bentley,dierks bentley,dierks bentley
"Dierks Bentley, BRELAND & HARDY",2022,"dierks bentley, breland & hardy",dierks bentley,dierks bentley
Diesel,1982,diesel,diesel,diesel
Digable Planets,1994,digable planets,digable planets,digable planets
Diggy Featuring Jeremih,2012,diggy,diggy,diggy
Digital Underground,1992,digital underground,digital underground,digital underground
Dilated Peoples Featuring Kanye West,2004,dilated peoples,dilated peoples,dilated peoples
Dillon Francis & DJ Snake,2015,dillon francis & dj snake,dillon francis,dillon francis
Dina Carroll,1993,dina carroll,dina carroll,dina carroll
Dinah Washington,1963,dinah washington,dinah washington,dinah washington
Dinah Washington & Brook Benton,1960,dinah washington & brook benton,dinah washington,dinah washington
Dino,1993,dino,dino,dino
"Dino, Desi & Billy",1968,"dino, desi & billy",dino,dino
Dion,1989,dion,dion,dion
Dion & The Belmonts,1960,dion & the belmonts,dion,dion
Dion (Di Muci),1963,dion,dion,dion
Dion Di Muci,1964,dion di muci,dion di muci,dion di muci
"Dionne & Friends Featuring Elton John, Gladys Knight And Stevie Wonder",1986,dionne & friends,dionne,dionne
Dionne & Kashif,1987,dionne & kashif,dionne,dionne
Dionne Farris,1995,dionne farris,dionne farris,dionne farris
Dionne Warwick,1986,dionne warwick,dionne warwick,dionne warwick
Dionne Warwick & Jeffrey Osborne,1987,dionne warwick & jeffrey osborne,dionne warwick,dionne warwick
Dionne Warwick & Johnny Mathis,1982,dionne warwick & johnny mathis,dionne warwick,dionne warwick
Dionne Warwick & Luther Vandross,1983,dionne warwick & luther vandross,dionne warwick,dionne warwick
Dionne Warwick And The Hip-Hop Nation United,1998,dionne warwick and the hip-hop nation united,dionne warwick,dionne warwick
Dionne Warwicke,1972,dionne warwicke,dionne warwicke,dionne warwicke
Dionne Warwicke & Spinners,1974,dionne warwicke & spinners,dionne warwicke,dionne warwicke
Diplo Presents Thomas Wesley Featuring Morgan Wallen,2020,diplo presents thomas wesley,diplo presents thomas wesley,diplo presents thomas wesley
"Diplo, French Montana & Lil Pump Featuring Zhavia Ward",2018,"diplo, french montana & lil pump",diplo,diplo
"Diplo, jessie murph & Polo G",2023,"diplo, jessie murph & polo g",diplo,diplo
Dire Straits,1986,dire straits,dire straits,dire straits
Dirty Vegas,2002,dirty vegas,dirty vegas,dirty vegas
"Dis `N' Dat Feat. 95 South,69 Boyz & K-Nock",1995,dis `n' dat,dis `n' dat,dis n dat
Disclosure Featuring Sam Smith,2015,disclosure,disclosure,disclosure
Disco Lines & Tinashe,2025,disco lines & tinashe,disco lines,disco lines
Disco Tex & The Sex-O-Lettes,1975,disco tex & the sex-o-lettes,disco tex,disco tex
Disco Tex & The Sex-O-Lettes Featuring Sir Monti Rock III,1976,disco tex & the sex-o-lettes,disco tex,disco tex
Dishwalla,1997,dishwalla,dishwalla,dishwalla
Disney's Friends For Change,2010,disney's friends for change,disney's friends for change,disneys friends for change
Disturbed,2016,disturbed,disturbed,disturbed
Divine,1999,divine,divine,divine
Diving For Pearls,1990,diving for pearls,diving for pearls,diving for pearls
Divinyls,1991,divinyls,divinyls,divinyls
Dixie Chicks,2007,dixie chicks,dixie chicks,dixie chicks
Djo,2024,djo,djo,djo
Do Or Die (Featuring Twista),1996,do or die,do or die,do or die
Do Or Die Featuring Johnny P & Twista,1998,do or die,do or die,do or die
Dobie Gray,1979,dobie gray,dobie gray,dobie gray
Doc Box & B. Fresh,1990,doc box & b. fresh,doc box,doc box
Doctor And The Medics,1986,doctor and the medics,doctor,doctor
Doctor Dre & Ed Lover,1994,doctor dre & ed lover,doctor dre,doctor dre
Dodie Stevens,1961,dodie stevens,dodie stevens,dodie stevens
Doechii,2025,doechii,doechii,doechii
Doechii Featuring Kodak Black,2023,doechii,doechii,doechii
Doja Cat,2025,doja cat,doja cat,doja cat
Doja Cat & The Weeknd,2022,doja cat & the weeknd,doja cat,doja cat
Doja Cat & Tyga,2020,doja cat & tyga,doja cat,doja cat
Doja Cat Featuring Ariana Grande,2021,doja cat,doja cat,doja cat
Doja Cat Featuring Gucci Mane,2020,doja cat,doja cat,doja cat
Doja Cat Featuring Nicki Minaj,2020,doja cat,doja cat,doja cat
Doja Cat Featuring SZA,2022,doja cat,doja cat,doja cat
Dokken,1988,dokken,dokken,dokken
Dolla Featuring T-Pain & Tay Dizm,2008,dolla,dolla,dolla
Dollar,1980,dollar,dollar,dollar
Dolly Parton,1984,dolly parton,dolly parton,dolly parton
Dolly Parton & Friends,1993,dolly parton & friends,dolly parton,dolly parton
Dolly Parton (Duet With Kenny Rogers),1985,dolly parton,dolly parton,dolly parton
Domenico Modugno,1959,domenico modugno,domenico modugno,domenico modugno
Dominic Fike,2024,dominic fike,dominic fike,dominic fike
Domino,1996,domino,domino,domino
Don & Juan,1962,don & juan,don,don
Don And The Goodtimes,1967,don and the goodtimes,don,don
Don Brown,1978,don brown,don brown,don brown
Don Costa And His Orchestra And Chorus,1961,don costa and his orchestra and chorus,don costa,don costa
Don Covay,1974,don covay,don covay,don covay
Don Covay & The Goodtimers,1966,don covay & the goodtimers,don covay,don covay
Don Fardon,1973,don fardon,don fardon,don fardon
Don Felder,1981,don felder,don felder,don felder
Don French,1959,don french,don french,don french
Don Gardner And Dee Dee Ford,1962,don gardner and dee dee ford,don gardner,don gardner
Don Gibson,1962,don gibson,don gibson,don gibson
Don Goodwin,1974,don goodwin,don goodwin,don goodwin
Don Henley,2000,don henley,don henley,don henley
Don Ho and the Aliis,1967,don ho and the aliis,don ho,don ho
Don Johnson,1987,don johnson,don johnson,don johnson
Don McLean,1982,don mclean,don mclean,don mclean
Don Nix,1971,don nix,don nix,don nix
Don Omar,2011,don omar,don omar,don omar
Don Omar & Lucenzo,2011,don omar & lucenzo,don omar,don omar
Don Ray,1979,don ray,don ray,don ray
Don Shirley,1962,don shirley,don shirley,don shirley
Don Shirley Trio,1961,don shirley trio,don shirley trio,don shirley trio
Don Toliver,2025,don toliver,don toliver,don toliver
Don Toliver Featuring Charlie Wilson & Cash Cobain,2024,don toliver,don toliver,don toliver
Don Toliver Featuring Justin Bieber & Future,2023,don toliver,don toliver,don toliver
Don Toliver Featuring Kodak Black,2024,don toliver,don toliver,don toliver
Don Toliver Featuring Quavo & Offset,2020,don toliver,don toliver,don toliver
Don Toliver Featuring Travis Scott,2024,don toliver,don toliver,don toliver
"Don Toliver, J-Hope, Pharrell Williams & Speedy",2025,"don toliver, j-hope, pharrell williams & speedy",don toliver,don toliver
Don Williams,1981,don williams,don williams,don williams
Donald Byrd,1973,donald byrd,donald byrd,donald byrd
Donald Fagen,1988,donald fagen,donald fagen,donald fagen
Donald Jenkins & The Delighters,1963,donald jenkins & the delighters,donald jenkins,donald jenkins
Donell Jones,2002,donell jones,donell jones,donell jones
Donna Allen,1987,donna allen,donna allen,donna allen
Donna Fargo,1975,donna fargo,donna fargo,donna fargo
Donna Lewis,1997,donna lewis,donna lewis,donna lewis
Donna Lynn,1964,donna lynn,donna lynn,donna lynn
Donna McDaniel,1977,donna mcdaniel,donna mcdaniel,donna mcdaniel
Donna Summer,1999,donna summer,donna summer,donna summer
Donna Summer With Brooklyn Dreams,1979,donna summer with brooklyn dreams,donna summer,donna summer
Donnie Brooks,1961,donnie brooks,donnie brooks,donnie brooks
Donnie Elbert,1972,donnie elbert,donnie elbert,donnie elbert
Donnie Iris,1985,donnie iris,donnie iris,donnie iris
Donnie Owens,1959,donnie owens,donnie owens,donnie owens
Donnie and The Dreamers,1961,donnie and the dreamers,donnie,donnie
Donny & Marie Osmond,1978,donny & marie osmond,donny,donny
Donny Gerrard,1976,donny gerrard,donny gerrard,donny gerrard
Donny Hathaway,2025,donny hathaway,donny hathaway,donny hathaway
Donny Hathaway And June Conquest,1972,donny hathaway and june conquest,donny hathaway,donny hathaway
Donny Most,1976,donny most,donny most,donny most
Donny Osmond,1991,donny osmond,donny osmond,donny osmond
Donny Osmond of The Osmonds,1971,donny osmond of the osmonds,donny osmond of the osmonds,donny osmond of the osmonds
Donovan,1973,donovan,donovan,donovan
Donovan/Jeff Beck Group,1969,donovan,donovan,donovan
Dooley Silverspoon,1975,dooley silverspoon,dooley silverspoon,dooley silverspoon
Doris Day,1962,doris day,doris day,doris day
Doris Duke,1970,doris duke,doris duke,doris duke
Doris Troy,1963,doris troy,doris troy,doris troy
Dorothy Collins,1960,dorothy collins,dorothy collins,dorothy collins
Dorothy Moore,1977,dorothy moore,dorothy moore,dorothy moore
Dorothy Morrison,1970,dorothy morrison,dorothy morrison,dorothy morrison
Dorothy Norwood,1974,dorothy norwood,dorothy norwood,dorothy norwood
Dorrough,2009,dorrough,dorrough,dorrough
Dorsey Burnette,1969,dorsey burnette,dorsey burnette,dorsey burnette
Dottie West,1980,dottie west,dottie west,dottie west
Dottie West with Kenny Rogers,1981,dottie west with kenny rogers,dottie west,dottie west
Double,1986,double,double,double
Double Exposure,1976,double exposure,double exposure,double exposure
Double Image,1983,double image,double image,double image
Doucette,1978,doucette,doucette,doucette
Doug Franklin With The Bluenotes,1958,doug franklin with the bluenotes,doug franklin,doug franklin
Doug Stone,1994,doug stone,doug stone,doug stone
Dove Cameron,2022,dove cameron,dove cameron,dove cameron
"Dove Cameron, Cameron Boyce, Booboo Stewart & Sofia Carson",2015,"dove cameron, cameron boyce, booboo stewart & sofia carson",dove cameron,dove cameron
"Dove Cameron, Sofia Carson, Booboo Stewart, Cameron Boyce, Thomas Doherty, China Anne McClain & Dylan Playfair",2019,"dove cameron, sofia carson, booboo stewart, cameron boyce, thomas doherty, china anne mcclain & dylan playfair",dove cameron,dove cameron
Down A.K.A. Kilo,2007,down a.k.a. kilo,down a.k.a. kilo,down aka kilo
Dr. Alban,1993,dr. alban,dr. alban,dr alban
Dr. Buzzard's Original Savannah Band,1977,dr. buzzard's original savannah band,dr. buzzard's original savannah band,dr buzzards original savannah band
Dr. Dre,1995,dr. dre,dr. dre,dr dre
Dr. Dre Featuring Eminem,2000,dr. dre,dr. dre,dr dre
Dr. Dre Featuring Eminem & Skylar Grey,2011,dr. dre,dr. dre,dr dre
Dr. Dre Featuring Snoop Dogg,2022,dr. dre,dr. dre,dr dre
Dr. Dre Featuring Snoop Dogg & Akon,2011,dr. dre,dr. dre,dr dre
Dr. Feelgood And The Interns,1962,dr. feelgood and the interns,dr. feelgood,dr feelgood
Dr. Hook,1982,dr. hook,dr. hook,dr hook
Dr. Hook And The Medicine Show,1973,dr. hook and the medicine show,dr. hook,dr hook
Dr. John,1974,dr. john,dr. john,dr john
Dr. West's Medicine Show and Junk Band,1967,dr. west's medicine show and junk band,dr. west's medicine show,dr wests medicine show
Drafi,1966,drafi,drafi,drafi
Dragon,1984,dragon,dragon,dragon
DragonForce,2008,dragonforce,dragonforce,dragonforce
Drake,2025,drake,drake,drake
Drake & 21 Savage,2023,drake & 21 savage,drake,drake
Drake & 21 Savage Featuring Travis Scott,2023,drake & 21 savage,drake,drake
Drake & Central Cee,2025,drake & central cee,drake,drake
Drake & Future,2016,drake & future,drake,drake
Drake & Yebba,2021,drake & yebba,drake,drake
Drake Featuring 2 Chainz & Big Sean,2014,drake,drake,drake
Drake Featuring 2 Chainz & Young Thug,2017,drake,drake,drake
Drake Featuring 21 Savage,2023,drake,drake,drake
Drake Featuring 21 Savage & Project Pat,2022,drake,drake,drake
Drake Featuring Alicia Keys,2010,drake,drake,drake
Drake Featuring Bad Bunny,2023,drake,drake,drake
Drake Featuring Birdman,2011,drake,drake,drake
Drake Featuring Chief Keef,2023,drake,drake,drake
Drake Featuring Chris Brown,2020,drake,drake,drake
Drake Featuring Fivio Foreign & Sosa Geek,2020,drake,drake,drake
Drake Featuring Future,2021,drake,drake,drake
Drake Featuring Future & Young Thug,2022,drake,drake,drake
Drake Featuring Giggs,2017,drake,drake,drake
Drake Featuring Giveon,2020,drake,drake,drake
Drake Featuring J. Cole,2024,drake,drake,drake
Drake Featuring Jay-Z,2021,drake,drake,drake
Drake Featuring Jhene Aiko,2013,drake,drake,drake
Drake Featuring Jorja Smith & Black Coffee,2017,drake,drake,drake
Drake Featuring Kanye West,2017,drake,drake,drake
"Drake Featuring Kanye West, Lil Wayne & Eminem",2010,drake,drake,drake
Drake Featuring Kid Cudi,2021,drake,drake,drake
Drake Featuring Latto,2024,drake,drake,drake
Drake Featuring Lil Baby,2022,drake,drake,drake
Drake Featuring Lil Durk,2021,drake,drake,drake
Drake Featuring Lil Durk & Giveon,2021,drake,drake,drake
Drake Featuring Lil Wayne,2015,drake,drake,drake
Drake Featuring Lil Wayne & Rick Ross,2021,drake,drake,drake
Drake Featuring Lil Wayne & Young Jeezy,2010,drake,drake,drake
Drake Featuring Lil Yachty,2023,drake,drake,drake
Drake Featuring Majid Jordan,2014,drake,drake,drake
Drake Featuring Michael Jackson,2018,drake,drake,drake
Drake Featuring Nicki Minaj,2012,drake,drake,drake
Drake Featuring PARTYNEXTDOOR,2023,drake,drake,drake
Drake Featuring Pimp C & Dvsn,2016,drake,drake,drake
Drake Featuring Playboi Carti,2020,drake,drake,drake
Drake Featuring Quavo & Travis Scott,2017,drake,drake,drake
Drake Featuring Rick Ross,2021,drake,drake,drake
Drake Featuring Rihanna,2016,drake,drake,drake
Drake Featuring SZA,2024,drake,drake,drake
Drake Featuring Sampha,2017,drake,drake,drake
Drake Featuring Sexyy Red & SZA,2024,drake,drake,drake
Drake Featuring Static Major & Ty Dolla $ign,2018,drake,drake,drake
Drake Featuring T.I. & Swizz Beatz,2010,drake,drake,drake
Drake Featuring Teezo Touchdown,2023,drake,drake,drake
Drake Featuring Tems,2021,drake,drake,drake
Drake Featuring The Throne,2016,drake,drake,drake
Drake Featuring The Weeknd,2012,drake,drake,drake
Drake Featuring Travis Scott,2022,drake,drake,drake
Drake Featuring Trey Songz & Lil Wayne,2009,drake,drake,drake
Drake Featuring Ty Dolla $ign,2021,drake,drake,drake
Drake Featuring Wizkid & Kyla,2016,drake,drake,drake
Drake Featuring Yeat,2024,drake,drake,drake
Drake Featuring Young Thug,2017,drake,drake,drake
"Drake, Julia Wolf & Yeat",2025,"drake, julia wolf & yeat",drake,drake
"Drake, Young Thug & 21 Savage",2024,"drake, young thug & 21 savage",drake,drake
Drama,2000,drama,drama,drama
Dream,2001,dream,dream,dream
Dreamlovers,1962,dreamlovers,dreamlovers,dreamlovers
"Dreamville Featuring BAS, JID, Guapdad 4000, Reese LAFLARE, Jace, Mez, Smokepurpp, Buddy & Ski Mask The Slump God",2019,dreamville,dreamville,dreamville
"Dreamville Featuring J. Cole, Lute & DaBaby",2019,dreamville,dreamville,dreamville
"Dreamville Featuring JID, BAS, J. Cole, EarthGang & Young Nudy",2019,dreamville,dreamville,dreamville
Dreezy Featuring Jeremih,2016,dreezy,dreezy,dreezy
Drew Baldridge,2024,drew baldridge,drew baldridge,drew baldridge
Driicky Graham,2012,driicky graham,driicky graham,driicky graham
Dru Down,1996,dru down,dru down,dru down
Dru Hill,2003,dru hill,dru hill,dru hill
Dru Hill Featuring Redman,1999,dru hill,dru hill,dru hill
Drupi,1973,drupi,drupi,drupi
Dua Lipa,2024,dua lipa,dua lipa,dua lipa
Dua Lipa & BLACKPINK,2018,dua lipa & blackpink,dua lipa,dua lipa
Duals,1961,duals,duals,duals
Duane Eddy,1964,duane eddy,duane eddy,duane eddy
Duane Eddy And The Rebels,1961,duane eddy and the rebels,duane eddy,duane eddy
Duane Eddy His Twangy Guitar And The Rebels,1961,duane eddy his twangy guitar and the rebels,duane eddy his twangy guitar,duane eddy his twangy guitar
Duane Eddy and the Rebelettes,1963,duane eddy and the rebelettes,duane eddy,duane eddy
Duck Sauce,2011,duck sauce,duck sauce,duck sauce
Duffy,2008,duffy,duffy,duffy
Duice,1993,duice,duice,duice
Dukays,1962,dukays,dukays,dukays
Duke & The Drivers,1975,duke & the drivers,duke,duke
Duke Baxter,1969,duke baxter,duke baxter,duke baxter
Duke Jupiter,1984,duke jupiter,duke jupiter,duke jupiter
Duncan Laurence,2021,duncan laurence,duncan laurence,duncan laurence
Duncan Sheik,1997,duncan sheik,duncan sheik,duncan sheik
Dunn & McCashen,1970,dunn & mccashen,dunn,dunn
Duran Duran,2004,duran duran,duran duran,duran duran
Dusk,1971,dusk,dusk,dusk
Dustin Lynch,2023,dustin lynch,dustin lynch,dustin lynch
Dustin Lynch Featuring Jelly Roll,2024,dustin lynch,dustin lynch,dustin lynch
Dustin Lynch Featuring Lauren Alaina Or MacKenzie Porter,2022,dustin lynch,dustin lynch,dustin lynch
Dusty Springfield,1970,dusty springfield,dusty springfield,dusty springfield
Dwayne Johnson,2017,dwayne johnson,dwayne johnson,dwayne johnson
Dwele,2003,dwele,dwele,dwele
Dwight Twilley,1984,dwight twilley,dwight twilley,dwight twilley
Dwight Twilley Band,1975,dwight twilley band,dwight twilley band,dwight twilley band
Dwight Yoakam,1999,dwight yoakam,dwight yoakam,dwight yoakam
Dyke And The Blazers,1969,dyke and the blazers,dyke,dyke
Dylan Gossett,2024,dylan gossett,dylan gossett,dylan gossett
Dylan Marlowe & Dylan Scott,2025,dylan marlowe & dylan scott,dylan marlowe,dylan marlowe
Dylan Scott,2025,dylan scott,dylan scott,dylan scott
