artist,last_chart_year,l1,l2,l3
Sean Paul Featuring Sasha,2004,sean paul,sean paul,sean paul
Seatrain,1971,seatrain,seatrain,seatrain
Sebastian Yatra,2022,sebastian yatra,sebastian yatra,sebastian yatra
"Sech, Daddy Yankee & J Balvin Featuring Rosalia & Farruko",2020,"sech, daddy yankee & j balvin",sech,sech
"Sech, Darell, Nicky Jam, Ozuna & Anuel AA",2019,"sech, darell, nicky jam, ozuna & anuel aa",sech,sech
Secondhand Serenade,2009,secondhand serenade,secondhand serenade,secondhand serenade
Secret Ties,1987,secret ties,secret ties,secret ties
Seduction,1990,seduction,seduction,seduction
Seether,2011,seether,seether,seether
Seether Featuring Amy Lee,2005,seether,seether,seether
Seiko & Donnie Wahlberg,1990,seiko & donnie wahlberg,seiko,seiko
Selena,1996,selena,selena,selena
Selena Gomez,2024,selena gomez,selena gomez,selena gomez
Selena Gomez & Benny Blanco,2025,selena gomez & benny blanco,selena gomez,selena gomez
Selena Gomez & Demi Lovato,2009,selena gomez & demi lovato,selena gomez,selena gomez
Selena Gomez & The Scene,2012,selena gomez & the scene,selena gomez,selena gomez
Selena Gomez Featuring A$AP Rocky,2016,selena gomez,selena gomez,selena gomez
Selena Gomez Featuring Gucci Mane,2017,selena gomez,selena gomez,selena gomez
Selena Gomez With Rauw Alejandro,2021,selena gomez with rauw alejandro,selena gomez,selena gomez
Selena Gomez X Marshmello,2018,selena gomez x marshmello,selena gomez,selena gomez
"Selena Gomez, Benny Blanco & Gracie Abrams",2025,"selena gomez, benny blanco & gracie abrams",selena gomez,selena gomez
"Selena Gomez, Benny Blanco & The Marias",2025,"selena gomez, benny blanco & the marias",selena gomez,selena gomez
Senator Bobby & Senator McKinley,1967,senator bobby & senator mckinley,senator bobby,senator bobby
Senator Bobby Featuring Bill Minkin,1967,senator bobby,senator bobby,senator bobby
Senator Everett McKinley Dirksen,1967,senator everett mckinley dirksen,senator everett mckinley dirksen,senator everett mckinley dirksen
September,2008,september,september,september
Sergio Mendes,1984,sergio mendes,sergio mendes,sergio mendes
Sergio Mendes & Brasil '66,1969,sergio mendes & brasil '66,sergio mendes,sergio mendes
Serj Tankian,2007,serj tankian,serj tankian,serj tankian
"Sevdaliza, Pabllo Vittar & Yseult",2024,"sevdaliza, pabllo vittar & yseult",sevdaliza,sevdaliza
Seven Mary Three,1996,seven mary three,seven mary three,seven mary three
Sevyn Streeter Featuring Chris Brown,2014,sevyn streeter,sevyn streeter,sevyn streeter
Sexyy Red,2024,sexyy red,sexyy red,sexyy red
Sexyy Red & Bruno Mars,2025,sexyy red & bruno mars,sexyy red,sexyy red
Sexyy Red & Drake,2024,sexyy red & drake,sexyy red,sexyy red
Sexyy Red & Tay Keith & Nicki Minaj,2023,sexyy red & tay keith & nicki minaj,sexyy red,sexyy red
Sha Na Na,1975,sha na na,sha na na,sha na na
Shabba Ranks,1995,shabba ranks,shabba ranks,shabba ranks
Shabba Ranks (Featuring Johnny Gill),1993,shabba ranks,shabba ranks,shabba ranks
Shabba Ranks (Featuring Maxi Priest),1992,shabba ranks,shabba ranks,shabba ranks
Shabba Ranks Featuring Patra And Terri & Monica,1994,shabba ranks,shabba ranks,shabba ranks
Shaboozey,2025,shaboozey,shaboozey,shaboozey
Shaboozey & Jelly Roll,2025,shaboozey & jelly roll,shaboozey,shaboozey
Shades,1997,shades,shades,shades
Shades Of Blue,1966,shades of blue,shades of blue,shades of blue
Shadows Of Knight,1968,shadows of knight,shadows of knight,shadows of knight
Shae Jones,1999,shae jones,shae jones,shae jones
Shaggy,1995,shaggy,shaggy,shaggy
Shaggy (Featuring Marsha),1997,shaggy,shaggy,shaggy
"Shaggy Feat. Ricardo ""RikRok"" Ducent",2001,shaggy,shaggy,shaggy
Shaggy Featuring Janet,1999,shaggy,shaggy,shaggy
"Shaggy Featuring Mohombi, Faydee, Costi",2015,shaggy,shaggy,shaggy
Shaggy Featuring Rayvon,2001,shaggy,shaggy,shaggy
Shai,1996,shai,shai,shai
Shakespear's Sister,1993,shakespear's sister,shakespear's sister,shakespears sister
Shakin' Stevens,1984,shakin' stevens,shakin' stevens,shakin stevens
Shakira,2023,shakira,shakira,shakira
Shakira & Cardi B,2024,shakira & cardi b,shakira,shakira
Shakira & Rauw Alejandro,2022,shakira & rauw alejandro,shakira,shakira
Shakira + Ozuna,2023,shakira + ozuna,shakira,shakira
Shakira Feat. Alejandro Sanz,2005,shakira,shakira,shakira
Shakira Featuring El Cata or Dizzee Rascal,2011,shakira,shakira,shakira
Shakira Featuring Freshlyground,2010,shakira,shakira,shakira
Shakira Featuring Lil Wayne,2010,shakira,shakira,shakira
Shakira Featuring Maluma,2017,shakira,shakira,shakira
Shakira Featuring Nicky Jam,2017,shakira,shakira,shakira
Shakira Featuring Rihanna,2014,shakira,shakira,shakira
Shakira Featuring Wyclef Jean,2006,shakira,shakira,shakira
Shakira X Fuerza Regida,2023,shakira x fuerza regida,shakira,shakira
Shalamar,1985,shalamar,shalamar,shalamar
Shamus M'Cool,1981,shamus m'cool,shamus m'cool,shamus mcool
Shana,1990,shana,shana,shana
Shane Minor,1999,shane minor,shane minor,shane minor
Shango,1969,shango,shango,shango
Shania Twain,2011,shania twain,shania twain,shania twain
Shania Twain With Billy Currington Or Mark McGrath,2005,shania twain with billy currington or mark mcgrath,shania twain,shania twain
Shanice,1999,shanice,shanice,shanice
Shanice Wilson,1988,shanice wilson,shanice wilson,shanice wilson
Shannon,1985,shannon,shannon,shannon
Shaquille O'Neal,1995,shaquille o'neal,shaquille o'neal,shaquille oneal
"Shaquille O'Neal, Ice Cube, B Real, Peter Gunz & KRS-One",1997,"shaquille o'neal, ice cube, b real, peter gunz & krs-one",shaquille o'neal,shaquille oneal
Shareefa Featuring Ludacris,2006,shareefa,shareefa,shareefa
Sharissa,2002,sharissa,sharissa,sharissa
Sharon Bryant,1990,sharon bryant,sharon bryant,sharon bryant
Sharon Paige and Harold Melvin And The Blue Notes,1975,sharon paige and harold melvin and the blue notes,sharon paige,sharon paige
Sharpees,1966,sharpees,sharpees,sharpees
Shaun Cassidy,1978,shaun cassidy,shaun cassidy,shaun cassidy
Shawn Christopher,1992,shawn christopher,shawn christopher,shawn christopher
Shawn Colvin,1998,shawn colvin,shawn colvin,shawn colvin
Shawn Mendes,2024,shawn mendes,shawn mendes,shawn mendes
Shawn Mendes & Camila Cabello,2020,shawn mendes & camila cabello,shawn mendes,shawn mendes
Shawn Mendes & Justin Bieber,2021,shawn mendes & justin bieber,shawn mendes,shawn mendes
Shawn Mendes & Tainy,2021,shawn mendes & tainy,shawn mendes,shawn mendes
Shawn Mendes Featuring Khalid,2018,shawn mendes,shawn mendes,shawn mendes
Shawn Mendes X Zedd,2019,shawn mendes x zedd,shawn mendes,shawn mendes
Shawn Mullins,1999,shawn mullins,shawn mullins,shawn mullins
Shawn Phillips,1973,shawn phillips,shawn phillips,shawn phillips
Shawn Stockman,1996,shawn stockman,shawn stockman,shawn stockman
Shawnna,2006,shawnna,shawnna,shawnna
Shawnna Featuring Ludacris,2004,shawnna,shawnna,shawnna
Shawty Lo,2008,shawty lo,shawty lo,shawty lo
She Moves,1998,she moves,she moves,she moves
Sheb Wooley,1962,sheb wooley,sheb wooley,sheb wooley
Sheck Wes,2019,sheck wes,sheck wes,sheck wes
Sheena Easton,1991,sheena easton,sheena easton,sheena easton
Sheila,1982,sheila,sheila,sheila
Sheila E.,1987,sheila e.,sheila e.,sheila e
Shelby Flint,1966,shelby flint,shelby flint,shelby flint
Shelley Fabares,1963,shelley fabares,shelley fabares,shelley fabares
Shep And The Limelites,1963,shep and the limelites,shep,shep
Sheppard,2015,sheppard,sheppard,sheppard
Sherbet,1976,sherbet,sherbet,sherbet
Sherbs,1981,sherbs,sherbs,sherbs
Sheriff,1989,sheriff,sheriff,sheriff
Sherrie Austin,1999,sherrie austin,sherrie austin,sherrie austin
Sheryl Crow,2013,sheryl crow,sheryl crow,sheryl crow
Sheryl Crow & Sting,2006,sheryl crow & sting,sheryl crow,sheryl crow
"Sheryl Crow, Kid Rock & Keith Urban",2010,"sheryl crow, kid rock & keith urban",sheryl crow,sheryl crow
Shinedown,2012,shinedown,shinedown,shinedown
Shiny Toy Guns,2010,shiny toy guns,shiny toy guns,shiny toy guns
Shirley & Lee,1961,shirley & lee,shirley,shirley
Shirley & Squirrely,1976,shirley & squirrely,shirley,shirley
Shirley And Company,1975,shirley and company,shirley,shirley
Shirley Bassey,1973,shirley bassey,shirley bassey,shirley bassey
Shirley Brown,1975,shirley brown,shirley brown,shirley brown
Shirley Caesar,1975,shirley caesar,shirley caesar,shirley caesar
Shirley Ellis,1967,shirley ellis,shirley ellis,shirley ellis
Shirley Lewis,1989,shirley lewis,shirley lewis,shirley lewis
Shirley Murdock,1987,shirley murdock,shirley murdock,shirley murdock
Shirley and Lee,1960,shirley and lee,shirley,shirley
Shoes,1979,shoes,shoes,shoes
Shontelle,2010,shontelle,shontelle,shontelle
Shooting Star,1989,shooting star,shooting star,shooting star
Shop Boyz,2007,shop boyz,shop boyz,shop boyz
Shoreline Mafia Presents OhGeesy & Fenix Flexin,2024,shoreline mafia presents ohgeesy & fenix flexin,shoreline mafia presents ohgeesy,shoreline mafia presents ohgeesy
Shorty Long,1968,shorty long,shorty long,shorty long
Shot In The Dark,1981,shot in the dark,shot in the dark,shot in the dark
Shwayze,2008,shwayze,shwayze,shwayze
Shwayze Featuring Cisco Adler,2008,shwayze,shwayze,shwayze
Shyheim,1994,shyheim,shyheim,shyheim
Shyne Featuring Barrington Levy,2000,shyne,shyne,shyne
Si Zentner And His Orchestra,1962,si zentner and his orchestra,si zentner,si zentner
Sia,2025,sia,sia,sia
Sia Featuring Kendrick Lamar,2017,sia,sia,sia
Sia Featuring Sean Paul,2017,sia,sia,sia
Sick Puppies,2011,sick puppies,sick puppies,sick puppies
Siedah Garrett,1988,siedah garrett,siedah garrett,siedah garrett
Sil Austin,1959,sil austin,sil austin,sil austin
Silento,2016,silento,silento,silento
Silk,1999,silk,silk,silk
Silk City x Dua Lipa,2019,silk city x dua lipa,silk city,silk city
Silk Sonic (Bruno Mars & Anderson .Paak),2022,silk sonic,silk sonic,silk sonic
Silk Sonic (Bruno Mars & Anderson .Paak) With Thundercat & Bootsy Collins,2021,silk sonic,silk sonic,silk sonic
"Silkk the Shocker Featuring Master P, Destiny's Child, O'Dell, Mo",1998,silkk the shocker,silkk the shocker,silkk the shocker
Silkk the Shocker Featuring Mystikal,1999,silkk the shocker,silkk the shocker,silkk the shocker
Silver,1976,silver,silver,silver
Silver Condor,1981,silver condor,silver condor,silver condor
Silver Convention,1976,silver convention,silver convention,silver convention
Silverado,1981,silverado,silverado,silverado
Silversun Pickups,2009,silversun pickups,silversun pickups,silversun pickups
Silvetti,1977,silvetti,silvetti,silvetti
Simon & Garfunkel,1982,simon & garfunkel,simon,simon
Simon F,1987,simon f,simon f,simon f
Simon Stokes,1974,simon stokes,simon stokes,simon stokes
Simon Stokes/Nighthawks,1969,simon stokes,simon stokes,simon stokes
Simple E,1994,simple e,simple e,simple e
Simple Minds,1995,simple minds,simple minds,simple minds
Simple Plan,2005,simple plan,simple plan,simple plan
Simply Red,1992,simply red,simply red,simply red
Sims Twins,1962,sims twins,sims twins,sims twins
Sinead O'Connor,1990,sinead o'connor,sinead o'connor,sinead oconnor
Single Bullet Theory,1983,single bullet theory,single bullet theory,single bullet theory
Sinitta,1989,sinitta,sinitta,sinitta
Siouxsie & The Banshees,1991,siouxsie & the banshees,siouxsie,siouxsie
Sir Chauncey and his exciting strings,1960,sir chauncey and his exciting strings,sir chauncey,sir chauncey
Sir Douglas Quintet,1969,sir douglas quintet,sir douglas quintet,sir douglas quintet
Sir Mix-A-Lot,1996,sir mix-a-lot,sir mix-a-lot,sir mixalot
Sisqo,2000,sisqo,sisqo,sisqo
Sisqo Featuring Make It Hot,2000,sisqo,sisqo,sisqo
Sister 7,1998,sister 7,sister 7,sister 7
Sister Hazel,2000,sister hazel,sister hazel,sister hazel
Sister Janet Mead,1974,sister janet mead,sister janet mead,sister janet mead
Sister Sledge,1985,sister sledge,sister sledge,sister sledge
Siw Malmkvist-Umberto Marcato,1964,siw malmkvist-umberto marcato,siw malmkvist-umberto marcato,siw malmkvistumberto marcato
Sixpence None the Richer,2003,sixpence none the richer,sixpence none the richer,sixpence none the richer
Skee-Lo,1995,skee-lo,skee-lo,skeelo
Skeeter Davis,1964,skeeter davis,skeeter davis,skeeter davis
Ski Mask The Slump God,2019,ski mask the slump god,ski mask the slump god,ski mask the slump god
Ski Mask The Slump God Featuring Juice WRLD,2019,ski mask the slump god,ski mask the slump god,ski mask the slump god
Skid Row,1992,skid row,skid row,skid row
Skillet,2009,skillet,skillet,skillet
Skin Deep Featuring Li'l Kim Of Junior M.A.F.I.A.,1996,skin deep,skin deep,skin deep
Skip And Flip,1960,skip and flip,skip,skip
Skrillex,2012,skrillex,skrillex,skrillex
Skrillex & Diplo With Justin Bieber,2016,skrillex & diplo with justin bieber,skrillex,skrillex
Skrillex & Rick Ross,2016,skrillex & rick ross,skrillex,skrillex
Skrillex Featuring Sirah,2012,skrillex,skrillex,skrillex
"Skrillex, Justin Bieber & Don Toliver",2021,"skrillex, justin bieber & don toliver",skrillex,skrillex
Sky (Arista),1981,sky,sky,sky
"Skylar Grey, Polo G, Mozzy & Eminem",2021,"skylar grey, polo g, mozzy & eminem",skylar grey,skylar grey
Skylark,1973,skylark,skylark,skylark
Skyy,1990,skyy,skyy,skyy
Slade,1985,slade,slade,slade
Slaughter,1992,slaughter,slaughter,slaughter
Slaughterhouse Featuring Eminem,2012,slaughterhouse,slaughterhouse,slaughterhouse
Slave,1981,slave,slave,slave
SleazyWorld Go Featuring Lil Baby,2022,sleazyworld go,sleazyworld go,sleazyworld go
Sleep Token,2025,sleep token,sleep token,sleep token
Sleepy Brown Featuring OutKast,2004,sleepy brown,sleepy brown,sleepy brown
Sleepy Hallow,2021,sleepy hallow,sleepy hallow,sleepy hallow
Sleepy Hallow Featuring 347aidan,2022,sleepy hallow,sleepy hallow,sleepy hallow
Sleepy Hallow Featuring Doechii,2025,sleepy hallow,sleepy hallow,sleepy hallow
Sleepy King,1962,sleepy king,sleepy king,sleepy king
Slick Rick,1994,slick rick,slick rick,slick rick
Slim Featuring Yung Joc,2008,slim,slim,slim
Slim Harpo,1966,slim harpo,slim harpo,slim harpo
Slum Village Featuring Dwele,2002,slum village,slum village,slum village
Slum Village Featuring Kanye West & John Legend,2004,slum village,slum village,slum village
Sly & The Family Stone,1974,sly & the family stone,sly,sly
Sly Fox,1986,sly fox,sly fox,sly fox
Sly Stone,1975,sly stone,sly stone,sly stone
Small Faces,1968,small faces,small faces,small faces
Smart E's,1993,smart e's,smart e's,smart es
Smash Mouth,2001,smash mouth,smash mouth,smash mouth
Smif-N-Wessun,1994,smif-n-wessun,smif-n-wessun,smifnwessun
Smiley Featuring Drake,2021,smiley,smiley,smiley
Smilez & Southstar,2003,smilez & southstar,smilez,smilez
Smith,1970,smith,smith,smith
Smokey,1975,smokey,smokey,smokey
Smokey Robinson,1991,smokey robinson,smokey robinson,smokey robinson
Smokey Robinson & Barbara Mitchell,1983,smokey robinson & barbara mitchell,smokey robinson,smokey robinson
Smokey Robinson & The Miracles,1973,smokey robinson & the miracles,smokey robinson,smokey robinson
Smokie,1977,smokie,smokie,smokie
Smokie Norful,2003,smokie norful,smokie norful,smokie norful
Smooth,1998,smooth,smooth,smooth
Snail,1978,snail,snail,snail
Snap!,1993,snap!,snap!,snap
Sneaker,1982,sneaker,sneaker,sneaker
Sneaker Pimps,1998,sneaker pimps,sneaker pimps,sneaker pimps
Sniff 'n' the Tears,1979,sniff 'n' the tears,sniff 'n' the tears,sniff n the tears
Snoop Dogg,2010,snoop dogg,snoop dogg,snoop dogg
Snoop Dogg & Wiz Khalifa Featuring Bruno Mars,2012,snoop dogg & wiz khalifa,snoop dogg,snoop dogg
Snoop Dogg Featuring Charlie Wilson & Justin Timberlake,2005,snoop dogg,snoop dogg,snoop dogg
"Snoop Dogg Featuring Master P, Nate Dogg, Butch Cassidy & Tha Eastsidaz",2001,snoop dogg,snoop dogg,snoop dogg
Snoop Dogg Featuring Mystikal And Fiend,1999,snoop dogg,snoop dogg,snoop dogg
Snoop Dogg Featuring Pharrell,2005,snoop dogg,snoop dogg,snoop dogg
Snoop Dogg Featuring Pharrell & Uncle Charlie Wilson,2003,snoop dogg,snoop dogg,snoop dogg
Snoop Dogg Featuring R. Kelly,2007,snoop dogg,snoop dogg,snoop dogg
Snoop Dogg Featuring T-Pain,2011,snoop dogg,snoop dogg,snoop dogg
Snoop Dogg Featuring The-Dream,2010,snoop dogg,snoop dogg,snoop dogg
Snoop Dogg Featuring Tyrese & Mr. Tan,2001,snoop dogg,snoop dogg,snoop dogg
Snoop Dogg Featuring Xzibit & Nate Dogg,1999,snoop dogg,snoop dogg,snoop dogg
Snoop Dogg Presents Tha Eastsidaz,2000,snoop dogg presents tha eastsidaz,snoop dogg presents tha eastsidaz,snoop dogg presents tha eastsidaz
Snoop Dogg Presents Tha Eastsidaz Featuring Jayo Felony And Blaqthoven,2000,snoop dogg presents tha eastsidaz,snoop dogg presents tha eastsidaz,snoop dogg presents tha eastsidaz
Snoop Doggy Dogg,1994,snoop doggy dogg,snoop doggy dogg,snoop doggy dogg
Snootie Wild Featuring K Camp,2014,snootie wild,snootie wild,snootie wild
Snow,1993,snow,snow,snow
Snow Patrol,2012,snow patrol,snow patrol,snow patrol
Snow Patrol Featuring Martha Wainwright,2010,snow patrol,snow patrol,snow patrol
Snuff,1983,snuff,snuff,snuff
So,1988,so,so,so
SoMo,2014,somo,somo,somo
"Sofi Tukker Featuring NERVO, The Knocks & Alisa Ueno",2018,sofi tukker,sofi tukker,sofi tukker
"Sofia Carson, Cameron Boyce, Booboo Stewart & Mitchell Hope",2017,"sofia carson, cameron boyce, booboo stewart & mitchell hope",sofia carson,sofia carson
Sofia Shinas,1992,sofia shinas,sofia shinas,sofia shinas
Soft Cell,1982,soft cell,soft cell,soft cell
Soho,1991,soho,soho,soho
Soko,2014,soko,soko,soko
Solange,2016,solange,solange,solange
Solange Featuring Sampha,2016,solange,solange,solange
Sole Featuring JT Money & Kandi,2000,sole,sole,sole
Solo,1998,solo,solo,solo
Solomon Burke,1975,solomon burke,solomon burke,solomon burke
Soluna,2002,soluna,soluna,soluna
Somethin' For The People,1998,somethin' for the people,somethin' for the people,somethin for the people
Somethin' For The People Featuring Trina & Tamara,1998,somethin' for the people,somethin' for the people,somethin for the people
Son by Four,2000,son by four,son by four,son by four
Sonique,2000,sonique,sonique,sonique
Sonny,1965,sonny,sonny,sonny
Sonny & Cher,1973,sonny & cher,sonny,sonny
Sonny Charles,1983,sonny charles,sonny charles,sonny charles
"Sonny Charles And The Checkmates, Ltd.",1969,"sonny charles and the checkmates, ltd.",sonny charles,sonny charles
Sonny James,1971,sonny james,sonny james,sonny james
Sonny Knight,1965,sonny knight,sonny knight,sonny knight
Sonny Spencer,1959,sonny spencer,sonny spencer,sonny spencer
Sons Of Champlin,1976,sons of champlin,sons of champlin,sons of champlin
Sons Of Funk,1997,sons of funk,sons of funk,sons of funk
Sophia Grace,2015,sophia grace,sophia grace,sophia grace
Sophie B. Hawkins,1996,sophie b. hawkins,sophie b. hawkins,sophie b hawkins
Sophie Ellis-Bextor,2024,sophie ellis-bextor,sophie ellis-bextor,sophie ellisbextor
Soul Asylum,1996,soul asylum,soul asylum,soul asylum
Soul Brothers Six,1967,soul brothers six,soul brothers six,soul brothers six
Soul For Real,1995,soul for real,soul for real,soul for real
Soul II Soul,1990,soul ii soul,soul ii soul,soul ii soul
Soul II Soul Featuring Caron Wheeler,1989,soul ii soul,soul ii soul,soul ii soul
Soul Sisters,1964,soul sisters,soul sisters,soul sisters
Soul Survivors,1968,soul survivors,soul survivors,soul survivors
Soul Train Gang,1977,soul train gang,soul train gang,soul train gang
SoulDecision Featuring Thrust,2000,souldecision,souldecision,souldecision
Soulja Boy Tell 'em Featuring Sammie,2009,soulja boy tell 'em,soulja boy tell 'em,soulja boy tell em
Soulja Boy Tell'em,2010,soulja boy tell'em,soulja boy tell'em,soulja boy tellem
Soulja Boy Tell'em Featuring Arab,2008,soulja boy tell'em,soulja boy tell'em,soulja boy tellem
Soulja Boy Tell'em Featuring I-15,2008,soulja boy tell'em,soulja boy tell'em,soulja boy tellem
Souls Of Mischief,1994,souls of mischief,souls of mischief,souls of mischief
Soulsister,1989,soulsister,soulsister,soulsister
Sound Factory,1993,sound factory,sound factory,sound factory
Soundgarden,2010,soundgarden,soundgarden,soundgarden
Sounds Of Sunshine,1971,sounds of sunshine,sounds of sunshine,sounds of sunshine
Sounds Orchestral,1965,sounds orchestral,sounds orchestral,sounds orchestral
Soupy Sales,1965,soupy sales,soupy sales,soupy sales
South Shore Commission,1976,south shore commission,south shore commission,south shore commission
Southcote,1974,southcote,southcote,southcote
Southside Johnny & The Asbury Jukes,1979,southside johnny & the asbury jukes,southside johnny,southside johnny
Southside Johnny & The Jukes,1986,southside johnny & the jukes,southside johnny,southside johnny
"Southside, Travis Scott & Future",2022,"southside, travis scott & future",southside,southside
Southsyde B.O.I.Z.,1996,southsyde b.o.i.z.,southsyde b.o.i.z.,southsyde boiz
Southwest F.O.B.,1968,southwest f.o.b.,southwest f.o.b.,southwest fob
Space,1979,space,space,space
Spacehog,1996,spacehog,spacehog,spacehog
Spacemonkeyz,1998,spacemonkeyz,spacemonkeyz,spacemonkeyz
Spandau Ballet,1984,spandau ballet,spandau ballet,spandau ballet
Spanky And Our Gang,1969,spanky and our gang,spanky,spanky
Sparks,1982,sparks,sparks,sparks
Sparks & Jane Wiedlin,1983,sparks & jane wiedlin,sparks,sparks
Special Delivery Featuring Terry Huff,1976,special delivery,special delivery,special delivery
Special Generation,1990,special generation,special generation,special generation
Spectacular! Cast,2009,spectacular! cast,spectacular! cast,spectacular cast
Spellbound,1978,spellbound,spellbound,spellbound
Spencer & Spencer with the Sonia Pryor Choir,1959,spencer & spencer with the sonia pryor choir,spencer,spencer
Spencer Ross,1960,spencer ross,spencer ross,spencer ross
Spice Girls,2007,spice girls,spice girls,spice girls
Spider,1981,spider,spider,spider
Spin,1976,spin,spin,spin
Spin Doctors,1994,spin doctors,spin doctors,spin doctors
Spiral Starecase,1969,spiral starecase,spiral starecase,spiral starecase
Spiral Starecase Featuring: Pat Upton,1970,spiral starecase,spiral starecase,spiral starecase
Spirit,1973,spirit,spirit,spirit
Splender,2000,splender,splender,splender
Splinter,1975,splinter,splinter,splinter
Split Enz,1980,split enz,split enz,split enz
Sponge,1995,sponge,sponge,sponge
Sporty Thievz Featuring Mr. Woods,1999,sporty thievz,sporty thievz,sporty thievz
Spose,2010,spose,spose,spose
SpotemGottem Featuring Pooh Shiesty Or DaBaby,2021,spotemgottem,spotemgottem,spotemgottem
Springwell,1971,springwell,springwell,springwell
Spyder Turner,1967,spyder turner,spyder turner,spyder turner
Spyro Gyra,1981,spyro gyra,spyro gyra,spyro gyra
Spys,1982,spys,spys,spys
Squeak E. Clean Featuring Karen O,2005,squeak e. clean,squeak e. clean,squeak e clean
Squeeze,1988,squeeze,squeeze,squeeze
St. Etienne,1992,st. etienne,st. etienne,st etienne
St. Lunatics,2001,st. lunatics,st. lunatics,st lunatics
St. Paul,1990,st. paul,st. paul,st paul
Stabilizers,1987,stabilizers,stabilizers,stabilizers
Stacey Q,1988,stacey q,stacey q,stacey q
Stacie Orrico,2004,stacie orrico,stacie orrico,stacie orrico
Stacy Earl,1992,stacy earl,stacy earl,stacy earl
Stacy Earl (Featuring The Wild Pair),1992,stacy earl,stacy earl,stacy earl
Stacy Lattisaw,1987,stacy lattisaw,stacy lattisaw,stacy lattisaw
Stacy Lattisaw & Johnny Gill,1984,stacy lattisaw & johnny gill,stacy lattisaw,stacy lattisaw
Stage Dolls,1989,stage dolls,stage dolls,stage dolls
Stagga Lee,2003,stagga lee,stagga lee,stagga lee
Staind,2008,staind,staind,staind
Stallion,1977,stallion,stallion,stallion
Stampeders,1976,stampeders,stampeders,stampeders
Stan Freberg,1960,stan freberg,stan freberg,stan freberg
Stan Getz / Charlie Byrd,1963,stan getz,stan getz,stan getz
Stan Getz/Astrud Gilberto,1964,stan getz,stan getz,stan getz
Stan Kenton,1962,stan kenton,stan kenton,stan kenton
Stan Robinson,1959,stan robinson,stan robinson,stan robinson
Stanley Clarke/George Duke,1981,stanley clarke,stanley clarke,stanley clarke
Starbuck,1978,starbuck,starbuck,starbuck
Stardust,1998,stardust,stardust,stardust
Stargard,1978,stargard,stargard,stargard
Stark & McBrien,1975,stark & mcbrien,stark,stark
Starland Vocal Band,1980,starland vocal band,starland vocal band,starland vocal band
Starley,2017,starley,starley,starley
Starpoint,1987,starpoint,starpoint,starpoint
Stars On,1982,stars on,stars on,stars on
"Stars On 54: Ultra Nate, Amber, Jocelyn Enriquez",1999,"stars on 54: ultra nate, amber, jocelyn enriquez",stars on 54: ultra nate,stars on 54 ultra nate
Stars on 45,1981,stars on 45,stars on 45,stars on 45
Starship,1991,starship,starship,starship
Starz,1978,starz,starz,starz
State Of Mine & Drew Jacobs,2021,state of mine & drew jacobs,state of mine,state of mine
StaySolidRocky,2020,staysolidrocky,staysolidrocky,staysolidrocky
Stealers Wheel,1974,stealers wheel,stealers wheel,stealers wheel
Steam,1970,steam,steam,steam
Steel Breeze,1983,steel breeze,steel breeze,steel breeze
Steel Magnolia,2010,steel magnolia,steel magnolia,steel magnolia
Steelheart,1991,steelheart,steelheart,steelheart
Steely Dan,1981,steely dan,steely dan,steely dan
Stephanie Beatriz,2022,stephanie beatriz,stephanie beatriz,stephanie beatriz
"Stephanie Beatriz, Olga Merediz & Encanto Cast",2022,"stephanie beatriz, olga merediz & encanto cast",stephanie beatriz,stephanie beatriz
"Stephanie Beatriz, Olga Merediz, John Leguizamo, Adassa, Maluma & Encanto Cast",2022,"stephanie beatriz, olga merediz, john leguizamo, adassa, maluma & encanto cast",stephanie beatriz,stephanie beatriz
Stephanie Mills,1987,stephanie mills,stephanie mills,stephanie mills
Stephanie Mills Featuring Teddy Pendergrass,1981,stephanie mills,stephanie mills,stephanie mills
Stephen Bishop,1984,stephen bishop,stephen bishop,stephen bishop
Stephen Sanchez,2023,stephen sanchez,stephen sanchez,stephen sanchez
Stephen Stills,1984,stephen stills,stephen stills,stephen stills
Stephen Stills-Manassas,1973,stephen stills-manassas,stephen stills-manassas,stephen stillsmanassas
Steppenwolf,1974,steppenwolf,steppenwolf,steppenwolf
Stereo MC's,1993,stereo mc's,stereo mc's,stereo mcs
Steve & Eydie,1964,steve & eydie,steve,steve
Steve & Eydie Featuring The Osmonds,1972,steve & eydie,steve,steve
Steve Alaimo,1972,steve alaimo,steve alaimo,steve alaimo
Steve Allen,1963,steve allen,steve allen,steve allen
Steve Allen and His Orchestra with The Copacabana Trio,1963,steve allen and his orchestra with the copacabana trio,steve allen,steve allen
Steve Aoki & Louis Tomlinson,2017,steve aoki & louis tomlinson,steve aoki,steve aoki
Steve Aoki Featuring BTS,2018,steve aoki,steve aoki,steve aoki
"Steve Aoki, Chris Lake & Tujamo Featuring Kid Ink",2014,"steve aoki, chris lake & tujamo",steve aoki,steve aoki
Steve Arrington,1985,steve arrington,steve arrington,steve arrington
Steve Azar,2002,steve azar,steve azar,steve azar
Steve Carlisle,1982,steve carlisle,steve carlisle,steve carlisle
Steve Dahl And Teenage Radiation,1979,steve dahl and teenage radiation,steve dahl,steve dahl
Steve Forbert,1980,steve forbert,steve forbert,steve forbert
Steve Greenberg,1969,steve greenberg,steve greenberg,steve greenberg
Steve Harley And Cockney Rebel,1976,steve harley and cockney rebel,steve harley,steve harley
Steve Holy,2011,steve holy,steve holy,steve holy
Steve Lacy,2023,steve lacy,steve lacy,steve lacy
Steve Lawrence,1964,steve lawrence,steve lawrence,steve lawrence
Steve Martin,1979,steve martin,steve martin,steve martin
Steve Martin And The Toot Uncommons,1978,steve martin and the toot uncommons,steve martin,steve martin
Steve Miller,1985,steve miller,steve miller,steve miller
Steve Perry,1995,steve perry,steve perry,steve perry
Steve Sperry,1977,steve sperry,steve sperry,steve sperry
Steve Wariner,1999,steve wariner,steve wariner,steve wariner
Steve Winwood,1991,steve winwood,steve winwood,steve winwood
Steven Tyler,2015,steven tyler,steven tyler,steven tyler
Stevie B,1995,stevie b,stevie b,stevie b
Stevie Nicks,1994,stevie nicks,stevie nicks,stevie nicks
Stevie Nicks With Don Henley,1982,stevie nicks with don henley,stevie nicks,stevie nicks
Stevie Nicks With Tom Petty And The Heartbreakers,1981,stevie nicks with tom petty and the heartbreakers,stevie nicks,stevie nicks
Stevie Wonder,2005,stevie wonder,stevie wonder,stevie wonder
Stevie Wonder & Michael Jackson,1988,stevie wonder & michael jackson,stevie wonder,stevie wonder
Stevie Woods,1982,stevie woods,stevie woods,stevie woods
Stillwater,1978,stillwater,stillwater,stillwater
Sting,1996,sting,sting,sting
Sting & The Police,1998,sting & the police,sting,sting
Sting Featuring Cheb Mami,2000,sting,sting,sting
Stone Poneys Featuring Linda Ronstadt,1968,stone poneys,stone poneys,stone poneys
Stone Sour,2007,stone sour,stone sour,stone sour
Stone Temple Pilots,2000,stone temple pilots,stone temple pilots,stone temple pilots
Stonebolt,1979,stonebolt,stonebolt,stonebolt
Stonewall Jackson,1960,stonewall jackson,stonewall jackson,stonewall jackson
Stoney & Meatloaf,1971,stoney & meatloaf,stoney,stoney
Stories,1973,stories,stories,stories
Strawberry Alarm Clock,1969,strawberry alarm clock,strawberry alarm clock,strawberry alarm clock
Stray Cats,1984,stray cats,stray cats,stray cats
Stray Kids,2025,stray kids,stray kids,stray kids
Stray Kids Featuring Charlie Puth,2024,stray kids,stray kids,stray kids
Streek,1981,streek,streek,streek
Street People,1970,street people,street people,street people
Streets,1983,streets,streets,streets
Stromae & Pomme,2024,stromae & pomme,stromae,stromae
Stryper,1988,stryper,stryper,stryper
Studio All-Stars,2008,studio all-stars,studio all-stars,studio allstars
Styles,2002,styles,styles,styles
Styx,1991,styx,styx,styx
Suave,1988,suave,suave,suave
Sublime,1998,sublime,sublime,sublime
Subway,1995,subway,subway,subway
Subway (Featuring 702),1995,subway,subway,subway
Sudden Change,1994,sudden change,sudden change,sudden change
Sue Thompson,1965,sue thompson,sue thompson,sue thompson
Sueco,2021,sueco,sueco,sueco
Suga Free,1997,suga free,suga free,suga free
Sugababes,2004,sugababes,sugababes,sugababes
Sugar Bears,1972,sugar bears,sugar bears,sugar bears
Sugar Pie DeSanto,1964,sugar pie desanto,sugar pie desanto,sugar pie desanto
Sugar Ray,2001,sugar ray,sugar ray,sugar ray
Sugarhill Gang,1982,sugarhill gang,sugarhill gang,sugarhill gang
Sugarland,2011,sugarland,sugarland,sugarland
Sugarland Featuring Little Big Town & Jake Owen,2008,sugarland,sugarland,sugarland
Sugarland Featuring Taylor Swift,2018,sugarland,sugarland,sugarland
Sugarloaf,1971,sugarloaf,sugarloaf,sugarloaf
Sugarloaf/Jerry Corbetta,1975,sugarloaf,sugarloaf,sugarloaf
Sum 41,2001,sum 41,sum 41,sum 41
Summer Walker,2025,summer walker,summer walker,summer walker
Summer Walker & Ari Lennox,2021,summer walker & ari lennox,summer walker,summer walker
Summer Walker & Cardi B,2021,summer walker & cardi b,summer walker,summer walker
Summer Walker & J. Cole,2023,summer walker & j. cole,summer walker,summer walker
Summer Walker & JT,2021,summer walker & jt,summer walker,summer walker
Summer Walker & Omarion,2021,summer walker & omarion,summer walker,summer walker
Summer Walker & PARTYNEXTDOOR,2020,summer walker & partynextdoor,summer walker,summer walker
Summer Walker & SZA,2022,summer walker & sza,summer walker,summer walker
Summer Walker & Usher,2020,summer walker & usher,summer walker,summer walker
Summer Walker Featuring A Boogie wit da Hoodie,2019,summer walker,summer walker,summer walker
Summer Walker Featuring Jhene Aiko,2019,summer walker,summer walker,summer walker
Summer Walker Featuring Lil Durk,2021,summer walker,summer walker,summer walker
Summer Walker X Drake,2019,summer walker x drake,summer walker,summer walker
"Summer Walker, Pharrell Williams & The Neptunes",2021,"summer walker, pharrell williams & the neptunes",summer walker,summer walker
Sun,1976,sun,sun,sun
Sundance Head,2016,sundance head,sundance head,sundance head
Sunday,2001,sunday,sunday,sunday
Sundown Company,1976,sundown company,sundown company,sundown company
Sunny & The Sunglows,1963,sunny & the sunglows,sunny,sunny
Sunny & The Sunliners,1964,sunny & the sunliners,sunny,sunny
Sunny Sweeney,2011,sunny sweeney,sunny sweeney,sunny sweeney
Sunscreem,1993,sunscreem,sunscreem,sunscreem
Sunshine Anderson,2001,sunshine anderson,sunshine anderson,sunshine anderson
Super Cat,1995,super cat,super cat,super cat
Superstar Pride,2023,superstar pride,superstar pride,superstar pride
Supertramp,1985,supertramp,supertramp,supertramp
Supertramp Featuring Rick Davies,1983,supertramp,supertramp,supertramp
Supertramp Featuring Roger Hodgson,1983,supertramp,supertramp,supertramp
Supremes & Temptations,1969,supremes & temptations,supremes,supremes
Surf Curse,2024,surf curse,surf curse,surf curse
Surf Mesa Featuring Emilee,2020,surf mesa,surf mesa,surf mesa
Surface,1991,surface,surface,surface
Surfaces,2020,surfaces,surfaces,surfaces
Survivor,1989,survivor,survivor,survivor
Susan Boyle,2009,susan boyle,susan boyle,susan boyle
Susan Christie,1966,susan christie,susan christie,susan christie
Susan Jacks,1975,susan jacks,susan jacks,susan jacks
Susan Raye,1971,susan raye,susan raye,susan raye
Susanna Hoffs,1997,susanna hoffs,susanna hoffs,susanna hoffs
Sutherland Brothers And Quiver,1976,sutherland brothers and quiver,sutherland brothers,sutherland brothers
Suzanne Fellini,1980,suzanne fellini,suzanne fellini,suzanne fellini
Suzanne Vega,1987,suzanne vega,suzanne vega,suzanne vega
Suzi Quatro,1981,suzi quatro,suzi quatro,suzi quatro
Suzi Quatro & Chris Norman,1979,suzi quatro & chris norman,suzi quatro,suzi quatro
Suzy And The Red Stripes,1977,suzy and the red stripes,suzy,suzy
Swae Lee Featuring Drake,2019,swae lee,swae lee,swae lee
Swae Lee Featuring Slim Jxmmi,2018,swae lee,swae lee,swae lee
Sweathog,1972,sweathog,sweathog,sweathog
Swedish House Mafia & The Weeknd,2022,swedish house mafia & the weeknd,swedish house mafia,swedish house mafia
Swedish House Mafia Featuring John Martin,2013,swedish house mafia,swedish house mafia,swedish house mafia
Sweeney Todd,1976,sweeney todd,sweeney todd,sweeney todd
Sweeney Todd Featuring Bryan Guy Adams,1976,sweeney todd,sweeney todd,sweeney todd
Sweet,1978,sweet,sweet,sweet
Sweet Dreams,1974,sweet dreams,sweet dreams,sweet dreams
Sweet Sable,1994,sweet sable,sweet sable,sweet sable
Sweet Sensation,1990,sweet sensation,sweet sensation,sweet sensation
Sweet Sensation (With Romeo J.D.),1989,sweet sensation,sweet sensation,sweet sensation
Sweetbox,1998,sweetbox,sweetbox,sweetbox
Swing Out Sister,1992,swing out sister,swing out sister,swing out sister
Swingin' Medallions,1966,swingin' medallions,swingin' medallions,swingin medallions
Swirl 360,1998,swirl 360,swirl 360,swirl 360
Switch,1980,switch,switch,switch
Switchfoot,2005,switchfoot,switchfoot,switchfoot
Swizz Beatz,2007,swizz beatz,swizz beatz,swizz beatz
Sybil,1993,sybil,sybil,sybil
Sydney Youngblood,1990,sydney youngblood,sydney youngblood,sydney youngblood
Syl Johnson,1975,syl johnson,syl johnson,syl johnson
Sylk-E. Fyne Featuring Chill,1998,sylk-e. fyne,sylk-e. fyne,sylke fyne
Sylvester,1979,sylvester,sylvester,sylvester
Sylvia,1983,sylvia,sylvia,sylvia
Sylvia (R&B),1973,sylvia,sylvia,sylvia
Sylvia And Ralfi Pagan,1973,sylvia and ralfi pagan,sylvia,sylvia
Sylvia And The Moments,1974,sylvia and the moments,sylvia,sylvia
Syndicate Of Sound,1970,syndicate of sound,syndicate of sound,syndicate of sound
System of a Down,2006,system of a down,system of a down,system of a down
T'Pau,1987,t'pau,t'pau,tpau
T-Boz,1996,t-boz,t-boz,tboz
T-Connection,1979,t-connection,t-connection,tconnection
T-Pain,2010,t-pain,t-pain,tpain
T-Pain & Kehlani,2021,t-pain & kehlani,t-pain,tpain
T-Pain Featuring Akon,2007,t-pain,t-pain,tpain
T-Pain Featuring B.o.B,2014,t-pain,t-pain,tpain
T-Pain Featuring Chris Brown,2011,t-pain,t-pain,tpain
T-Pain Featuring Joey Galaxy,2011,t-pain,t-pain,tpain
T-Pain Featuring Lil Wayne,2011,t-pain,t-pain,tpain
T-Pain Featuring Ludacris,2009,t-pain,t-pain,tpain
T-Pain Featuring Mike Jones,2006,t-pain,t-pain,tpain
T-Pain Featuring Rick Ross,2010,t-pain,t-pain,tpain
T-Pain Featuring Wiz Khalifa & Lily Allen,2012,t-pain,t-pain,tpain
T-Pain Featuring Yung Joc,2007,t-pain,t-pain,tpain
T-Wayne,2015,t-wayne,t-wayne,twayne
T. Rex,1972,t. rex,t. rex,t rex
T.G. Sheppard,1982,t.g. sheppard,t.g. sheppard,tg sheppard
T.G. Sheppard With Clint Eastwood,1984,t.g. sheppard with clint eastwood,t.g. sheppard,tg sheppard
T.I.,2012,t.i.,t.i.,ti
T.I. Featuring B.o.B.,2011,t.i.,t.i.,ti
T.I. Featuring Big K.R.I.T.,2011,t.i.,t.i.,ti
T.I. Featuring Chris Brown,2010,t.i.,t.i.,ti
T.I. Featuring Eminem,2011,t.i.,t.i.,ti
T.I. Featuring Iggy Azalea,2014,t.i.,t.i.,ti
T.I. Featuring Justin Timberlake,2009,t.i.,t.i.,ti
T.I. Featuring Keri Hilson,2010,t.i.,t.i.,ti
T.I. Featuring Lil Baby,2020,t.i.,t.i.,ti
T.I. Featuring Lil Wayne,2013,t.i.,t.i.,ti
T.I. Featuring Mary J. Blige,2009,t.i.,t.i.,ti
T.I. Featuring Rihanna,2009,t.i.,t.i.,ti
T.I. Featuring Swizz Beatz,2008,t.i.,t.i.,ti
T.I. Featuring Wyclef Jean,2007,t.i.,t.i.,ti
T.I. Featuring Young Thug,2015,t.i.,t.i.,ti
T.K. Hulin,1963,t.k. hulin,t.k. hulin,tk hulin
T.M.G.,1979,t.m.g.,t.m.g.,tmg
T.O.K.,2005,t.o.k.,t.o.k.,tok
T.P.E.,1991,t.p.e.,t.p.e.,tpe
T.S. Monk,1981,t.s. monk,t.s. monk,ts monk
T.W.D.Y. Featuring Too Short & Mac Mall,1999,t.w.d.y.,t.w.d.y.,twdy
THE ANXIETY: WILLOW & Tyler Cole,2022,the anxiety: willow & tyler cole,the anxiety: willow,the anxiety willow
"THE SCOTTS, Travis Scott & Kid Cudi",2020,"the scotts, travis scott & kid cudi",the scotts,the scotts
TK Kravitz Featuring Jacqueez,2018,tk kravitz,tk kravitz,tk kravitz
TKA,1992,tka,tka,tka
TKA Featuring Michelle Visage,1991,tka,tka,tka
TLC,2003,tlc,tlc,tlc
TQ,1999,tq,tq,tq
TRUSTcompany,2002,trustcompany,trustcompany,trustcompany
Ta Mara & The Seen,1986,ta mara & the seen,ta mara,ta mara
Tab Hunter,1959,tab hunter,tab hunter,tab hunter
Taco,1983,taco,taco,taco
Taeyang Featuring Jimin,2023,taeyang,taeyang,taeyang
Tag,1992,tag,tag,tag
Tag Team,1994,tag team,tag team,tag team
"Tag Team, Mickey, Minnie, And Goofy",1995,"tag team, mickey, minnie, and goofy",tag team,tag team
Tai Verdes,2021,tai verdes,tai verdes,tai verdes
Tainy & Bad Bunny,2023,tainy & bad bunny,tainy,tainy
"Tainy, Anuel AA & Ozuna",2019,"tainy, anuel aa & ozuna",tainy,tainy
"Tainy, Bad Bunny & Julieta Venegas",2021,"tainy, bad bunny & julieta venegas",tainy,tainy
Taio Cruz,2011,taio cruz,taio cruz,taio cruz
Taio Cruz Featuring Flo Rida,2011,taio cruz,taio cruz,taio cruz
Taio Cruz Featuring Ke$ha,2010,taio cruz,taio cruz,taio cruz
Taio Cruz Featuring Ludacris,2010,taio cruz,taio cruz,taio cruz
Taio Cruz Featuring Travie McCoy,2011,taio cruz,taio cruz,taio cruz
Taja Sevelle,1987,taja sevelle,taja sevelle,taja sevelle
Taka Boom,1979,taka boom,taka boom,taka boom
Take That,1996,take that,take that,take that
TakeOff,2018,takeoff,takeoff,takeoff
Taking Back Sunday,2006,taking back sunday,taking back sunday,taking back sunday
Tal Bachman,1999,tal bachman,tal bachman,tal bachman
Talib Kweli,2003,talib kweli,talib kweli,talib kweli
Talk Talk,1986,talk talk,talk talk,talk talk
Talking Heads,1987,talking heads,talking heads,talking heads
Tamar Braxton,2013,tamar braxton,tamar braxton,tamar braxton
Tame Impala,2025,tame impala,tame impala,tame impala
Tami Davis,1998,tami davis,tami davis,tami davis
Tami Show,1991,tami show,tami show,tami show
Tamia,2003,tamia,tamia,tamia
Tamiko Jones,1975,tamiko jones,tamiko jones,tamiko jones
Tamiko Jones with Herbie Mann,1966,tamiko jones with herbie mann,tamiko jones,tamiko jones
Tammi Terrell,1969,tammi terrell,tammi terrell,tammi terrell
Tammy Cochran,2001,tammy cochran,tammy cochran,tammy cochran
Tammy Montgomery,1963,tammy montgomery,tammy montgomery,tammy montgomery
Tammy Wynette,1976,tammy wynette,tammy wynette,tammy wynette
Tane Cain,1982,tane cain,tane cain,tane cain
Tangier,1989,tangier,tangier,tangier
Tank,2018,tank,tank,tank
Tanto Metro & Devonte,2002,tanto metro & devonte,tanto metro,tanto metro
Tanya Blount,1994,tanya blount,tanya blount,tanya blount
Tanya Tucker,1979,tanya tucker,tanya tucker,tanya tucker
Tara Kemp,1991,tara kemp,tara kemp,tara kemp
Tasha Holiday,1997,tasha holiday,tasha holiday,tasha holiday
Tasha Thomas,1979,tasha thomas,tasha thomas,tasha thomas
Tasmin Archer,1993,tasmin archer,tasmin archer,tasmin archer
Tate McRae,2025,tate mcrae,tate mcrae,tate mcrae
Tate McRae Featauring The Kid LAROI,2025,tate mcrae,tate mcrae,tate mcrae
Tate McRae Featuring Flo Milli,2025,tate mcrae,tate mcrae,tate mcrae
Tate McRae X Khalid,2021,tate mcrae x khalid,tate mcrae,tate mcrae
Tatyana Ali,1998,tatyana ali,tatyana ali,tatyana ali
Tavares,1983,tavares,tavares,tavares
Tay-K,2018,tay-k,tay-k,tayk
Taylor Dayne,1994,taylor dayne,taylor dayne,taylor dayne
Taylor Hicks,2006,taylor hicks,taylor hicks,taylor hicks
Taylor John Williams,2014,taylor john williams,taylor john williams,taylor john williams
Taylor Swift,2024,taylor swift,taylor swift,taylor swift
Taylor Swift Featuring Bon Iver,2020,taylor swift,taylor swift,taylor swift
Taylor Swift Featuring Brendon Urie,2019,taylor swift,taylor swift,taylor swift
Taylor Swift Featuring Chris Stapleton,2021,taylor swift,taylor swift,taylor swift
Taylor Swift Featuring Colbie Caillat,2008,taylor swift,taylor swift,taylor swift
Taylor Swift Featuring Dixie Chicks,2019,taylor swift,taylor swift,taylor swift
Taylor Swift Featuring Ed Sheeran,2021,taylor swift,taylor swift,taylor swift
Taylor Swift Featuring Ed Sheeran & Future,2018,taylor swift,taylor swift,taylor swift
Taylor Swift Featuring Fall Out Boy,2023,taylor swift,taylor swift,taylor swift
Taylor Swift Featuring Florence + the Machine,2024,taylor swift,taylor swift,taylor swift
Taylor Swift Featuring Gary Lightbody Of Snow Patrol,2021,taylor swift,taylor swift,taylor swift
Taylor Swift Featuring Haim,2021,taylor swift,taylor swift,taylor swift
Taylor Swift Featuring Hayley Williams,2023,taylor swift,taylor swift,taylor swift
Taylor Swift Featuring Ice Spice,2023,taylor swift,taylor swift,taylor swift
Taylor Swift Featuring Kendrick Lamar,2015,taylor swift,taylor swift,taylor swift
Taylor Swift Featuring Lana Del Rey,2023,taylor swift,taylor swift,taylor swift
Taylor Swift Featuring Maren Morris,2021,taylor swift,taylor swift,taylor swift
Taylor Swift Featuring Phoebe Bridgers,2021,taylor swift,taylor swift,taylor swift
Taylor Swift Featuring Post Malone,2025,taylor swift,taylor swift,taylor swift
Taylor Swift Featuring The Civil Wars,2012,taylor swift,taylor swift,taylor swift
Taylor Swift Featuring The National,2020,taylor swift,taylor swift,taylor swift
Teairra Mari,2005,teairra mari,teairra mari,teairra mari
Tears for Fears,1993,tears for fears,tears for fears,tears for fears
Tech N9ne Featuring 2 Chainz & B.o.B,2015,tech n9ne,tech n9ne,tech n9ne
Technotronic,1990,technotronic,technotronic,technotronic
Technotronic Featuring Felly,1990,technotronic,technotronic,technotronic
Technotronic Featuring Ya Kid K,1995,technotronic,technotronic,technotronic
Ted Nugent,1980,ted nugent,ted nugent,ted nugent
Ted Taylor,1965,ted taylor,ted taylor,ted taylor
Teddy & The Twilights,1962,teddy & the twilights,teddy,teddy
Teddy Geiger,2006,teddy geiger,teddy geiger,teddy geiger
Teddy Pendergrass,1997,teddy pendergrass,teddy pendergrass,teddy pendergrass
Teddy Pendergrass And Whitney Houston,1984,teddy pendergrass and whitney houston,teddy pendergrass,teddy pendergrass
Teddy Randazzo,1963,teddy randazzo,teddy randazzo,teddy randazzo
Teddy Riley Featuring Guy,1989,teddy riley,teddy riley,teddy riley
Teddy Swims,2025,teddy swims,teddy swims,teddy swims
Teddy Swims & GIVEON,2025,teddy swims & giveon,teddy swims,teddy swims
Teddy Vann,1961,teddy vann,teddy vann,teddy vann
Tee Grizzley,2017,tee grizzley,tee grizzley,tee grizzley
Tee Grizzley & J. Cole,2024,tee grizzley & j. cole,tee grizzley,tee grizzley
"Tee Grizzley, Mariah the Scientist & Chris Brown",2024,"tee grizzley, mariah the scientist & chris brown",tee grizzley,tee grizzley
TeeFLii Featuring 2 Chainz,2014,teeflii,teeflii,teeflii
Teegarden & Van Winkle,1970,teegarden & van winkle,teegarden,teegarden
Teena Marie,1988,teena marie,teena marie,teena marie
Teena Marie Featuring Baby,2004,teena marie,teena marie,teena marie
Teena Marie Featuring Gerald Levert,2005,teena marie,teena marie,teena marie
Tegan and Sara,2013,tegan and sara,tegan,tegan
Tegan and Sara Featuring The Lonely Island,2014,tegan and sara,tegan,tegan
Tela Featuring Eightball & MJG,1997,tela,tela,tela
Telepopmusik,2003,telepopmusik,telepopmusik,telepopmusik
Tems,2022,tems,tems,tems
Ten Wheel Drive With Genya Ravan,1970,ten wheel drive with genya ravan,ten wheel drive,ten wheel drive
Ten Years After,1973,ten years after,ten years after,ten years after
Tenacious D,2006,tenacious d,tenacious d,tenacious d
Tender Slim,1960,tender slim,tender slim,tender slim
Tene Williams,1993,tene williams,tene williams,tene williams
Tenille Arts,2021,tenille arts,tenille arts,tenille arts
Tennessee Ernie Ford,1959,tennessee ernie ford,tennessee ernie ford,tennessee ernie ford
Terence Trent D'Arby,1993,terence trent d'arby,terence trent d'arby,terence trent darby
Teresa Brewer,1961,teresa brewer,teresa brewer,teresa brewer
Teri DeSario,1978,teri desario,teri desario,teri desario
Teri DeSario With K.C.,1980,teri desario with k.c.,teri desario,teri desario
Terri Clark,2004,terri clark,terri clark,terri clark
Terri Gibbs,1981,terri gibbs,terri gibbs,terri gibbs
Terror Fabulous Featuring Nadine Sutherland,1994,terror fabulous,terror fabulous,terror fabulous
Terror Squad,2005,terror squad,terror squad,terror squad
Terry Black,1964,terry black,terry black,terry black
Terry Black & Laurel Ward,1972,terry black & laurel ward,terry black,terry black
Terry Bradshaw,1976,terry bradshaw,terry bradshaw,terry bradshaw
Terry Cashman,1976,terry cashman,terry cashman,terry cashman
Terry Dexter,1999,terry dexter,terry dexter,terry dexter
Terry Ellis,1996,terry ellis,terry ellis,terry ellis
Terry Jacks,1974,terry jacks,terry jacks,terry jacks
Terry Knight and The Pack,1967,terry knight and the pack,terry knight,terry knight
Terry McDermott,2012,terry mcdermott,terry mcdermott,terry mcdermott
Terry Stafford,1964,terry stafford,terry stafford,terry stafford
Tesla,1992,tesla,tesla,tesla
Tessanne Chin,2014,tessanne chin,tessanne chin,tessanne chin
Tessanne Chin & Adam Levine,2014,tessanne chin & adam levine,tessanne chin,tessanne chin
Tevin Campbell,1999,tevin campbell,tevin campbell,tevin campbell
Tex Ritter,1974,tex ritter,tex ritter,tex ritter
Texas,1989,texas,texas,texas
Tha Alkaholiks Featuring Ol' Dirty Bastard,1997,tha alkaholiks,tha alkaholiks,tha alkaholiks
Tha Dogg Pound Featuring Michel'le,1996,tha dogg pound,tha dogg pound,tha dogg pound
Thalia Featuring Fat Joe,2003,thalia,thalia,thalia
That Mexican OT,2024,that mexican ot,that mexican ot,that mexican ot
"That Mexican OT, Paul Wall & DRODi",2023,"that mexican ot, paul wall & drodi",that mexican ot,that mexican ot
"The ""5"" Royales",1961,"the ""5"" royales","the ""5"" royales",the 5 royales
"The ""You Know Who"" Group!",1965,"the ""you know who"" group!","the ""you know who"" group!",the you know who group
The 1975,2015,the 1975,the 1975,the 1975
The 2 Live Crew,1996,the 2 live crew,the 2 live crew,the 2 live crew
The 21st Century,1975,the 21st century,the 21st century,the 21st century
The 3 Friends,1961,the 3 friends,the 3 friends,the 3 friends
The 4 Of Us,1990,the 4 of us,the 4 of us,the 4 of us
The 4 Seasons,1995,the 4 seasons,the 4 seasons,the 4 seasons
The 4 Seasons Featuring Frankie Valli,1963,the 4 seasons,the 4 seasons,the 4 seasons
"The 4 Seasons Featuring the ""Sound of Frankie Valli""",1969,the 4 seasons,the 4 seasons,the 4 seasons
The 5 Chanels,1958,the 5 chanels,the 5 chanels,the 5 chanels
The 5 Stairsteps,1970,the 5 stairsteps,the 5 stairsteps,the 5 stairsteps
The 5th Dimension,1976,the 5th dimension,the 5th dimension,the 5th dimension
The 8th Day,1972,the 8th day,the 8th day,the 8th day
The Abbey Tavern Singers,1966,the abbey tavern singers,the abbey tavern singers,the abbey tavern singers
The Accents,1959,the accents,the accents,the accents
The Ad Libs,1965,the ad libs,the ad libs,the ad libs
The Adventures,1988,the adventures,the adventures,the adventures
The Adventures Of Stevie V,1991,the adventures of stevie v,the adventures of stevie v,the adventures of stevie v
The Afternoon Delights,1981,the afternoon delights,the afternoon delights,the afternoon delights
The Afters,2006,the afters,the afters,the afters
The Alan Parsons Project,1986,the alan parsons project,the alan parsons project,the alan parsons project
The Alarm,1989,the alarm,the alarm,the alarm
"The Alchemist Featuring Prodigy, Illa Ghee & Nina Sky",2005,the alchemist,the alchemist,the alchemist
The All-American Rejects,2009,the all-american rejects,the all-american rejects,the allamerican rejects
The Alley Cats,1963,the alley cats,the alley cats,the alley cats
The Allisons,1963,the allisons,the allisons,the allisons
The Allman Brothers Band,1981,the allman brothers band,the allman brothers band,the allman brothers band
The Amboy Dukes,1968,the amboy dukes,the amboy dukes,the amboy dukes
The American Breed,1968,the american breed,the american breed,the american breed
The American Comedy Network,1984,the american comedy network,the american comedy network,the american comedy network
The Ames Brothers,1960,the ames brothers,the ames brothers,the ames brothers
The Angels,1964,the angels,the angels,the angels
The Animals,1983,the animals,the animals,the animals
The Appalachians,1963,the appalachians,the appalachians,the appalachians
The Applejacks,1959,the applejacks,the applejacks,the applejacks
The Arbors,1969,the arbors,the arbors,the arbors
The Archies,1970,the archies,the archies,the archies
The Arrows Featuring Davie Allan,1965,the arrows,the arrows,the arrows
The Art Of Noise Featuring Duane Eddy,1986,the art of noise,the art of noise,the art of noise
The Art Of Noise Featuring Tom Jones,1989,the art of noise,the art of noise,the art of noise
The Artistics,1967,the artistics,the artistics,the artistics
The Assembled Multitude,1971,the assembled multitude,the assembled multitude,the assembled multitude
The Association,1981,the association,the association,the association
The Astors,1965,the astors,the astors,the astors
The Astronauts,1963,the astronauts,the astronauts,the astronauts
The Ataris,2003,the ataris,the ataris,the ataris
The Atlanta Disco Band,1976,the atlanta disco band,the atlanta disco band,the atlanta disco band
The Avant-Garde,1968,the avant-garde,the avant-garde,the avantgarde
The B-52s,1992,the b-52s,the b-52s,the b52s
The B.C. 52's,1994,the b.c. 52's,the b.c. 52's,the bc 52s
The Babys,1981,the babys,the babys,the babys
The Bachelors,1967,the bachelors,the bachelors,the bachelors
The Badlees,1996,the badlees,the badlees,the badlees
The Baja Marimba Band,1964,the baja marimba band,the baja marimba band,the baja marimba band
The Ballads,1968,the ballads,the ballads,the ballads
The Balloon Farm,1968,the balloon farm,the balloon farm,the balloon farm
The Baltimore And Ohio Marching Band,1967,the baltimore and ohio marching band,the baltimore,the baltimore
The Banana Splits,1969,the banana splits,the banana splits,the banana splits
The Band,1976,the band,the band,the band
The Band Of The Black Watch,1976,the band of the black watch,the band of the black watch,the band of the black watch
The Band Perry,2014,the band perry,the band perry,the band perry
The Bangles,1989,the bangles,the bangles,the bangles
The Bar-Kays,1977,the bar-kays,the bar-kays,the barkays
The Barbarians,1966,the barbarians,the barbarians,the barbarians
The Barbusters (Joan Jett And The Blackhearts),1987,the barbusters,the barbusters,the barbusters
The Barden Bellas,2013,the barden bellas,the barden bellas,the barden bellas
"The Barden Bellas, The Treblemakers & The BU Harmonics",2013,"the barden bellas, the treblemakers & the bu harmonics",the barden bellas,the barden bellas
The Barron Knights,1979,the barron knights,the barron knights,the barron knights
The Baskerville Hounds,1969,the baskerville hounds,the baskerville hounds,the baskerville hounds
The Beach Boys,2025,the beach boys,the beach boys,the beach boys
The Beatles,2023,the beatles,the beatles,the beatles
The Beatles With Billy Preston,1969,the beatles with billy preston,the beatles,the beatles
The Beatles With Tony Sheridan,1964,the beatles with tony sheridan,the beatles,the beatles
The Beatnuts Featuring Big Punisher & Cuban Link,1997,the beatnuts,the beatnuts,the beatnuts
The Beatnuts Featuring Yellaklaw,1999,the beatnuts,the beatnuts,the beatnuts
The Beau Brummels,1965,the beau brummels,the beau brummels,the beau brummels
The Beau-Marks,1960,the beau-marks,the beau-marks,the beaumarks
The Beginning Of The End,1971,the beginning of the end,the beginning of the end,the beginning of the end
The Bell Notes,1960,the bell notes,the bell notes,the bell notes
The Bellamy Brothers,1976,the bellamy brothers,the bellamy brothers,the bellamy brothers
The Belle Stars,1989,the belle stars,the belle stars,the belle stars
The Bells,1971,the bells,the bells,the bells
The Belmonts,1963,the belmonts,the belmonts,the belmonts
The Bermudas,1964,the bermudas,the bermudas,the bermudas
The Big Sound Of Don Ralke,1959,the big sound of don ralke,the big sound of don ralke,the big sound of don ralke
The Black Crowes,1992,the black crowes,the black crowes,the black crowes
The Black Eyed Peas,2011,the black eyed peas,the black eyed peas,the black eyed peas
The Black Eyed Peas Featuring Macy Gray,2001,the black eyed peas,the black eyed peas,the black eyed peas
The Black Keys,2014,the black keys,the black keys,the black keys
The Blackbyrds,1977,the blackbyrds,the blackbyrds,the blackbyrds
The Blackout Allstars,1997,the blackout allstars,the blackout allstars,the blackout allstars
The Blades Of Grass,1967,the blades of grass,the blades of grass,the blades of grass
The Blend,1979,the blend,the blend,the blend
The Blendells,1964,the blendells,the blendells,the blendells
The Blenders,1963,the blenders,the blenders,the blenders
The Blossoms,1961,the blossoms,the blossoms,the blossoms
The Blow Monkeys,1986,the blow monkeys,the blow monkeys,the blow monkeys
The Blue Diamonds,1960,the blue diamonds,the blue diamonds,the blue diamonds
The Blue Jays,1961,the blue jays,the blue jays,the blue jays
The Blue Notes,1960,the blue notes,the blue notes,the blue notes
The Blue Ridge Rangers,1973,the blue ridge rangers,the blue ridge rangers,the blue ridge rangers
The Blue-Belles,1962,the blue-belles,the blue-belles,the bluebelles
The Bluenotes,1960,the bluenotes,the bluenotes,the bluenotes
The Blues Project,1967,the blues project,the blues project,the blues project
The Bobbettes,1961,the bobbettes,the bobbettes,the bobbettes
The Boomtown Rats,1980,the boomtown rats,the boomtown rats,the boomtown rats
The Box Tops,1970,the box tops,the box tops,the box tops
The Boys,1990,the boys,the boys,the boys
The Boys Band,1982,the boys band,the boys band,the boys band
The Boys In The Band,1970,the boys in the band,the boys in the band,the boys in the band
The Braids,1997,the braids,the braids,the braids
The Brand New Heavies,1997,the brand new heavies,the brand new heavies,the brand new heavies
The Brand New Heavies Featuring N'Dea Davenport,1991,the brand new heavies,the brand new heavies,the brand new heavies
The Brass Ring featuring Phil Bodner,1967,the brass ring,the brass ring,the brass ring
The Brat Pack,1990,the brat pack,the brat pack,the brat pack
The Bravery,2005,the bravery,the bravery,the bravery
The Braxtons,1996,the braxtons,the braxtons,the braxtons
The Breakfast Club,1987,the breakfast club,the breakfast club,the breakfast club
The Brecker Brothers,1975,the brecker brothers,the brecker brothers,the brecker brothers
The Breeders,1994,the breeders,the breeders,the breeders
The Brian Setzer Orchestra,1998,the brian setzer orchestra,the brian setzer orchestra,the brian setzer orchestra
The Brooklyn Bridge,1970,the brooklyn bridge,the brooklyn bridge,the brooklyn bridge
The Brooklyn Bridge Featuring Johnny Maestro,1969,the brooklyn bridge,the brooklyn bridge,the brooklyn bridge
The Brotherhood Of Man,1971,the brotherhood of man,the brotherhood of man,the brotherhood of man
The Brothers Four,1965,the brothers four,the brothers four,the brothers four
The Brothers Johnson,1981,the brothers johnson,the brothers johnson,the brothers johnson
The Browns,1960,the browns,the browns,the browns
The Browns Featuring Jim Edward Brown,1961,the browns,the browns,the browns
The Bubble Puppy,1969,the bubble puppy,the bubble puppy,the bubble puppy
The Bucketheads,1995,the bucketheads,the bucketheads,the bucketheads
The Buckinghams,1968,the buckinghams,the buckinghams,the buckinghams
The Buena Vistas,1968,the buena vistas,the buena vistas,the buena vistas
The Buggles,1980,the buggles,the buggles,the buggles
The Buoys,1971,the buoys,the buoys,the buoys
The Busters,1963,the busters,the busters,the busters
The Butanes,1961,the butanes,the butanes,the butanes
The Butterflys,1964,the butterflys,the butterflys,the butterflys
The Byrds,1970,the byrds,the byrds,the byrds
The C.O.D.'s,1966,the c.o.d.'s,the c.o.d.'s,the cods
The Caboose,1970,the caboose,the caboose,the caboose
The Cadillacs,1959,the cadillacs,the cadillacs,the cadillacs
The California Raisins,1988,the california raisins,the california raisins,the california raisins
The Call,1989,the call,the call,the call
The Calling,2002,the calling,the calling,the calling
The Cambridge Strings And Singers,1961,the cambridge strings and singers,the cambridge strings,the cambridge strings
The Candymen,1967,the candymen,the candymen,the candymen
The Cantina Band (featuring Lou Christie),1981,the cantina band,the cantina band,the cantina band
The Capitols,1966,the capitols,the capitols,the capitols
The Capris,1962,the capris,the capris,the capris
The Captain & Tennille,1975,the captain & tennille,the captain,the captain
The Caravelles,1964,the caravelles,the caravelles,the caravelles
The Carefrees,1964,the carefrees,the carefrees,the carefrees
The Cars,1988,the cars,the cars,the cars
The Carters,2018,the carters,the carters,the carters
The Cascades,1969,the cascades,the cascades,the cascades
The Casinos,1967,the casinos,the casinos,the casinos
The Caslons,1961,the caslons,the caslons,the caslons
The Castaways,1965,the castaways,the castaways,the castaways
The Castells,1962,the castells,the castells,the castells
The Castle Sisters,1962,the castle sisters,the castle sisters,the castle sisters
The Chad Mitchell Trio,1964,the chad mitchell trio,the chad mitchell trio,the chad mitchell trio
The Chainsmokers,2022,the chainsmokers,the chainsmokers,the chainsmokers
The Chainsmokers & Bebe Rexha,2019,the chainsmokers & bebe rexha,the chainsmokers,the chainsmokers
The Chainsmokers & Coldplay,2017,the chainsmokers & coldplay,the chainsmokers,the chainsmokers
The Chainsmokers & Illenium Featuring Lennon Stella,2019,the chainsmokers & illenium,the chainsmokers,the chainsmokers
The Chainsmokers Featuring 5 Seconds of Summer,2019,the chainsmokers,the chainsmokers,the chainsmokers
The Chainsmokers Featuring Daya,2017,the chainsmokers,the chainsmokers,the chainsmokers
The Chainsmokers Featuring Emily Warren,2018,the chainsmokers,the chainsmokers,the chainsmokers
The Chainsmokers Featuring Halsey,2017,the chainsmokers,the chainsmokers,the chainsmokers
The Chainsmokers Featuring Kelsea Ballerini,2019,the chainsmokers,the chainsmokers,the chainsmokers
The Chainsmokers Featuring Phoebe Ryan,2017,the chainsmokers,the chainsmokers,the chainsmokers
The Chainsmokers Featuring ROZES,2016,the chainsmokers,the chainsmokers,the chainsmokers
The Chainsmokers Featuring XYLO,2016,the chainsmokers,the chainsmokers,the chainsmokers
The Chakachas,1972,the chakachas,the chakachas,the chakachas
The Chambers Brothers,1969,the chambers brothers,the chambers brothers,the chambers brothers
The Champs,1962,the champs,the champs,the champs
The Champs' Boys Orchestra,1976,the champs' boys orchestra,the champs' boys orchestra,the champs boys orchestra
The Changin' Times,1965,the changin' times,the changin' times,the changin times
The Chantels,1963,the chantels,the chantels,the chantels
The Chanters,1961,the chanters,the chanters,the chanters
The Chargers,1958,the chargers,the chargers,the chargers
The Charles Randolph Grean Sounde,1969,the charles randolph grean sounde,the charles randolph grean sounde,the charles randolph grean sounde
The Charlie Daniels Band,1982,the charlie daniels band,the charlie daniels band,the charlie daniels band
The Charmettes,1963,the charmettes,the charmettes,the charmettes
The Chartbusters,1964,the chartbusters,the chartbusters,the chartbusters
"The Checkmates, Ltd.",1969,"the checkmates, ltd.",the checkmates,the checkmates
"The Checkmates, Ltd. Featuring Sonny Charles",1969,"the checkmates, ltd.",the checkmates,the checkmates
The Cheetah Girls,2006,the cheetah girls,the cheetah girls,the cheetah girls
The Chemical Brothers,1997,the chemical brothers,the chemical brothers,the chemical brothers
The Cherry People,1968,the cherry people,the cherry people,the cherry people
The Chi-lites,1975,the chi-lites,the chi-lites,the chilites
The Chicago Bears Shufflin' Crew,1986,the chicago bears shufflin' crew,the chicago bears shufflin' crew,the chicago bears shufflin crew
The Chicago Loop,1966,the chicago loop,the chicago loop,the chicago loop
The Chiffons,1966,the chiffons,the chiffons,the chiffons
The Chimes,1990,the chimes,the chimes,the chimes
The Chipmunks With David Seville,1962,the chipmunks with david seville,the chipmunks,the chipmunks
The Choice Four,1975,the choice four,the choice four,the choice four
The Choir,1967,the choir,the choir,the choir
The Chordettes,1961,the chordettes,the chordettes,the chordettes
The Church,1988,the church,the church,the church
The Citizens of Halloween,2024,the citizens of halloween,the citizens of halloween,the citizens of halloween
The Clark Family Experience,2001,the clark family experience,the clark family experience,the clark family experience
The Clash,1983,the clash,the clash,the clash
The Classics,1963,the classics,the classics,the classics
The Cleftones,1962,the cleftones,the cleftones,the cleftones
The Click,1996,the click,the click,the click
The Click Five,2005,the click five,the click five,the click five
The Clique,1970,the clique,the clique,the clique
The Clovers,1960,the clovers,the clovers,the clovers
The Coasters,1972,the coasters,the coasters,the coasters
The College Boyz,1992,the college boyz,the college boyz,the college boyz
The Commitments,1991,the commitments,the commitments,the commitments
The Communards,1988,the communards,the communards,the communards
The Conscious Daughters,1994,the conscious daughters,the conscious daughters,the conscious daughters
The Continental 4,1971,the continental 4,the continental 4,the continental 4
The Contours,1988,the contours,the contours,the contours
The Cookies,1964,the cookies,the cookies,the cookies
The Corrs,2001,the corrs,the corrs,the corrs
"The Corsairs Featuring Jay ""Bird"" Uzzell",1962,the corsairs,the corsairs,the corsairs
The Courtship,1972,the courtship,the courtship,the courtship
The Cover Girls,1992,the cover girls,the cover girls,the cover girls
The Cowsills,1969,the cowsills,the cowsills,the cowsills
The Crampton Sisters,1964,the crampton sisters,the crampton sisters,the crampton sisters
The Cranberries,1997,the cranberries,the cranberries,the cranberries
The Crazy World Of Arthur Brown,1968,the crazy world of arthur brown,the crazy world of arthur brown,the crazy world of arthur brown
The Crescents Featuring Chiyo,1964,the crescents,the crescents,the crescents
The Crests,1960,the crests,the crests,the crests
The Crests featuring Johnny Mastro,1960,the crests,the crests,the crests
The Cretones,1980,the cretones,the cretones,the cretones
The Crickets,1958,the crickets,the crickets,the crickets
The Critters,1967,the critters,the critters,the critters
The Crooklyn Dodgers,1994,the crooklyn dodgers,the crooklyn dodgers,the crooklyn dodgers
The Crusaders,1979,the crusaders,the crusaders,the crusaders
The Crusaders With Joe Cocker,1981,the crusaders with joe cocker,the crusaders,the crusaders
The Cryan' Shames,1968,the cryan' shames,the cryan' shames,the cryan shames
The Crystal Mansion,1969,the crystal mansion,the crystal mansion,the crystal mansion
The Crystals,1964,the crystals,the crystals,the crystals
The Cuff Links,1970,the cuff links,the cuff links,the cuff links
The Cult,1989,the cult,the cult,the cult
The Cupids,1963,the cupids,the cupids,the cupids
The Cure,1996,the cure,the cure,the cure
The Cyrkle,1967,the cyrkle,the cyrkle,the cyrkle
The Danleers,1958,the danleers,the danleers,the danleers
The Dartells,1963,the dartells,the dartells,the dartells
The Dave Brubeck Quartet,1963,the dave brubeck quartet,the dave brubeck quartet,the dave brubeck quartet
The Dave Clark Five,1968,the dave clark five,the dave clark five,the dave clark five
The David Rockingham Trio,1963,the david rockingham trio,the david rockingham trio,the david rockingham trio
The De Franco Family,1974,the de franco family,the de franco family,the de franco family
The DeCastro Sisters,1959,the decastro sisters,the decastro sisters,the decastro sisters
The DeFranco Family featuring Tony DeFranco,1974,the defranco family,the defranco family,the defranco family
The Deadly Nightshade,1976,the deadly nightshade,the deadly nightshade,the deadly nightshade
The Deele,1988,the deele,the deele,the deele
The Del Fuegos,1986,the del fuegos,the del fuegos,the del fuegos
The Delacardos,1961,the delacardos,the delacardos,the delacardos
The Delegates,1972,the delegates,the delegates,the delegates
The Delfonics,1973,the delfonics,the delfonics,the delfonics
The Dells,1974,the dells,the dells,the dells
The Demensions,1963,the demensions,the demensions,the demensions
The Detergents,1965,the detergents,the detergents,the detergents
The Devotions,1964,the devotions,the devotions,the devotions
The Diamonds,1961,the diamonds,the diamonds,the diamonds
The Dillards,1971,the dillards,the dillards,the dillards
The Dillman Band,1981,the dillman band,the dillman band,the dillman band
The Diplomats,1964,the diplomats,the diplomats,the diplomats
The Dirt Band,1981,the dirt band,the dirt band,the dirt band
The Dirty Heads Featuring Rome,2010,the dirty heads,the dirty heads,the dirty heads
The Dixie Cups,1965,the dixie cups,the dixie cups,the dixie cups
The Dixie Drifter,1965,the dixie drifter,the dixie drifter,the dixie drifter
The Dixiebelles,1964,the dixiebelles,the dixiebelles,the dixiebelles
The Dolphins,1965,the dolphins,the dolphins,the dolphins
The Don Harrison Band,1976,the don harrison band,the don harrison band,the don harrison band
The Doobie Brothers,1989,the doobie brothers,the doobie brothers,the doobie brothers
The Doolittle Band,1980,the doolittle band,the doolittle band,the doolittle band
The Doors,1984,the doors,the doors,the doors
The Dove Shack,1995,the dove shack,the dove shack,the dove shack
The Dovells,1963,the dovells,the dovells,the dovells
The Dramatics,1977,the dramatics,the dramatics,the dramatics
The Dream Academy,1986,the dream academy,the dream academy,the dream academy
The Dreamlovers,1961,the dreamlovers,the dreamlovers,the dreamlovers
The Drew-Vels,1964,the drew-vels,the drew-vels,the drewvels
The Drifters,1967,the drifters,the drifters,the drifters
The Drifters Featuring Clyde McPhatter And Bill Pinkney,1962,the drifters,the drifters,the drifters
The Dubs,1959,the dubs,the dubs,the dubs
The Dukays,1961,the dukays,the dukays,the dukays
The Duke Of Earl,1962,the duke of earl,the duke of earl,the duke of earl
The Duprees,1965,the duprees,the duprees,the duprees
The Duprees featuring Joey Vann,1964,the duprees,the duprees,the duprees
The Dyna-Sores,1960,the dyna-sores,the dyna-sores,the dynasores
The Dynamics,1969,the dynamics,the dynamics,the dynamics
The Dynatones,1966,the dynatones,the dynatones,the dynatones
The Earls,1963,the earls,the earls,the earls
The Easybeats,1969,the easybeats,the easybeats,the easybeats
The Ebonys,1973,the ebonys,the ebonys,the ebonys
The Echoes,1961,the echoes,the echoes,the echoes
The Edsels,1961,the edsels,the edsels,the edsels
The Edwin Hawkins' Singers Featuring Dorothy Combs Morrison,1969,the edwin hawkins' singers,the edwin hawkins' singers,the edwin hawkins singers
The Electric Express,1971,the electric express,the electric express,the electric express
The Electric Indian,1969,the electric indian,the electric indian,the electric indian
The Electric Prunes,1967,the electric prunes,the electric prunes,the electric prunes
The Elegants,1958,the elegants,the elegants,the elegants
The Eleventh Hour,1976,the eleventh hour,the eleventh hour,the eleventh hour
The Elgins,1967,the elgins,the elgins,the elgins
The Elton John Band,1975,the elton john band,the elton john band,the elton john band
The Emotions,1978,the emotions,the emotions,the emotions
The Emperor's,1967,the emperor's,the emperor's,the emperors
The Enchanters,1964,the enchanters,the enchanters,the enchanters
The English Congregation,1972,the english congregation,the english congregation,the english congregation
The Epic Splendor,1968,the epic splendor,the epic splendor,the epic splendor
The Equals,1968,the equals,the equals,the equals
The Escape Club,1991,the escape club,the escape club,the escape club
The Esquires,1969,the esquires,the esquires,the esquires
The Essex,1963,the essex,the essex,the essex
The Essex Featuring Anita Humes,1963,the essex,the essex,the essex
The Eternals,1959,the eternals,the eternals,the eternals
The Everly Brothers,1984,the everly brothers,the everly brothers,the everly brothers
The Excellents,1963,the excellents,the excellents,the excellents
The Excels,1961,the excels,the excels,the excels
The Exciters,1966,the exciters,the exciters,the exciters
The Exotic Sounds of Martin Denny,1959,the exotic sounds of martin denny,the exotic sounds of martin denny,the exotic sounds of martin denny
The Fabulous Rhinestones,1972,the fabulous rhinestones,the fabulous rhinestones,the fabulous rhinestones
The Fabulous Thunderbirds,1988,the fabulous thunderbirds,the fabulous thunderbirds,the fabulous thunderbirds
The Falcons,1959,the falcons,the falcons,the falcons
The Falcons & Band (Ohio Untouchables),1962,the falcons & band,the falcons,the falcons
The Family,1985,the family,the family,the family
The Fantastic Four,1967,the fantastic four,the fantastic four,the fantastic four
The Fantastic Johnny C,1968,the fantastic johnny c,the fantastic johnny c,the fantastic johnny c
The Fantastics,1972,the fantastics,the fantastics,the fantastics
The Faragher Bros.,1979,the faragher bros.,the faragher bros.,the faragher bros
The Farm,1992,the farm,the farm,the farm
The Fascinations,1967,the fascinations,the fascinations,the fascinations
The Fendermen,1960,the fendermen,the fendermen,the fendermen
The FiNATTiCZ,2013,the finatticz,the finatticz,the finatticz
The Fiestas,1962,the fiestas,the fiestas,the fiestas
The Fifth Estate,1967,the fifth estate,the fifth estate,the fifth estate
The Fireballs,1969,the fireballs,the fireballs,the fireballs
The Fireflies Featuring Ritchie Adams,1960,the fireflies,the fireflies,the fireflies
The Firm,1986,the firm,the firm,the firm
The First Class,1974,the first class,the first class,the first class
The First Edition,1969,the first edition,the first edition,the first edition
The Five Americans,1968,the five americans,the five americans,the five americans
The Five Blobs,1958,the five blobs,the five blobs,the five blobs
The Five Du-Tones,1963,the five du-tones,the five du-tones,the five dutones
The Five Emprees,1965,the five emprees,the five emprees,the five emprees
The Five Satins,1961,the five satins,the five satins,the five satins
The Five Stairsteps,1970,the five stairsteps,the five stairsteps,the five stairsteps
The Fixx,1991,the fixx,the fixx,the fixx
The Flame,1970,the flame,the flame,the flame
The Flaming Ember,1971,the flaming ember,the flaming ember,the flaming ember
The Flaming Lips,1995,the flaming lips,the flaming lips,the flaming lips
The Flamingos,1966,the flamingos,the flamingos,the flamingos
The Flares,1961,the flares,the flares,the flares
The Flavor Unit MC's,1993,the flavor unit mc's,the flavor unit mc's,the flavor unit mcs
The Fleetwoods,1963,the fleetwoods,the fleetwoods,the fleetwoods
The Flirtations,1969,the flirtations,the flirtations,the flirtations
The Floaters,1977,the floaters,the floaters,the floaters
The Flying Lizards,1980,the flying lizards,the flying lizards,the flying lizards
The Flying Machine,1970,the flying machine,the flying machine,the flying machine
The Fontane Sisters,1958,the fontane sisters,the fontane sisters,the fontane sisters
The Fools,1981,the fools,the fools,the fools
The Formations,1968,the formations,the formations,the formations
The Fortunes,1971,the fortunes,the fortunes,the fortunes
The Forum,1967,the forum,the forum,the forum
The Foundations,1969,the foundations,the foundations,the foundations
The Four Aces,1959,the four aces,the four aces,the four aces
The Four Coins,1959,the four coins,the four coins,the four coins
The Four Esquires,1959,the four esquires,the four esquires,the four esquires
The Four Knights,1959,the four knights,the four knights,the four knights
The Four Lads,1959,the four lads,the four lads,the four lads
The Four Pennies,1963,the four pennies,the four pennies,the four pennies
The Four Preps,1964,the four preps,the four preps,the four preps
The Four Sonics,1968,the four sonics,the four sonics,the four sonics
The Four Sportsmen,1961,the four sportsmen,the four sportsmen,the four sportsmen
The Four-Evers,1964,the four-evers,the four-evers,the fourevers
The Frank Barber Orch.,1982,the frank barber orch.,the frank barber orch.,the frank barber orch
The Frantics,1960,the frantics,the frantics,the frantics
The Fratellis,2007,the fratellis,the fratellis,the fratellis
The Fray,2014,the fray,the fray,the fray
The Free Movement,1971,the free movement,the free movement,the free movement
The Friends Of Distinction,1971,the friends of distinction,the friends of distinction,the friends of distinction
The Frogmen,1961,the frogmen,the frogmen,the frogmen
The Fun And Games,1969,the fun and games,the fun,the fun
The Furys,1963,the furys,the furys,the furys
The Fuzz,1971,the fuzz,the fuzz,the fuzz
The G-Clefs,1962,the g-clefs,the g-clefs,the gclefs
The Galens,1963,the galens,the galens,the galens
The Game,2006,the game,the game,the game
The Game & Kanye West,2022,the game & kanye west,the game,the game
The Game Featuring 50 Cent,2005,the game,the game,the game
The Game Featuring Drake,2015,the game,the game,the game
The Game Featuring Jeremih,2016,the game,the game,the game
The Game Featuring Junior Reid,2006,the game,the game,the game
The Game Featuring Kanye West,2007,the game,the game,the game
The Game Featuring Keyshia Cole,2008,the game,the game,the game
The Game Featuring Lil Wayne,2009,the game,the game,the game
The Gants,1965,the gants,the gants,the gants
The Gap Band,1983,the gap band,the gap band,the gap band
The Gaylords,1958,the gaylords,the gaylords,the gaylords
The Genies,1959,the genies,the genies,the genies
The Gentrys,1971,the gentrys,the gentrys,the gentrys
The Georgia Satellites,1989,the georgia satellites,the georgia satellites,the georgia satellites
The Gestures,1965,the gestures,the gestures,the gestures
The Gibson Brothers,1979,the gibson brothers,the gibson brothers,the gibson brothers
The Girlfriends,1964,the girlfriends,the girlfriends,the girlfriends
The Glass Bottle,1971,the glass bottle,the glass bottle,the glass bottle
The Glass Bottle featuring Gary Criss,1971,the glass bottle,the glass bottle,the glass bottle
The Glass House,1970,the glass house,the glass house,the glass house
The Glencoves,1963,the glencoves,the glencoves,the glencoves
The Glitter Band,1976,the glitter band,the glitter band,the glitter band
The Glories,1967,the glories,the glories,the glories
The Goodees,1969,the goodees,the goodees,the goodees
The Goodies,1975,the goodies,the goodies,the goodies
The Goodmen,1994,the goodmen,the goodmen,the goodmen
The Goodtimers,1961,the goodtimers,the goodtimers,the goodtimers
The Graces,1989,the graces,the graces,the graces
The Grass Roots,1975,the grass roots,the grass roots,the grass roots
The Grateful Dead,1975,the grateful dead,the grateful dead,the grateful dead
The Greenwood County Singers,1964,the greenwood county singers,the greenwood county singers,the greenwood county singers
The Greenwoods,1966,the greenwoods,the greenwoods,the greenwoods
The Gregg Allman Band,1987,the gregg allman band,the gregg allman band,the gregg allman band
The Guess Who,1975,the guess who,the guess who,the guess who
The Gunter Kallmann Chorus,1967,the gunter kallmann chorus,the gunter kallmann chorus,the gunter kallmann chorus
The Halos,1961,the halos,the halos,the halos
The Happenings,1969,the happenings,the happenings,the happenings
The Harden Trio,1966,the harden trio,the harden trio,the harden trio
The Hardtimes,1967,the hardtimes,the hardtimes,the hardtimes
The Harptones,1961,the harptones,the harptones,the harptones
The Harry Simeone Chorale,1962,the harry simeone chorale,the harry simeone chorale,the harry simeone chorale
The Headboys,1979,the headboys,the headboys,the headboys
The Headpins,1984,the headpins,the headpins,the headpins
The Heart And Soul Orchestra,1977,the heart and soul orchestra,the heart,the heart
The Heartbeats,1960,the heartbeats,the heartbeats,the heartbeats
The Hearts,1963,the hearts,the hearts,the hearts
The Heights,1993,the heights,the heights,the heights
The Hesitations,1968,the hesitations,the hesitations,the hesitations
The Heyettes,1976,the heyettes,the heyettes,the heyettes
The Heywoods,1972,the heywoods,the heywoods,the heywoods
The High Keyes,1963,the high keyes,the high keyes,the high keyes
The Highwaymen,1962,the highwaymen,the highwaymen,the highwaymen
The Hillside Singers,1972,the hillside singers,the hillside singers,the hillside singers
The Hippies (Formerly The Tams),1963,the hippies,the hippies,the hippies
The Hives,2002,the hives,the hives,the hives
The Holidays,1966,the holidays,the holidays,the holidays
The Hollies,1983,the hollies,the hollies,the hollies
The Hollyridge Strings,1964,the hollyridge strings,the hollyridge strings,the hollyridge strings
The Hollywood Stars,1977,the hollywood stars,the hollywood stars,the hollywood stars
The Hombres,1967,the hombres,the hombres,the hombres
The Hondells,1966,the hondells,the hondells,the hondells
The Honey Cone,1972,the honey cone,the honey cone,the honey cone
The Honeycombs,1965,the honeycombs,the honeycombs,the honeycombs
The Honeydrippers,1985,the honeydrippers,the honeydrippers,the honeydrippers
The Hudson Brothers,1976,the hudson brothers,the hudson brothers,the hudson brothers
The Hues Corporation,1977,the hues corporation,the hues corporation,the hues corporation
The Hullaballoos,1965,the hullaballoos,the hullaballoos,the hullaballoos
The Human Beinz,1968,the human beinz,the human beinz,the human beinz
The Human League,1995,the human league,the human league,the human league
The Ides Of March,1971,the ides of march,the ides of march,the ides of march
The Ikettes,1965,the ikettes,the ikettes,the ikettes
The Illusion,1970,the illusion,the illusion,the illusion
The Impalas,1959,the impalas,the impalas,the impalas
The Impressions,1975,the impressions,the impressions,the impressions
The In Crowd,1966,the in crowd,the in crowd,the in crowd
The Incredible Bongo Band,1973,the incredible bongo band,the incredible bongo band,the incredible bongo band
The Independents,1974,the independents,the independents,the independents
The Inmates,1980,the inmates,the inmates,the inmates
The Innocence,1967,the innocence,the innocence,the innocence
The Innocents,1961,the innocents,the innocents,the innocents
The Intrigues,1971,the intrigues,the intrigues,the intrigues
The Intruders,1974,the intruders,the intruders,the intruders
The Invisible Man's Band,1980,the invisible man's band,the invisible man's band,the invisible mans band
The Irish Rovers,1968,the irish rovers,the irish rovers,the irish rovers
The Islanders,1959,the islanders,the islanders,the islanders
The Isley Brothers,1997,the isley brothers,the isley brothers,the isley brothers
The Isley Brothers Featuring Angela Winbush,1997,the isley brothers,the isley brothers,the isley brothers
The Isley Brothers Featuring Ronald Isley,2003,the isley brothers,the isley brothers,the isley brothers
The Iveys,1969,the iveys,the iveys,the iveys
The Ivy League,1965,the ivy league,the ivy league,the ivy league
The Ivy Three,1960,the ivy three,the ivy three,the ivy three
The J. Geils Band,1985,the j. geils band,the j. geils band,the j geils band
The JB's,1972,the jb's,the jb's,the jbs
The Jack Halloran Singers,1962,the jack halloran singers,the jack halloran singers,the jack halloran singers
The Jacksons,1989,the jacksons,the jacksons,the jacksons
The Jaggerz,1970,the jaggerz,the jaggerz,the jaggerz
The Jags,1980,the jags,the jags,the jags
The James Boys,1968,the james boys,the james boys,the james boys
The James Brown Soul Train,1972,the james brown soul train,the james brown soul train,the james brown soul train
The James Gang,1974,the james gang,the james gang,the james gang
The Jamies,1962,the jamies,the jamies,the jamies
The JaneDear Girls,2011,the janedear girls,the janedear girls,the janedear girls
The Jarmels,1961,the jarmels,the jarmels,the jarmels
The Jaynetts,1963,the jaynetts,the jaynetts,the jaynetts
The Jazz Crusaders,1971,the jazz crusaders,the jazz crusaders,the jazz crusaders
The Jeff Healey Band,1993,the jeff healey band,the jeff healey band,the jeff healey band
The Jelly Beans,1964,the jelly beans,the jelly beans,the jelly beans
The Jesus and Mary Chain,1994,the jesus and mary chain,the jesus,the jesus
The Jets,1989,the jets,the jets,the jets
The Jewels,1964,the jewels,the jewels,the jewels
The Jimi Hendrix Experience,1969,the jimi hendrix experience,the jimi hendrix experience,the jimi hendrix experience
The Jimmy Castor Bunch,1975,the jimmy castor bunch,the jimmy castor bunch,the jimmy castor bunch
The Jive Five,1965,the jive five,the jive five,the jive five
The Jive Five With Eugene Pitts,1962,the jive five with eugene pitts,the jive five,the jive five
The Jive Five With Joe Rene And Orchestra,1961,the jive five with joe rene and orchestra,the jive five,the jive five
The Joe Chemay Band,1981,the joe chemay band,the joe chemay band,the joe chemay band
The Joe Cuba Sextet,1967,the joe cuba sextet,the joe cuba sextet,the joe cuba sextet
The Joe Jeffrey Group,1969,the joe jeffrey group,the joe jeffrey group,the joe jeffrey group
The John Hall Band,1983,the john hall band,the john hall band,the john hall band
The Johnny Average Band Featuring Nikki Wills,1981,the johnny average band,the johnny average band,the johnny average band
The Johnny Mann Singers,1967,the johnny mann singers,the johnny mann singers,the johnny mann singers
The Johnny Otis Show,1960,the johnny otis show,the johnny otis show,the johnny otis show
The Jones Girls,1979,the jones girls,the jones girls,the jones girls
The Joneses,1975,the joneses,the joneses,the joneses
The Juliana Hatfield 3,1994,the juliana hatfield 3,the juliana hatfield 3,the juliana hatfield 3
The KLF,1992,the klf,the klf,the klf
The KLF Featuring Tammy Wynette,1992,the klf,the klf,the klf
The Kalin Twins,1959,the kalin twins,the kalin twins,the kalin twins
The Kane Gang,1988,the kane gang,the kane gang,the kane gang
The Keane Brothers,1976,the keane brothers,the keane brothers,the keane brothers
The Kendalls,1977,the kendalls,the kendalls,the kendalls
The Kenny Wayne Shepherd Band,1998,the kenny wayne shepherd band,the kenny wayne shepherd band,the kenny wayne shepherd band
The Kid LAROI,2024,the kid laroi,the kid laroi,the kid laroi
The Kid LAROI & Juice WRLD,2021,the kid laroi & juice wrld,the kid laroi,the kid laroi
The Kid LAROI & Justin Bieber,2022,the kid laroi & justin bieber,the kid laroi,the kid laroi
The Kid LAROI Featuring Machine Gun Kelly,2020,the kid laroi,the kid laroi,the kid laroi
The Kid LAROI Featuring Mustard,2021,the kid laroi,the kid laroi,the kid laroi
The Kid LAROI Featuring Polo G & Stunna Gambino,2021,the kid laroi,the kid laroi,the kid laroi
The Kid LAROI Featuring YoungBoy Never Brok Again & Internet Money,2020,the kid laroi,the kid laroi,the kid laroi
"The Kid LAROI, Jung Kook & Central Cee",2023,"the kid laroi, jung kook & central cee",the kid laroi,the kid laroi
The Kids Next Door,1965,the kids next door,the kids next door,the kids next door
The Kiki Dee Band,1975,the kiki dee band,the kiki dee band,the kiki dee band
The Killers,2012,the killers,the killers,the killers
The Killers Featuring Toni Halliday,2007,the killers,the killers,the killers
The Kimberlys,1971,the kimberlys,the kimberlys,the kimberlys
The King Pins,1963,the king pins,the king pins,the king pins
The Kingbees,1980,the kingbees,the kingbees,the kingbees
The Kingpins,1967,the kingpins,the kingpins,the kingpins
The Kings,1981,the kings,the kings,the kings
The Kingsmen,1966,the kingsmen,the kingsmen,the kingsmen
The Kingston Trio,1964,the kingston trio,the kingston trio,the kingston trio
The Kinks,1985,the kinks,the kinks,the kinks
The Kinleys,1999,the kinleys,the kinleys,the kinleys
The Kirby Stone Four,1958,the kirby stone four,the kirby stone four,the kirby stone four
The Klowns,1970,the klowns,the klowns,the klowns
The Knack,1994,the knack,the knack,the knack
The Knickerbockers,1966,the knickerbockers,the knickerbockers,the knickerbockers
The Knight Bros.,1965,the knight bros.,the knight bros.,the knight bros
The Knightsbridge Strings,1959,the knightsbridge strings,the knightsbridge strings,the knightsbridge strings
The Knockouts,1960,the knockouts,the knockouts,the knockouts
The Korgis,1981,the korgis,the korgis,the korgis
The LOX,1998,the lox,the lox,the lox
The LOX Featuring Timbaland And Eve,2000,the lox,the lox,the lox
The LOX [Featuring DMX & Lil' Kim],1998,the lox,the lox,the lox
The La's,1991,the la's,the la's,the las
The Lady Of Rage,1994,the lady of rage,the lady of rage,the lady of rage
The Lafayettes,1962,the lafayettes,the lafayettes,the lafayettes
The Larks,1965,the larks,the larks,the larks
The Last Goodnight,2008,the last goodnight,the last goodnight,the last goodnight
The Last Word,1967,the last word,the last word,the last word
The Leaves,1966,the leaves,the leaves,the leaves
The Left Banke,1967,the left banke,the left banke,the left banke
The Lemon Pipers,1968,the lemon pipers,the lemon pipers,the lemon pipers
The Lemonheads,1994,the lemonheads,the lemonheads,the lemonheads
The Lennon Sisters,1961,the lennon sisters,the lennon sisters,the lennon sisters
The Lettermen,1971,the lettermen,the lettermen,the lettermen
The Lewis & Clarke Expedition,1967,the lewis & clarke expedition,the lewis,the lewis
The Limeliters,1961,the limeliters,the limeliters,the limeliters
The Little Dippers,1960,the little dippers,the little dippers,the little dippers
The London Quireboys,1990,the london quireboys,the london quireboys,the london quireboys
The London Symphony Orchestra/John Williams,1979,the london symphony orchestra,the london symphony orchestra,the london symphony orchestra
The Lonely Island,2009,the lonely island,the lonely island,the lonely island
The Lonely Island Featuring Adam Levine & Kendrick Lamar,2013,the lonely island,the lonely island,the lonely island
The Lonely Island Featuring Akon,2011,the lonely island,the lonely island,the lonely island
The Lonely Island Featuring Michael Bolton,2011,the lonely island,the lonely island,the lonely island
The Lonely Island Featuring Nicki Minaj,2011,the lonely island,the lonely island,the lonely island
The Lonely Island Featuring T-Pain,2009,the lonely island,the lonely island,the lonely island
The Lost Generation,1970,the lost generation,the lost generation,the lost generation
The Lost Trailers,2008,the lost trailers,the lost trailers,the lost trailers
The Love Generation,1968,the love generation,the love generation,the love generation
The Lovelites,1970,the lovelites,the lovelites,the lovelites
The Lovers,1977,the lovers,the lovers,the lovers
The Lovin' Spoonful,1969,the lovin' spoonful,the lovin' spoonful,the lovin spoonful
The Lumineers,2016,the lumineers,the lumineers,the lumineers
The Ly - Dells,1961,the ly - dells,the ly - dells,the ly dells
The Mad Lads,1969,the mad lads,the mad lads,the mad lads
The Magic Lantern,1972,the magic lantern,the magic lantern,the magic lantern
The Magic Lanterns,1971,the magic lanterns,the magic lanterns,the magic lanterns
The Magic Mushrooms,1966,the magic mushrooms,the magic mushrooms,the magic mushrooms
The Magistrates,1968,the magistrates,the magistrates,the magistrates
The Magnificent Men,1967,the magnificent men,the magnificent men,the magnificent men
The Main Ingredient,1975,the main ingredient,the main ingredient,the main ingredient
The Majors,1962,the majors,the majors,the majors
The Mamas & The Papas,1972,the mamas & the papas,the mamas,the mamas
The Manhattan Transfer,1985,the manhattan transfer,the manhattan transfer,the manhattan transfer
The Manhattans,1985,the manhattans,the manhattans,the manhattans
The Mar-Keys,1966,the mar-keys,the mar-keys,the markeys
The Marathons,1961,the marathons,the marathons,the marathons
The Marc Tanner Band,1979,the marc tanner band,the marc tanner band,the marc tanner band
The Marcels,1962,the marcels,the marcels,the marcels
The Marias,2025,the marias,the marias,the marias
The Mark II,1960,the mark ii,the mark ii,the mark ii
The Mark IV,1959,the mark iv,the mark iv,the mark iv
The Marketts,1966,the marketts,the marketts,the marketts
The Marmalade,1970,the marmalade,the marmalade,the marmalade
The Mars Volta,2005,the mars volta,the mars volta,the mars volta
The Marshall Tucker Band,1980,the marshall tucker band,the marshall tucker band,the marshall tucker band
The Marvelettes,1969,the marvelettes,the marvelettes,the marvelettes
The Marvelows,1965,the marvelows,the marvelows,the marvelows
The Mary Kaye Trio,1959,the mary kaye trio,the mary kaye trio,the mary kaye trio
The Maskman & The Agents,1969,the maskman & the agents,the maskman,the maskman
The Masqueraders,1968,the masqueraders,the masqueraders,the masqueraders
The Matys Bros.,1963,the matys bros.,the matys bros.,the matys bros
The Mauds,1968,the mauds,the mauds,the mauds
The McCoys,1968,the mccoys,the mccoys,the mccoys
The McCrarys,1978,the mccrarys,the mccrarys,the mccrarys
The McGuire Sisters,1961,the mcguire sisters,the mcguire sisters,the mcguire sisters
The Megatons,1962,the megatons,the megatons,the megatons
The Megatrons,1959,the megatrons,the megatrons,the megatrons
The Melodeers,1960,the melodeers,the melodeers,the melodeers
The Merry-Go-Round,1967,the merry-go-round,the merry-go-round,the merrygoround
The Meters,1977,the meters,the meters,the meters
The Metros,1967,the metros,the metros,the metros
The Michael Zager Band,1978,the michael zager band,the michael zager band,the michael zager band
The Mickey Mozart Quintet,1959,the mickey mozart quintet,the mickey mozart quintet,the mickey mozart quintet
The Mighty Dub Katz,1996,the mighty dub katz,the mighty dub katz,the mighty dub katz
The Mike Curb Congregation,1971,the mike curb congregation,the mike curb congregation,the mike curb congregation
The Mills Brothers,1968,the mills brothers,the mills brothers,the mills brothers
The Mindbenders,1966,the mindbenders,the mindbenders,the mindbenders
The Miniature Men,1962,the miniature men,the miniature men,the miniature men
The Miracles,1976,the miracles,the miracles,the miracles
"The Miracles (featuring Bill ""Smokey"" Robinson)",1961,the miracles,the miracles,the miracles
The Mirettes,1968,the mirettes,the mirettes,the mirettes
The Mixtures,1971,the mixtures,the mixtures,the mixtures
The Mob,1971,the mob,the mob,the mob
The Mojo Men,1967,the mojo men,the mojo men,the mojo men
The Moments,1971,the moments,the moments,the moments
The Monarchs,1964,the monarchs,the monarchs,the monarchs
The Monitors,1966,the monitors,the monitors,the monitors
The Monkees,1987,the monkees,the monkees,the monkees
The Monroes,1982,the monroes,the monroes,the monroes
The Montanas,1968,the montanas,the montanas,the montanas
The Moody Blues,1988,the moody blues,the moody blues,the moody blues
The Morgan Brothers,1959,the morgan brothers,the morgan brothers,the morgan brothers
The Mormon Tabernacle Choir,1959,the mormon tabernacle choir,the mormon tabernacle choir,the mormon tabernacle choir
The Motels,1985,the motels,the motels,the motels
The Motors,1980,the motors,the motors,the motors
The Move,1972,the move,the move,the move
The Movement,1992,the movement,the movement,the movement
The Murmaids,1964,the murmaids,the murmaids,the murmaids
The Murmurs,1995,the murmurs,the murmurs,the murmurs
The Music Explosion,1967,the music explosion,the music explosion,the music explosion
The Music Machine,1967,the music machine,the music machine,the music machine
The Music Makers,1968,the music makers,the music makers,the music makers
The Mustangs,1964,the mustangs,the mustangs,the mustangs
The Mystic Moods,1975,the mystic moods,the mystic moods,the mystic moods
The Mystics,1959,the mystics,the mystics,the mystics
The Naked Brothers Band,2007,the naked brothers band,the naked brothers band,the naked brothers band
The Nashville Teens,1965,the nashville teens,the nashville teens,the nashville teens
The Neighborhood,1970,the neighborhood,the neighborhood,the neighborhood
The Neighbourhood,2014,the neighbourhood,the neighbourhood,the neighbourhood
The Neon Philharmonic,1969,the neon philharmonic,the neon philharmonic,the neon philharmonic
The New Birth,1974,the new birth,the new birth,the new birth
The New Christy Minstrels,1965,the new christy minstrels,the new christy minstrels,the new christy minstrels
The New Colony Six,1972,the new colony six,the new colony six,the new colony six
The New Establishment,1969,the new establishment,the new establishment,the new establishment
The New Hope,1970,the new hope,the new hope,the new hope
The New Seekers,1973,the new seekers,the new seekers,the new seekers
The New Seekers featuring Eve Graham,1971,the new seekers,the new seekers,the new seekers
The New Seekers featuring Marty Kristian,1972,the new seekers,the new seekers,the new seekers
The New Vaudeville Band,1967,the new vaudeville band,the new vaudeville band,the new vaudeville band
The New Yorkers,1961,the new yorkers,the new yorkers,the new yorkers
The Newbeats,1970,the newbeats,the newbeats,the newbeats
The Newcomers,1971,the newcomers,the newcomers,the newcomers
The Nightcrawlers,1967,the nightcrawlers,the nightcrawlers,the nightcrawlers
The Nite-Liters,1972,the nite-liters,the nite-liters,the niteliters
The Nitty Gritty Dirt Band,1975,the nitty gritty dirt band,the nitty gritty dirt band,the nitty gritty dirt band
The Northern Pikes,1992,the northern pikes,the northern pikes,the northern pikes
The Notorious B.I.G.,1998,the notorious b.i.g.,the notorious b.i.g.,the notorious big
"The Notorious B.I.G. Featuring Diddy, Nelly, Jagged Edge & Avery Storm",2006,the notorious b.i.g.,the notorious b.i.g.,the notorious big
The Notorious B.I.G. Featuring Puff Daddy & Lil' Kim,2000,the notorious b.i.g.,the notorious b.i.g.,the notorious big
The Notorious B.I.G. Featuring Puff Daddy & Mase,1998,the notorious b.i.g.,the notorious b.i.g.,the notorious big
The Novas,1965,the novas,the novas,the novas
The Nu Tornados,1959,the nu tornados,the nu tornados,the nu tornados
The Nutty Squirrels,1960,the nutty squirrels,the nutty squirrels,the nutty squirrels
The Nylons,1987,the nylons,the nylons,the nylons
The O'Jays,1997,the o'jays,the o'jays,the ojays
The O'Kaysions,1968,the o'kaysions,the o'kaysions,the okaysions
The Oak Ridge Boys,1983,the oak ridge boys,the oak ridge boys,the oak ridge boys
The Offspring,2009,the offspring,the offspring,the offspring
The Olympics,1966,the olympics,the olympics,the olympics
The Original,1997,the original,the original,the original
The Original Caste,1970,the original caste,the original caste,the original caste
The Originals,1976,the originals,the originals,the originals
The Orlons,1964,the orlons,the orlons,the orlons
The Osmond Brothers,1971,the osmond brothers,the osmond brothers,the osmond brothers
The Osmonds,1976,the osmonds,the osmonds,the osmonds
The Other Ones,1987,the other ones,the other ones,the other ones
The Outfield,1992,the outfield,the outfield,the outfield
The Outhere Brothers,1996,the outhere brothers,the outhere brothers,the outhere brothers
The Outlaws,1975,the outlaws,the outlaws,the outlaws
The Outsiders,1966,the outsiders,the outsiders,the outsiders
The Ovations (Featuring Louis Williams),1973,the ovations,the ovations,the ovations
The Overlanders,1964,the overlanders,the overlanders,the overlanders
The Pack,2006,the pack,the pack,the pack
The Packers,1966,the packers,the packers,the packers
The Parade,1967,the parade,the parade,the parade
The Paradons,1960,the paradons,the paradons,the paradons
The Paragons,1961,the paragons,the paragons,the paragons
The Paris Sisters,1964,the paris sisters,the paris sisters,the paris sisters
The Parkays,1961,the parkays,the parkays,the parkays
The Parliaments,1967,the parliaments,the parliaments,the parliaments
The Partridge Family Starring Shirley Jones Featuring David Cassidy,1973,the partridge family starring shirley jones,the partridge family starring shirley jones,the partridge family starring shirley jones
The Party,1992,the party,the party,the party
The Pasadenas,1989,the pasadenas,the pasadenas,the pasadenas
The Passions,1959,the passions,the passions,the passions
The Pastel Six,1963,the pastel six,the pastel six,the pastel six
The Peace Choir,1991,the peace choir,the peace choir,the peace choir
The Peanut Butter Conspiracy,1967,the peanut butter conspiracy,the peanut butter conspiracy,the peanut butter conspiracy
The Peels,1966,the peels,the peels,the peels
The Pentagons,1961,the pentagons,the pentagons,the pentagons
The People's Choice,1971,the people's choice,the people's choice,the peoples choice
The Peppermint Rainbow,1969,the peppermint rainbow,the peppermint rainbow,the peppermint rainbow
The Peppermint Trolley Company,1968,the peppermint trolley company,the peppermint trolley company,the peppermint trolley company
The Peppers,1974,the peppers,the peppers,the peppers
The Percells,1963,the percells,the percells,the percells
The Persuaders,1974,the persuaders,the persuaders,the persuaders
The Pete Klint Quintet,1967,the pete klint quintet,the pete klint quintet,the pete klint quintet
The Pharcyde,1996,the pharcyde,the pharcyde,the pharcyde
The Philarmonics,1977,the philarmonics,the philarmonics,the philarmonics
The Piltdown Men,1960,the piltdown men,the piltdown men,the piltdown men
The Pipes And Drums And The Military Band Of The Royal Scots Dragoon Guards,1972,the pipes and drums and the military band of the royal scots dragoon guards,the pipes,the pipes
The Pipkins,1970,the pipkins,the pipkins,the pipkins
The Pixies Three,1964,the pixies three,the pixies three,the pixies three
The Platters,1967,the platters,the platters,the platters
The Platters Featuring Tony Williams,1960,the platters,the platters,the platters
The Playboys,1958,the playboys,the playboys,the playboys
The Playmates,1962,the playmates,the playmates,the playmates
The Plimsouls,1983,the plimsouls,the plimsouls,the plimsouls
The Poets,1966,the poets,the poets,the poets
The Pointer Sisters,1987,the pointer sisters,the pointer sisters,the pointer sisters
The Police,1986,the police,the police,the police
The Poppies,1966,the poppies,the poppies,the poppies
The Poppy Family,1972,the poppy family,the poppy family,the poppy family
The Poppy Family (Featuring Susan Jacks),1970,the poppy family,the poppy family,the poppy family
The Postal Service,2005,the postal service,the postal service,the postal service
The Power Station,1985,the power station,the power station,the power station
The Precisions,1967,the precisions,the precisions,the precisions
The Preludes Five,1961,the preludes five,the preludes five,the preludes five
The Premiers,1964,the premiers,the premiers,the premiers
The Presidents,1971,the presidents,the presidents,the presidents
The Presidents Of The United States Of America,1996,the presidents of the united states of america,the presidents of the united states of america,the presidents of the united states of america
The Proclaimers,1993,the proclaimers,the proclaimers,the proclaimers
The Prodigy,1998,the prodigy,the prodigy,the prodigy
The Producers,1981,the producers,the producers,the producers
The Puppies,1994,the puppies,the puppies,the puppies
The Pussycat Dolls,2009,the pussycat dolls,the pussycat dolls,the pussycat dolls
The Pussycat Dolls Featuring Busta Rhymes,2006,the pussycat dolls,the pussycat dolls,the pussycat dolls
The Pussycat Dolls Featuring Nicole Scherzinger,2009,the pussycat dolls,the pussycat dolls,the pussycat dolls
The Pussycat Dolls Featuring Snoop Dogg,2006,the pussycat dolls,the pussycat dolls,the pussycat dolls
The Pussycat Dolls Featuring Timbaland,2007,the pussycat dolls,the pussycat dolls,the pussycat dolls
The Pussycat Dolls Featuring will.i.am,2006,the pussycat dolls,the pussycat dolls,the pussycat dolls
The Pyramids,1964,the pyramids,the pyramids,the pyramids
The Quarter Notes,1959,the quarter notes,the quarter notes,the quarter notes
The Quin-Tones,1958,the quin-tones,the quin-tones,the quintones
The Raconteurs,2006,the raconteurs,the raconteurs,the raconteurs
The Radiants,1965,the radiants,the radiants,the radiants
The Raelets/Ray Charles Orchestra,1967,the raelets,the raelets,the raelets
The Raeletts,1971,the raeletts,the raeletts,the raeletts
The Raes,1979,the raes,the raes,the raes
The Rag Dolls,1965,the rag dolls,the rag dolls,the rag dolls
The Raiders,1973,the raiders,the raiders,the raiders
The Raindrops,1964,the raindrops,the raindrops,the raindrops
The Rainy Daze,1967,the rainy daze,the rainy daze,the rainy daze
The Ramblers,1964,the ramblers,the ramblers,the ramblers
The Ramones,1977,the ramones,the ramones,the ramones
The Ran-Dells,1963,the ran-dells,the ran-dells,the randells
The Rascals,1971,the rascals,the rascals,the rascals
The Rationals,1966,the rationals,the rationals,the rationals
The Rattles,1970,the rattles,the rattles,the rattles
The Ray Charles Orchestra,1971,the ray charles orchestra,the ray charles orchestra,the ray charles orchestra
The Ray Charles Singers,1970,the ray charles singers,the ray charles singers,the ray charles singers
The Ray Conniff Singers,1964,the ray conniff singers,the ray conniff singers,the ray conniff singers
The Rays,1961,the rays,the rays,the rays
The Razor's Edge,1966,the razor's edge,the razor's edge,the razors edge
The Ready Set,2011,the ready set,the ready set,the ready set
The Real Thing,1976,the real thing,the real thing,the real thing
The Rebel Pebbles,1991,the rebel pebbles,the rebel pebbles,the rebel pebbles
The Rebels,1963,the rebels,the rebels,the rebels
The Records,1979,the records,the records,the records
The Red Clay Strays,2025,the red clay strays,the red clay strays,the red clay strays
The Red Jumpsuit Apparatus,2009,the red jumpsuit apparatus,the red jumpsuit apparatus,the red jumpsuit apparatus
The Reddings,1982,the reddings,the reddings,the reddings
The Redjacks,1958,the redjacks,the redjacks,the redjacks
The Reflections,1975,the reflections,the reflections,the reflections
The Regents,1961,the regents,the regents,the regents
The Rembrandts,1996,the rembrandts,the rembrandts,the rembrandts
The Rentals,1995,the rentals,the rentals,the rentals
The Replacements,1989,the replacements,the replacements,the replacements
The Revels,1959,the revels,the revels,the revels
The Revivalists,2017,the revivalists,the revivalists,the revivalists
The Ribbons,1963,the ribbons,the ribbons,the ribbons
The Righteous Brothers,1991,the righteous brothers,the righteous brothers,the righteous brothers
The Rings,1981,the rings,the rings,the rings
The Rinky-Dinks,1958,the rinky-dinks,the rinky-dinks,the rinkydinks
The Rip Chords,1964,the rip chords,the rip chords,the rip chords
The Ritchie Family,1977,the ritchie family,the ritchie family,the ritchie family
The Rivieras,1964,the rivieras,the rivieras,the rivieras
The Rivingtons,1963,the rivingtons,the rivingtons,the rivingtons
The Road Apples,1976,the road apples,the road apples,the road apples
The Robert Cray Band,1988,the robert cray band,the robert cray band,the robert cray band
The Roc Project Featuring Tina Arena,2003,the roc project,the roc project,the roc project
The Rock Heroes,2009,the rock heroes,the rock heroes,the rock heroes
The Rockin R's,1959,the rockin r's,the rockin r's,the rockin rs
The Rocky Fellers,1963,the rocky fellers,the rocky fellers,the rocky fellers
The Rollers,1961,the rollers,the rollers,the rollers
The Rolling Stones,2003,the rolling stones,the rolling stones,the rolling stones
The Romantics,1985,the romantics,the romantics,the romantics
The Romeos,1967,the romeos,the romeos,the romeos
The Ron-Dels,1965,the ron-dels,the ron-dels,the rondels
The Rondels,1961,the rondels,the rondels,the rondels
The Ronettes,2025,the ronettes,the ronettes,the ronettes
The Ronettes Featuring Veronica,1966,the ronettes,the ronettes,the ronettes
The Rooftop Singers,1963,the rooftop singers,the rooftop singers,the rooftop singers
The Roommates,1961,the roommates,the roommates,the roommates
The Roots,1997,the roots,the roots,the roots
The Roots Featuring Erykah Badu,1999,the roots,the roots,the roots
The Roots Featuring Musiq,2003,the roots,the roots,the roots
The Rose Garden,1968,the rose garden,the rose garden,the rose garden
The Routers,1963,the routers,the routers,the routers
The Rovers,1981,the rovers,the rovers,the rovers
The Rowans,1976,the rowans,the rowans,the rowans
The Royal Guardsmen,1969,the royal guardsmen,the royal guardsmen,the royal guardsmen
The Royalettes,1965,the royalettes,the royalettes,the royalettes
The Royaltones,1961,the royaltones,the royaltones,the royaltones
The Rubettes,1974,the rubettes,the rubettes,the rubettes
The Rubinoos,1977,the rubinoos,the rubinoos,the rubinoos
The Rude Boys,1991,the rude boys,the rude boys,the rude boys
The Rugbys,1969,the rugbys,the rugbys,the rugbys
The Rumblers,1963,the rumblers,the rumblers,the rumblers
The S.O.S. Band,1986,the s.o.s. band,the s.o.s. band,the sos band
The S.O.U.L. S.Y.S.T.E.M.,1993,the s.o.u.l. s.y.s.t.e.m.,the s.o.u.l. s.y.s.t.e.m.,the soul system
The Salsoul Orchestra,1977,the salsoul orchestra,the salsoul orchestra,the salsoul orchestra
The San Remo Golden Strings,1965,the san remo golden strings,the san remo golden strings,the san remo golden strings
The Sandpebbles,1968,the sandpebbles,the sandpebbles,the sandpebbles
The Sandpipers,1970,the sandpipers,the sandpipers,the sandpipers
The Sanford/Townsend Band,1977,the sanford,the sanford,the sanford
The Sapphires,1965,the sapphires,the sapphires,the sapphires
The Satisfactions,1970,the satisfactions,the satisfactions,the satisfactions
The Scaffold,1968,the scaffold,the scaffold,the scaffold
The Script,2014,the script,the script,the script
The Script Featuring will.i.am,2013,the script,the script,the script
The Searchers,1971,the searchers,the searchers,the searchers
The Secrets,1964,the secrets,the secrets,the secrets
The Seeds,1967,the seeds,the seeds,the seeds
The Seekers,1967,the seekers,the seekers,the seekers
The Sensations,1962,the sensations,the sensations,the sensations
The Sensations Featuring Yvonne,1961,the sensations,the sensations,the sensations
The Serendipity Singers,1964,the serendipity singers,the serendipity singers,the serendipity singers
The Sevilles,1961,the sevilles,the sevilles,the sevilles
The Shacklefords,1963,the shacklefords,the shacklefords,the shacklefords
The Shades Of Blue,1966,the shades of blue,the shades of blue,the shades of blue
The Shadows Of Knight,1966,the shadows of knight,the shadows of knight,the shadows of knight
The Shamen,1992,the shamen,the shamen,the shamen
The Shangri-Las,1966,the shangri-las,the shangri-las,the shangrilas
The Sheep,1966,the sheep,the sheep,the sheep
The Shells,1961,the shells,the shells,the shells
The Shepherd Sisters,1963,the shepherd sisters,the shepherd sisters,the shepherd sisters
The Sherrys,1963,the sherrys,the sherrys,the sherrys
The Shields,1958,the shields,the shields,the shields
The Shindogs,1966,the shindogs,the shindogs,the shindogs
The Shins,2007,the shins,the shins,the shins
The Shirelles,1967,the shirelles,the shirelles,the shirelles
The Shocking Blue,1970,the shocking blue,the shocking blue,the shocking blue
The Show Stoppers,1968,the show stoppers,the show stoppers,the show stoppers
The Showmen,1964,the showmen,the showmen,the showmen
The Sidekicks,1966,the sidekicks,the sidekicks,the sidekicks
The Silencers,1987,the silencers,the silencers,the silencers
The Silkie,1965,the silkie,the silkie,the silkie
The Simon Sisters,1964,the simon sisters,the simon sisters,the simon sisters
The Simpsons Featuring Bart & Homer,1991,the simpsons,the simpsons,the simpsons
The Singing Belles,1960,the singing belles,the singing belles,the singing belles
The Singing Nun (Soeur Sourire),1964,the singing nun,the singing nun,the singing nun
The Ska Kings,1964,the ska kings,the ska kings,the ska kings
The Skyliners,1965,the skyliners,the skyliners,the skyliners
The Slades,1958,the slades,the slades,the slades
The Smashing Pumpkins,2007,the smashing pumpkins,the smashing pumpkins,the smashing pumpkins
The Smithereens,1992,the smithereens,the smithereens,the smithereens
The Smoke Ring,1969,the smoke ring,the smoke ring,the smoke ring
The Smothers Brothers,1963,the smothers brothers,the smothers brothers,the smothers brothers
The Sons Of Champlin,1977,the sons of champlin,the sons of champlin,the sons of champlin
"The Sopwith ""Camel""",1967,"the sopwith ""camel""","the sopwith ""camel""",the sopwith camel
The Soul Children,1974,the soul children,the soul children,the soul children
The Soul Clan,1968,the soul clan,the soul clan,the soul clan
The Soul Sisters,1964,the soul sisters,the soul sisters,the soul sisters
The Soulful Strings,1968,the soulful strings,the soulful strings,the soulful strings
The Sounds Of Blackness,1994,the sounds of blackness,the sounds of blackness,the sounds of blackness
The Soup Dragons,1993,the soup dragons,the soup dragons,the soup dragons
The South Side Movement,1973,the south side movement,the south side movement,the south side movement
"The Souther, Hillman, Furay Band",1974,"the souther, hillman, furay band",the souther,the souther
The Spacemen,1960,the spacemen,the spacemen,the spacemen
The Spats Featuring Dick Johnson,1964,the spats,the spats,the spats
The Spellbinders,1966,the spellbinders,the spellbinders,the spellbinders
The Spencer Davis Group,1967,the spencer davis group,the spencer davis group,the spencer davis group
The Spinners,1983,the spinners,the spinners,the spinners
The Spokesmen,1965,the spokesmen,the spokesmen,the spokesmen
The Sports,1979,the sports,the sports,the sports
The Springfields,1962,the springfields,the springfields,the springfields
The Stairsteps,1971,the stairsteps,the stairsteps,the stairsteps
The Standells,1967,the standells,the standells,the standells
The Staple Singers,1976,the staple singers,the staple singers,the staple singers
The Star Wars Intergalactic Droid Choir & Chorale,1981,the star wars intergalactic droid choir & chorale,the star wars intergalactic droid choir,the star wars intergalactic droid choir
The Starlets,1961,the starlets,the starlets,the starlets
The Statler Brothers,1975,the statler brothers,the statler brothers,the statler brothers
The Statues,1960,the statues,the statues,the statues
The Status Quo,1968,the status quo,the status quo,the status quo
The Steelers,1969,the steelers,the steelers,the steelers
The Stereos,1961,the stereos,the stereos,the stereos
The Steve Gibbons Band,1976,the steve gibbons band,the steve gibbons band,the steve gibbons band
The Steve Miller Band,1993,the steve miller band,the steve miller band,the steve miller band
The Stompers,1983,the stompers,the stompers,the stompers
The Storm,1992,the storm,the storm,the storm
The Strangeloves,1966,the strangeloves,the strangeloves,the strangeloves
The Strangers,1959,the strangers,the strangers,the strangers
The String-A-Longs,1961,the string-a-longs,the string-a-longs,the stringalongs
The Strokes,2005,the strokes,the strokes,the strokes
The Strollers,1961,the strollers,the strollers,the strollers
The Style Council,1984,the style council,the style council,the style council
The Stylistics,1976,the stylistics,the stylistics,the stylistics
"The Stylistics Featuring Russell Thompkins,Jr.",1972,the stylistics,the stylistics,the stylistics
The Sunglows,1965,the sunglows,the sunglows,the sunglows
The Sunrays,1966,the sunrays,the sunrays,the sunrays
The Sunshine Band,1975,the sunshine band,the sunshine band,the sunshine band
The Sunshine Company,1968,the sunshine company,the sunshine company,the sunshine company
The Superbs,1964,the superbs,the superbs,the superbs
The Supremes,1977,the supremes,the supremes,the supremes
The Supremes & Four Tops,1971,the supremes & four tops,the supremes,the supremes
The Surfaris,1966,the surfaris,the surfaris,the surfaris
The Swallows,1958,the swallows,the swallows,the swallows
The Swans,1964,the swans,the swans,the swans
The Sweet,1973,the sweet,the sweet,the sweet
The Sweet Inspirations,1968,the sweet inspirations,the sweet inspirations,the sweet inspirations
The Swell Season (Glen Hansard & Marketa Irglova),2008,the swell season,the swell season,the swell season
The Swingin' Medallions,1966,the swingin' medallions,the swingin' medallions,the swingin medallions
The Swinging Blue Jeans,1964,the swinging blue jeans,the swinging blue jeans,the swinging blue jeans
The Swon Brothers,2014,the swon brothers,the swon brothers,the swon brothers
The Sylvers,1978,the sylvers,the sylvers,the sylvers
The System,1988,the system,the system,the system
The T-Bones,1966,the t-bones,the t-bones,the tbones
The T.S.U. Toronadoes,1969,the t.s.u. toronadoes,the t.s.u. toronadoes,the tsu toronadoes
The Tams,1968,the tams,the tams,the tams
The Tarney/Spencer Band,1981,the tarney,the tarney,the tarney
The Tassels,1959,the tassels,the tassels,the tassels
The Teddy Bears,1959,the teddy bears,the teddy bears,the teddy bears
The Tee Set,1970,the tee set,the tee set,the tee set
The Tempos,1959,the tempos,the tempos,the tempos
The Temprees,1972,the temprees,the temprees,the temprees
The Temptations,1986,the temptations,the temptations,the temptations
The Temptations Featuring Rick James,1982,the temptations,the temptations,the temptations
The Texans,1961,the texans,the texans,the texans
The Third Rail,1967,the third rail,the third rail,the third rail
The Thirteenth Floor Elevators,1966,the thirteenth floor elevators,the thirteenth floor elevators,the thirteenth floor elevators
The Three Degrees,1975,the three degrees,the three degrees,the three degrees
The Three G's,1958,the three g's,the three g's,the three gs
The Time,1990,the time,the time,the time
The Timelords,1989,the timelords,the timelords,the timelords
The Timetones,1961,the timetones,the timetones,the timetones
The Ting Tings,2009,the ting tings,the ting tings,the ting tings
The Tokens,1994,the tokens,the tokens,the tokens
The Tommy Dorsey Orchestra,1959,the tommy dorsey orchestra,the tommy dorsey orchestra,the tommy dorsey orchestra
The Tommy Dorsey Orchestra Starring Warren Covington,1958,the tommy dorsey orchestra starring warren covington,the tommy dorsey orchestra starring warren covington,the tommy dorsey orchestra starring warren covington
The Tony Rich Project,1997,the tony rich project,the tony rich project,the tony rich project
The Tornadoes,1963,the tornadoes,the tornadoes,the tornadoes
The Tourists,1980,the tourists,the tourists,the tourists
The Toy Dolls,1963,the toy dolls,the toy dolls,the toy dolls
The Toys,1966,the toys,the toys,the toys
The Tractors,1995,the tractors,the tractors,the tractors
The Trade Winds,1966,the trade winds,the trade winds,the trade winds
The Tradewinds,1959,the tradewinds,the tradewinds,the tradewinds
The Traits,1966,the traits,the traits,the traits
The Trammps,1978,the trammps,the trammps,the trammps
The Trashmen,1964,the trashmen,the trashmen,the trashmen
The Tree Swingers,1960,the tree swingers,the tree swingers,the tree swingers
The Tremeloes,1968,the tremeloes,the tremeloes,the tremeloes
The Triplets,1991,the triplets,the triplets,the triplets
The Troggs,1968,the troggs,the troggs,the troggs
The Trolls,1966,the trolls,the trolls,the trolls
The Trumpeteers,1959,the trumpeteers,the trumpeteers,the trumpeteers
The Truth,1987,the truth,the truth,the truth
The Tubes,1985,the tubes,the tubes,the tubes
The Tuesdays,1998,the tuesdays,the tuesdays,the tuesdays
The Tune Rockers,1958,the tune rockers,the tune rockers,the tune rockers
The Turtles,1970,the turtles,the turtles,the turtles
The Tymes,1976,the tymes,the tymes,the tymes
The U-Krew,1990,the u-krew,the u-krew,the ukrew
The Undisputed Truth,1974,the undisputed truth,the undisputed truth,the undisputed truth
The Unifics,1969,the unifics,the unifics,the unifics
The Union Gap Featuring Gary Puckett,1968,the union gap,the union gap,the union gap
The Uniques,1966,the uniques,the uniques,the uniques
The Uniques Featuring Joe Stampley,1965,the uniques,the uniques,the uniques
The Unknowns,1966,the unknowns,the unknowns,the unknowns
The Upbeats,1958,the upbeats,the upbeats,the upbeats
The Used And My Chemical Romance,2005,the used and my chemical romance,the used,the used
The Vacels,1965,the vacels,the vacels,the vacels
The Valentinos,1964,the valentinos,the valentinos,the valentinos
The Valentinos (The Lovers),1963,the valentinos,the valentinos,the valentinos
The Van Dykes,1966,the van dykes,the van dykes,the van dykes
The Vanilla Fudge,1968,the vanilla fudge,the vanilla fudge,the vanilla fudge
The Vapors,1981,the vapors,the vapors,the vapors
The Vejtables,1965,the vejtables,the vejtables,the vejtables
The Velaires,1961,the velaires,the velaires,the velaires
The Vels,1985,the vels,the vels,the vels
The Velvelettes,1965,the velvelettes,the velvelettes,the velvelettes
The Velvets featuring Virgil Johnson,1961,the velvets,the velvets,the velvets
The Venetians,1987,the venetians,the venetians,the venetians
The Ventures,1969,the ventures,the ventures,the ventures
The Veronicas,2009,the veronicas,the veronicas,the veronicas
The Verve,1998,the verve,the verve,the verve
The Verve Pipe,1997,the verve pipe,the verve pipe,the verve pipe
The Vibrations,1968,the vibrations,the vibrations,the vibrations
The Victor Feldman Quartet,1962,the victor feldman quartet,the victor feldman quartet,the victor feldman quartet
The Videls,1960,the videls,the videls,the videls
The Village Soul Choir,1970,the village soul choir,the village soul choir,the village soul choir
The Village Stompers,1964,the village stompers,the village stompers,the village stompers
The Virtues,1962,the virtues,the virtues,the virtues
The Viscounts,1966,the viscounts,the viscounts,the viscounts
The Vogues,1969,the vogues,the vogues,the vogues
The Volume's,1962,the volume's,the volume's,the volumes
The Vontastics,1966,the vontastics,the vontastics,the vontastics
The Wackers,1972,the wackers,the wackers,the wackers
The Waikikis,1965,the waikikis,the waikikis,the waikikis
The Wailers,1964,the wailers,the wailers,the wailers
The Waitresses,1982,the waitresses,the waitresses,the waitresses
The Walker Bros.,1966,the walker bros.,the walker bros.,the walker bros
The Wallflowers,2000,the wallflowers,the wallflowers,the wallflowers
The Walter Murphy Band,1977,the walter murphy band,the walter murphy band,the walter murphy band
The Walters,2022,the walters,the walters,the walters
The Wanderers,1962,the wanderers,the wanderers,the wanderers
The Wanted,2013,the wanted,the wanted,the wanted
The Watts 103rd Street Rhythm Band,1969,the watts 103rd street rhythm band,the watts 103rd street rhythm band,the watts 103rd street rhythm band
The Weather Girls,1983,the weather girls,the weather girls,the weather girls
The Weeknd,2025,the weeknd,the weeknd,the weeknd
The Weeknd & Anitta,2025,the weeknd & anitta,the weeknd,the weeknd
The Weeknd & Ariana Grande,2023,the weeknd & ariana grande,the weeknd,the weeknd
The Weeknd & Future,2025,the weeknd & future,the weeknd,the weeknd
The Weeknd & Justice,2025,the weeknd & justice,the weeknd,the weeknd
The Weeknd & Kendrick Lamar,2018,the weeknd & kendrick lamar,the weeknd,the weeknd
The Weeknd & Lana Del Rey,2025,the weeknd & lana del rey,the weeknd,the weeknd
The Weeknd & Playboi Carti,2025,the weeknd & playboi carti,the weeknd,the weeknd
The Weeknd Featuring Daft Punk,2017,the weeknd,the weeknd,the weeknd
The Weeknd Featuring Ed Sheeran,2015,the weeknd,the weeknd,the weeknd
The Weeknd Featuring Future,2023,the weeknd,the weeknd,the weeknd
The Weeknd Featuring Gesaffelstein,2018,the weeknd,the weeknd,the weeknd
The Weeknd Featuring Kendrick Lamar,2017,the weeknd,the weeknd,the weeknd
The Weeknd Featuring Labrinth,2015,the weeknd,the weeknd,the weeknd
The Weeknd Featuring Lana Del Rey,2016,the weeknd,the weeknd,the weeknd
The Weeknd Featuring Lil Wayne,2022,the weeknd,the weeknd,the weeknd
"The Weeknd Featuring Tyler, the Creator",2022,the weeknd,the weeknd,the weeknd
"The Weeknd, JENNIE & Lily-Rose Depp",2024,"the weeknd, jennie & lily-rose depp",the weeknd,the weeknd
"The Weeknd, Playboi Carti & Madonna",2023,"the weeknd, playboi carti & madonna",the weeknd,the weeknd
"The Weeknd, Travis Scott & Florence + the Machine",2025,"the weeknd, travis scott & florence + the machine",the weeknd,the weeknd
The West Coast Rap All-Stars,1990,the west coast rap all-stars,the west coast rap all-stars,the west coast rap allstars
The Whatnauts & The Whatnaut Band,1970,the whatnauts & the whatnaut band,the whatnauts,the whatnauts
The Whispers,1990,the whispers,the whispers,the whispers
The White Buffalo & The Forest Rangers,2014,the white buffalo & the forest rangers,the white buffalo,the white buffalo
The White Stripes,2007,the white stripes,the white stripes,the white stripes
The White Tie Affair,2009,the white tie affair,the white tie affair,the white tie affair
The Who,1983,the who,the who,the who
The Wild-Cats,1959,the wild-cats,the wild-cats,the wildcats
The Wildweeds,1967,the wildweeds,the wildweeds,the wildweeds
The Wilkinsons,1999,the wilkinsons,the wilkinsons,the wilkinsons
The Will-O-Bees,1968,the will-o-bees,the will-o-bees,the willobees
The Williams Brothers,1992,the williams brothers,the williams brothers,the williams brothers
The Wing And A Prayer Fife & Drum Corps.,1976,the wing and a prayer fife & drum corps.,the wing,the wing
The Winstons,1969,the winstons,the winstons,the winstons
The Wiseguys,2001,the wiseguys,the wiseguys,the wiseguys
The Wombles,1974,the wombles,the wombles,the wombles
The Womenfolk,1964,the womenfolk,the womenfolk,the womenfolk
The Wonder Band,1979,the wonder band,the wonder band,the wonder band
The Wonder Who?,1967,the wonder who?,the wonder who?,the wonder who
The Wonders,1997,the wonders,the wonders,the wonders
The Woolies,1967,the woolies,the woolies,the woolies
The Wreckers,2007,the wreckers,the wreckers,the wreckers
The Yardbirds,1967,the yardbirds,the yardbirds,the yardbirds
The Yellow Balloon,1967,the yellow balloon,the yellow balloon,the yellow balloon
The Young Holt Trio,1967,the young holt trio,the young holt trio,the young holt trio
The Young Rascals,1968,the young rascals,the young rascals,the young rascals
The Youngbloods,1970,the youngbloods,the youngbloods,the youngbloods
The Zombies,1969,the zombies,the zombies,the zombies
The-Dream,2010,the-dream,the-dream,thedream
The-Dream Featuring Kanye West,2009,the-dream,the-dream,thedream
The-Dream Featuring Mariah Carey,2009,the-dream,the-dream,thedream
Thee Midniters,1965,thee midniters,thee midniters,thee midniters
Thee Prophets,1969,thee prophets,thee prophets,thee prophets
Thelma Carpenter,1961,thelma carpenter,thelma carpenter,thelma carpenter
Thelma Houston,1979,thelma houston,thelma houston,thelma houston
Them,1966,them,them,them
Theola Kilgore,1963,theola kilgore,theola kilgore,theola kilgore
Theory Of A Deadman,2010,theory of a deadman,theory of a deadman,theory of a deadman
Thin Lizzy,1976,thin lizzy,thin lizzy,thin lizzy
Think,1974,think,think,think
Third Eye Blind,2000,third eye blind,third eye blind,third eye blind
Third World,1979,third world,third world,third world
Thirty Eight Special,1989,thirty eight special,thirty eight special,thirty eight special
Thirty Seconds To Mars,2011,thirty seconds to mars,thirty seconds to mars,thirty seconds to mars
Thomas & Richard Frost,1969,thomas & richard frost,thomas,thomas
Thomas Dolby,1984,thomas dolby,thomas dolby,thomas dolby
Thomas Rhett,2025,thomas rhett,thomas rhett,thomas rhett
Thomas Rhett Featuring Jon Pardi,2020,thomas rhett,thomas rhett,thomas rhett
Thomas Rhett Featuring Maren Morris,2017,thomas rhett,thomas rhett,thomas rhett
Thomas Rhett Featuring Morgan Wallen,2024,thomas rhett,thomas rhett,thomas rhett
"Thomas Rhett Featuring Reba McEntire, Hillary Scott, Chris Tomlin & Keith Urban",2020,thomas rhett,thomas rhett,thomas rhett
Thomas Rhett Featuring Riley Green,2023,thomas rhett,thomas rhett,thomas rhett
Thomas Rhett Featuring Teddy Swims,2025,thomas rhett,thomas rhett,thomas rhett
Thomas Wayne With the Delons,1959,thomas wayne with the delons,thomas wayne,thomas wayne
Thompson Square,2014,thompson square,thompson square,thompson square
Thompson Twins,1989,thompson twins,thompson twins,thompson twins
Three 6 Mafia,2006,three 6 mafia,three 6 mafia,three 6 mafia
Three 6 Mafia Featuring Chamillionaire,2007,three 6 mafia,three 6 mafia,three 6 mafia
Three 6 Mafia Featuring Kalenna,2009,three 6 mafia,three 6 mafia,three 6 mafia
"Three 6 Mafia Featuring Project Pat, Young D & Superpower",2008,three 6 mafia,three 6 mafia,three 6 mafia
Three 6 Mafia Featuring Young Buck & Eightball & MJG,2006,three 6 mafia,three 6 mafia,three 6 mafia
Three 6 Mafia Vs. Tiesto With Sean Kingston & Flo Rida,2010,three 6 mafia vs. tiesto with sean kingston & flo rida,three 6 mafia vs. tiesto,three 6 mafia vs tiesto
Three Days Grace,2010,three days grace,three days grace,three days grace
Three Dog Night,1975,three dog night,three dog night,three dog night
"Three The... G. Dep, P. Diddy & Black Rob",2001,"three the... g. dep, p. diddy & black rob",three the... g. dep,three the g dep
Thriving Ivory,2009,thriving ivory,thriving ivory,thriving ivory
Thunder,1991,thunder,thunder,thunder
Thunderclap Newman,1969,thunderclap newman,thunderclap newman,thunderclap newman
Thurl Ravenscroft,2025,thurl ravenscroft,thurl ravenscroft,thurl ravenscroft
ThxSoMch,2023,thxsomch,thxsomch,thxsomch
Tia,1987,tia,tia,tia
Tiana,1990,tiana,tiana,tiana
Tico And The Triumphs,1962,tico and the triumphs,tico,tico
Tierra,1981,tierra,tierra,tierra
Tiesto,2021,tiesto,tiesto,tiesto
Tiesto & Ava Max,2022,tiesto & ava max,tiesto,tiesto
Tiesto & Dzeko Featuring Preme & Post Malone,2018,tiesto & dzeko,tiesto,tiesto
Tiesto Featuring Matthew Koma,2014,tiesto,tiesto,tiesto
Tiesto Featuring Tate McRae,2023,tiesto,tiesto,tiesto
Tiffany,1989,tiffany,tiffany,tiffany
Tiggi Clay,1984,tiggi clay,tiggi clay,tiggi clay
Tight Fit,1981,tight fit,tight fit,tight fit
Tim Curry,1979,tim curry,tim curry,tim curry
Tim Davis,1972,tim davis,tim davis,tim davis
Tim Hardin,1969,tim hardin,tim hardin,tim hardin
Tim McGraw,2023,tim mcgraw,tim mcgraw,tim mcgraw
Tim McGraw & Faith Hill,2017,tim mcgraw & faith hill,tim mcgraw,tim mcgraw
Tim McGraw & Tyler Hubbard,2021,tim mcgraw & tyler hubbard,tim mcgraw,tim mcgraw
Tim McGraw Featuring Faith Hill,2014,tim mcgraw,tim mcgraw,tim mcgraw
Tim McGraw With Catherine Dunn,2015,tim mcgraw with catherine dunn,tim mcgraw,tim mcgraw
Tim McGraw With Faith Hill,2007,tim mcgraw with faith hill,tim mcgraw,tim mcgraw
Tim McGraw With Taylor Swift,2013,tim mcgraw with taylor swift,tim mcgraw,tim mcgraw
Tim Moore,1977,tim moore,tim moore,tim moore
Tim Rushlow,2001,tim rushlow,tim rushlow,tim rushlow
Tim Tam And The Turn-Ons,1966,tim tam and the turn-ons,tim tam,tim tam
Timbaland & Magoo,1998,timbaland & magoo,timbaland,timbaland
Timbaland & Magoo Featuring Missy Elliott,2003,timbaland & magoo,timbaland,timbaland
Timbaland Featuring Drake,2010,timbaland,timbaland,timbaland
Timbaland Featuring Justin Timberlake,2010,timbaland,timbaland,timbaland
Timbaland Featuring Katy Perry,2010,timbaland,timbaland,timbaland
Timbaland Featuring Keri Hilson,2008,timbaland,timbaland,timbaland
"Timbaland Featuring Missy ""Misdemeanor"" Elliott & Magoo",1998,timbaland,timbaland,timbaland
Timbaland Featuring Nelly Furtado & Justin Timberlake,2007,timbaland,timbaland,timbaland
Timbaland Featuring Nelly Furtado & SoShy,2009,timbaland,timbaland,timbaland
Timbaland Featuring OneRepublic,2008,timbaland,timbaland,timbaland
Timbaland Featuring The Fray & Esthero,2009,timbaland,timbaland,timbaland
"Timbaland, Nelly Furtado & Justin Timberlake",2023,"timbaland, nelly furtado & justin timberlake",timbaland,timbaland
Timbuk 3,1987,timbuk 3,timbuk 3,timbuk 3
Times Two,1988,times two,times two,times two
Timex Social Club,1986,timex social club,timex social club,timex social club
Timi Yuro,1965,timi yuro,timi yuro,timi yuro
Timmy Shaw,1964,timmy shaw,timmy shaw,timmy shaw
Timmy T.,1991,timmy t.,timmy t.,timmy t
Timmy Thomas,1984,timmy thomas,timmy thomas,timmy thomas
Timothy B. Schmit,1987,timothy b. schmit,timothy b. schmit,timothy b schmit
Tin Tin,1971,tin tin,tin tin,tin tin
Tina Arena,1996,tina arena,tina arena,tina arena
Tina Robin,1961,tina robin,tina robin,tina robin
Tina Turner,1996,tina turner,tina turner,tina turner
Tinashe,2024,tinashe,tinashe,tinashe
Tinashe Featuring ScHoolboy Q,2014,tinashe,tinashe,tinashe
Tinie Tempah Featuring Eric Turner,2011,tinie tempah,tinie tempah,tinie tempah
Tinie Tempah Featuring Wiz Khalifa,2011,tinie tempah,tinie tempah,tinie tempah
Tiny Tim,1969,tiny tim,tiny tim,tiny tim
Titiyo,1991,titiyo,titiyo,titiyo
Tito Double P,2025,tito double p,tito double p,tito double p
Tito Double P & Peso Pluma,2025,tito double p & peso pluma,tito double p,tito double p
Titus Turner,1961,titus turner,titus turner,titus turner
To Be Continued...,1994,to be continued...,to be continued...,to be continued
Toad The Wet Sprocket,1995,toad the wet sprocket,toad the wet sprocket,toad the wet sprocket
Tobin Mathews & Co.,1960,tobin mathews & co.,tobin mathews,tobin mathews
Toby Beau,1980,toby beau,toby beau,toby beau
Toby Keith,2025,toby keith,toby keith,toby keith
Toby Keith Duet With Willie Nelson,2003,toby keith duet with willie nelson,toby keith,toby keith
Toby Keith With Sting,1998,toby keith with sting,toby keith,toby keith
Toby Love Featuring Rakim & Ken-Y,2006,toby love,toby love,toby love
Today's People,1973,today's people,today's people,todays people
Todd Rundgren,1983,todd rundgren,todd rundgren,todd rundgren
Together? (Soundtrack) Featuring Jackie DeShannon,1980,together?,together?,together
Tom Clay,1971,tom clay,tom clay,tom clay
Tom Cochrane,1992,tom cochrane,tom cochrane,tom cochrane
Tom Glazer And The Do-Re-Mi Children's Chorus,1963,tom glazer and the do-re-mi children's chorus,tom glazer,tom glazer
Tom Johnston,1980,tom johnston,tom johnston,tom johnston
Tom Jones,1977,tom jones,tom jones,tom jones
Tom Kimmel,1987,tom kimmel,tom kimmel,tom kimmel
Tom MacDonald,2025,tom macdonald,tom macdonald,tom macdonald
Tom MacDonald X Ben Shapiro,2024,tom macdonald x ben shapiro,tom macdonald,tom macdonald
Tom Northcott,1968,tom northcott,tom northcott,tom northcott
Tom Petty,2006,tom petty,tom petty,tom petty
Tom Petty & The Heartbreakers With Stevie Nicks,1986,tom petty & the heartbreakers with stevie nicks,tom petty,tom petty
Tom Petty And The Heartbreakers,1996,tom petty and the heartbreakers,tom petty,tom petty
Tom Powers,1977,tom powers,tom powers,tom powers
Tom Scott,1976,tom scott,tom scott,tom scott
Tom T. Hall,1975,tom t. hall,tom t. hall,tom t hall
Tom Tom Club,1982,tom tom club,tom tom club,tom tom club
Tom and Jerrio,1965,tom and jerrio,tom,tom
Tommy Boyce,1962,tommy boyce,tommy boyce,tommy boyce
Tommy Boyce & Bobby Hart,1968,tommy boyce & bobby hart,tommy boyce,tommy boyce
Tommy Cash,1970,tommy cash,tommy cash,tommy cash
Tommy Conwell And The Young Rumblers,1989,tommy conwell and the young rumblers,tommy conwell,tommy conwell
Tommy Dee with Carol Kay and the Teen-Aires,1959,tommy dee with carol kay and the teen-aires,tommy dee,tommy dee
Tommy Edwards,1960,tommy edwards,tommy edwards,tommy edwards
Tommy Facenda,1960,tommy facenda,tommy facenda,tommy facenda
Tommy Hunt,1963,tommy hunt,tommy hunt,tommy hunt
Tommy James,1981,tommy james,tommy james,tommy james
Tommy James And The Shondells,1970,tommy james and the shondells,tommy james,tommy james
Tommy Lee,2005,tommy lee,tommy lee,tommy lee
Tommy Leonetti,1969,tommy leonetti,tommy leonetti,tommy leonetti
Tommy Mara,1958,tommy mara,tommy mara,tommy mara
Tommy McLain,1966,tommy mclain,tommy mclain,tommy mclain
Tommy Page,1990,tommy page,tommy page,tommy page
Tommy Richman,2025,tommy richman,tommy richman,tommy richman
Tommy Roe,1973,tommy roe,tommy roe,tommy roe
Tommy Sands,1960,tommy sands,tommy sands,tommy sands
Tommy Sands And The Raiders,1959,tommy sands and the raiders,tommy sands,tommy sands
Tommy Shane Steiner,2002,tommy shane steiner,tommy shane steiner,tommy shane steiner
Tommy Shaw,1988,tommy shaw,tommy shaw,tommy shaw
Tommy Tucker,1964,tommy tucker,tommy tucker,tommy tucker
Tommy Tutone,1982,tommy tutone,tommy tutone,tommy tutone
Tompall & The Glaser Brothers,1969,tompall & the glaser brothers,tompall,tompall
Tone-Loc,1992,tone-loc,tone-loc,toneloc
Tones And I,2020,tones and i,tones,tones
Toni Arden,1958,toni arden,toni arden,toni arden
Toni Basil,1984,toni basil,toni basil,toni basil
Toni Braxton,2000,toni braxton,toni braxton,toni braxton
Toni Braxton Featuring Loon,2003,toni braxton,toni braxton,toni braxton
Toni Childs,1988,toni childs,toni childs,toni childs
Toni Fisher,1962,toni fisher,toni fisher,toni fisher
Tony And Joe,1958,tony and joe,tony,tony
Tony Bellus,1959,tony bellus,tony bellus,tony bellus
Tony Bennett,1967,tony bennett,tony bennett,tony bennett
Tony Bennett & Amy Winehouse,2011,tony bennett & amy winehouse,tony bennett,tony bennett
Tony Burrows,1970,tony burrows,tony burrows,tony burrows
Tony Camillo's Bazuka,1975,tony camillo's bazuka,tony camillo's bazuka,tony camillos bazuka
Tony Carey,1984,tony carey,tony carey,tony carey
Tony Clarke,1965,tony clarke,tony clarke,tony clarke
Tony Cole,1972,tony cole,tony cole,tony cole
Tony Dallara,1959,tony dallara,tony dallara,tony dallara
Tony Joe White,1980,tony joe white,tony joe white,tony joe white
Tony Lucca,2012,tony lucca,tony lucca,tony lucca
Tony Orlando,1979,tony orlando,tony orlando,tony orlando
Tony Orlando & Dawn,1977,tony orlando & dawn,tony orlando,tony orlando
Tony Terry,1992,tony terry,tony terry,tony terry
Tony Thompson,1995,tony thompson,tony thompson,tony thompson
Tony Yayo Featuring 50 Cent,2005,tony yayo,tony yayo,tony yayo
Tony! Toni! Tone!,1997,tony! toni! tone!,tony! toni! tone!,tony toni tone
Too $hort,1998,too $hort,too $hort,too short
Too Short & Lil' Kim,1997,too short & lil' kim,too short,too short
Too Short Featuring Lil Jon & The East Side Boyz,2004,too short,too short,too short
Too Short Featuring Parliament Funkadelic,1996,too short,too short,too short
Tool,2019,tool,tool,tool
Toosii,2023,toosii,toosii,toosii
Topic & A7S,2020,topic & a7s,topic,topic
Tora Tora,1989,tora tora,tora tora,tora tora
Tori Amos,1999,tori amos,tori amos,tori amos
Tori Kelly,2016,tori kelly,tori kelly,tori kelly
Toronto,1982,toronto,toronto,toronto
"Torrey Carter Featuring Missy ""Misdemeanor"" Elliott",2000,torrey carter,torrey carter,torrey carter
Tory Lanez,2023,tory lanez,tory lanez,tory lanez
Tory Lanez & Rich The Kid,2019,tory lanez & rich the kid,tory lanez,tory lanez
Tory Lanez & T-Pain,2020,tory lanez & t-pain,tory lanez,tory lanez
Tory Lanez Featuring Chris Brown,2019,tory lanez,tory lanez,tory lanez
Tory Lanez Featuring Snoop Dogg,2019,tory lanez,tory lanez,tory lanez
Total,1999,total,total,total
Total Coelo,1983,total coelo,total coelo,total coelo
Total Featuring Missy Elliott,1999,total,total,total
Total Featuring The Notorious B.I.G.,1995,total,total,total
Toto,1988,toto,toto,toto
Touch,1981,touch,touch,touch
Toussaint McCall,1967,toussaint mccall,toussaint mccall,toussaint mccall
Tove Lo,2016,tove lo,tove lo,tove lo
Tower of Power,1976,tower of power,tower of power,tower of power
Toya,2002,toya,toya,toya
Trace Adkins,2011,trace adkins,trace adkins,trace adkins
Tracey Dey,1964,tracey dey,tracey dey,tracey dey
Tracey Lee,1997,tracey lee,tracey lee,tracey lee
Tracey Ullman,1984,tracey ullman,tracey ullman,tracey ullman
Tracie Spencer,2000,tracie spencer,tracie spencer,tracie spencer
Tracy Byrd,2004,tracy byrd,tracy byrd,tracy byrd
Tracy Chapman,2024,tracy chapman,tracy chapman,tracy chapman
Tracy Lawrence,2007,tracy lawrence,tracy lawrence,tracy lawrence
Trade Martin,1962,trade martin,trade martin,trade martin
Traffic,1972,traffic,traffic,traffic
Traffic featuring Stevie Winwood,1967,traffic,traffic,traffic
"Traffic, Etc.",1971,"traffic, etc.",traffic,traffic
"Tragedy, Capone, Infinite",1998,"tragedy, capone, infinite",tragedy,tragedy
Train,2017,train,train,train
Train Featuring Ashley Monroe,2013,train,train,train
Trans-X,1986,trans-x,trans-,trans
Transvision Vamp,1988,transvision vamp,transvision vamp,transvision vamp
"Trapp Featuring 2Pac, Notorious B.I.G.",1997,trapp,trapp,trapp
Trapt,2004,trapt,trapt,trapt
Traveling Wilburys,1989,traveling wilburys,traveling wilburys,traveling wilburys
Travi$ Scott Featuring Future & 2 Chainz,2015,travi$ scott,travi$ scott,travis scott
Travie McCoy Featuring Bruno Mars,2010,travie mccoy,travie mccoy,travie mccoy
Travie McCoy Featuring Jason Mraz,2013,travie mccoy,travie mccoy,travie mccoy
Travis & Bob,1959,travis & bob,travis,travis
Travis Denning,2020,travis denning,travis denning,travis denning
Travis Porter,2011,travis porter,travis porter,travis porter
Travis Porter Featuring Tyga,2012,travis porter,travis porter,travis porter
Travis Scott,2025,travis scott,travis scott,travis scott
Travis Scott & Beyonce,2023,travis scott & beyonce,travis scott,travis scott
Travis Scott & Don Toliver,2025,travis scott & don toliver,travis scott,travis scott
Travis Scott & Glorilla,2025,travis scott & glorilla,travis scott,travis scott
Travis Scott & HVME,2021,travis scott & hvme,travis scott,travis scott
Travis Scott Featuring Drake,2023,travis scott,travis scott,travis scott
Travis Scott Featuring James Blake & 21 Savage,2023,travis scott,travis scott,travis scott
Travis Scott Featuring Kid Cudi,2023,travis scott,travis scott,travis scott
Travis Scott Featuring Lil Uzi Vert & Kanye West,2018,travis scott,travis scott,travis scott
Travis Scott Featuring Playboi Carti,2024,travis scott,travis scott,travis scott
Travis Scott Featuring Rob49 & 21 Savage,2023,travis scott,travis scott,travis scott
Travis Scott Featuring SZA & Future,2023,travis scott,travis scott,travis scott
Travis Scott Featuring Teezo Touchdown,2023,travis scott,travis scott,travis scott
Travis Scott Featuring The Weeknd & Swae Lee,2023,travis scott,travis scott,travis scott
Travis Scott Featuring Westside Gunn,2023,travis scott,travis scott,travis scott
Travis Scott Featuring Young Thug,2023,travis scott,travis scott,travis scott
Travis Scott Featuring Young Thug & M.I.A.,2020,travis scott,travis scott,travis scott
Travis Scott Featuring Yung Lean & Dave Chappelle,2023,travis scott,travis scott,travis scott
"Travis Scott, Bad Bunny & The Weeknd",2023,"travis scott, bad bunny & the weeknd",travis scott,travis scott
"Travis Scott, Playboi Carti & Future",2025,"travis scott, playboi carti & future",travis scott,travis scott
"Travis Scott, Sheck Wes & Don Toliver",2025,"travis scott, sheck wes & don toliver",travis scott,travis scott
Travis Tritt,2002,travis tritt,travis tritt,travis tritt
Travis Wammack,1975,travis wammack,travis wammack,travis wammack
Tre,1997,tre,tre,tre
Trent Tomlinson,2007,trent tomlinson,trent tomlinson,trent tomlinson
Trevor Daniel,2020,trevor daniel,trevor daniel,trevor daniel
Trevor Daniel x Selena Gomez,2020,trevor daniel x selena gomez,trevor daniel,trevor daniel
Trey Lewis,2020,trey lewis,trey lewis,trey lewis
Trey Lorenz,1993,trey lorenz,trey lorenz,trey lorenz
Trey Songz,2017,trey songz,trey songz,trey songz
Trey Songz Featuring Drake,2011,trey songz,trey songz,trey songz
Trey Songz Featuring Fabolous,2010,trey songz,trey songz,trey songz
Trey Songz Featuring Gucci Mane & Soulja Boy Tell'em,2009,trey songz,trey songz,trey songz
Trey Songz Featuring Nicki Minaj,2015,trey songz,trey songz,trey songz
Trey Songz Featuring T.I.,2012,trey songz,trey songz,trey songz
Trey Songz Featuring Twista,2005,trey songz,trey songz,trey songz
Tricia Leigh Fisher,1990,tricia leigh fisher,tricia leigh fisher,tricia leigh fisher
Trick Daddy,2001,trick daddy,trick daddy,trick daddy
Trick Daddy Featuring Cee-Lo & Big Boi,2002,trick daddy,trick daddy,trick daddy
"Trick Daddy Featuring Duece Poppito, Trina, Co",2000,trick daddy,trick daddy,trick daddy
Trick Daddy Featuring LaTocha Scott,2003,trick daddy,trick daddy,trick daddy
Trick Daddy Featuring Lil Jon & Twista,2005,trick daddy,trick daddy,trick daddy
"Trick Daddy Featuring Ludacris, Lil' Kim & Cee-Lo",2005,trick daddy,trick daddy,trick daddy
Trick Daddy Featuring The SNS Express,2001,trick daddy,trick daddy,trick daddy
Trick Daddy Featuring Trina,1999,trick daddy,trick daddy,trick daddy
Trick Pony,2001,trick pony,trick pony,trick pony
Trick-Trick Featuring Eminem,2005,trick-trick,trick-trick,tricktrick
Trillville,2004,trillville,trillville,trillville
Trillville Featuring Cutty,2005,trillville,trillville,trillville
Trilogy,1991,trilogy,trilogy,trilogy
Trina,2000,trina,trina,trina
Trina & Tamara,1999,trina & tamara,trina,trina
Trina Featuring Kelly Rowland,2006,trina,trina,trina
Trina Featuring Ludacris,2003,trina,trina,trina
Trini Lopez,1968,trini lopez,trini lopez,trini lopez
Trinidad James,2013,trinidad james,trinidad james,trinidad james
Trippie Redd,2020,trippie redd,trippie redd,trippie redd
Trippie Redd & Don Toliver,2022,trippie redd & don toliver,trippie redd,trippie redd
Trippie Redd & Juice WRLD,2023,trippie redd & juice wrld,trippie redd,trippie redd
Trippie Redd & Playboi Carti,2021,trippie redd & playboi carti,trippie redd,trippie redd
Trippie Redd & Travis Scott,2023,trippie redd & travis scott,trippie redd,trippie redd
Trippie Redd Featuring DaBaby,2020,trippie redd,trippie redd,trippie redd
Trippie Redd Featuring Drake,2021,trippie redd,trippie redd,trippie redd
Trippie Redd Featuring Juice WRLD,2021,trippie redd,trippie redd,trippie redd
Trippie Redd Featuring Juice WRLD & YNW Melly,2019,trippie redd,trippie redd,trippie redd
Trippie Redd Featuring Kodie Shane,2018,trippie redd,trippie redd,trippie redd
Trippie Redd Featuring Lil Baby & Lil Duke,2019,trippie redd,trippie redd,trippie redd
Trippie Redd Featuring Lil Durk & Polo G,2021,trippie redd,trippie redd,trippie redd
Trippie Redd Featuring Lil Uzi Vert,2021,trippie redd,trippie redd,trippie redd
Trippie Redd Featuring Ski Mask The Slump God,2021,trippie redd,trippie redd,trippie redd
Trippie Redd Featuring SoFaygo,2021,trippie redd,trippie redd,trippie redd
Trippie Redd Featuring Travis Scott,2018,trippie redd,trippie redd,trippie redd
Trippie Redd Featuring XXXTENTACION,2021,trippie redd,trippie redd,trippie redd
Trippie Redd Featuring YoungBoy Never Broke Again,2019,trippie redd,trippie redd,trippie redd
"Trippie Redd, Future & Lil Baby",2023,"trippie redd, future & lil baby",trippie redd,trippie redd
"Trippie Redd, Moneybagg Yo & Offset",2022,"trippie redd, moneybagg yo & offset",trippie redd,trippie redd
Trisha Yearwood,2005,trisha yearwood,trisha yearwood,trisha yearwood
Triumph,1986,triumph,triumph,triumph
Trixter,1991,trixter,trixter,trixter
Troop,1992,troop,troop,troop
Troop 41,2011,troop 41,troop 41,troop 41
Trooper,1978,trooper,trooper,trooper
Troy Keyes,1968,troy keyes,troy keyes,troy keyes
Troy Newman,1991,troy newman,troy newman,troy newman
Troy Shondell,1962,troy shondell,troy shondell,troy shondell
Troye Sivan,2023,troye sivan,troye sivan,troye sivan
Tru Featuring Ice Cream Man (Master P),1997,tru,tru,tru
Truth Hurts Featuring Rakim,2002,truth hurts,truth hurts,truth hurts
Tucker Beathard,2016,tucker beathard,tucker beathard,tucker beathard
Tucker Wetmore,2025,tucker wetmore,tucker wetmore,tucker wetmore
Tufano & Giammarese,1973,tufano & giammarese,tufano,tufano
Tupac Featuring The Notorious B.I.G.,2004,tupac,tupac,tupac
Tupac With Eminem Featuring The Outlawz,2004,tupac with eminem,tupac,tupac
Turley Richards,1980,turley richards,turley richards,turley richards
Tuxedo Junction,1978,tuxedo junction,tuxedo junction,tuxedo junction
Tweet,2002,tweet,tweet,tweet
Twennynine Featuring Lenny White,1980,twennynine,twennynine,twennynine
Twenty One Pilots,2025,twenty one pilots,twenty one pilots,twenty one pilots
Twice,2025,twice,twice,twice
Twilight 22,1984,twilight 22,twilight 22,twilight 22
Twinz,1995,twinz,twinz,twinz
Twista,2004,twista,twista,twista
Twista Featuring Chris Brown,2011,twista,twista,twista
Twista Featuring Erika Shevon,2009,twista,twista,twista
Twista Featuring Faith Evans,2005,twista,twista,twista
Twista Featuring Kanye West & Jamie Foxx,2004,twista,twista,twista
Twista Featuring Pitbull,2006,twista,twista,twista
Twista Featuring R. Kelly,2004,twista,twista,twista
Twista Featuring Trey Songz,2006,twista,twista,twista
Twisted Sister,1986,twisted sister,twisted sister,twisted sister
Ty Dolla $ign Featuring B.o.B,2014,ty dolla $ign,ty dolla $ign,ty dolla sign
Ty Dolla $ign Featuring E-40,2016,ty dolla $ign,ty dolla $ign,ty dolla sign
Ty Dolla $ign Featuring Future & Rae Sremmurd,2016,ty dolla $ign,ty dolla $ign,ty dolla sign
Ty Dolla $ign Featuring Nicki Minaj,2020,ty dolla $ign,ty dolla $ign,ty dolla sign
Ty Dolla $ign Featuring Post Malone,2020,ty dolla $ign,ty dolla $ign,ty dolla sign
Ty Dolla $ign Featuring Wiz Khalifa & DJ Mustard,2014,ty dolla $ign,ty dolla $ign,ty dolla sign
Ty Herndon,2000,ty herndon,ty herndon,ty herndon
Ty Myers,2025,ty myers,ty myers,ty myers
Tycoon,1979,tycoon,tycoon,tycoon
Tyga,2012,tyga,tyga,tyga
Tyga & Justin Bieber,2013,tyga & justin bieber,tyga,tyga
Tyga & Nicki Minaj,2019,tyga & nicki minaj,tyga,tyga
"Tyga Featuring Cedric Gervais, Wiz Khalifa & Mally Mall",2013,tyga,tyga,tyga
Tyga Featuring Chris Richardson,2011,tyga,tyga,tyga
Tyga Featuring Drake,2011,tyga,tyga,tyga
Tyga Featuring Lil Wayne,2012,tyga,tyga,tyga
Tyga Featuring Nicki Minaj,2012,tyga,tyga,tyga
Tyga Featuring Offset,2018,tyga,tyga,tyga
Tyga Featuring Rick Ross,2013,tyga,tyga,tyga
Tyga Featuring Travis McCoy,2008,tyga,tyga,tyga
Tyga Featuring Young Thug,2014,tyga,tyga,tyga
Tyga X Doja Cat,2022,tyga x doja cat,tyga,tyga
Tyla,2025,tyla,tyla,tyla
Tyla Yaweh & Post Malone,2020,tyla yaweh & post malone,tyla yaweh,tyla yaweh
Tyler Childers,2023,tyler childers,tyler childers,tyler childers
Tyler Collins,1995,tyler collins,tyler collins,tyler collins
Tyler Farr,2015,tyler farr,tyler farr,tyler farr
Tyler Hubbard,2025,tyler hubbard,tyler hubbard,tyler hubbard
"Tyler, the Creator",2025,"tyler, the creator",tyler,tyler
"Tyler, the Creator Featuring 42 Dugg",2021,"tyler, the creator",tyler,tyler
"Tyler, the Creator Featuring A$AP Rocky",2023,"tyler, the creator",tyler,tyler
"Tyler, the Creator Featuring Brent Faiyaz & Fana Hues",2021,"tyler, the creator",tyler,tyler
"Tyler, the Creator Featuring DJ Drama",2021,"tyler, the creator",tyler,tyler
"Tyler, the Creator Featuring Daisy World",2021,"tyler, the creator",tyler,tyler
"Tyler, the Creator Featuring Daniel Caesar",2025,"tyler, the creator",tyler,tyler
"Tyler, the Creator Featuring Daniel Caesar & Latoiya Williams",2024,"tyler, the creator",tyler,tyler
"Tyler, the Creator Featuring Doechii",2024,"tyler, the creator",tyler,tyler
"Tyler, the Creator Featuring Domo Genesis",2021,"tyler, the creator",tyler,tyler
"Tyler, the Creator Featuring Glorilla, Sexyy Red & Lil Wayne",2025,"tyler, the creator",tyler,tyler
"Tyler, the Creator Featuring Kali Uchis",2023,"tyler, the creator",tyler,tyler
"Tyler, the Creator Featuring Lil Uzi Vert & Pharrell Williams",2021,"tyler, the creator",tyler,tyler
"Tyler, the Creator Featuring Lil Wayne",2021,"tyler, the creator",tyler,tyler
"Tyler, the Creator Featuring Lola Young",2025,"tyler, the creator",tyler,tyler
"Tyler, the Creator Featuring Madison McFerrin",2025,"tyler, the creator",tyler,tyler
"Tyler, the Creator Featuring ScHoolboy Q & Santigold",2024,"tyler, the creator",tyler,tyler
"Tyler, the Creator Featuring Sk8brd",2025,"tyler, the creator",tyler,tyler
"Tyler, the Creator Featuring Teezo Touchdown",2024,"tyler, the creator",tyler,tyler
"Tyler, the Creator Featuring YoungBoy Never Broke Again & Ty Dolla $ign",2021,"tyler, the creator",tyler,tyler
Tyrannosaurus Rex,1971,tyrannosaurus rex,tyrannosaurus rex,tyrannosaurus rex
Tyrese,2003,tyrese,tyrese,tyrese
Tyrone Davis,1983,tyrone davis,tyrone davis,tyrone davis
U.N.V.,1995,u.n.v.,u.n.v.,unv
U.S. 1,1975,u.s. 1,u.s. 1,us 1
U.S. Bonds,1961,u.s. bonds,u.s. bonds,us bonds
U2,2014,u2,u2,u2
U2 & Green Day,2007,u2 & green day,u2,u2
U2 With B.B. King,1989,u2 with b.b. king,u2,u2
UB40,1994,ub40,ub40,ub40
UGK Featuring OutKast,2007,ugk,ugk,ugk
US3,1994,us3,us3,us3
USA for Africa,1985,usa for africa,usa for africa,usa for africa
UTFO,1985,utfo,utfo,utfo
Ugly God,2017,ugly god,ugly god,ugly god
Ugly Kid Joe,1993,ugly kid joe,ugly kid joe,ugly kid joe
Ultimate,1979,ultimate,ultimate,ultimate
Ultra Nate,1997,ultra nate,ultra nate,ultra nate
Ultravox,1983,ultravox,ultravox,ultravox
Uncle Dog,1973,uncle dog,uncle dog,uncle dog
Uncle Kracker,2010,uncle kracker,uncle kracker,uncle kracker
Uncle Kracker Featuring Dobie Gray,2003,uncle kracker,uncle kracker,uncle kracker
Uncle Sam,1998,uncle sam,uncle sam,uncle sam
Underground Sunshine,1969,underground sunshine,underground sunshine,underground sunshine
Underworld,1989,underworld,underworld,underworld
Undisputed Truth,1977,undisputed truth,undisputed truth,undisputed truth
Unipop,1983,unipop,unipop,unipop
Unit Four plus Two,1965,unit four plus two,unit four plus two,unit four plus two
Universal Robot Band,1977,universal robot band,universal robot band,universal robot band
Unk,2007,unk,unk,unk
Uptown,1987,uptown,uptown,uptown
Urban Dance Squad,1991,urban dance squad,urban dance squad,urban dance squad
Urge Overkill,1995,urge overkill,urge overkill,urge overkill
Urgent,1985,urgent,urgent,urgent
Uriah Heep,1973,uriah heep,uriah heep,uriah heep
Usher,2014,usher,usher,usher
Usher & Michelle Chamuel,2013,usher & michelle chamuel,usher,usher
Usher And Alicia Keys,2005,usher and alicia keys,usher,usher
Usher Featuring Beyonce & Lil Wayne,2008,usher,usher,usher
Usher Featuring Jay-Z,2010,usher,usher,usher
Usher Featuring Juicy J,2015,usher,usher,usher
Usher Featuring Lil Jon & Ludacris,2024,usher,usher,usher
Usher Featuring Nicki Minaj,2014,usher,usher,usher
Usher Featuring Pitbull,2011,usher,usher,usher
Usher Featuring Plies,2010,usher,usher,usher
Usher Featuring Rick Ross,2012,usher,usher,usher
Usher Featuring Young Jeezy,2008,usher,usher,usher
Usher Featuring Young Thug,2016,usher,usher,usher
Usher Featuring will.i.am,2010,usher,usher,usher
"Usher, Summer Walker & 21 Savage",2024,"usher, summer walker & 21 savage",usher,usher
Utah Saints,1992,utah saints,utah saints,utah saints
Utopia,1983,utopia,utopia,utopia
V,2024,v,v,v
V & Bing Crosby,2024,v & bing crosby,v,v
V V Brown,2010,v v brown,v v brown,v v brown
V With Park Hyo Shin,2024,v with park hyo shin,v,v
V.I.C.,2012,v.i.c.,v.i.c.,vic
VEDO,2021,vedo,vedo,vedo
Valadiers,1961,valadiers,valadiers,valadiers
Valerie Simpson,1973,valerie simpson,valerie simpson,valerie simpson
Valjean on Piano,1962,valjean on piano,valjean on piano,valjean on piano
Van Dykes,1961,van dykes,van dykes,van dykes
Van Halen,2012,van halen,van halen,van halen
Van McCoy & The Soul City Symphony,1975,van mccoy & the soul city symphony,van mccoy,van mccoy
Van Mccoy,1976,van mccoy,van mccoy,van mccoy
Van Morrison,1978,van morrison,van morrison,van morrison
Van Stephenson,1984,van stephenson,van stephenson,van stephenson
Van Zant,2005,van zant,van zant,van zant
Vance Joy,2015,vance joy,vance joy,vance joy
Vandenberg,1983,vandenberg,vandenberg,vandenberg
Vanessa Anne Hudgens,2006,vanessa anne hudgens,vanessa anne hudgens,vanessa anne hudgens
Vanessa Carlton,2004,vanessa carlton,vanessa carlton,vanessa carlton
Vanessa Hudgens,2008,vanessa hudgens,vanessa hudgens,vanessa hudgens
Vanessa Williams,1996,vanessa williams,vanessa williams,vanessa williams
Vanessa Williams/Brian McKnight,1993,vanessa williams,vanessa williams,vanessa williams
Vangelis,1982,vangelis,vangelis,vangelis
Vanilla Fudge,1969,vanilla fudge,vanilla fudge,vanilla fudge
Vanilla Ice,1991,vanilla ice,vanilla ice,vanilla ice
Vanity,1986,vanity,vanity,vanity
Vanity Fare,1970,vanity fare,vanity fare,vanity fare
Various Artists,2005,various artists,various artists,various artists
Vaughan Brothers,1990,vaughan brothers,vaughan brothers,vaughan brothers
Vaughan Mason And Crew,1980,vaughan mason and crew,vaughan mason,vaughan mason
Vaughn Monroe,1959,vaughn monroe,vaughn monroe,vaughn monroe
Velvet Revolver,2005,velvet revolver,velvet revolver,velvet revolver
Vengaboys,1999,vengaboys,vengaboys,vengaboys
Verdelle Smith,1966,verdelle smith,verdelle smith,verdelle smith
Veronica (Featuring Craig Mack),1997,veronica,veronica,veronica
Vertical Horizon,2001,vertical horizon,vertical horizon,vertical horizon
Vesta,1989,vesta,vesta,vesta
Vic Damone,1965,vic damone,vic damone,vic damone
Vic Dana,1970,vic dana,vic dana,vic dana
Vicci Martinez,2011,vicci martinez,vicci martinez,vicci martinez
Vicious,1995,vicious,vicious,vicious
Vicki Anderson & James Brown,1967,vicki anderson & james brown,vicki anderson,vicki anderson
Vicki Lawrence,1975,vicki lawrence,vicki lawrence,vicki lawrence
Vicki Sue Robinson,1977,vicki sue robinson,vicki sue robinson,vicki sue robinson
Victor Lundberg,1967,victor lundberg,victor lundberg,victor lundberg
Victoria Monet,2024,victoria monet,victoria monet,victoria monet
Victorious Cast Featuring Victoria Justice,2011,victorious cast,victorious cast,victorious cast
Vigrass & Osborne,1972,vigrass & osborne,vigrass,vigrass
Vik Venus Alias: Your Main Moon Man,1969,vik venus alias: your main moon man,vik venus alias: your main moon man,vik venus alias your main moon man
Vikki Carr,1971,vikki carr,vikki carr,vikki carr
Village People,1979,village people,village people,village people
Vince Edwards,1962,vince edwards,vince edwards,vince edwards
Vince Gill,2001,vince gill,vince gill,vince gill
Vince Guaraldi Trio,2025,vince guaraldi trio,vince guaraldi trio,vince guaraldi trio
Vincent Bell,1970,vincent bell,vincent bell,vincent bell
Vincent Edwards,1962,vincent edwards,vincent edwards,vincent edwards
Violator Featuring Busta Rhymes,2001,violator,violator,violator
Vitamin C,2001,vitamin c,vitamin c,vitamin c
Vitamin C Featuring Lady Saw,1999,vitamin c,vitamin c,vitamin c
Vitamin Z,1985,vitamin z,vitamin z,vitamin z
Vito & The Salutations,1963,vito & the salutations,vito,vito
Vivian Green,2003,vivian green,vivian green,vivian green
Vixen,1990,vixen,vixen,vixen
Voice Of The Beehive,1996,voice of the beehive,voice of the beehive,voice of the beehive
Voices,1992,voices,voices,voices
Voices Of America,1986,voices of america,voices of america,voices of america
Voices Of Theory,1999,voices of theory,voices of theory,voices of theory
Voices That Care,1991,voices that care,voices that care,voices that care
Voyage,1979,voyage,voyage,voyage
Voyce,1992,voyce,voyce,voyce
Vybe,1995,vybe,vybe,vybe
WC & The Maad Circle,1995,wc & the maad circle,wc,wc
WC Featuring Jon B.,1998,wc,wc,wc
WC Featuring Nate Dogg,2002,wc,wc,wc
WC From Westside Connection,1998,wc from westside connection,wc from westside connection,wc from westside connection
Wa Wa Nee,1988,wa wa nee,wa wa nee,wa wa nee
Wade Flemons,1960,wade flemons,wade flemons,wade flemons
Wade Flemons and the Newcomers,1959,wade flemons and the newcomers,wade flemons,wade flemons
Wade Hayes,1998,wade hayes,wade hayes,wade hayes
Wadsworth Mansion,1971,wadsworth mansion,wadsworth mansion,wadsworth mansion
Waka Flocka Flame,2010,waka flocka flame,waka flocka flame,waka flocka flame
Waka Flocka Flame Featuring Drake,2012,waka flocka flame,waka flocka flame,waka flocka flame
Waka Flocka Flame Featuring Kebo Gotti,2011,waka flocka flame,waka flocka flame,waka flocka flame
"Waka Flocka Flame Featuring Nicki Minaj, Tyga & Flo Rida",2012,waka flocka flame,waka flocka flame,waka flocka flame
Waka Flocka Flame Featuring Roscoe Dash & Wale,2011,waka flocka flame,waka flocka flame,waka flocka flame
Waka Flocka Flame Featuring Trey Songz,2012,waka flocka flame,waka flocka flame,waka flocka flame
Waldo De Los Rios,1971,waldo de los rios,waldo de los rios,waldo de los rios
Wale,2016,wale,wale,wale
Wale Featuring J. Cole,2022,wale,wale,wale
Wale Featuring Jeremih,2020,wale,wale,wale
Wale Featuring Jeremih & Rick Ross,2012,wale,wale,wale
Wale Featuring Kid Cudi,2011,wale,wale,wale
Wale Featuring Lady Gaga,2009,wale,wale,wale
Wale Featuring Lil Wayne,2017,wale,wale,wale
Wale Featuring Meek Mill & Rick Ross,2011,wale,wale,wale
Wale Featuring Miguel,2012,wale,wale,wale
"Wale Featuring Rick Ross, Meek Mill & T-Pain",2012,wale,wale,wale
Wale Featuring Sam Dew,2013,wale,wale,wale
Wale Featuring Tiara Thomas Or Rihanna,2013,wale,wale,wale
Wale Featuring Usher,2015,wale,wale,wale
Walk the Moon,2018,walk the moon,walk the moon,walk the moon
Walker Hayes,2022,walker hayes,walker hayes,walker hayes
Wall Of Voodoo,1983,wall of voodoo,wall of voodoo,wall of voodoo
Wallace Brothers,1964,wallace brothers,wallace brothers,wallace brothers
Walter Brennan,1962,walter brennan,walter brennan,walter brennan
Walter Brennan With Billy Vaughn and his Orchestra,1960,walter brennan with billy vaughn and his orchestra,walter brennan,walter brennan
Walter Egan,1983,walter egan,walter egan,walter egan
Walter Jackson,1977,walter jackson,walter jackson,walter jackson
Walter Murphy,1982,walter murphy,walter murphy,walter murphy
Walter Murphy & The Big Apple Band,1976,walter murphy & the big apple band,walter murphy,walter murphy
Walter Wanderley,1966,walter wanderley,walter wanderley,walter wanderley
Wanda Jackson,1962,wanda jackson,wanda jackson,wanda jackson
Wang Chung,1989,wang chung,wang chung,wang chung
War,1982,war,war,war
Warrant,1992,warrant,warrant,warrant
Warren G,1997,warren g,warren g,warren g
Warren G & Nate Dogg,1994,warren g & nate dogg,warren g,warren g
Warren G Featuring Adina Howard,1997,warren g,warren g,warren g
Warren G Featuring Mack 10,1999,warren g,warren g,warren g
Warren G Featuring Ronald Isley,1997,warren g,warren g,warren g
Warren Storm,1958,warren storm,warren storm,warren storm
Warren Zeiders,2024,warren zeiders,warren zeiders,warren zeiders
Warren Zevon,1980,warren zevon,warren zevon,warren zevon
Was (Not Was),1989,was,was,was
Waterfront,1989,waterfront,waterfront,waterfront
Wax,1986,wax,wax,wax
Waylon,1981,waylon,waylon,waylon
Waylon & Willie,1982,waylon & willie,waylon,waylon
Waylon Jennings,1977,waylon jennings,waylon jennings,waylon jennings
Waylon Jennings & The Kimberlys,1969,waylon jennings & the kimberlys,waylon jennings,waylon jennings
Wayne Fontana & The Mindbenders,1965,wayne fontana & the mindbenders,wayne fontana,wayne fontana
Wayne Massey,1980,wayne massey,wayne massey,wayne massey
Wayne Newton,1980,wayne newton,wayne newton,wayne newton
Wayne Newton And The Newton Brothers,1963,wayne newton and the newton brothers,wayne newton,wayne newton
Wayne Wonder,2003,wayne wonder,wayne wonder,wayne wonder
We Five,1966,we five,we five,we five
We the Kings,2013,we the kings,we the kings,we the kings
We the Kings Featuring Demi Lovato,2010,we the kings,we the kings,we the kings
Webb Pierce,1960,webb pierce,webb pierce,webb pierce
Webbie Featuring Bun B,2005,webbie,webbie,webbie
Webbie Featuring Lil' Phat & Lil' Boosie,2008,webbie,webbie,webbie
Webstar & Young B Featuring The Voice Of Harlem,2007,webstar & young b,webstar,webstar
Wednesday,1974,wednesday,wednesday,wednesday
Weezer,2018,weezer,weezer,weezer
Wendy And Lisa,1987,wendy and lisa,wendy,wendy
Wendy Moten,1993,wendy moten,wendy moten,wendy moten
Wendy Waldman,1978,wendy waldman,wendy waldman,wendy waldman
Wes Montgomery,1968,wes montgomery,wes montgomery,wes montgomery
West Street Mob,1982,west street mob,west street mob,west street mob
Westlife,2000,westlife,westlife,westlife
Westside Connection,1997,westside connection,westside connection,westside connection
Westside Connection Featuring Nate Dogg,2004,westside connection,westside connection,westside connection
Wet Wet Wet,1994,wet wet wet,wet wet wet,wet wet wet
Wet Willie,1979,wet willie,wet willie,wet willie
Wham!,2025,wham!,wham!,wham
Wham! Featuring George Michael,2017,wham!,wham!,wham
Wham! U.K.,1983,wham! u.k.,wham! u.k.,wham uk
What Is This,1985,what is this,what is this,what is this
Whatnauts,1971,whatnauts,whatnauts,whatnauts
When In Rome,1989,when in rome,when in rome,when in rome
Whirlwind,1976,whirlwind,whirlwind,whirlwind
Whistle,1990,whistle,whistle,whistle
Whistling Jack Smith,1967,whistling jack smith,whistling jack smith,whistling jack smith
White Lion,1989,white lion,white lion,white lion
White Plains,1970,white plains,white plains,white plains
White Town,1997,white town,white town,white town
Whitehead Bros.,1994,whitehead bros.,whitehead bros.,whitehead bros
Whitesnake,1990,whitesnake,whitesnake,whitesnake
Whitney Houston,2012,whitney houston,whitney houston,whitney houston
Whitney Houston & CeCe Winans,1996,whitney houston & cece winans,whitney houston,whitney houston
Whitney Houston & Deborah Cox,2000,whitney houston & deborah cox,whitney houston,whitney houston
Whitney Houston & Enrique Iglesias,2000,whitney houston & enrique iglesias,whitney houston,whitney houston
Whitney Houston & Mariah Carey,1999,whitney houston & mariah carey,whitney houston,whitney houston
Whitney Houston Feat. Faith Evans & Kelly Price,1999,whitney houston,whitney houston,whitney houston
Who is Fancy,2015,who is fancy,who is fancy,who is fancy
WhoHeem,2020,whoheem,whoheem,whoheem
Whodini,1985,whodini,whodini,whodini
Why Don't We,2020,why don't we,why don't we,why dont we
Wilbert Harrison,1971,wilbert harrison,wilbert harrison,wilbert harrison
Wild Blue,1986,wild blue,wild blue,wild blue
Wild Cherry,1978,wild cherry,wild cherry,wild cherry
Wild Orchid,1997,wild orchid,wild orchid,wild orchid
Wildfire,1977,wildfire,wildfire,wildfire
Will Champlin,2013,will champlin,will champlin,will champlin
Will Smith,2005,will smith,will smith,will smith
Will Smith Featuring Dru Hill & Kool Mo Dee,1999,will smith,will smith,will smith
Will Smith Featuring K-Ci,2000,will smith,will smith,will smith
Will Smith Featuring Tra-Knox,2002,will smith,will smith,will smith
Will Young,2010,will young,will young,will young
Will to Power,1991,will to power,will to power,will to power
Willa Ford,2001,willa ford,willa ford,willa ford
Willi One Blood,1995,willi one blood,willi one blood,willi one blood
William Bell,1977,william bell,william bell,william bell
William DeVaughn,1974,william devaughn,william devaughn,william devaughn
William Michael Morgan,2016,william michael morgan,william michael morgan,william michael morgan
Willie Henderson,1974,willie henderson,willie henderson,willie henderson
Willie Henderson And The Soul Explosions,1970,willie henderson and the soul explosions,willie henderson,willie henderson
Willie Hutch,1975,willie hutch,willie hutch,willie hutch
Willie Max Featuring Raphael Saadiq,1999,willie max,willie max,willie max
Willie Mitchell,1969,willie mitchell,willie mitchell,willie mitchell
Willie Nelson,2006,willie nelson,willie nelson,willie nelson
Willie Tee,1965,willie tee,willie tee,willie tee
"Willis ""The Guard"" & Vigorish",1981,"willis ""the guard"" & vigorish","willis ""the guard""",willis the guard
Willow,2011,willow,willow,willow
Willow Featuring Travis Barker,2021,willow,willow,willow
Willy Alberti,1960,willy alberti,willy alberti,willy alberti
Wilmer And The Dukes,1968,wilmer and the dukes,wilmer,wilmer
Wilson Bros.,1979,wilson bros.,wilson bros.,wilson bros
Wilson Phillips,1992,wilson phillips,wilson phillips,wilson phillips
Wilson Pickett,1973,wilson pickett,wilson pickett,wilson pickett
Wilton Place Street Band,1977,wilton place street band,wilton place street band,wilton place street band
Wind,1969,wind,wind,wind
Winger,1991,winger,winger,winger
Wings,1979,wings,wings,wings
Wink Martindale,1961,wink martindale,wink martindale,wink martindale
Wisin & Yandel,2007,wisin & yandel,wisin,wisin
Wisin Featuring Jennifer Lopez & Ricky Martin,2014,wisin,wisin,wisin
Wisin Featuring Ozuna,2017,wisin,wisin,wisin
Witch Queen,1979,witch queen,witch queen,witch queen
Wiz Khalifa,2014,wiz khalifa,wiz khalifa,wiz khalifa
Wiz Khalifa & Iggy Azalea,2015,wiz khalifa & iggy azalea,wiz khalifa,wiz khalifa
Wiz Khalifa Featuring Akon,2012,wiz khalifa,wiz khalifa,wiz khalifa
Wiz Khalifa Featuring Charlie Puth,2016,wiz khalifa,wiz khalifa,wiz khalifa
Wiz Khalifa Featuring Lil Skies,2018,wiz khalifa,wiz khalifa,wiz khalifa
Wiz Khalifa Featuring Rae Sremmurd,2015,wiz khalifa,wiz khalifa,wiz khalifa
Wiz Khalifa Featuring Snoop Dogg & Ty Dolla $ign,2014,wiz khalifa,wiz khalifa,wiz khalifa
Wiz Khalifa Featuring Swae Lee,2018,wiz khalifa,wiz khalifa,wiz khalifa
Wiz Khalifa Featuring The Weeknd,2013,wiz khalifa,wiz khalifa,wiz khalifa
Wiz Khalifa Featuring Too $hort,2011,wiz khalifa,wiz khalifa,wiz khalifa
Wiz Khalifa Featuring Travi$ Scott,2016,wiz khalifa,wiz khalifa,wiz khalifa
Wiz Khalifa Featuring Ty Dolla $ign,2017,wiz khalifa,wiz khalifa,wiz khalifa
Wizkid Featuring Justin Bieber & Tems,2022,wizkid,wizkid,wizkid
Wolf,1983,wolf,wolf,wolf
Wonder Girls,2009,wonder girls,wonder girls,wonder girls
World Party,1987,world party,world party,world party
Wreckx-N-Effect,1993,wreckx-n-effect,wreckx-n-effect,wreckxneffect
Wu-Tang Clan,1994,wu-tang clan,wu-tang clan,wutang clan
Wyatt (Earp) McPherson,1961,wyatt,wyatt,wyatt
Wyclef Jean,1998,wyclef jean,wyclef jean,wyclef jean
"Wyclef Jean Featuring Akon, Lil Wayne & Niia",2008,wyclef jean,wyclef jean,wyclef jean
Wyclef Jean Featuring Claudette Ortiz,2002,wyclef jean,wyclef jean,wyclef jean
Wyclef Jean Featuring Mary J. Blige,2001,wyclef jean,wyclef jean,wyclef jean
Wyclef Jean Featuring Missy Elliott,2003,wyclef jean,wyclef jean,wyclef jean
Wyclef Jean Featuring Queen Pen & The Product,1998,wyclef jean,wyclef jean,wyclef jean
Wyclef Jean Featuring Refugee Allstars,1997,wyclef jean,wyclef jean,wyclef jean
Wynonna,2003,wynonna,wynonna,wynonna
X Ambassadors,2017,x ambassadors,,
X-Ecutioners,2002,x-ecutioners,,
XTC,1989,xtc,xtc,xtc
XXXTENTACION,2022,xxxtentacion,xxxtentacion,xxxtentacion
XXXTENTACION Featuring Joey Bada$$,2018,xxxtentacion,xxxtentacion,xxxtentacion
XXXTENTACION Featuring Kanye West & Travis Barker,2018,xxxtentacion,xxxtentacion,xxxtentacion
XXXTENTACION Featuring PnB Rock & Trippie Redd,2019,xxxtentacion,xxxtentacion,xxxtentacion
XXXTENTACION Featuring Trippie Redd,2018,xxxtentacion,xxxtentacion,xxxtentacion
XXXTENTACION x Lil Pump Featuring Maluma & Swae Lee,2019,xxxtentacion x lil pump,xxxtentacion,xxxtentacion
Xavi,2024,xavi,xavi,xavi
Xenia,2011,xenia,xenia,xenia
Xscape,1999,xscape,xscape,xscape
Xscape Featuring MC Lyte,1996,xscape,xscape,xscape
Xymox,1990,xymox,xymox,xymox
Xzibit,2001,xzibit,xzibit,xzibit
Xzibit Featuring Keri Hilson,2004,xzibit,xzibit,xzibit
Y&T,1985,y&t,y,y
Y2K & bbno$,2019,y2k & bbno$,y2k,y2k
YBN Nahmir,2018,ybn nahmir,ybn nahmir,ybn nahmir
YBN Nahmir Featuring 21 Savage,2021,ybn nahmir,ybn nahmir,ybn nahmir
YC Featuring Future,2011,yc,yc,yc
YG,2022,yg,yg,yg
"YG Featuring 2 Chainz, Big Sean & Nicki Minaj",2018,yg,yg,yg
YG Featuring A$AP Rocky,2018,yg,yg,yg
YG Featuring Drake,2014,yg,yg,yg
YG Featuring Drake & Kamaiyah,2016,yg,yg,yg
YG Featuring J. Cole & Moneybagg Yo,2022,yg,yg,yg
YG Featuring Jeezy & Rich Homie Quan,2014,yg,yg,yg
"YG Featuring Tyga, Snoop Dogg & Nipsey Hussle",2012,yg,yg,yg
YG Marley,2024,yg marley,yg marley,yg marley
"YG, Tyga & Jon Z",2019,"yg, tyga & jon z",yg,yg
YK Osiris,2019,yk osiris,yk osiris,yk osiris
YNW Melly,2019,ynw melly,ynw melly,ynw melly
YNW Melly & 9lokknine,2020,ynw melly & 9lokknine,ynw melly,ynw melly
YNW Melly & Juice WRLD,2020,ynw melly & juice wrld,ynw melly,ynw melly
YNW Melly Featuring Kanye West,2019,ynw melly,ynw melly,ynw melly
YNW Melly Featuring Lil Uzi Vert,2021,ynw melly,ynw melly,ynw melly
Yael Naim,2008,yael naim,yael naim,yael naim
Yahritza y Su Esencia,2022,yahritza y su esencia,yahritza y su esencia,yahritza y su esencia
Yahritza y Su Esencia x Grupo Frontera,2023,yahritza y su esencia x grupo frontera,yahritza y su esencia,yahritza y su esencia
Yaki-Da,1995,yaki-da,yaki-da,yakida
Yandel & Feid,2023,yandel & feid,yandel,yandel
Yankee Grey,2000,yankee grey,yankee grey,yankee grey
Yarbrough & Peoples,1986,yarbrough & peoples,yarbrough,yarbrough
Yasmeen Featuring Ghostface Killah,2002,yasmeen,yasmeen,yasmeen
Yasmin,1991,yasmin,yasmin,yasmin
Yaz,1982,yaz,yaz,yaz
Yazoo,1983,yazoo,yazoo,yazoo
Yazz And The Plastic Population,1988,yazz and the plastic population,yazz,yazz
Yeah Yeah Yeahs,2006,yeah yeah yeahs,yeah yeah yeahs,yeah yeah yeahs
Yeat,2024,yeat,yeat,yeat
Yeat Featuring Lil Uzi Vert,2022,yeat,yeat,yeat
Yeat Featuring YoungBoy Never Broke Again,2023,yeat,yeat,yeat
Yella Beezy,2018,yella beezy,yella beezy,yella beezy
"Yella Beezy, Gucci Mane & Quavo",2019,"yella beezy, gucci mane & quavo",yella beezy,yella beezy
Yello,1987,yello,yello,yello
Yellow Magic Orchestra,1980,yellow magic orchestra,yellow magic orchestra,yellow magic orchestra
Yellowcard,2011,yellowcard,yellowcard,yellowcard
Yes,1991,yes,yes,yes
Yfn Lucci,2020,yfn lucci,yfn lucci,yfn lucci
Yfn Lucci Featuring Migos & Trouble,2017,yfn lucci,yfn lucci,yfn lucci
Yfn Lucci Featuring PnB Rock,2017,yfn lucci,yfn lucci,yfn lucci
Ying Yang Twins,2005,ying yang twins,ying yang twins,ying yang twins
Ying Yang Twins Featuring Lil Jon & The East Side Boyz,2004,ying yang twins,ying yang twins,ying yang twins
Ying Yang Twins Featuring Mike Jones & Mr. ColliPark,2005,ying yang twins,ying yang twins,ying yang twins
Ying Yang Twins Featuring Pitbull,2006,ying yang twins,ying yang twins,ying yang twins
Ying Yang Twins Featuring Trick Daddy,2004,ying yang twins,ying yang twins,ying yang twins
Ying Yang Twins Featuring Wyclef,2006,ying yang twins,ying yang twins,ying yang twins
Yipes!!,1980,yipes!!,yipes!!,yipes
Ylvis,2014,ylvis,ylvis,ylvis
Yng Lvcas x Peso Pluma,2023,yng lvcas x peso pluma,yng lvcas,yng lvcas
Yo Gotti,2018,yo gotti,yo gotti,yo gotti
Yo Gotti Featuring E-40,2016,yo gotti,yo gotti,yo gotti
Yo Gotti Featuring Jeezy & YG,2013,yo gotti,yo gotti,yo gotti
Yo Gotti Featuring Lil Baby,2019,yo gotti,yo gotti,yo gotti
Yo Gotti Featuring Lil Wayne,2010,yo gotti,yo gotti,yo gotti
Yo Gotti Featuring Nicki Minaj,2017,yo gotti,yo gotti,yo gotti
Yo-Yo,1993,yo-yo,yo-yo,yoyo
Yo-Yo Featuring Ice Cube,1991,yo-yo,yo-yo,yoyo
Yoko Ono,1981,yoko ono,yoko ono,yoko ono
Yolanda Adams,2001,yolanda adams,yolanda adams,yolanda adams
Yolanda Be Cool & Dcup,2011,yolanda be cool & dcup,yolanda be cool,yolanda be cool
Young And Restless,1990,young and restless,young,young
Young Black Teenagers,1993,young black teenagers,young black teenagers,young black teenagers
Young Buck,2007,young buck,young buck,young buck
Young Dro Featuring T.I.,2006,young dro,young dro,young dro
Young Greatness,2016,young greatness,young greatness,young greatness
Young Gunz,2003,young gunz,young gunz,young gunz
Young Gunz Featuring Rell,2004,young gunz,young gunz,young gunz
Young Hearts,1968,young hearts,young hearts,young hearts
Young Jeezy,2007,young jeezy,young jeezy,young jeezy
Young Jeezy Featuring 2 Chainz,2013,young jeezy,young jeezy,young jeezy
Young Jeezy Featuring Akon,2006,young jeezy,young jeezy,young jeezy
Young Jeezy Featuring Jay-Z & Andre 3000,2012,young jeezy,young jeezy,young jeezy
Young Jeezy Featuring Kanye West,2008,young jeezy,young jeezy,young jeezy
Young Jeezy Featuring Lil Wayne,2011,young jeezy,young jeezy,young jeezy
Young Jeezy Featuring Mannie Fresh,2005,young jeezy,young jeezy,young jeezy
Young Jeezy Featuring Nas,2009,young jeezy,young jeezy,young jeezy
Young Jeezy Featuring Ne-Yo,2012,young jeezy,young jeezy,young jeezy
Young Jeezy Featuring Plies,2010,young jeezy,young jeezy,young jeezy
Young Jeezy Featuring R. Kelly,2007,young jeezy,young jeezy,young jeezy
Young M.A,2017,young m.a,young m.a,young ma
Young M.C.,1991,young m.c.,young m.c.,young mc
Young Money,2010,young money,young money,young money
Young Money Featuring Drake,2014,young money,young money,young money
Young Money Featuring Gucci Mane,2010,young money,young money,young money
Young Money Featuring Lloyd,2010,young money,young money,young money
Young Nudy Featuring 21 Savage,2023,young nudy,young nudy,young nudy
Young T & Bugsey Featuring Headie One,2020,young t & bugsey,young t,young t
Young Thug,2025,young thug,young thug,young thug
Young Thug & Gunna,2021,young thug & gunna,young thug,young thug
Young Thug & Gunna Featuring Drake,2021,young thug & gunna,young thug,young thug
Young Thug & Gunna Featuring Lil Baby & YTB Trench,2021,young thug & gunna,young thug,young thug
Young Thug & Gunna Featuring Travis Scott,2021,young thug & gunna,young thug,young thug
Young Thug & Gunna Featuring Yak Gotti & Lil Duke,2021,young thug & gunna,young thug,young thug
Young Thug And Travis Scott Featuring Quavo,2017,young thug and travis scott,young thug,young thug
Young Thug Featuring 21 Savage,2023,young thug,young thug,young thug
"Young Thug Featuring 21 Savage, Travis Scott & Yak Gotti",2023,young thug,young thug,young thug
Young Thug Featuring Drake,2023,young thug,young thug,young thug
Young Thug Featuring Future,2025,young thug,young thug,young thug
Young Thug Featuring Gunna,2020,young thug,young thug,young thug
Young Thug Featuring Gunna & Lil Baby,2018,young thug,young thug,young thug
Young Thug Featuring Lil Baby,2019,young thug,young thug,young thug
Young Thug Featuring Lil Uzi Vert,2023,young thug,young thug,young thug
Young Thug Featuring Lil Uzi Vert & Yung Kayo,2021,young thug,young thug,young thug
Young Thug Featuring Machine Gun Kelly,2019,young thug,young thug,young thug
Young Thug Featuring Nicki Minaj,2018,young thug,young thug,young thug
Young Thug Featuring Rowdy Rebel,2021,young thug,young thug,young thug
Young Thug Featuring Travis Scott,2023,young thug,young thug,young thug
Young Thug With Drake & Travis Scott,2022,young thug with drake & travis scott,young thug,young thug
Young Thug With Future & BSlime,2021,young thug with future & bslime,young thug,young thug
Young Thug With J. Cole & T-Shyne,2021,young thug with j. cole & t-shyne,young thug,young thug
Young Thug With Juice WRLD,2021,young thug with juice wrld,young thug,young thug
Young Thug With Post Malone & A$AP Rocky,2021,young thug with post malone & a$ap rocky,young thug,young thug
"Young Thug, J. Cole & Travis Scott",2019,"young thug, j. cole & travis scott",young thug,young thug
Young the Giant,2012,young the giant,young the giant,young the giant
Young-Holt Unlimited,1969,young-holt unlimited,young-holt unlimited,youngholt unlimited
YoungBloodZ,2006,youngbloodz,youngbloodz,youngbloodz
YoungBloodZ Featuring Lil Jon,2004,youngbloodz,youngbloodz,youngbloodz
YoungBoy Never Broke Again,2025,youngboy never broke again,youngboy never broke again,youngboy never broke again
YoungBoy Never Broke Again & Birdman,2022,youngboy never broke again & birdman,youngboy never broke again,youngboy never broke again
YoungBoy Never Broke Again & Rod Wave,2023,youngboy never broke again & rod wave,youngboy never broke again,youngboy never broke again
YoungBoy Never Broke Again Featuring DaBaby,2020,youngboy never broke again,youngboy never broke again,youngboy never broke again
YoungBoy Never Broke Again Featuring Kevin Gates & Quando Rondo,2018,youngboy never broke again,youngboy never broke again,youngboy never broke again
YoungBoy Never Broke Again Featuring Lil Baby,2020,youngboy never broke again,youngboy never broke again,youngboy never broke again
YoungBoy Never Broke Again Featuring Lil Wayne,2020,youngboy never broke again,youngboy never broke again,youngboy never broke again
YoungBoy Never Broke Again Featuring Nicki Minaj,2023,youngboy never broke again,youngboy never broke again,youngboy never broke again
YoungBoy Never Broke Again Featuring Rod Wave,2022,youngboy never broke again,youngboy never broke again,youngboy never broke again
YoungBoy Never Broke Again Featuring Sherhonda Gaulden,2020,youngboy never broke again,youngboy never broke again,youngboy never broke again
Youngstown,1999,youngstown,youngstown,youngstown
Youssou N'Dour & Neneh Cherry,1994,youssou n'dour & neneh cherry,youssou n'dour,youssou ndour
Yung Berg Featuring Casha,2008,yung berg,yung berg,yung berg
Yung Berg Featuring Junior,2007,yung berg,yung berg,yung berg
Yung Bleu & Kehlani,2022,yung bleu & kehlani,yung bleu,yung bleu
Yung Bleu Featuring Drake,2021,yung bleu,yung bleu,yung bleu
"Yung Bleu, Chris Brown & 2 Chainz",2022,"yung bleu, chris brown & 2 chainz",yung bleu,yung bleu
Yung Gravy,2022,yung gravy,yung gravy,yung gravy
Yung Joc,2006,yung joc,yung joc,yung joc
Yung Joc Featuring Brandy 'Ms. B.' Hambrick,2006,yung joc,yung joc,yung joc
Yung Joc Featuring Gorilla Zoe,2007,yung joc,yung joc,yung joc
Yung Joc Featuring Marques Houston & Trey Songz,2007,yung joc,yung joc,yung joc
Yung L.A. Featuring Young Dro & T.I.,2009,yung l.a.,yung l.a.,yung la
Yung Miami,2021,yung miami,yung miami,yung miami
"Yung Wun Featuring DMX, Lil' Flip & David Banner",2004,yung wun,yung wun,yung wun
Yutaka,1981,yutaka,yutaka,yutaka
Yvette Michele,1997,yvette michele,yvette michele,yvette michele
Yvonne,1990,yvonne,yvonne,yvonne
Yvonne Baker and the Sensations,1962,yvonne baker and the sensations,yvonne baker,yvonne baker
Yvonne Elliman,1980,yvonne elliman,yvonne elliman,yvonne elliman
Yvonne Fair,1976,yvonne fair,yvonne fair,yvonne fair
Z.Z. Hill,1971,z.z. hill,z.z. hill,zz hill
ZAYN,2020,zayn,zayn,zayn
ZAYN / Taylor Swift,2017,zayn,zayn,zayn
ZAYN Featuring PARTYNEXTDOOR,2017,zayn,zayn,zayn
ZAYN Featuring Sia,2018,zayn,zayn,zayn
ZZ Top,1991,zz top,zz top,zz top
Zac Brown Band,2023,zac brown band,zac brown band,zac brown band
Zac Brown Band Featuring Alan Jackson,2011,zac brown band,zac brown band,zac brown band
Zac Brown Band Featuring Jimmy Buffett,2011,zac brown band,zac brown band,zac brown band
Zac Efron,2007,zac efron,zac efron,zac efron
Zac Efron & Vanessa Anne Hudgens,2007,zac efron & vanessa anne hudgens,zac efron,zac efron
Zac Efron & Vanessa Hudgens,2008,zac efron & vanessa hudgens,zac efron,zac efron
Zac Efron & Zendaya,2018,zac efron & zendaya,zac efron,zac efron
"Zac Efron, Andrew Seeley & Vanessa Anne Hudgens",2006,"zac efron, andrew seeley & vanessa anne hudgens",zac efron,zac efron
Zach Bryan,2025,zach bryan,zach bryan,zach bryan
Zach Bryan & Noeline Hofmann,2024,zach bryan & noeline hofmann,zach bryan,zach bryan
Zach Bryan Featuring Bon Iver,2023,zach bryan,zach bryan,zach bryan
Zach Bryan Featuring Bruce Springsteen,2024,zach bryan,zach bryan,zach bryan
Zach Bryan Featuring Gabriella Rose,2025,zach bryan,zach bryan,zach bryan
Zach Bryan Featuring John Mayer,2024,zach bryan,zach bryan,zach bryan
Zach Bryan Featuring John Moreland,2024,zach bryan,zach bryan,zach bryan
Zach Bryan Featuring Kacey Musgraves,2024,zach bryan,zach bryan,zach bryan
Zach Bryan Featuring Kings of Leon,2025,zach bryan,zach bryan,zach bryan
Zach Bryan Featuring Maggie Rogers,2023,zach bryan,zach bryan,zach bryan
Zach Bryan Featuring Noah Kahan,2023,zach bryan,zach bryan,zach bryan
Zach Bryan Featuring Sierra Ferrell,2023,zach bryan,zach bryan,zach bryan
Zach Bryan Featuring The Lumineers,2023,zach bryan,zach bryan,zach bryan
Zach Bryan Featuring The War And Treaty,2024,zach bryan,zach bryan,zach bryan
Zach Sobiech,2013,zach sobiech,zach sobiech,zach sobiech
Zach Top,2025,zach top,zach top,zach top
Zager & Evans,1969,zager & evans,zager,zager
Zapp,1980,zapp,zapp,zapp
Zapp & Roger,1994,zapp & roger,zapp,zapp
Zara Larsson,2019,zara larsson,zara larsson,zara larsson
Zara Larsson & MNEK,2016,zara larsson & mnek,zara larsson,zara larsson
Zay Hilfigerrr & Zayion McCall,2017,zay hilfigerrr & zayion mccall,zay hilfigerrr,zay hilfigerrr
Zebra,1983,zebra,zebra,zebra
Zedd & Alessia Cara,2017,zedd & alessia cara,zedd,zedd
Zedd & Elley Duhe,2018,zedd & elley duhe,zedd,zedd
Zedd & Katy Perry,2019,zedd & katy perry,zedd,zedd
Zedd & Kesha,2016,zedd & kesha,zedd,zedd
Zedd & Liam Payne,2017,zedd & liam payne,zedd,zedd
Zedd Featuring Foxes,2013,zedd,zedd,zedd
Zedd Featuring Hayley Williams,2014,zedd,zedd,zedd
Zedd Featuring Jon Bellion,2015,zedd,zedd,zedd
Zedd Featuring Selena Gomez,2015,zedd,zedd,zedd
"Zedd, Maren Morris & Grey",2018,"zedd, maren morris & grey",zedd,zedd
Zendaya,2014,zendaya,zendaya,zendaya
Zendaya Featuring Chris Brown,2016,zendaya,zendaya,zendaya
Zhane,1997,zhane,zhane,zhane
Ziggy Marley And The Melody Makers,1991,ziggy marley and the melody makers,ziggy marley,ziggy marley
Zombie Nation,2000,zombie nation,zombie nation,zombie nation
Zwol,1979,zwol,zwol,zwol
a-ha,1987,a-ha,a-ha,aha
blink-182,2023,blink-182,blink-182,blink182
d4vd,2025,d4vd,d4vd,d4vd
dc Talk,1997,dc talk,dc talk,dc talk
dog's eye view,1996,dog's eye view,dog's eye view,dogs eye view
for KING & COUNTRY,2019,for king & country,for king,for king
fun.,2013,fun.,fun.,fun
fun. Featuring Janelle Monae,2012,fun.,fun.,fun
iLoveMemphis,2016,ilovememphis,ilovememphis,ilovememphis
iio,2002,iio,iio,iio
jessie murph,2025,jessie murph,jessie murph,jessie murph
jessie murph & Jelly Roll,2024,jessie murph & jelly roll,jessie murph,jessie murph
jessie murph With Teddy Swims,2024,jessie murph with teddy swims,jessie murph,jessie murph
k.d. lang,2010,k.d. lang,k.d. lang,kd lang
lovelytheband,2018,lovelytheband,lovelytheband,lovelytheband
matchbox 20,1999,matchbox 20,matchbox 20,matchbox 20
muni long,2024,muni long,muni long,muni long
sombr,2025,sombr,sombr,sombr
t.A.T.u.,2003,t.a.t.u.,t.a.t.u.,tatu
wifiskeleton & i wanna be a jack-o-lantern,2025,wifiskeleton & i wanna be a jack-o-lantern,wifiskeleton,wifiskeleton
will.i.am,2009,will.i.am,will.i.am,william
will.i.am & Britney Spears,2013,will.i.am & britney spears,will.i.am,william
will.i.am & Nicki Minaj,2011,will.i.am & nicki minaj,will.i.am,william
will.i.am Featuring Justin Bieber,2013,will.i.am,will.i.am,william
will.i.am Featuring Mick Jagger & Jennifer Lopez,2012,will.i.am,will.i.am,william
will.i.am Featuring Miley Cyrus,2013,will.i.am,will.i.am,william
"will.i.am Featuring Miley Cyrus, French Montana, Wiz Khalifa & DJ Mustard",2014,will.i.am,will.i.am,william
¥$: Kanye West & Ty Dolla $ign,2024,¥$: kanye west & ty dolla $ign,¥$: kanye west,s kanye west
¥$: Kanye West & Ty Dolla $ign Featuring Future,2024,¥$: kanye west & ty dolla $ign,¥$: kanye west,s kanye west
"¥$: Kanye West & Ty Dolla $ign Featuring Playboi Carti, Kodak Black & Don Toliver",2024,¥$: kanye west & ty dolla $ign,¥$: kanye west,s kanye west
¥$: Ye & Ty Dolla $ign,2024,¥$: ye & ty dolla $ign,¥$: ye,s ye
¥$: Ye & Ty Dolla $ign Featuring Lil Durk & Bump J,2024,¥$: ye & ty dolla $ign,¥$: ye,s ye
¥$: Ye & Ty Dolla $ign Featuring North West,2024,¥$: ye & ty dolla $ign,¥$: ye,s ye
¥$: Ye & Ty Dolla $ign Featuring Rich The Kid & Playboi Carti,2024,¥$: ye & ty dolla $ign,¥$: ye,s ye
