1958-08-11,Blues,2
1958-08-11,Classical,1
1958-08-11,Country,6
1958-08-11,Folk,1
1958-08-11,Gospel,3
1958-08-11,Jazz,9
1958-08-11,Latin,1
1958-08-11,Pop,3
1958-08-11,RnB,3
1958-08-11,Rock,22
1958-08-18,Blues,2
1958-08-18,Classical,1
1958-08-18,Country,4
1958-08-18,Folk,1
1958-08-18,Gospel,1
1958-08-18,Jazz,10
1958-08-18,Latin,1
1958-08-18,Pop,3
1958-08-18,RnB,3
1958-08-18,Rock,23
1958-08-25,Blues,1
1958-08-25,Classical,1
1958-08-25,Country,6
1958-08-25,Folk,1
1958-08-25,Gospel,1
1958-08-25,Jazz,9
1958-08-25,Latin,1
1958-08-25,Pop,3
1958-08-25,RnB,2
1958-08-25,Rock,22
1958-09-01,Classical,1
1958-09-01,Country,5
1958-09-01,Folk,1
1958-09-01,Jazz,8
1958-09-01,Latin,1
1958-09-01,Pop,3
1958-09-01,RnB,2
1958-09-01,Rock,26
1958-09-08,Blues,1
1958-09-08,Classical,1
1958-09-08,Country,8
1958-09-08,Folk,1
1958-09-08,Gospel,1
1958-09-08,Jazz,9
1958-09-08,Latin,1
1958-09-08,Pop,3
1958-09-08,RnB,2
1958-09-08,Rock,24
1958-09-15,Classical,1
1958-09-15,Country,6
1958-09-15,Folk,1
1958-09-15,Gospel,1
1958-09-15,Jazz,11
1958-09-15,Latin,1
1958-09-15,Pop,3
1958-09-15,RnB,1
1958-09-15,Rock,25
1958-09-22,Classical,1
1958-09-22,Country,5
1958-09-22,Folk,1
1958-09-22,Jazz,12
1958-09-22,Latin,1
1958-09-22,Pop,4
1958-09-22,RnB,3
1958-09-22,Rock,20
1958-09-29,Classical,1
1958-09-29,Country,6
1958-09-29,Folk,2
1958-09-29,Gospel,1
1958-09-29,Jazz,11
1958-09-29,Latin,1
1958-09-29,Pop,5
1958-09-29,RnB,4
1958-09-29,Rock,15
1958-10-06,Classical,1
1958-10-06,Country,6
1958-10-06,Electronic,1
1958-10-06,Folk,2
1958-10-06,Jazz,12
1958-10-06,Latin,1
1958-10-06,Pop,6
1958-10-06,RnB,3
1958-10-06,Rock,14
1958-10-13,Classical,1
1958-10-13,Country,6
1958-10-13,Electronic,1
1958-10-13,Folk,2
1958-10-13,Jazz,12
1958-10-13,Latin,2
1958-10-13,Pop,5
1958-10-13,RnB,2
1958-10-13,Rock,12
1958-10-20,Classical,1
1958-10-20,Country,7
1958-10-20,Electronic,1
1958-10-20,Folk,2
1958-10-20,Jazz,11
1958-10-20,Latin,3
1958-10-20,Pop,5
1958-10-20,RnB,2
1958-10-20,Rock,14
1958-10-27,Classical,1
1958-10-27,Country,7
1958-10-27,Electronic,1
1958-10-27,Folk,2
1958-10-27,Jazz,10
1958-10-27,Latin,2
1958-10-27,Pop,5
1958-10-27,RnB,2
1958-10-27,Rock,13
1958-11-03,Classical,1
1958-11-03,Country,6
1958-11-03,Electronic,1
1958-11-03,Folk,2
1958-11-03,Jazz,11
1958-11-03,Latin,2
1958-11-03,Pop,5
1958-11-03,RnB,2
1958-11-03,Rock,13
1958-11-10,Classical,1
1958-11-10,Country,5
1958-11-10,Folk,2
1958-11-10,Jazz,11
1958-11-10,Latin,1
1958-11-10,Pop,5
1958-11-10,RnB,4
1958-11-10,Rock,16
1958-11-17,Classical,1
1958-11-17,Country,5
1958-11-17,Folk,2
1958-11-17,Jazz,11
1958-11-17,Latin,1
1958-11-17,Pop,5
1958-11-17,RnB,4
1958-11-17,Rock,18
1958-11-24,Classical,1
1958-11-24,Country,6
1958-11-24,Folk,1
1958-11-24,Jazz,13
1958-11-24,Latin,1
1958-11-24,Pop,5
1958-11-24,RnB,5
1958-11-24,Rock,19
1958-12-01,Classical,1
1958-12-01,Country,6
1958-12-01,Folk,1
1958-12-01,Jazz,13
1958-12-01,Latin,1
1958-12-01,Pop,5
1958-12-01,RnB,4
1958-12-01,Rock,20
1958-12-08,Classical,1
1958-12-08,Country,4
1958-12-08,Folk,1
1958-12-08,Gospel,1
1958-12-08,Jazz,11
1958-12-08,Latin,1
1958-12-08,Pop,4
1958-12-08,RnB,5
1958-12-08,Rock,22
1958-12-15,Classical,1
1958-12-15,Country,5
1958-12-15,Folk,1
1958-12-15,Jazz,10
1958-12-15,Pop,4
1958-12-15,RnB,5
1958-12-15,Rock,26
1958-12-22,Classical,1
1958-12-22,Country,3
1958-12-22,Folk,1
1958-12-22,Jazz,10
1958-12-22,Pop,4
1958-12-22,RnB,9
1958-12-22,Rock,22
1958-12-29,Classical,1
1958-12-29,Country,3
1958-12-29,Folk,1
1958-12-29,Jazz,9
1958-12-29,Pop,4
1958-12-29,RnB,7
1958-12-29,Rock,24
1959-01-05,Classical,1
1959-01-05,Country,3
1959-01-05,Electronic,1
1959-01-05,Folk,1
1959-01-05,Jazz,12
1959-01-05,Pop,1
1959-01-05,RnB,7
1959-01-05,Rock,24
1959-01-12,Classical,1
1959-01-12,Country,3
1959-01-12,Electronic,1
1959-01-12,Folk,2
1959-01-12,Jazz,11
1959-01-12,Pop,3
1959-01-12,RnB,7
1959-01-12,Rock,22
1959-01-19,Classical,1
1959-01-19,Country,5
1959-01-19,Electronic,2
1959-01-19,Folk,2
1959-01-19,Jazz,12
1959-01-19,Pop,2
1959-01-19,RnB,8
1959-01-19,Rock,23
1959-01-26,Classical,1
1959-01-26,Country,6
1959-01-26,Electronic,2
1959-01-26,Folk,2
1959-01-26,Jazz,11
1959-01-26,Pop,2
1959-01-26,RnB,8
1959-01-26,Rock,23
1959-02-02,Classical,1
1959-02-02,Country,6
1959-02-02,Electronic,2
1959-02-02,Folk,2
1959-02-02,Jazz,12
1959-02-02,Pop,2
1959-02-02,RnB,8
1959-02-02,Rock,23
1959-02-09,Classical,1
1959-02-09,Country,5
1959-02-09,Electronic,2
1959-02-09,Folk,2
1959-02-09,Jazz,11
1959-02-09,Pop,2
1959-02-09,RnB,8
1959-02-09,Rock,23
1959-02-16,Classical,1
1959-02-16,Country,5
1959-02-16,Electronic,2
1959-02-16,Folk,2
1959-02-16,Jazz,10
1959-02-16,Pop,1
1959-02-16,RnB,7
1959-02-16,Rock,25
1959-02-23,Classical,1
1959-02-23,Country,5
1959-02-23,Electronic,2
1959-02-23,Folk,1
1959-02-23,Gospel,1
1959-02-23,Jazz,9
1959-02-23,Pop,1
1959-02-23,RnB,8
1959-02-23,Rock,25
1959-03-02,Classical,1
1959-03-02,Country,5
1959-03-02,Electronic,2
1959-03-02,Folk,1
1959-03-02,Jazz,9
1959-03-02,Pop,1
1959-03-02,RnB,9
1959-03-02,Rock,24
1959-03-09,Blues,1
1959-03-09,Country,6
1959-03-09,Electronic,2
1959-03-09,Folk,1
1959-03-09,Jazz,6
1959-03-09,Pop,1
1959-03-09,RnB,8
1959-03-09,Rock,24
1959-03-16,Blues,1
1959-03-16,Country,6
1959-03-16,Electronic,2
1959-03-16,Jazz,5
1959-03-16,Pop,2
1959-03-16,RnB,8
1959-03-16,Rock,27
1959-03-23,Blues,1
1959-03-23,Country,4
1959-03-23,Electronic,2
1959-03-23,Folk,1
1959-03-23,Jazz,5
1959-03-23,Pop,2
1959-03-23,RnB,9
1959-03-23,Rock,24
1959-03-30,Classical,1
1959-03-30,Country,4
1959-03-30,Electronic,2
1959-03-30,Folk,1
1959-03-30,Jazz,5
1959-03-30,Pop,4
1959-03-30,RnB,7
1959-03-30,Rock,24
1959-04-06,Country,4
1959-04-06,Electronic,2
1959-04-06,Folk,1
1959-04-06,Jazz,4
1959-04-06,Pop,3
1959-04-06,RnB,7
1959-04-06,Rock,25
1959-04-13,Country,4
1959-04-13,Electronic,3
1959-04-13,Folk,1
1959-04-13,Jazz,4
1959-04-13,Pop,3
1959-04-13,RnB,7
1959-04-13,Rock,24
1959-04-20,Classical,1
1959-04-20,Country,3
1959-04-20,Electronic,2
1959-04-20,Folk,1
1959-04-20,Jazz,6
1959-04-20,Pop,4
1959-04-20,RnB,7
1959-04-20,Rock,25
1959-04-27,Classical,2
1959-04-27,Country,4
1959-04-27,Electronic,2
1959-04-27,Folk,1
1959-04-27,Gospel,1
1959-04-27,Jazz,4
1959-04-27,Pop,3
1959-04-27,RnB,7
1959-04-27,Rock,25
1959-05-04,Blues,1
1959-05-04,Classical,1
1959-05-04,Country,6
1959-05-04,Electronic,1
1959-05-04,Folk,1
1959-05-04,Gospel,1
1959-05-04,Jazz,5
1959-05-04,Pop,2
1959-05-04,RnB,8
1959-05-04,Rock,25
1959-05-11,Blues,1
1959-05-11,Classical,1
1959-05-11,Country,6
1959-05-11,Folk,1
1959-05-11,Gospel,1
1959-05-11,Jazz,4
1959-05-11,Pop,2
1959-05-11,RnB,8
1959-05-11,Rock,30
1959-05-18,Blues,1
1959-05-18,Classical,1
1959-05-18,Country,6
1959-05-18,Folk,1
1959-05-18,Gospel,1
1959-05-18,Jazz,4
1959-05-18,Pop,2
1959-05-18,Reggae,1
1959-05-18,RnB,9
1959-05-18,Rock,29
1959-05-25,Blues,1
1959-05-25,Classical,1
1959-05-25,Country,6
1959-05-25,Folk,1
1959-05-25,Gospel,1
1959-05-25,Jazz,6
1959-05-25,Pop,2
1959-05-25,Reggae,1
1959-05-25,RnB,10
1959-05-25,Rock,26
1959-06-01,Country,6
1959-06-01,Folk,1
1959-06-01,Gospel,1
1959-06-01,Jazz,5
1959-06-01,Pop,1
1959-06-01,Reggae,1
1959-06-01,RnB,9
1959-06-01,Rock,27
1959-06-08,Blues,1
1959-06-08,Country,4
1959-06-08,Folk,1
1959-06-08,Gospel,1
1959-06-08,Jazz,5
1959-06-08,Pop,1
1959-06-08,Reggae,1
1959-06-08,RnB,9
1959-06-08,Rock,29
1959-06-15,Blues,1
1959-06-15,Country,2
1959-06-15,Folk,2
1959-06-15,Gospel,1
1959-06-15,Jazz,4
1959-06-15,Pop,3
1959-06-15,Reggae,1
1959-06-15,RnB,9
1959-06-15,Rock,27
1959-06-22,Blues,1
1959-06-22,Country,2
1959-06-22,Folk,1
1959-06-22,Gospel,1
1959-06-22,HipHop,1
1959-06-22,Jazz,5
1959-06-22,Pop,3
1959-06-22,Reggae,1
1959-06-22,RnB,8
1959-06-22,Rock,27
1959-06-29,Country,2
1959-06-29,Folk,1
1959-06-29,HipHop,1
1959-06-29,Jazz,4
1959-06-29,Pop,3
1959-06-29,Reggae,1
1959-06-29,RnB,9
1959-06-29,Rock,26
1959-07-06,Country,3
1959-07-06,Electronic,1
1959-07-06,Folk,1
1959-07-06,HipHop,1
1959-07-06,Jazz,4
1959-07-06,Pop,4
1959-07-06,Reggae,1
1959-07-06,RnB,9
1959-07-06,Rock,23
1959-07-13,Country,5
1959-07-13,Electronic,1
1959-07-13,Folk,1
1959-07-13,HipHop,1
1959-07-13,Jazz,6
1959-07-13,Pop,2
1959-07-13,Reggae,1
1959-07-13,RnB,10
1959-07-13,Rock,22
1959-07-20,Classical,1
1959-07-20,Country,6
1959-07-20,Electronic,1
1959-07-20,Folk,1
1959-07-20,HipHop,1
1959-07-20,Jazz,7
1959-07-20,Pop,2
1959-07-20,Reggae,1
1959-07-20,RnB,9
1959-07-20,Rock,24
1959-07-27,Classical,1
1959-07-27,Country,6
1959-07-27,Electronic,1
1959-07-27,Folk,1
1959-07-27,HipHop,1
1959-07-27,Jazz,7
1959-07-27,Pop,4
1959-07-27,Reggae,1
1959-07-27,RnB,8
1959-07-27,Rock,26
1959-08-03,Blues,1
1959-08-03,Classical,1
1959-08-03,Country,8
1959-08-03,Electronic,1
1959-08-03,Folk,1
1959-08-03,HipHop,1
1959-08-03,Jazz,8
1959-08-03,Pop,4
1959-08-03,Reggae,1
1959-08-03,RnB,10
1959-08-03,Rock,26
1959-08-10,Blues,1
1959-08-10,Classical,1
1959-08-10,Country,9
1959-08-10,Electronic,1
1959-08-10,Folk,1
1959-08-10,HipHop,1
1959-08-10,Jazz,8
1959-08-10,Pop,4
1959-08-10,Reggae,1
1959-08-10,RnB,9
1959-08-10,Rock,25
1959-08-17,Blues,1
1959-08-17,Classical,1
1959-08-17,Country,7
1959-08-17,Electronic,1
1959-08-17,Folk,1
1959-08-17,HipHop,1
1959-08-17,Jazz,7
1959-08-17,Pop,5
1959-08-17,Reggae,1
1959-08-17,RnB,6
1959-08-17,Rock,26
1959-08-24,Blues,1
1959-08-24,Classical,1
1959-08-24,Country,7
1959-08-24,Electronic,1
1959-08-24,Folk,1
1959-08-24,HipHop,1
1959-08-24,Jazz,7
1959-08-24,Pop,4
1959-08-24,Reggae,1
1959-08-24,RnB,7
1959-08-24,Rock,28
1959-08-31,Blues,1
1959-08-31,Classical,1
1959-08-31,Country,7
1959-08-31,Electronic,1
1959-08-31,HipHop,1
1959-08-31,Jazz,8
1959-08-31,Pop,4
1959-08-31,Reggae,1
1959-08-31,RnB,7
1959-08-31,Rock,30
1959-09-07,Blues,1
1959-09-07,Country,5
1959-09-07,Electronic,1
1959-09-07,HipHop,1
1959-09-07,Jazz,8
1959-09-07,Pop,5
1959-09-07,Reggae,1
1959-09-07,RnB,8
1959-09-07,Rock,29
1959-09-14,Blues,1
1959-09-14,Country,6
1959-09-14,Electronic,1
1959-09-14,Folk,1
1959-09-14,HipHop,1
1959-09-14,Jazz,7
1959-09-14,Pop,4
1959-09-14,Reggae,1
1959-09-14,RnB,7
1959-09-14,Rock,25
1959-09-21,Blues,1
1959-09-21,Country,4
1959-09-21,Folk,1
1959-09-21,HipHop,1
1959-09-21,Jazz,8
1959-09-21,Pop,5
1959-09-21,RnB,7
1959-09-21,Rock,26
1959-09-28,Blues,1
1959-09-28,Country,5
1959-09-28,Folk,1
1959-09-28,HipHop,1
1959-09-28,Jazz,7
1959-09-28,Pop,5
1959-09-28,RnB,7
1959-09-28,Rock,23
1959-10-05,Country,5
1959-10-05,Folk,1
1959-10-05,HipHop,1
1959-10-05,Jazz,8
1959-10-05,Pop,5
1959-10-05,RnB,7
1959-10-05,Rock,23
1959-10-12,Country,4
1959-10-12,Folk,1
1959-10-12,Jazz,6
1959-10-12,Pop,4
1959-10-12,RnB,7
1959-10-12,Rock,22
1959-10-19,Classical,1
1959-10-19,Country,3
1959-10-19,Folk,1
1959-10-19,Jazz,7
1959-10-19,Pop,4
1959-10-19,RnB,5
1959-10-19,Rock,22
1959-10-26,Classical,1
1959-10-26,Country,3
1959-10-26,Electronic,2
1959-10-26,Folk,1
1959-10-26,Jazz,6
1959-10-26,Pop,3
1959-10-26,RnB,5
1959-10-26,Rock,24
1959-11-02,Classical,1
1959-11-02,Country,2
1959-11-02,Electronic,2
1959-11-02,Folk,1
1959-11-02,HipHop,1
1959-11-02,Jazz,7
1959-11-02,Pop,2
1959-11-02,RnB,6
1959-11-02,Rock,23
1959-11-09,Classical,1
1959-11-09,Country,3
1959-11-09,Electronic,2
1959-11-09,Folk,1
1959-11-09,HipHop,1
1959-11-09,Jazz,7
1959-11-09,Pop,3
1959-11-09,RnB,8
1959-11-09,Rock,23
1959-11-16,Classical,2
1959-11-16,Country,3
1959-11-16,Electronic,1
1959-11-16,Folk,1
1959-11-16,HipHop,1
1959-11-16,Jazz,8
1959-11-16,Pop,4
1959-11-16,RnB,6
1959-11-16,Rock,20
1959-11-23,Blues,1
1959-11-23,Classical,1
1959-11-23,Country,2
1959-11-23,Electronic,1
1959-11-23,Folk,1
1959-11-23,HipHop,1
1959-11-23,Jazz,7
1959-11-23,Pop,6
1959-11-23,RnB,6
1959-11-23,Rock,21
1959-11-30,Blues,1
1959-11-30,Classical,1
1959-11-30,Country,2
1959-11-30,Electronic,1
1959-11-30,HipHop,1
1959-11-30,Jazz,6
1959-11-30,Pop,7
1959-11-30,RnB,7
1959-11-30,Rock,20
1959-12-07,Blues,1
1959-12-07,Classical,1
1959-12-07,Country,2
1959-12-07,Electronic,1
1959-12-07,Jazz,6
1959-12-07,Pop,8
1959-12-07,RnB,7
1959-12-07,Rock,20
1959-12-14,Blues,1
1959-12-14,Classical,1
1959-12-14,Country,2
1959-12-14,Electronic,1
1959-12-14,Folk,1
1959-12-14,Jazz,7
1959-12-14,Pop,8
1959-12-14,RnB,6
1959-12-14,Rock,19
1959-12-21,Blues,1
1959-12-21,Classical,1
1959-12-21,Country,3
1959-12-21,Electronic,1
1959-12-21,Jazz,8
1959-12-21,Pop,9
1959-12-21,RnB,6
1959-12-21,Rock,18
1959-12-28,Blues,1
1959-12-28,Country,5
1959-12-28,Electronic,1
1959-12-28,Gospel,1
1959-12-28,Jazz,9
1959-12-28,Pop,9
1959-12-28,RnB,6
1959-12-28,Rock,17
1960-01-04,Country,7
1960-01-04,Electronic,1
1960-01-04,Gospel,1
1960-01-04,Jazz,6
1960-01-04,Pop,10
1960-01-04,RnB,7
1960-01-04,Rock,18
1960-01-11,Blues,1
1960-01-11,Country,6
1960-01-11,Electronic,1
1960-01-11,Gospel,1
1960-01-11,Jazz,6
1960-01-11,Pop,8
1960-01-11,RnB,10
1960-01-11,Rock,19
1960-01-18,Blues,1
1960-01-18,Country,7
1960-01-18,Electronic,1
1960-01-18,Gospel,1
1960-01-18,Jazz,7
1960-01-18,Pop,8
1960-01-18,RnB,9
1960-01-18,Rock,21
1960-01-25,Blues,1
1960-01-25,Classical,1
1960-01-25,Country,6
1960-01-25,Electronic,1
1960-01-25,Gospel,1
1960-01-25,Jazz,6
1960-01-25,Pop,7
1960-01-25,RnB,8
1960-01-25,Rock,21
1960-02-01,Blues,1
1960-02-01,Classical,1
1960-02-01,Country,5
1960-02-01,Electronic,1
1960-02-01,Gospel,1
1960-02-01,Jazz,7
1960-02-01,Pop,7
1960-02-01,RnB,8
1960-02-01,Rock,21
1960-02-08,Blues,1
1960-02-08,Classical,1
1960-02-08,Country,4
1960-02-08,Electronic,1
1960-02-08,Gospel,1
1960-02-08,Jazz,9
1960-02-08,Pop,7
1960-02-08,RnB,7
1960-02-08,Rock,23
1960-02-15,Blues,1
1960-02-15,Classical,1
1960-02-15,Country,4
1960-02-15,Electronic,1
1960-02-15,Gospel,1
1960-02-15,Jazz,9
1960-02-15,Pop,7
1960-02-15,RnB,9
1960-02-15,Rock,20
1960-02-22,Blues,2
1960-02-22,Classical,1
1960-02-22,Country,3
1960-02-22,Electronic,2
1960-02-22,Folk,2
1960-02-22,Gospel,1
1960-02-22,Jazz,7
1960-02-22,Pop,7
1960-02-22,RnB,6
1960-02-22,Rock,17
1960-02-29,Blues,1
1960-02-29,Classical,1
1960-02-29,Country,3
1960-02-29,Electronic,1
1960-02-29,Folk,2
1960-02-29,Gospel,1
1960-02-29,Jazz,5
1960-02-29,Pop,7
1960-02-29,RnB,4
1960-02-29,Rock,19
1960-03-07,Blues,1
1960-03-07,Classical,1
1960-03-07,Country,3
1960-03-07,Electronic,1
1960-03-07,Folk,2
1960-03-07,Gospel,1
1960-03-07,Jazz,9
1960-03-07,Pop,5
1960-03-07,RnB,3
1960-03-07,Rock,19
1960-03-14,Blues,1
1960-03-14,Classical,1
1960-03-14,Country,6
1960-03-14,Electronic,1
1960-03-14,Folk,2
1960-03-14,Gospel,1
1960-03-14,Jazz,8
1960-03-14,Pop,5
1960-03-14,RnB,7
1960-03-14,Rock,18
1960-03-21,Blues,1
1960-03-21,Country,6
1960-03-21,Electronic,1
1960-03-21,Folk,2
1960-03-21,Gospel,1
1960-03-21,Jazz,8
1960-03-21,Pop,5
1960-03-21,RnB,8
1960-03-21,Rock,17
1960-03-28,Blues,1
1960-03-28,Country,7
1960-03-28,Electronic,1
1960-03-28,Folk,2
1960-03-28,Gospel,1
1960-03-28,Jazz,9
1960-03-28,Pop,4
1960-03-28,RnB,8
1960-03-28,Rock,16
1960-04-04,Blues,1
1960-04-04,Country,7
1960-04-04,Electronic,1
1960-04-04,Folk,2
1960-04-04,Gospel,1
1960-04-04,HipHop,1
1960-04-04,Jazz,8
1960-04-04,Pop,4
1960-04-04,RnB,9
1960-04-04,Rock,16
1960-04-11,Blues,1
1960-04-11,Country,6
1960-04-11,Electronic,1
1960-04-11,Folk,2
1960-04-11,Gospel,1
1960-04-11,HipHop,1
1960-04-11,Jazz,10
1960-04-11,Pop,3
1960-04-11,RnB,10
1960-04-11,Rock,14
1960-04-18,Blues,1
1960-04-18,Country,5
1960-04-18,Electronic,1
1960-04-18,Folk,2
1960-04-18,Gospel,1
1960-04-18,HipHop,1
1960-04-18,Jazz,9
1960-04-18,Pop,2
1960-04-18,RnB,12
1960-04-18,Rock,13
1960-04-25,Blues,1
1960-04-25,Country,6
1960-04-25,Electronic,1
1960-04-25,Folk,2
1960-04-25,Gospel,1
1960-04-25,HipHop,1
1960-04-25,Jazz,7
1960-04-25,Pop,2
1960-04-25,RnB,13
1960-04-25,Rock,14
1960-05-02,Blues,1
1960-05-02,Classical,1
1960-05-02,Country,6
1960-05-02,Electronic,1
1960-05-02,Folk,2
1960-05-02,Gospel,1
1960-05-02,HipHop,1
1960-05-02,Jazz,8
1960-05-02,Pop,1
1960-05-02,RnB,13
1960-05-02,Rock,17
1960-05-09,Blues,2
1960-05-09,Classical,1
1960-05-09,Country,6
1960-05-09,Electronic,1
1960-05-09,Folk,1
1960-05-09,Gospel,1
1960-05-09,HipHop,1
1960-05-09,Jazz,4
1960-05-09,Pop,1
1960-05-09,RnB,12
1960-05-09,Rock,16
1960-05-16,Blues,3
1960-05-16,Classical,1
1960-05-16,Country,6
1960-05-16,Folk,1
1960-05-16,Gospel,1
1960-05-16,HipHop,1
1960-05-16,Jazz,4
1960-05-16,Pop,1
1960-05-16,RnB,12
1960-05-16,Rock,17
1960-05-23,Blues,3
1960-05-23,Classical,1
1960-05-23,Country,4
1960-05-23,Folk,1
1960-05-23,Gospel,1
1960-05-23,HipHop,1
1960-05-23,Jazz,5
1960-05-23,Pop,1
1960-05-23,RnB,11
1960-05-23,Rock,16
1960-05-30,Blues,4
1960-05-30,Classical,1
1960-05-30,Country,4
1960-05-30,Folk,1
1960-05-30,Gospel,1
1960-05-30,HipHop,1
1960-05-30,Jazz,6
1960-05-30,Pop,1
1960-05-30,RnB,10
1960-05-30,Rock,15
1960-06-06,Blues,3
1960-06-06,Classical,1
1960-06-06,Country,4
1960-06-06,Electronic,2
1960-06-06,Folk,1
1960-06-06,HipHop,1
1960-06-06,Jazz,5
1960-06-06,RnB,9
1960-06-06,Rock,16
1960-06-13,Blues,3
1960-06-13,Classical,1
1960-06-13,Country,4
1960-06-13,Electronic,2
1960-06-13,Folk,1
1960-06-13,HipHop,1
1960-06-13,Jazz,3
1960-06-13,Pop,1
1960-06-13,RnB,10
1960-06-13,Rock,15
1960-06-20,Blues,1
1960-06-20,Classical,2
1960-06-20,Country,5
1960-06-20,Electronic,2
1960-06-20,Folk,2
1960-06-20,Gospel,1
1960-06-20,HipHop,1
1960-06-20,Jazz,4
1960-06-20,Pop,1
1960-06-20,RnB,11
1960-06-20,Rock,15
1960-06-27,Blues,3
1960-06-27,Classical,2
1960-06-27,Country,5
1960-06-27,Electronic,2
1960-06-27,Folk,2
1960-06-27,Gospel,1
1960-06-27,HipHop,1
1960-06-27,Jazz,4
1960-06-27,Pop,1
1960-06-27,RnB,13
1960-06-27,Rock,16
1960-07-04,Blues,2
1960-07-04,Classical,2
1960-07-04,Country,6
1960-07-04,Electronic,2
1960-07-04,Folk,3
1960-07-04,Gospel,1
1960-07-04,HipHop,1
1960-07-04,Jazz,4
1960-07-04,Pop,1
1960-07-04,RnB,12
1960-07-04,Rock,17
1960-07-11,Blues,2
1960-07-11,Classical,2
1960-07-11,Country,7
1960-07-11,Electronic,2
1960-07-11,Folk,2
1960-07-11,Gospel,1
1960-07-11,HipHop,1
1960-07-11,Jazz,5
1960-07-11,Pop,2
1960-07-11,RnB,14
1960-07-11,Rock,14
1960-07-18,Blues,3
1960-07-18,Classical,2
1960-07-18,Country,7
1960-07-18,Electronic,2
1960-07-18,Folk,2
1960-07-18,Gospel,1
1960-07-18,Jazz,5
1960-07-18,Pop,2
1960-07-18,RnB,12
1960-07-18,Rock,16
1960-07-25,Blues,3
1960-07-25,Classical,2
1960-07-25,Country,9
1960-07-25,Electronic,2
1960-07-25,Folk,2
1960-07-25,Gospel,2
1960-07-25,Jazz,4
1960-07-25,Pop,2
1960-07-25,RnB,10
1960-07-25,Rock,17
1960-08-01,Blues,3
1960-08-01,Classical,1
1960-08-01,Country,6
1960-08-01,Electronic,1
1960-08-01,Folk,2
1960-08-01,Gospel,1
1960-08-01,Jazz,4
1960-08-01,Pop,4
1960-08-01,RnB,10
1960-08-01,Rock,18
1960-08-08,Blues,3
1960-08-08,Classical,2
1960-08-08,Country,6
1960-08-08,Electronic,1
1960-08-08,Folk,2
1960-08-08,Gospel,1
1960-08-08,Jazz,2
1960-08-08,Pop,4
1960-08-08,RnB,9
1960-08-08,Rock,18
1960-08-15,Blues,3
1960-08-15,Classical,2
1960-08-15,Country,5
1960-08-15,Electronic,2
1960-08-15,Folk,2
1960-08-15,Gospel,1
1960-08-15,Jazz,3
1960-08-15,Pop,4
1960-08-15,RnB,9
1960-08-15,Rock,20
1960-08-22,Blues,3
1960-08-22,Classical,2
1960-08-22,Country,5
1960-08-22,Electronic,2
1960-08-22,Folk,1
1960-08-22,Gospel,2
1960-08-22,Jazz,2
1960-08-22,Pop,5
1960-08-22,RnB,8
1960-08-22,Rock,20
1960-08-29,Blues,2
1960-08-29,Classical,2
1960-08-29,Country,4
1960-08-29,Electronic,2
1960-08-29,Jazz,4
1960-08-29,Pop,5
1960-08-29,RnB,9
1960-08-29,Rock,24
1960-09-05,Blues,3
1960-09-05,Classical,2
1960-09-05,Country,2
1960-09-05,Electronic,2
1960-09-05,Jazz,6
1960-09-05,Pop,5
1960-09-05,RnB,10
1960-09-05,Rock,25
1960-09-12,Blues,3
1960-09-12,Classical,1
1960-09-12,Country,2
1960-09-12,Electronic,2
1960-09-12,Jazz,5
1960-09-12,Pop,5
1960-09-12,RnB,10
1960-09-12,Rock,26
1960-09-19,Blues,4
1960-09-19,Classical,1
1960-09-19,Country,2
1960-09-19,Electronic,2
1960-09-19,Jazz,4
1960-09-19,Pop,5
1960-09-19,RnB,10
1960-09-19,Rock,27
1960-09-26,Blues,4
1960-09-26,Classical,1
1960-09-26,Country,2
1960-09-26,Electronic,2
1960-09-26,Gospel,1
1960-09-26,Jazz,5
1960-09-26,Pop,5
1960-09-26,RnB,12
1960-09-26,Rock,23
1960-10-03,Blues,4
1960-10-03,Classical,2
1960-10-03,Country,2
1960-10-03,Electronic,2
1960-10-03,Gospel,1
1960-10-03,Jazz,6
1960-10-03,Pop,6
1960-10-03,RnB,11
1960-10-03,Rock,22
1960-10-10,Blues,5
1960-10-10,Classical,2
1960-10-10,Country,2
1960-10-10,Electronic,1
1960-10-10,Folk,1
1960-10-10,Gospel,1
1960-10-10,Jazz,5
1960-10-10,Pop,6
1960-10-10,RnB,11
1960-10-10,Rock,23
1960-10-17,Blues,5
1960-10-17,Classical,2
1960-10-17,Country,3
1960-10-17,Electronic,2
1960-10-17,Folk,2
1960-10-17,Gospel,1
1960-10-17,Jazz,5
1960-10-17,Pop,4
1960-10-17,RnB,11
1960-10-17,Rock,20
1960-10-24,Blues,4
1960-10-24,Classical,2
1960-10-24,Country,2
1960-10-24,Electronic,2
1960-10-24,Folk,2
1960-10-24,Gospel,2
1960-10-24,Jazz,5
1960-10-24,Pop,5
1960-10-24,RnB,10
1960-10-24,Rock,19
1960-10-24,World,1
1960-10-31,Blues,4
1960-10-31,Classical,2
1960-10-31,Country,3
1960-10-31,Electronic,2
1960-10-31,Folk,3
1960-10-31,Gospel,2
1960-10-31,Jazz,4
1960-10-31,Pop,5
1960-10-31,RnB,11
1960-10-31,Rock,19
1960-10-31,World,1
1960-11-07,Blues,4
1960-11-07,Classical,3
1960-11-07,Country,3
1960-11-07,Electronic,1
1960-11-07,Folk,3
1960-11-07,Gospel,2
1960-11-07,Jazz,7
1960-11-07,Pop,6
1960-11-07,RnB,11
1960-11-07,Rock,17
1960-11-07,World,1
1960-11-14,Blues,3
1960-11-14,Classical,3
1960-11-14,Country,4
1960-11-14,Electronic,1
1960-11-14,Folk,2
1960-11-14,Gospel,3
1960-11-14,Jazz,8
1960-11-14,Pop,3
1960-11-14,RnB,12
1960-11-14,Rock,20
1960-11-14,World,1
1960-11-21,Blues,3
1960-11-21,Classical,3
1960-11-21,Country,4
1960-11-21,Folk,2
1960-11-21,Gospel,3
1960-11-21,Jazz,9
1960-11-21,Pop,2
1960-11-21,RnB,15
1960-11-21,Rock,17
1960-11-21,World,1
1960-11-28,Blues,4
1960-11-28,Classical,3
1960-11-28,Country,4
1960-11-28,Folk,2
1960-11-28,Gospel,4
1960-11-28,Jazz,8
1960-11-28,Pop,3
1960-11-28,RnB,15
1960-11-28,Rock,18
1960-11-28,World,1
1960-12-05,Blues,5
1960-12-05,Classical,3
1960-12-05,Country,4
1960-12-05,Folk,2
1960-12-05,Gospel,4
1960-12-05,Jazz,10
1960-12-05,Pop,3
1960-12-05,RnB,14
1960-12-05,Rock,16
1960-12-05,World,1
1960-12-12,Blues,4
1960-12-12,Classical,2
1960-12-12,Country,3
1960-12-12,Folk,2
1960-12-12,Gospel,4
1960-12-12,Jazz,9
1960-12-12,Pop,4
1960-12-12,RnB,17
1960-12-12,Rock,13
1960-12-12,World,1
1960-12-19,Blues,4
1960-12-19,Classical,2
1960-12-19,Country,3
1960-12-19,Gospel,3
1960-12-19,Jazz,9
1960-12-19,Pop,3
1960-12-19,RnB,15
1960-12-19,Rock,14
1960-12-19,World,1
1960-12-26,Blues,3
1960-12-26,Classical,2
1960-12-26,Country,2
1960-12-26,Electronic,1
1960-12-26,Folk,1
1960-12-26,Gospel,2
1960-12-26,Jazz,9
1960-12-26,Pop,5
1960-12-26,RnB,15
1960-12-26,Rock,14
1960-12-26,World,1
1961-01-02,Blues,3
1961-01-02,Classical,2
1961-01-02,Country,4
1961-01-02,Electronic,1
1961-01-02,Folk,1
1961-01-02,Gospel,2
1961-01-02,Jazz,11
1961-01-02,Pop,4
1961-01-02,RnB,15
1961-01-02,Rock,14
1961-01-02,World,1
1961-01-09,Blues,2
1961-01-09,Classical,2
1961-01-09,Country,5
1961-01-09,Folk,1
1961-01-09,Gospel,1
1961-01-09,Jazz,9
1961-01-09,Pop,4
1961-01-09,RnB,16
1961-01-09,Rock,16
1961-01-09,World,1
1961-01-16,Blues,3
1961-01-16,Classical,2
1961-01-16,Country,2
1961-01-16,Folk,1
1961-01-16,Gospel,1
1961-01-16,Jazz,8
1961-01-16,Pop,3
1961-01-16,RnB,18
1961-01-16,Rock,17
1961-01-16,World,1
1961-01-23,Blues,4
1961-01-23,Classical,2
1961-01-23,Country,2
1961-01-23,Folk,1
1961-01-23,Gospel,1
1961-01-23,Jazz,6
1961-01-23,Pop,3
1961-01-23,RnB,17
1961-01-23,Rock,20
1961-01-23,World,1
1961-01-30,Blues,5
1961-01-30,Classical,2
1961-01-30,Country,3
1961-01-30,Folk,1
1961-01-30,Gospel,1
1961-01-30,Jazz,6
1961-01-30,Pop,4
1961-01-30,RnB,18
1961-01-30,Rock,20
1961-01-30,World,1
1961-02-06,Blues,5
1961-02-06,Classical,4
1961-02-06,Country,3
1961-02-06,Folk,1
1961-02-06,Gospel,1
1961-02-06,Jazz,7
1961-02-06,Pop,3
1961-02-06,RnB,18
1961-02-06,Rock,17
1961-02-06,World,2
1961-02-13,Blues,4
1961-02-13,Classical,4
1961-02-13,Country,4
1961-02-13,Folk,1
1961-02-13,Gospel,1
1961-02-13,Jazz,6
1961-02-13,Pop,3
1961-02-13,RnB,18
1961-02-13,Rock,18
1961-02-13,World,2
1961-02-20,Blues,5
1961-02-20,Classical,4
1961-02-20,Country,4
1961-02-20,Electronic,1
1961-02-20,Folk,1
1961-02-20,Gospel,1
1961-02-20,Jazz,5
1961-02-20,Pop,3
1961-02-20,RnB,15
1961-02-20,Rock,18
1961-02-20,World,1
1961-02-27,Blues,4
1961-02-27,Classical,4
1961-02-27,Country,4
1961-02-27,Electronic,1
1961-02-27,Folk,1
1961-02-27,Gospel,1
1961-02-27,Jazz,4
1961-02-27,Pop,3
1961-02-27,RnB,16
1961-02-27,Rock,20
1961-03-06,Blues,3
1961-03-06,Classical,4
1961-03-06,Country,5
1961-03-06,Folk,1
1961-03-06,Gospel,1
1961-03-06,Jazz,5
1961-03-06,Pop,2
1961-03-06,RnB,21
1961-03-06,Rock,17
1961-03-13,Blues,4
1961-03-13,Classical,3
1961-03-13,Country,4
1961-03-13,Folk,1
1961-03-13,Gospel,1
1961-03-13,Jazz,5
1961-03-13,Pop,3
1961-03-13,RnB,23
1961-03-13,Rock,15
1961-03-13,World,1
1961-03-20,Blues,4
1961-03-20,Classical,2
1961-03-20,Country,3
1961-03-20,Gospel,2
1961-03-20,Jazz,4
1961-03-20,Pop,2
1961-03-20,RnB,25
1961-03-20,Rock,17
1961-03-27,Blues,3
1961-03-27,Classical,3
1961-03-27,Country,3
1961-03-27,Gospel,2
1961-03-27,Jazz,4
1961-03-27,Pop,2
1961-03-27,RnB,27
1961-03-27,Rock,17
1961-04-03,Blues,3
1961-04-03,Classical,1
1961-04-03,Country,4
1961-04-03,Gospel,1
1961-04-03,Jazz,7
1961-04-03,Pop,2
1961-04-03,RnB,25
1961-04-03,Rock,16
1961-04-10,Blues,2
1961-04-10,Classical,1
1961-04-10,Country,5
1961-04-10,Folk,1
1961-04-10,Gospel,3
1961-04-10,Jazz,7
1961-04-10,Pop,1
1961-04-10,RnB,23
1961-04-10,Rock,16
1961-04-17,Blues,2
1961-04-17,Classical,1
1961-04-17,Country,5
1961-04-17,Folk,1
1961-04-17,Gospel,2
1961-04-17,Jazz,6
1961-04-17,Pop,1
1961-04-17,RnB,23
1961-04-17,Rock,20
1961-04-24,Blues,2
1961-04-24,Classical,2
1961-04-24,Country,5
1961-04-24,Folk,2
1961-04-24,Gospel,1
1961-04-24,Jazz,6
1961-04-24,Pop,1
1961-04-24,RnB,18
1961-04-24,Rock,25
1961-05-01,Blues,2
1961-05-01,Classical,2
1961-05-01,Country,4
1961-05-01,Folk,2
1961-05-01,Gospel,1
1961-05-01,Jazz,5
1961-05-01,Pop,2
1961-05-01,RnB,17
1961-05-01,Rock,27
1961-05-08,Blues,2
1961-05-08,Classical,3
1961-05-08,Country,4
1961-05-08,Folk,3
1961-05-08,Gospel,1
1961-05-08,Jazz,6
1961-05-08,Pop,4
1961-05-08,RnB,17
1961-05-08,Rock,24
1961-05-15,Blues,3
1961-05-15,Classical,2
1961-05-15,Country,3
1961-05-15,Gospel,1
1961-05-15,Jazz,5
1961-05-15,Pop,4
1961-05-15,RnB,18
1961-05-15,Rock,25
1961-05-22,Blues,3
1961-05-22,Classical,2
1961-05-22,Country,5
1961-05-22,Gospel,1
1961-05-22,Jazz,4
1961-05-22,Pop,4
1961-05-22,RnB,20
1961-05-22,Rock,22
1961-05-29,Blues,4
1961-05-29,Classical,2
1961-05-29,Country,4
1961-05-29,Gospel,1
1961-05-29,Jazz,4
1961-05-29,Pop,3
1961-05-29,RnB,20
1961-05-29,Rock,18
1961-06-05,Blues,4
1961-06-05,Classical,2
1961-06-05,Country,4
1961-06-05,Gospel,1
1961-06-05,Jazz,4
1961-06-05,Pop,2
1961-06-05,RnB,19
1961-06-05,Rock,18
1961-06-12,Blues,4
1961-06-12,Classical,2
1961-06-12,Country,4
1961-06-12,Gospel,1
1961-06-12,Jazz,3
1961-06-12,Pop,2
1961-06-12,RnB,23
1961-06-12,Rock,17
1961-06-19,Blues,2
1961-06-19,Classical,2
1961-06-19,Country,5
1961-06-19,Gospel,1
1961-06-19,Jazz,4
1961-06-19,Pop,2
1961-06-19,RnB,22
1961-06-19,Rock,15
1961-06-26,Blues,3
1961-06-26,Classical,2
1961-06-26,Country,5
1961-06-26,Gospel,1
1961-06-26,Jazz,4
1961-06-26,Pop,1
1961-06-26,RnB,24
1961-06-26,Rock,15
1961-07-03,Blues,3
1961-07-03,Classical,2
1961-07-03,Country,6
1961-07-03,Gospel,1
1961-07-03,Jazz,5
1961-07-03,Pop,1
1961-07-03,RnB,21
1961-07-03,Rock,14
1961-07-10,Blues,3
1961-07-10,Classical,2
1961-07-10,Country,7
1961-07-10,Gospel,2
1961-07-10,Jazz,4
1961-07-10,Pop,1
1961-07-10,RnB,19
1961-07-10,Rock,15
1961-07-17,Blues,3
1961-07-17,Classical,1
1961-07-17,Country,7
1961-07-17,Gospel,2
1961-07-17,Jazz,4
1961-07-17,Pop,1
1961-07-17,Reggae,1
1961-07-17,RnB,17
1961-07-17,Rock,14
1961-07-24,Blues,3
1961-07-24,Country,6
1961-07-24,Gospel,2
1961-07-24,Jazz,3
1961-07-24,Pop,2
1961-07-24,Reggae,1
1961-07-24,RnB,18
1961-07-24,Rock,17
1961-07-31,Blues,3
1961-07-31,Classical,1
1961-07-31,Country,5
1961-07-31,Gospel,1
1961-07-31,Jazz,2
1961-07-31,Pop,3
1961-07-31,Reggae,1
1961-07-31,RnB,19
1961-07-31,Rock,15
1961-08-07,Blues,3
1961-08-07,Classical,1
1961-08-07,Country,5
1961-08-07,Gospel,1
1961-08-07,Jazz,2
1961-08-07,Pop,5
1961-08-07,Reggae,1
1961-08-07,RnB,19
1961-08-07,Rock,16
1961-08-14,Blues,2
1961-08-14,Classical,1
1961-08-14,Country,5
1961-08-14,Jazz,1
1961-08-14,Pop,5
1961-08-14,Reggae,1
1961-08-14,RnB,17
1961-08-14,Rock,15
1961-08-21,Blues,4
1961-08-21,Classical,1
1961-08-21,Country,6
1961-08-21,Jazz,1
1961-08-21,Pop,5
1961-08-21,RnB,16
1961-08-21,Rock,17
1961-08-28,Blues,4
1961-08-28,Classical,1
1961-08-28,Country,6
1961-08-28,Jazz,1
1961-08-28,Pop,6
1961-08-28,RnB,16
1961-08-28,Rock,19
1961-09-04,Blues,2
1961-09-04,Classical,1
1961-09-04,Country,6
1961-09-04,Jazz,2
1961-09-04,Pop,6
1961-09-04,RnB,17
1961-09-04,Rock,18
1961-09-11,Blues,1
1961-09-11,Classical,1
1961-09-11,Country,8
1961-09-11,Jazz,3
1961-09-11,Pop,5
1961-09-11,RnB,19
1961-09-11,Rock,16
1961-09-18,Blues,3
1961-09-18,Classical,1
1961-09-18,Country,8
1961-09-18,Jazz,4
1961-09-18,Pop,5
1961-09-18,RnB,18
1961-09-18,Rock,15
1961-09-25,Blues,1
1961-09-25,Country,6
1961-09-25,Jazz,3
1961-09-25,Pop,5
1961-09-25,RnB,19
1961-09-25,Rock,14
1961-10-02,Blues,1
1961-10-02,Classical,1
1961-10-02,Country,7
1961-10-02,Jazz,3
1961-10-02,Pop,4
1961-10-02,RnB,19
1961-10-02,Rock,16
1961-10-09,Blues,1
1961-10-09,Classical,2
1961-10-09,Country,6
1961-10-09,Jazz,4
1961-10-09,Pop,4
1961-10-09,RnB,19
1961-10-09,Rock,15
1961-10-16,Blues,2
1961-10-16,Classical,2
1961-10-16,Country,6
1961-10-16,Jazz,6
1961-10-16,Pop,4
1961-10-16,RnB,18
1961-10-16,Rock,19
1961-10-23,Blues,2
1961-10-23,Classical,2
1961-10-23,Country,8
1961-10-23,Jazz,5
1961-10-23,Pop,3
1961-10-23,RnB,21
1961-10-23,Rock,16
1961-10-30,Blues,2
1961-10-30,Classical,2
1961-10-30,Country,9
1961-10-30,Jazz,4
1961-10-30,Pop,4
1961-10-30,RnB,20
1961-10-30,Rock,18
1961-11-06,Blues,1
1961-11-06,Classical,2
1961-11-06,Country,8
1961-11-06,Gospel,1
1961-11-06,Jazz,4
1961-11-06,Pop,4
1961-11-06,RnB,19
1961-11-06,Rock,19
1961-11-13,Blues,1
1961-11-13,Classical,1
1961-11-13,Country,6
1961-11-13,Jazz,4
1961-11-13,Pop,4
1961-11-13,RnB,19
1961-11-13,Rock,20
1961-11-20,Country,7
1961-11-20,Jazz,3
1961-11-20,Pop,3
1961-11-20,RnB,21
1961-11-20,Rock,19
1961-11-27,Country,7
1961-11-27,Jazz,3
1961-11-27,Pop,6
1961-11-27,RnB,23
1961-11-27,Rock,17
1961-12-04,Blues,1
1961-12-04,Country,9
1961-12-04,Gospel,2
1961-12-04,Jazz,2
1961-12-04,Pop,7
1961-12-04,RnB,20
1961-12-04,Rock,16
1961-12-11,Blues,1
1961-12-11,Country,9
1961-12-11,Gospel,2
1961-12-11,Jazz,3
1961-12-11,Pop,4
1961-12-11,RnB,15
1961-12-11,Rock,18
1961-12-18,Blues,1
1961-12-18,Country,9
1961-12-18,Jazz,5
1961-12-18,Pop,2
1961-12-18,RnB,18
1961-12-18,Rock,15
1961-12-25,Blues,1
1961-12-25,Country,7
1961-12-25,Jazz,5
1961-12-25,Pop,3
1961-12-25,RnB,15
1961-12-25,Rock,16
1962-01-06,Blues,1
1962-01-06,Classical,1
1962-01-06,Country,7
1962-01-06,Gospel,1
1962-01-06,HipHop,1
1962-01-06,Jazz,5
1962-01-06,Pop,3
1962-01-06,RnB,14
1962-01-06,Rock,15
1962-01-13,Blues,1
1962-01-13,Classical,1
1962-01-13,Country,9
1962-01-13,Jazz,5
1962-01-13,Pop,3
1962-01-13,RnB,21
1962-01-13,Rock,14
1962-01-20,Blues,1
1962-01-20,Classical,2
1962-01-20,Country,10
1962-01-20,Folk,2
1962-01-20,Jazz,4
1962-01-20,Pop,2
1962-01-20,RnB,23
1962-01-20,Rock,16
1962-01-27,Blues,2
1962-01-27,Classical,2
1962-01-27,Country,10
1962-01-27,Folk,2
1962-01-27,Jazz,3
1962-01-27,Pop,2
1962-01-27,RnB,25
1962-01-27,Rock,15
1962-02-03,Blues,1
1962-02-03,Classical,2
1962-02-03,Country,9
1962-02-03,Folk,2
1962-02-03,Jazz,3
1962-02-03,Pop,3
1962-02-03,RnB,25
1962-02-03,Rock,11
1962-02-10,Blues,3
1962-02-10,Classical,1
1962-02-10,Country,10
1962-02-10,Folk,2
1962-02-10,Jazz,4
1962-02-10,Pop,3
1962-02-10,RnB,24
1962-02-10,Rock,8
1962-02-17,Blues,1
1962-02-17,Classical,1
1962-02-17,Country,9
1962-02-17,Folk,2
1962-02-17,Jazz,4
1962-02-17,Pop,3
1962-02-17,RnB,23
1962-02-17,Rock,10
1962-02-24,Blues,1
1962-02-24,Classical,1
1962-02-24,Country,5
1962-02-24,Folk,2
1962-02-24,Jazz,4
1962-02-24,Pop,4
1962-02-24,RnB,23
1962-02-24,Rock,13
1962-03-03,Blues,2
1962-03-03,Classical,1
1962-03-03,Country,5
1962-03-03,Folk,2
1962-03-03,Jazz,3
1962-03-03,Pop,4
1962-03-03,RnB,23
1962-03-03,Rock,15
1962-03-10,Blues,2
1962-03-10,Classical,1
1962-03-10,Country,6
1962-03-10,Folk,2
1962-03-10,Jazz,3
1962-03-10,Pop,5
1962-03-10,RnB,20
1962-03-10,Rock,17
1962-03-17,Classical,2
1962-03-17,Country,5
1962-03-17,Folk,1
1962-03-17,Jazz,3
1962-03-17,Pop,5
1962-03-17,RnB,16
1962-03-17,Rock,18
1962-03-24,Classical,2
1962-03-24,Country,3
1962-03-24,Folk,1
1962-03-24,Jazz,3
1962-03-24,Pop,6
1962-03-24,RnB,18
1962-03-24,Rock,16
1962-03-31,Blues,2
1962-03-31,Classical,1
1962-03-31,Country,4
1962-03-31,Folk,1
1962-03-31,Jazz,4
1962-03-31,Pop,5
1962-03-31,RnB,17
1962-03-31,Rock,15
1962-04-07,Blues,1
1962-04-07,Classical,1
1962-04-07,Country,4
1962-04-07,Folk,1
1962-04-07,Jazz,3
1962-04-07,Latin,1
1962-04-07,Pop,5
1962-04-07,RnB,15
1962-04-07,Rock,15
1962-04-14,Blues,1
1962-04-14,Classical,1
1962-04-14,Country,6
1962-04-14,Folk,1
1962-04-14,Jazz,3
1962-04-14,Latin,1
1962-04-14,Pop,6
1962-04-14,RnB,21
1962-04-14,Rock,15
1962-04-21,Blues,1
1962-04-21,Classical,1
1962-04-21,Country,5
1962-04-21,Folk,1
1962-04-21,Jazz,2
1962-04-21,Latin,1
1962-04-21,Pop,6
1962-04-21,RnB,18
1962-04-21,Rock,17
1962-04-28,Country,4
1962-04-28,Folk,1
1962-04-28,Jazz,2
1962-04-28,Latin,1
1962-04-28,Pop,6
1962-04-28,RnB,17
1962-04-28,Rock,19
1962-05-05,Blues,1
1962-05-05,Country,3
1962-05-05,Folk,2
1962-05-05,Gospel,1
1962-05-05,Jazz,2
1962-05-05,Latin,1
1962-05-05,Pop,6
1962-05-05,RnB,19
1962-05-05,Rock,16
1962-05-12,Blues,1
1962-05-12,Country,4
1962-05-12,Folk,1
1962-05-12,Gospel,1
1962-05-12,Jazz,4
1962-05-12,Pop,6
1962-05-12,RnB,22
1962-05-12,Rock,13
1962-05-19,Blues,1
1962-05-19,Classical,1
1962-05-19,Country,5
1962-05-19,Folk,3
1962-05-19,Jazz,5
1962-05-19,Pop,5
1962-05-19,RnB,17
1962-05-19,Rock,16
1962-05-26,Blues,1
1962-05-26,Country,4
1962-05-26,Folk,1
1962-05-26,Gospel,1
1962-05-26,Jazz,4
1962-05-26,Pop,5
1962-05-26,RnB,20
1962-05-26,Rock,18
1962-06-02,Blues,1
1962-06-02,Classical,1
1962-06-02,Country,4
1962-06-02,Folk,2
1962-06-02,Gospel,1
1962-06-02,Jazz,4
1962-06-02,Pop,5
1962-06-02,RnB,19
1962-06-02,Rock,17
1962-06-09,Blues,1
1962-06-09,Classical,1
1962-06-09,Country,3
1962-06-09,Folk,2
1962-06-09,Jazz,3
1962-06-09,Pop,6
1962-06-09,RnB,19
1962-06-09,Rock,15
1962-06-16,Blues,1
1962-06-16,Classical,1
1962-06-16,Country,2
1962-06-16,Folk,2
1962-06-16,Gospel,1
1962-06-16,Jazz,3
1962-06-16,Pop,6
1962-06-16,RnB,21
1962-06-16,Rock,14
1962-06-23,Blues,2
1962-06-23,Classical,1
1962-06-23,Country,2
1962-06-23,Folk,2
1962-06-23,Gospel,1
1962-06-23,Jazz,4
1962-06-23,Pop,5
1962-06-23,RnB,22
1962-06-23,Rock,14
1962-06-30,Blues,2
1962-06-30,Classical,1
1962-06-30,Country,3
1962-06-30,Jazz,5
1962-06-30,Pop,6
1962-06-30,RnB,22
1962-06-30,Rock,12
1962-07-07,Blues,2
1962-07-07,Country,4
1962-07-07,Jazz,5
1962-07-07,Pop,5
1962-07-07,RnB,26
1962-07-07,Rock,12
1962-07-14,Blues,2
1962-07-14,Country,5
1962-07-14,Jazz,5
1962-07-14,Pop,6
1962-07-14,RnB,23
1962-07-14,Rock,12
1962-07-21,Blues,1
1962-07-21,Classical,1
1962-07-21,Country,6
1962-07-21,Jazz,6
1962-07-21,Pop,5
1962-07-21,RnB,24
1962-07-21,Rock,11
1962-07-28,Blues,1
1962-07-28,Classical,1
1962-07-28,Country,7
1962-07-28,Jazz,6
1962-07-28,Pop,4
1962-07-28,RnB,25
1962-07-28,Rock,10
1962-08-04,Blues,1
1962-08-04,Classical,1
1962-08-04,Country,6
1962-08-04,Jazz,7
1962-08-04,Pop,6
1962-08-04,RnB,20
1962-08-04,Rock,11
1962-08-11,Blues,1
1962-08-11,Classical,1
1962-08-11,Country,5
1962-08-11,Jazz,5
1962-08-11,Pop,7
1962-08-11,RnB,24
1962-08-11,Rock,10
1962-08-18,Blues,1
1962-08-18,Classical,1
1962-08-18,Country,4
1962-08-18,Folk,1
1962-08-18,Jazz,6
1962-08-18,Pop,6
1962-08-18,RnB,23
1962-08-18,Rock,12
1962-08-25,Blues,1
1962-08-25,Classical,1
1962-08-25,Country,5
1962-08-25,Folk,2
1962-08-25,Jazz,6
1962-08-25,Pop,5
1962-08-25,RnB,22
1962-08-25,Rock,11
1962-09-01,Blues,1
1962-09-01,Classical,1
1962-09-01,Country,4
1962-09-01,Folk,2
1962-09-01,Jazz,8
1962-09-01,Pop,6
1962-09-01,RnB,21
1962-09-01,Rock,12
1962-09-08,Blues,2
1962-09-08,Classical,1
1962-09-08,Country,3
1962-09-08,Folk,2
1962-09-08,Jazz,9
1962-09-08,Pop,7
1962-09-08,RnB,19
1962-09-08,Rock,13
1962-09-15,Blues,2
1962-09-15,Classical,1
1962-09-15,Country,5
1962-09-15,Folk,2
1962-09-15,Jazz,7
1962-09-15,Pop,6
1962-09-15,RnB,19
1962-09-15,Rock,14
1962-09-22,Blues,2
1962-09-22,Classical,1
1962-09-22,Country,4
1962-09-22,Folk,2
1962-09-22,Jazz,6
1962-09-22,Pop,8
1962-09-22,RnB,17
1962-09-22,Rock,17
1962-09-29,Blues,2
1962-09-29,Classical,1
1962-09-29,Country,5
1962-09-29,Folk,2
1962-09-29,Jazz,8
1962-09-29,Pop,8
1962-09-29,RnB,17
1962-09-29,Rock,17
1962-10-06,Blues,1
1962-10-06,Classical,1
1962-10-06,Country,4
1962-10-06,Folk,2
1962-10-06,Jazz,7
1962-10-06,Pop,9
1962-10-06,RnB,17
1962-10-06,Rock,16
1962-10-13,Blues,1
1962-10-13,Country,6
1962-10-13,Folk,2
1962-10-13,Gospel,1
1962-10-13,Jazz,8
1962-10-13,Pop,9
1962-10-13,RnB,18
1962-10-13,Rock,16
1962-10-20,Blues,1
1962-10-20,Classical,1
1962-10-20,Country,6
1962-10-20,Folk,2
1962-10-20,Gospel,1
1962-10-20,Jazz,8
1962-10-20,Pop,6
1962-10-20,RnB,20
1962-10-20,Rock,15
1962-10-27,Blues,2
1962-10-27,Country,7
1962-10-27,Folk,2
1962-10-27,Jazz,10
1962-10-27,Pop,8
1962-10-27,RnB,20
1962-10-27,Rock,13
1962-11-03,Blues,2
1962-11-03,Classical,1
1962-11-03,Country,6
1962-11-03,Folk,1
1962-11-03,Jazz,10
1962-11-03,Pop,7
1962-11-03,RnB,17
1962-11-03,Rock,14
1962-11-10,Blues,1
1962-11-10,Classical,1
1962-11-10,Country,5
1962-11-10,Jazz,11
1962-11-10,Pop,7
1962-11-10,RnB,17
1962-11-10,Rock,13
1962-11-17,Blues,2
1962-11-17,Classical,1
1962-11-17,Country,5
1962-11-17,Folk,1
1962-11-17,Jazz,11
1962-11-17,Pop,7
1962-11-17,RnB,19
1962-11-17,Rock,13
1962-11-24,Blues,1
1962-11-24,Country,4
1962-11-24,Jazz,9
1962-11-24,Pop,8
1962-11-24,RnB,20
1962-11-24,Rock,12
1962-12-01,Blues,1
1962-12-01,Country,3
1962-12-01,Jazz,10
1962-12-01,Pop,9
1962-12-01,RnB,21
1962-12-01,Rock,12
1962-12-08,Country,4
1962-12-08,Jazz,9
1962-12-08,Pop,7
1962-12-08,RnB,21
1962-12-08,Rock,13
1962-12-15,Country,4
1962-12-15,Folk,1
1962-12-15,Jazz,10
1962-12-15,Pop,8
1962-12-15,RnB,18
1962-12-15,Rock,10
1962-12-22,Country,5
1962-12-22,Jazz,8
1962-12-22,Pop,8
1962-12-22,RnB,18
1962-12-22,Rock,11
1962-12-29,Country,6
1962-12-29,Gospel,2
1962-12-29,Jazz,8
1962-12-29,Pop,9
1962-12-29,RnB,18
1962-12-29,Rock,13
1963-01-05,Blues,1
1963-01-05,Country,5
1963-01-05,Gospel,1
1963-01-05,Jazz,10
1963-01-05,Pop,9
1963-01-05,RnB,19
1963-01-05,Rock,13
1963-01-12,Blues,1
1963-01-12,Country,4
1963-01-12,Folk,1
1963-01-12,Gospel,1
1963-01-12,Jazz,7
1963-01-12,Pop,8
1963-01-12,RnB,24
1963-01-12,Rock,13
1963-01-19,Blues,2
1963-01-19,Country,4
1963-01-19,Folk,1
1963-01-19,Gospel,1
1963-01-19,Jazz,7
1963-01-19,Pop,8
1963-01-19,RnB,18
1963-01-19,Rock,14
1963-01-26,Blues,2
1963-01-26,Country,4
1963-01-26,Folk,2
1963-01-26,Gospel,1
1963-01-26,Jazz,8
1963-01-26,Pop,8
1963-01-26,RnB,16
1963-01-26,Rock,11
1963-02-02,Blues,2
1963-02-02,Country,4
1963-02-02,Folk,2
1963-02-02,Gospel,1
1963-02-02,Jazz,7
1963-02-02,Pop,8
1963-02-02,RnB,17
1963-02-02,Rock,10
1963-02-09,Blues,2
1963-02-09,Country,5
1963-02-09,Folk,2
1963-02-09,Gospel,1
1963-02-09,Jazz,6
1963-02-09,Pop,6
1963-02-09,RnB,19
1963-02-09,Rock,11
1963-02-16,Blues,2
1963-02-16,Country,4
1963-02-16,Folk,2
1963-02-16,Gospel,1
1963-02-16,Jazz,7
1963-02-16,Pop,6
1963-02-16,RnB,18
1963-02-16,Rock,14
1963-02-23,Blues,2
1963-02-23,Country,3
1963-02-23,Folk,2
1963-02-23,Jazz,8
1963-02-23,Pop,8
1963-02-23,RnB,16
1963-02-23,Rock,17
1963-03-02,Blues,2
1963-03-02,Country,2
1963-03-02,Folk,1
1963-03-02,Jazz,9
1963-03-02,Pop,9
1963-03-02,RnB,14
1963-03-02,Rock,18
1963-03-09,Blues,2
1963-03-09,Country,2
1963-03-09,Folk,1
1963-03-09,Jazz,8
1963-03-09,Pop,6
1963-03-09,RnB,17
1963-03-09,Rock,18
1963-03-16,Blues,2
1963-03-16,Country,2
1963-03-16,Folk,3
1963-03-16,Jazz,8
1963-03-16,Pop,7
1963-03-16,RnB,20
1963-03-16,Rock,16
1963-03-23,Blues,2
1963-03-23,Country,3
1963-03-23,Folk,3
1963-03-23,Jazz,7
1963-03-23,Pop,9
1963-03-23,RnB,18
1963-03-23,Rock,14
1963-03-30,Country,1
1963-03-30,Folk,3
1963-03-30,Jazz,5
1963-03-30,Pop,9
1963-03-30,RnB,21
1963-03-30,Rock,14
1963-04-06,Country,1
1963-04-06,Folk,4
1963-04-06,Jazz,6
1963-04-06,Pop,9
1963-04-06,RnB,19
1963-04-06,Rock,13
1963-04-13,Blues,1
1963-04-13,Country,2
1963-04-13,Folk,3
1963-04-13,Jazz,6
1963-04-13,Pop,8
1963-04-13,RnB,19
1963-04-13,Rock,11
1963-04-20,Country,2
1963-04-20,Folk,3
1963-04-20,Jazz,5
1963-04-20,Pop,8
1963-04-20,RnB,24
1963-04-20,Rock,10
1963-04-27,Country,2
1963-04-27,Folk,4
1963-04-27,Jazz,3
1963-04-27,Latin,1
1963-04-27,Pop,7
1963-04-27,RnB,21
1963-04-27,Rock,10
1963-05-04,Blues,1
1963-05-04,Country,2
1963-05-04,Electronic,1
1963-05-04,Folk,3
1963-05-04,Jazz,1
1963-05-04,Latin,1
1963-05-04,Pop,8
1963-05-04,RnB,23
1963-05-04,Rock,11
1963-05-11,Blues,1
1963-05-11,Country,2
1963-05-11,Folk,2
1963-05-11,Jazz,4
1963-05-11,Latin,1
1963-05-11,Pop,10
1963-05-11,RnB,21
1963-05-11,Rock,11
1963-05-11,World,1
1963-05-18,Blues,1
1963-05-18,Country,2
1963-05-18,Electronic,1
1963-05-18,Folk,3
1963-05-18,Jazz,4
1963-05-18,Latin,1
1963-05-18,Pop,11
1963-05-18,RnB,18
1963-05-18,Rock,12
1963-05-18,World,1
1963-05-25,Blues,1
1963-05-25,Country,2
1963-05-25,Electronic,1
1963-05-25,Folk,2
1963-05-25,Jazz,5
1963-05-25,Latin,1
1963-05-25,Pop,8
1963-05-25,RnB,26
1963-05-25,Rock,10
1963-05-25,World,1
1963-06-01,Blues,1
1963-06-01,Country,3
1963-06-01,Electronic,1
1963-06-01,Folk,2
1963-06-01,Jazz,6
1963-06-01,Latin,1
1963-06-01,Pop,8
1963-06-01,RnB,22
1963-06-01,Rock,10
1963-06-01,World,1
1963-06-08,Blues,1
1963-06-08,Country,4
1963-06-08,Folk,3
1963-06-08,Jazz,6
1963-06-08,Latin,1
1963-06-08,Pop,7
1963-06-08,RnB,23
1963-06-08,Rock,11
1963-06-08,World,1
1963-06-15,Blues,1
1963-06-15,Country,6
1963-06-15,Folk,3
1963-06-15,Jazz,5
1963-06-15,Latin,1
1963-06-15,Pop,6
1963-06-15,RnB,21
1963-06-15,Rock,15
1963-06-15,World,1
1963-06-22,Country,6
1963-06-22,Folk,1
1963-06-22,Jazz,4
1963-06-22,Latin,1
1963-06-22,Pop,6
1963-06-22,RnB,23
1963-06-22,Rock,12
1963-06-22,World,1
1963-06-29,Country,5
1963-06-29,Folk,2
1963-06-29,Gospel,2
1963-06-29,Jazz,4
1963-06-29,Pop,7
1963-06-29,RnB,22
1963-06-29,Rock,14
1963-06-29,World,1
1963-07-06,Country,5
1963-07-06,Folk,2
1963-07-06,Gospel,1
1963-07-06,Jazz,5
1963-07-06,Pop,9
1963-07-06,RnB,20
1963-07-06,Rock,12
1963-07-06,World,1
1963-07-13,Country,5
1963-07-13,Folk,2
1963-07-13,Gospel,2
1963-07-13,Jazz,5
1963-07-13,Pop,8
1963-07-13,RnB,20
1963-07-13,Rock,13
1963-07-13,World,1
1963-07-20,Blues,1
1963-07-20,Country,5
1963-07-20,Folk,2
1963-07-20,Gospel,1
1963-07-20,Jazz,4
1963-07-20,Pop,8
1963-07-20,RnB,24
1963-07-20,Rock,12
1963-07-20,World,1
1963-07-27,Blues,1
1963-07-27,Country,4
1963-07-27,Folk,2
1963-07-27,Gospel,1
1963-07-27,Jazz,5
1963-07-27,Pop,7
1963-07-27,RnB,28
1963-07-27,Rock,11
1963-07-27,World,1
1963-08-03,Blues,1
1963-08-03,Country,4
1963-08-03,Folk,3
1963-08-03,Gospel,1
1963-08-03,Jazz,3
1963-08-03,Pop,9
1963-08-03,RnB,28
1963-08-03,Rock,11
1963-08-03,World,1
1963-08-10,Blues,1
1963-08-10,Country,5
1963-08-10,Folk,3
1963-08-10,Gospel,1
1963-08-10,Jazz,2
1963-08-10,Pop,8
1963-08-10,RnB,27
1963-08-10,Rock,11
1963-08-10,World,1
1963-08-17,Blues,1
1963-08-17,Country,3
1963-08-17,Folk,3
1963-08-17,Gospel,1
1963-08-17,Jazz,2
1963-08-17,Pop,7
1963-08-17,RnB,30
1963-08-17,Rock,13
1963-08-24,Blues,1
1963-08-24,Country,3
1963-08-24,Folk,2
1963-08-24,Jazz,5
1963-08-24,Pop,8
1963-08-24,RnB,28
1963-08-24,Rock,15
1963-08-24,World,1
1963-08-31,Country,4
1963-08-31,Folk,2
1963-08-31,Jazz,5
1963-08-31,Pop,8
1963-08-31,RnB,28
1963-08-31,Rock,13
1963-08-31,World,1
1963-09-07,Country,2
1963-09-07,Folk,2
1963-09-07,Jazz,5
1963-09-07,Pop,9
1963-09-07,Reggae,1
1963-09-07,RnB,28
1963-09-07,Rock,14
1963-09-07,World,1
1963-09-14,Country,1
1963-09-14,Folk,3
1963-09-14,Jazz,5
1963-09-14,Pop,10
1963-09-14,Reggae,1
1963-09-14,RnB,24
1963-09-14,Rock,13
1963-09-14,World,1
1963-09-21,Country,2
1963-09-21,Folk,3
1963-09-21,Jazz,5
1963-09-21,Latin,1
1963-09-21,Pop,8
1963-09-21,Reggae,1
1963-09-21,RnB,24
1963-09-21,Rock,12
1963-09-21,World,1
1963-09-28,Country,2
1963-09-28,Folk,3
1963-09-28,Jazz,5
1963-09-28,Latin,1
1963-09-28,Pop,8
1963-09-28,Reggae,1
1963-09-28,RnB,24
1963-09-28,Rock,12
1963-09-28,World,1
1963-10-05,Country,2
1963-10-05,Folk,3
1963-10-05,Jazz,3
1963-10-05,Latin,1
1963-10-05,Pop,9
1963-10-05,Reggae,1
1963-10-05,RnB,23
1963-10-05,Rock,12
1963-10-12,Country,4
1963-10-12,Folk,2
1963-10-12,Jazz,4
1963-10-12,Latin,1
1963-10-12,Pop,8
1963-10-12,Reggae,1
1963-10-12,RnB,26
1963-10-12,Rock,9
1963-10-19,Country,3
1963-10-19,Folk,1
1963-10-19,Jazz,3
1963-10-19,Latin,1
1963-10-19,Pop,9
1963-10-19,Reggae,1
1963-10-19,RnB,28
1963-10-19,Rock,11
1963-10-26,Country,4
1963-10-26,Folk,1
1963-10-26,Jazz,2
1963-10-26,Latin,1
1963-10-26,Pop,9
1963-10-26,Reggae,1
1963-10-26,RnB,25
1963-10-26,Rock,11
1963-11-02,Country,3
1963-11-02,Folk,1
1963-11-02,Jazz,2
1963-11-02,Latin,1
1963-11-02,Pop,9
1963-11-02,Reggae,1
1963-11-02,RnB,27
1963-11-02,Rock,12
1963-11-09,Country,3
1963-11-09,Folk,2
1963-11-09,Jazz,2
1963-11-09,Latin,1
1963-11-09,Pop,8
1963-11-09,Reggae,1
1963-11-09,RnB,24
1963-11-09,Rock,13
1963-11-16,Country,3
1963-11-16,Folk,1
1963-11-16,Jazz,2
1963-11-16,Latin,1
1963-11-16,Pop,8
1963-11-16,RnB,24
1963-11-16,Rock,12
1963-11-23,Country,2
1963-11-23,Folk,1
1963-11-23,Jazz,4
1963-11-23,Latin,1
1963-11-23,Pop,9
1963-11-23,RnB,27
1963-11-23,Rock,10
1963-11-30,Country,3
1963-11-30,Folk,2
1963-11-30,Jazz,3
1963-11-30,Latin,1
1963-11-30,Pop,9
1963-11-30,RnB,25
1963-11-30,Rock,14
1963-12-07,Country,3
1963-12-07,Folk,2
1963-12-07,Jazz,2
1963-12-07,Latin,1
1963-12-07,Pop,9
1963-12-07,RnB,25
1963-12-07,Rock,15
1963-12-14,Country,2
1963-12-14,Folk,3
1963-12-14,Jazz,1
1963-12-14,Latin,1
1963-12-14,Pop,9
1963-12-14,RnB,21
1963-12-14,Rock,14
1963-12-21,Country,1
1963-12-21,Folk,3
1963-12-21,Jazz,3
1963-12-21,Latin,1
1963-12-21,Pop,11
1963-12-21,RnB,19
1963-12-21,Rock,15
1963-12-28,Blues,1
1963-12-28,Country,1
1963-12-28,Folk,3
1963-12-28,Jazz,3
1963-12-28,Pop,11
1963-12-28,RnB,17
1963-12-28,Rock,15
1964-01-04,Blues,1
1964-01-04,Folk,2
1964-01-04,Jazz,3
1964-01-04,Pop,11
1964-01-04,RnB,23
1964-01-04,Rock,17
1964-01-11,Blues,1
1964-01-11,Folk,2
1964-01-11,Jazz,2
1964-01-11,Pop,11
1964-01-11,RnB,25
1964-01-11,Rock,17
1964-01-18,Country,1
1964-01-18,Folk,1
1964-01-18,Jazz,3
1964-01-18,Pop,11
1964-01-18,RnB,25
1964-01-18,Rock,19
1964-01-25,Country,1
1964-01-25,Folk,1
1964-01-25,Jazz,3
1964-01-25,Pop,11
1964-01-25,RnB,25
1964-01-25,Rock,20
1964-02-01,Folk,1
1964-02-01,HipHop,1
1964-02-01,Jazz,4
1964-02-01,Pop,9
1964-02-01,RnB,27
1964-02-01,Rock,21
1964-02-08,Country,2
1964-02-08,Folk,1
1964-02-08,HipHop,1
1964-02-08,Jazz,3
1964-02-08,Pop,9
1964-02-08,RnB,25
1964-02-08,Rock,23
1964-02-15,Country,4
1964-02-15,Folk,1
1964-02-15,HipHop,1
1964-02-15,Jazz,4
1964-02-15,Pop,10
1964-02-15,RnB,23
1964-02-15,Rock,22
1964-02-22,Country,4
1964-02-22,Folk,1
1964-02-22,Jazz,4
1964-02-22,Pop,12
1964-02-22,RnB,21
1964-02-22,Rock,23
1964-02-29,Country,4
1964-02-29,Folk,2
1964-02-29,Jazz,4
1964-02-29,Pop,10
1964-02-29,RnB,23
1964-02-29,Rock,24
1964-03-07,Blues,1
1964-03-07,Country,3
1964-03-07,Folk,2
1964-03-07,Jazz,6
1964-03-07,Pop,12
1964-03-07,RnB,24
1964-03-07,Rock,21
1964-03-07,World,1
1964-03-14,Blues,1
1964-03-14,Country,3
1964-03-14,Folk,2
1964-03-14,Jazz,6
1964-03-14,Latin,1
1964-03-14,Pop,8
1964-03-14,RnB,27
1964-03-14,Rock,23
1964-03-14,World,1
1964-03-21,Blues,1
1964-03-21,Country,2
1964-03-21,Folk,2
1964-03-21,Jazz,6
1964-03-21,Latin,1
1964-03-21,Pop,7
1964-03-21,RnB,24
1964-03-21,Rock,25
1964-03-21,World,1
1964-03-28,Blues,1
1964-03-28,Country,1
1964-03-28,Folk,2
1964-03-28,Jazz,6
1964-03-28,Pop,8
1964-03-28,RnB,22
1964-03-28,Rock,28
1964-03-28,World,1
1964-04-04,Blues,1
1964-04-04,Country,1
1964-04-04,Folk,2
1964-04-04,Jazz,3
1964-04-04,Pop,6
1964-04-04,RnB,21
1964-04-04,Rock,29
1964-04-04,World,1
1964-04-11,Blues,1
1964-04-11,Folk,2
1964-04-11,Jazz,6
1964-04-11,Pop,6
1964-04-11,Reggae,2
1964-04-11,RnB,18
1964-04-11,Rock,32
1964-04-11,World,1
1964-04-18,Blues,1
1964-04-18,Folk,3
1964-04-18,Jazz,5
1964-04-18,Pop,9
1964-04-18,Reggae,2
1964-04-18,RnB,20
1964-04-18,Rock,26
1964-04-18,World,1
1964-04-25,Blues,1
1964-04-25,Folk,3
1964-04-25,Jazz,6
1964-04-25,Pop,12
1964-04-25,Reggae,2
1964-04-25,RnB,18
1964-04-25,Rock,25
1964-04-25,World,1
1964-05-02,Blues,1
1964-05-02,Folk,3
1964-05-02,Jazz,5
1964-05-02,Pop,13
1964-05-02,Reggae,2
1964-05-02,RnB,23
1964-05-02,Rock,25
1964-05-02,World,1
1964-05-09,Folk,2
1964-05-09,Jazz,5
1964-05-09,Pop,14
1964-05-09,Reggae,2
1964-05-09,RnB,22
1964-05-09,Rock,25
1964-05-09,World,1
1964-05-16,Country,2
1964-05-16,Folk,2
1964-05-16,Jazz,6
1964-05-16,Pop,12
1964-05-16,Reggae,2
1964-05-16,RnB,21
1964-05-16,Rock,23
1964-05-16,World,1
1964-05-23,Country,1
1964-05-23,Folk,3
1964-05-23,Jazz,6
1964-05-23,Pop,15
1964-05-23,Reggae,3
1964-05-23,RnB,20
1964-05-23,Rock,21
1964-05-23,World,1
1964-05-30,Country,1
1964-05-30,Folk,3
1964-05-30,Jazz,6
1964-05-30,Pop,15
1964-05-30,Reggae,3
1964-05-30,RnB,15
1964-05-30,Rock,22
1964-05-30,World,1
1964-06-06,Country,1
1964-06-06,Folk,1
1964-06-06,Jazz,6
1964-06-06,Pop,14
1964-06-06,Reggae,3
1964-06-06,RnB,22
1964-06-06,Rock,22
1964-06-06,World,1
1964-06-13,Blues,1
1964-06-13,Country,2
1964-06-13,Folk,1
1964-06-13,Jazz,6
1964-06-13,Pop,12
1964-06-13,Reggae,3
1964-06-13,RnB,23
1964-06-13,Rock,20
1964-06-20,Blues,1
1964-06-20,Country,2
1964-06-20,Folk,1
1964-06-20,Jazz,7
1964-06-20,Pop,12
1964-06-20,Reggae,2
1964-06-20,RnB,23
1964-06-20,Rock,19
1964-06-20,World,1
1964-06-27,Blues,1
1964-06-27,Country,2
1964-06-27,Folk,2
1964-06-27,Jazz,8
1964-06-27,Pop,10
1964-06-27,Reggae,2
1964-06-27,RnB,24
1964-06-27,Rock,19
1964-06-27,World,1
1964-07-04,Blues,1
1964-07-04,Classical,1
1964-07-04,Country,3
1964-07-04,Folk,2
1964-07-04,Jazz,6
1964-07-04,Pop,11
1964-07-04,Reggae,1
1964-07-04,RnB,26
1964-07-04,Rock,17
1964-07-04,World,1
1964-07-11,Blues,1
1964-07-11,Classical,1
1964-07-11,Country,2
1964-07-11,Folk,2
1964-07-11,Jazz,7
1964-07-11,Pop,13
1964-07-11,Reggae,2
1964-07-11,RnB,24
1964-07-11,Rock,17
1964-07-11,World,1
1964-07-18,Blues,1
1964-07-18,Classical,2
1964-07-18,Country,1
1964-07-18,Jazz,4
1964-07-18,Pop,13
1964-07-18,Reggae,1
1964-07-18,RnB,26
1964-07-18,Rock,18
1964-07-25,Blues,1
1964-07-25,Classical,2
1964-07-25,Country,1
1964-07-25,Jazz,4
1964-07-25,Pop,13
1964-07-25,Reggae,1
1964-07-25,RnB,23
1964-07-25,Rock,21
1964-08-01,Blues,1
1964-08-01,Classical,2
1964-08-01,Country,1
1964-08-01,Jazz,4
1964-08-01,Pop,15
1964-08-01,Reggae,1
1964-08-01,RnB,23
1964-08-01,Rock,22
1964-08-08,Blues,1
1964-08-08,Classical,2
1964-08-08,Country,1
1964-08-08,Jazz,3
1964-08-08,Pop,15
1964-08-08,Reggae,2
1964-08-08,RnB,20
1964-08-08,Rock,24
1964-08-15,Classical,1
1964-08-15,Country,1
1964-08-15,Jazz,3
1964-08-15,Pop,17
1964-08-15,Reggae,1
1964-08-15,RnB,21
1964-08-15,Rock,23
1964-08-22,Classical,1
1964-08-22,Country,2
1964-08-22,Gospel,1
1964-08-22,Jazz,4
1964-08-22,Pop,14
1964-08-22,Reggae,1
1964-08-22,RnB,24
1964-08-22,Rock,19
1964-08-29,Classical,1
1964-08-29,Country,1
1964-08-29,Gospel,1
1964-08-29,Jazz,3
1964-08-29,Pop,14
1964-08-29,Reggae,1
1964-08-29,RnB,25
1964-08-29,Rock,21
1964-09-05,Classical,1
1964-09-05,Country,2
1964-09-05,Jazz,4
1964-09-05,Pop,15
1964-09-05,Reggae,1
1964-09-05,RnB,24
1964-09-05,Rock,25
1964-09-12,Classical,1
1964-09-12,Country,1
1964-09-12,Jazz,2
1964-09-12,Pop,13
1964-09-12,Reggae,1
1964-09-12,RnB,23
1964-09-12,Rock,28
1964-09-19,Classical,1
1964-09-19,Country,1
1964-09-19,Jazz,3
1964-09-19,Pop,12
1964-09-19,Reggae,1
1964-09-19,RnB,25
1964-09-19,Rock,27
1964-09-26,Country,1
1964-09-26,Gospel,1
1964-09-26,Jazz,5
1964-09-26,Pop,13
1964-09-26,RnB,28
1964-09-26,Rock,26
1964-10-03,Country,1
1964-10-03,Gospel,1
1964-10-03,Jazz,9
1964-10-03,Pop,11
1964-10-03,RnB,30
1964-10-03,Rock,21
1964-10-10,Country,1
1964-10-10,Gospel,1
1964-10-10,Jazz,8
1964-10-10,Pop,8
1964-10-10,Reggae,1
1964-10-10,RnB,30
1964-10-10,Rock,23
1964-10-17,Country,1
1964-10-17,Jazz,8
1964-10-17,Pop,13
1964-10-17,Reggae,1
1964-10-17,RnB,28
1964-10-17,Rock,20
1964-10-24,Blues,1
1964-10-24,Country,1
1964-10-24,Jazz,6
1964-10-24,Pop,14
1964-10-24,Reggae,1
1964-10-24,RnB,27
1964-10-24,Rock,17
1964-10-31,Blues,1
1964-10-31,Country,3
1964-10-31,Folk,1
1964-10-31,Jazz,6
1964-10-31,Pop,14
1964-10-31,Reggae,1
1964-10-31,RnB,25
1964-10-31,Rock,20
1964-11-07,Blues,1
1964-11-07,Country,3
1964-11-07,Folk,1
1964-11-07,Jazz,5
1964-11-07,Pop,16
1964-11-07,Reggae,1
1964-11-07,RnB,24
1964-11-07,Rock,23
1964-11-14,Blues,1
1964-11-14,Country,3
1964-11-14,Folk,1
1964-11-14,Jazz,5
1964-11-14,Pop,15
1964-11-14,Reggae,1
1964-11-14,RnB,24
1964-11-14,Rock,24
1964-11-21,Blues,1
1964-11-21,Country,3
1964-11-21,Folk,1
1964-11-21,Gospel,1
1964-11-21,Jazz,3
1964-11-21,Pop,14
1964-11-21,Reggae,1
1964-11-21,RnB,21
1964-11-21,Rock,25
1964-11-28,Blues,1
1964-11-28,Country,5
1964-11-28,Folk,1
1964-11-28,Gospel,1
1964-11-28,Jazz,3
1964-11-28,Pop,14
1964-11-28,Reggae,1
1964-11-28,RnB,24
1964-11-28,Rock,19
1964-12-05,Country,4
1964-12-05,Folk,1
1964-12-05,Gospel,1
1964-12-05,Jazz,3
1964-12-05,Pop,14
1964-12-05,Reggae,1
1964-12-05,RnB,19
1964-12-05,Rock,21
1964-12-12,Country,4
1964-12-12,Folk,1
1964-12-12,Jazz,2
1964-12-12,Pop,15
1964-12-12,Reggae,1
1964-12-12,RnB,23
1964-12-12,Rock,19
1964-12-19,Country,3
1964-12-19,Folk,1
1964-12-19,Jazz,4
1964-12-19,Pop,15
1964-12-19,RnB,28
1964-12-19,Rock,18
1964-12-26,Country,3
1964-12-26,Folk,1
1964-12-26,Jazz,5
1964-12-26,Pop,14
1964-12-26,RnB,28
1964-12-26,Rock,18
1965-01-02,Blues,1
1965-01-02,Country,3
1965-01-02,Folk,1
1965-01-02,Jazz,5
1965-01-02,Pop,14
1965-01-02,RnB,28
1965-01-02,Rock,18
1965-01-09,Blues,1
1965-01-09,Country,3
1965-01-09,Folk,1
1965-01-09,Jazz,4
1965-01-09,Pop,15
1965-01-09,RnB,28
1965-01-09,Rock,18
1965-01-16,Blues,1
1965-01-16,Country,3
1965-01-16,Folk,1
1965-01-16,Jazz,3
1965-01-16,Pop,14
1965-01-16,RnB,30
1965-01-16,Rock,18
1965-01-23,Blues,1
1965-01-23,Classical,1
1965-01-23,Country,5
1965-01-23,Folk,1
1965-01-23,Jazz,3
1965-01-23,Pop,13
1965-01-23,RnB,28
1965-01-23,Rock,17
1965-01-30,Classical,1
1965-01-30,Country,4
1965-01-30,Folk,2
1965-01-30,Jazz,3
1965-01-30,Pop,13
1965-01-30,RnB,31
1965-01-30,Rock,14
1965-02-06,Classical,1
1965-02-06,Country,4
1965-02-06,Folk,2
1965-02-06,Jazz,4
1965-02-06,Pop,15
1965-02-06,RnB,30
1965-02-06,Rock,15
1965-02-13,Classical,1
1965-02-13,Country,5
1965-02-13,Folk,2
1965-02-13,Jazz,4
1965-02-13,Pop,14
1965-02-13,RnB,29
1965-02-13,Rock,17
1965-02-20,Classical,1
1965-02-20,Country,4
1965-02-20,Folk,1
1965-02-20,Jazz,5
1965-02-20,Pop,13
1965-02-20,RnB,28
1965-02-20,Rock,19
1965-02-27,Classical,1
1965-02-27,Country,3
1965-02-27,Folk,1
1965-02-27,Jazz,4
1965-02-27,Pop,14
1965-02-27,RnB,26
1965-02-27,Rock,22
1965-03-06,Blues,1
1965-03-06,Classical,1
1965-03-06,Country,3
1965-03-06,Folk,1
1965-03-06,Jazz,4
1965-03-06,Pop,15
1965-03-06,RnB,29
1965-03-06,Rock,22
1965-03-13,Classical,1
1965-03-13,Country,3
1965-03-13,Folk,1
1965-03-13,Gospel,1
1965-03-13,Jazz,6
1965-03-13,Pop,19
1965-03-13,Reggae,1
1965-03-13,RnB,25
1965-03-13,Rock,22
1965-03-20,Classical,1
1965-03-20,Country,3
1965-03-20,Folk,1
1965-03-20,Jazz,5
1965-03-20,Pop,20
1965-03-20,Reggae,2
1965-03-20,RnB,27
1965-03-20,Rock,20
1965-03-27,Classical,1
1965-03-27,Country,1
1965-03-27,Folk,1
1965-03-27,Jazz,6
1965-03-27,Pop,20
1965-03-27,Reggae,2
1965-03-27,RnB,29
1965-03-27,Rock,20
1965-04-03,Classical,1
1965-04-03,Country,1
1965-04-03,Folk,2
1965-04-03,Jazz,6
1965-04-03,Pop,20
1965-04-03,Reggae,2
1965-04-03,RnB,26
1965-04-03,Rock,18
1965-04-10,Classical,1
1965-04-10,Country,1
1965-04-10,Folk,2
1965-04-10,Jazz,5
1965-04-10,Pop,22
1965-04-10,Reggae,2
1965-04-10,RnB,27
1965-04-10,Rock,15
1965-04-17,Classical,2
1965-04-17,Country,1
1965-04-17,Folk,2
1965-04-17,Jazz,5
1965-04-17,Pop,22
1965-04-17,Reggae,1
1965-04-17,RnB,26
1965-04-17,Rock,16
1965-04-24,Blues,1
1965-04-24,Classical,1
1965-04-24,Country,2
1965-04-24,Folk,2
1965-04-24,Jazz,4
1965-04-24,Pop,20
1965-04-24,Reggae,1
1965-04-24,RnB,22
1965-04-24,Rock,19
1965-05-01,Classical,1
1965-05-01,Country,1
1965-05-01,Folk,2
1965-05-01,Jazz,5
1965-05-01,Pop,21
1965-05-01,RnB,24
1965-05-01,Rock,15
1965-05-08,Classical,1
1965-05-08,Country,2
1965-05-08,Folk,2
1965-05-08,Jazz,5
1965-05-08,Pop,18
1965-05-08,RnB,25
1965-05-08,Rock,18
1965-05-15,Classical,1
1965-05-15,Country,4
1965-05-15,Folk,3
1965-05-15,Jazz,4
1965-05-15,Pop,16
1965-05-15,RnB,24
1965-05-15,Rock,22
1965-05-22,Classical,1
1965-05-22,Country,4
1965-05-22,Folk,3
1965-05-22,Jazz,6
1965-05-22,Pop,15
1965-05-22,RnB,22
1965-05-22,Rock,23
1965-05-29,Classical,1
1965-05-29,Country,3
1965-05-29,Folk,2
1965-05-29,Jazz,5
1965-05-29,Pop,18
1965-05-29,RnB,23
1965-05-29,Rock,20
1965-06-05,Classical,1
1965-06-05,Country,3
1965-06-05,Folk,1
1965-06-05,Jazz,6
1965-06-05,Pop,18
1965-06-05,RnB,25
1965-06-05,Rock,19
1965-06-12,Classical,1
1965-06-12,Country,3
1965-06-12,Folk,1
1965-06-12,Jazz,6
1965-06-12,Pop,18
1965-06-12,RnB,21
1965-06-12,Rock,21
1965-06-19,Classical,1
1965-06-19,Country,3
1965-06-19,Jazz,4
1965-06-19,Pop,21
1965-06-19,RnB,24
1965-06-19,Rock,21
1965-06-26,Country,5
1965-06-26,Jazz,4
1965-06-26,Pop,19
1965-06-26,RnB,21
1965-06-26,Rock,20
1965-07-03,Country,4
1965-07-03,Electronic,1
1965-07-03,Jazz,3
1965-07-03,Pop,17
1965-07-03,RnB,26
1965-07-03,Rock,24
1965-07-10,Classical,1
1965-07-10,Country,4
1965-07-10,Electronic,1
1965-07-10,Jazz,2
1965-07-10,Pop,19
1965-07-10,RnB,24
1965-07-10,Rock,22
1965-07-17,Classical,1
1965-07-17,Country,3
1965-07-17,Electronic,1
1965-07-17,Folk,1
1965-07-17,Jazz,2
1965-07-17,Pop,13
1965-07-17,RnB,30
1965-07-17,Rock,22
1965-07-24,Classical,1
1965-07-24,Country,3
1965-07-24,Electronic,1
1965-07-24,Folk,2
1965-07-24,Jazz,3
1965-07-24,Pop,13
1965-07-24,RnB,29
1965-07-24,Rock,21
1965-07-31,Classical,1
1965-07-31,Country,2
1965-07-31,Electronic,1
1965-07-31,Folk,2
1965-07-31,Jazz,5
1965-07-31,Pop,14
1965-07-31,RnB,29
1965-07-31,Rock,19
1965-08-07,Classical,1
1965-08-07,Country,1
1965-08-07,Electronic,1
1965-08-07,Folk,2
1965-08-07,Jazz,6
1965-08-07,Pop,12
1965-08-07,RnB,31
1965-08-07,Rock,20
1965-08-14,Classical,1
1965-08-14,Country,1
1965-08-14,Folk,3
1965-08-14,Gospel,1
1965-08-14,Jazz,4
1965-08-14,Pop,13
1965-08-14,RnB,31
1965-08-14,Rock,26
1965-08-21,Classical,1
1965-08-21,Country,1
1965-08-21,Folk,3
1965-08-21,Gospel,1
1965-08-21,Jazz,5
1965-08-21,Pop,13
1965-08-21,RnB,29
1965-08-21,Rock,29
1965-08-28,Blues,1
1965-08-28,Classical,1
1965-08-28,Country,2
1965-08-28,Folk,2
1965-08-28,Gospel,1
1965-08-28,Jazz,6
1965-08-28,Pop,12
1965-08-28,RnB,30
1965-08-28,Rock,28
1965-09-04,Blues,1
1965-09-04,Classical,1
1965-09-04,Country,2
1965-09-04,Folk,1
1965-09-04,Gospel,1
1965-09-04,Jazz,6
1965-09-04,Pop,12
1965-09-04,RnB,29
1965-09-04,Rock,27
1965-09-11,Blues,1
1965-09-11,Classical,1
1965-09-11,Country,3
1965-09-11,Folk,2
1965-09-11,Gospel,1
1965-09-11,Jazz,9
1965-09-11,Pop,10
1965-09-11,RnB,28
1965-09-11,Rock,25
1965-09-18,Blues,1
1965-09-18,Country,3
1965-09-18,Folk,2
1965-09-18,Gospel,1
1965-09-18,Jazz,8
1965-09-18,Pop,11
1965-09-18,RnB,28
1965-09-18,Rock,22
1965-09-25,Blues,1
1965-09-25,Country,4
1965-09-25,Folk,2
1965-09-25,Jazz,7
1965-09-25,Pop,11
1965-09-25,RnB,23
1965-09-25,Rock,26
1965-10-02,Blues,1
1965-10-02,Country,4
1965-10-02,Folk,3
1965-10-02,Jazz,7
1965-10-02,Pop,14
1965-10-02,RnB,19
1965-10-02,Rock,24
1965-10-09,Blues,1
1965-10-09,Country,4
1965-10-09,Folk,4
1965-10-09,Jazz,7
1965-10-09,Pop,15
1965-10-09,RnB,19
1965-10-09,Rock,27
1965-10-16,Blues,1
1965-10-16,Country,5
1965-10-16,Folk,3
1965-10-16,Jazz,6
1965-10-16,Pop,14
1965-10-16,RnB,14
1965-10-16,Rock,29
1965-10-23,Country,5
1965-10-23,Folk,3
1965-10-23,Jazz,7
1965-10-23,Pop,12
1965-10-23,RnB,16
1965-10-23,Rock,31
1965-10-30,Country,3
1965-10-30,Folk,1
1965-10-30,Jazz,6
1965-10-30,Pop,13
1965-10-30,RnB,18
1965-10-30,Rock,34
1965-11-06,Country,4
1965-11-06,Folk,2
1965-11-06,Jazz,5
1965-11-06,Pop,13
1965-11-06,RnB,19
1965-11-06,Rock,32
1965-11-13,Country,3
1965-11-13,Folk,2
1965-11-13,Gospel,1
1965-11-13,Jazz,6
1965-11-13,Pop,11
1965-11-13,RnB,24
1965-11-13,Rock,31
1965-11-20,Country,3
1965-11-20,Folk,2
1965-11-20,Gospel,1
1965-11-20,Jazz,6
1965-11-20,Pop,10
1965-11-20,RnB,24
1965-11-20,Rock,28
1965-11-27,Country,3
1965-11-27,Folk,1
1965-11-27,Gospel,1
1965-11-27,Jazz,6
1965-11-27,Pop,9
1965-11-27,RnB,23
1965-11-27,Rock,28
1965-12-04,Country,3
1965-12-04,Gospel,1
1965-12-04,Jazz,4
1965-12-04,Pop,10
1965-12-04,RnB,25
1965-12-04,Rock,24
1965-12-11,Country,3
1965-12-11,Gospel,1
1965-12-11,Jazz,5
1965-12-11,Pop,11
1965-12-11,RnB,28
1965-12-11,Rock,22
1965-12-18,Country,3
1965-12-18,Gospel,1
1965-12-18,Jazz,4
1965-12-18,Pop,13
1965-12-18,RnB,27
1965-12-18,Rock,22
1965-12-25,Country,3
1965-12-25,Gospel,1
1965-12-25,Jazz,7
1965-12-25,Pop,13
1965-12-25,RnB,25
1965-12-25,Rock,22
1966-01-01,Country,3
1966-01-01,Folk,1
1966-01-01,Gospel,1
1966-01-01,Jazz,6
1966-01-01,Pop,16
1966-01-01,RnB,26
1966-01-01,Rock,22
1966-01-08,Blues,1
1966-01-08,Classical,1
1966-01-08,Country,4
1966-01-08,Folk,1
1966-01-08,Gospel,1
1966-01-08,Jazz,5
1966-01-08,Pop,14
1966-01-08,RnB,25
1966-01-08,Rock,22
1966-01-15,Blues,1
1966-01-15,Classical,1
1966-01-15,Country,3
1966-01-15,Folk,1
1966-01-15,Gospel,2
1966-01-15,Jazz,4
1966-01-15,Pop,14
1966-01-15,RnB,25
1966-01-15,Rock,24
1966-01-22,Blues,1
1966-01-22,Classical,2
1966-01-22,Country,1
1966-01-22,Folk,1
1966-01-22,Gospel,2
1966-01-22,Jazz,6
1966-01-22,Pop,14
1966-01-22,RnB,24
1966-01-22,Rock,25
1966-01-29,Blues,2
1966-01-29,Classical,2
1966-01-29,Country,1
1966-01-29,Folk,1
1966-01-29,Gospel,2
1966-01-29,Jazz,6
1966-01-29,Pop,15
1966-01-29,RnB,22
1966-01-29,Rock,24
1966-02-05,Blues,2
1966-02-05,Classical,2
1966-02-05,Country,2
1966-02-05,Folk,1
1966-02-05,Gospel,2
1966-02-05,Jazz,6
1966-02-05,Pop,15
1966-02-05,RnB,18
1966-02-05,Rock,27
1966-02-12,Blues,2
1966-02-12,Classical,2
1966-02-12,Country,2
1966-02-12,Gospel,1
1966-02-12,Jazz,7
1966-02-12,Pop,13
1966-02-12,RnB,20
1966-02-12,Rock,28
1966-02-19,Blues,1
1966-02-19,Classical,1
1966-02-19,Country,3
1966-02-19,Gospel,1
1966-02-19,Jazz,5
1966-02-19,Pop,15
1966-02-19,RnB,21
1966-02-19,Rock,29
1966-02-26,Blues,1
1966-02-26,Classical,1
1966-02-26,Country,4
1966-02-26,Jazz,4
1966-02-26,Pop,13
1966-02-26,RnB,21
1966-02-26,Rock,31
1966-03-05,Blues,1
1966-03-05,Classical,1
1966-03-05,Country,4
1966-03-05,Jazz,3
1966-03-05,Pop,11
1966-03-05,RnB,25
1966-03-05,Rock,31
1966-03-12,Blues,1
1966-03-12,Country,5
1966-03-12,Jazz,3
1966-03-12,Pop,10
1966-03-12,RnB,24
1966-03-12,Rock,30
1966-03-19,Blues,1
1966-03-19,Country,4
1966-03-19,Jazz,4
1966-03-19,Pop,7
1966-03-19,RnB,27
1966-03-19,Rock,31
1966-03-26,Blues,1
1966-03-26,Country,4
1966-03-26,Jazz,3
1966-03-26,Pop,9
1966-03-26,RnB,30
1966-03-26,Rock,28
1966-04-02,Blues,1
1966-04-02,Country,4
1966-04-02,Jazz,5
1966-04-02,Pop,13
1966-04-02,RnB,27
1966-04-02,Rock,28
1966-04-09,Blues,1
1966-04-09,Country,2
1966-04-09,Gospel,1
1966-04-09,Jazz,3
1966-04-09,Pop,13
1966-04-09,RnB,29
1966-04-09,Rock,29
1966-04-16,Blues,1
1966-04-16,Country,2
1966-04-16,Folk,1
1966-04-16,Gospel,1
1966-04-16,Jazz,4
1966-04-16,Pop,13
1966-04-16,RnB,24
1966-04-16,Rock,31
1966-04-23,Blues,1
1966-04-23,Country,1
1966-04-23,Electronic,1
1966-04-23,Folk,2
1966-04-23,Gospel,1
1966-04-23,Jazz,4
1966-04-23,Pop,11
1966-04-23,RnB,21
1966-04-23,Rock,35
1966-04-30,Country,2
1966-04-30,Electronic,1
1966-04-30,Folk,2
1966-04-30,Gospel,1
1966-04-30,Jazz,5
1966-04-30,Pop,10
1966-04-30,RnB,20
1966-04-30,Rock,34
1966-05-07,Country,2
1966-05-07,Electronic,1
1966-05-07,Folk,2
1966-05-07,Gospel,1
1966-05-07,Jazz,5
1966-05-07,Pop,11
1966-05-07,RnB,19
1966-05-07,Rock,31
1966-05-14,Country,3
1966-05-14,Electronic,1
1966-05-14,Folk,2
1966-05-14,Gospel,1
1966-05-14,Jazz,3
1966-05-14,Pop,11
1966-05-14,RnB,17
1966-05-14,Rock,35
1966-05-21,Blues,1
1966-05-21,Country,2
1966-05-21,Electronic,1
1966-05-21,Folk,2
1966-05-21,Gospel,1
1966-05-21,Jazz,4
1966-05-21,Pop,13
1966-05-21,RnB,16
1966-05-21,Rock,36
1966-05-28,Blues,1
1966-05-28,Country,2
1966-05-28,Electronic,1
1966-05-28,Folk,1
1966-05-28,Gospel,1
1966-05-28,Jazz,4
1966-05-28,Pop,13
1966-05-28,RnB,23
1966-05-28,Rock,30
1966-06-04,Blues,1
1966-06-04,Country,2
1966-06-04,Electronic,1
1966-06-04,Folk,1
1966-06-04,Gospel,1
1966-06-04,Jazz,5
1966-06-04,Pop,13
1966-06-04,RnB,23
1966-06-04,Rock,30
1966-06-11,Blues,1
1966-06-11,Country,2
1966-06-11,Electronic,1
1966-06-11,Folk,1
1966-06-11,Gospel,1
1966-06-11,Jazz,5
1966-06-11,Pop,13
1966-06-11,RnB,20
1966-06-11,Rock,32
1966-06-18,Blues,1
1966-06-18,Classical,1
1966-06-18,Country,2
1966-06-18,Electronic,1
1966-06-18,Folk,1
1966-06-18,Gospel,1
1966-06-18,Jazz,3
1966-06-18,Pop,11
1966-06-18,RnB,22
1966-06-18,Rock,35
1966-06-25,Blues,1
1966-06-25,Classical,1
1966-06-25,Country,3
1966-06-25,Electronic,1
1966-06-25,Gospel,1
1966-06-25,Jazz,3
1966-06-25,Pop,10
1966-06-25,RnB,21
1966-06-25,Rock,33
1966-07-02,Classical,1
1966-07-02,Country,2
1966-07-02,Electronic,1
1966-07-02,Folk,1
1966-07-02,Jazz,4
1966-07-02,Pop,11
1966-07-02,Reggae,1
1966-07-02,RnB,19
1966-07-02,Rock,37
1966-07-09,Classical,1
1966-07-09,Country,2
1966-07-09,Electronic,2
1966-07-09,Folk,1
1966-07-09,Jazz,4
1966-07-09,Pop,13
1966-07-09,Reggae,1
1966-07-09,RnB,17
1966-07-09,Rock,36
1966-07-16,Classical,1
1966-07-16,Country,3
1966-07-16,Electronic,2
1966-07-16,Folk,1
1966-07-16,Jazz,4
1966-07-16,Pop,15
1966-07-16,RnB,18
1966-07-16,Rock,33
1966-07-23,Classical,1
1966-07-23,Country,4
1966-07-23,Electronic,2
1966-07-23,Folk,2
1966-07-23,Jazz,6
1966-07-23,Pop,13
1966-07-23,RnB,20
1966-07-23,Rock,31
1966-07-30,Classical,1
1966-07-30,Country,3
1966-07-30,Electronic,1
1966-07-30,Folk,2
1966-07-30,Jazz,6
1966-07-30,Pop,12
1966-07-30,RnB,22
1966-07-30,Rock,33
1966-08-06,Classical,1
1966-08-06,Country,2
1966-08-06,Electronic,1
1966-08-06,Folk,2
1966-08-06,Jazz,7
1966-08-06,Pop,12
1966-08-06,RnB,21
1966-08-06,Rock,36
1966-08-13,Classical,1
1966-08-13,Country,2
1966-08-13,Folk,3
1966-08-13,Jazz,6
1966-08-13,Pop,14
1966-08-13,RnB,22
1966-08-13,Rock,36
1966-08-20,Classical,1
1966-08-20,Country,2
1966-08-20,Folk,2
1966-08-20,Jazz,4
1966-08-20,Pop,11
1966-08-20,RnB,27
1966-08-20,Rock,35
1966-08-27,Classical,1
1966-08-27,Country,2
1966-08-27,Folk,2
1966-08-27,Gospel,1
1966-08-27,Jazz,4
1966-08-27,Pop,13
1966-08-27,RnB,26
1966-08-27,Rock,32
1966-09-03,Classical,1
1966-09-03,Country,2
1966-09-03,Folk,1
1966-09-03,Gospel,1
1966-09-03,Jazz,4
1966-09-03,Pop,15
1966-09-03,RnB,30
1966-09-03,Rock,28
1966-09-10,Country,1
1966-09-10,Folk,2
1966-09-10,Gospel,1
1966-09-10,Jazz,4
1966-09-10,Pop,18
1966-09-10,RnB,28
1966-09-10,Rock,29
1966-09-17,Blues,1
1966-09-17,Country,2
1966-09-17,Folk,2
1966-09-17,Gospel,1
1966-09-17,Jazz,4
1966-09-17,Pop,18
1966-09-17,RnB,25
1966-09-17,Rock,30
1966-09-24,Blues,1
1966-09-24,Country,2
1966-09-24,Folk,3
1966-09-24,Gospel,1
1966-09-24,Jazz,5
1966-09-24,Pop,19
1966-09-24,RnB,23
1966-09-24,Rock,24
1966-10-01,Blues,1
1966-10-01,Country,2
1966-10-01,Folk,1
1966-10-01,Gospel,1
1966-10-01,Jazz,8
1966-10-01,Pop,19
1966-10-01,RnB,24
1966-10-01,Rock,20
1966-10-08,Classical,1
1966-10-08,Country,2
1966-10-08,Folk,1
1966-10-08,Gospel,1
1966-10-08,Jazz,9
1966-10-08,Pop,17
1966-10-08,RnB,25
1966-10-08,Rock,21
1966-10-15,Classical,2
1966-10-15,Country,3
1966-10-15,Folk,1
1966-10-15,Gospel,1
1966-10-15,Jazz,7
1966-10-15,Pop,16
1966-10-15,RnB,25
1966-10-15,Rock,23
1966-10-22,Blues,1
1966-10-22,Country,2
1966-10-22,Jazz,6
1966-10-22,Pop,18
1966-10-22,RnB,25
1966-10-22,Rock,24
1966-10-29,Blues,1
1966-10-29,Country,1
1966-10-29,Jazz,5
1966-10-29,Pop,19
1966-10-29,RnB,27
1966-10-29,Rock,24
1966-11-05,Country,2
1966-11-05,Jazz,5
1966-11-05,Pop,17
1966-11-05,RnB,29
1966-11-05,Rock,23
1966-11-12,Country,2
1966-11-12,Jazz,5
1966-11-12,Pop,15
1966-11-12,RnB,28
1966-11-12,Rock,29
1966-11-19,Country,2
1966-11-19,Jazz,5
1966-11-19,Latin,1
1966-11-19,Pop,16
1966-11-19,RnB,27
1966-11-19,Rock,29
1966-11-26,Country,1
1966-11-26,Jazz,5
1966-11-26,Latin,1
1966-11-26,Pop,17
1966-11-26,RnB,29
1966-11-26,Rock,25
1966-12-03,HipHop,1
1966-12-03,Jazz,4
1966-12-03,Pop,18
1966-12-03,RnB,32
1966-12-03,Rock,21
1966-12-10,HipHop,1
1966-12-10,Jazz,4
1966-12-10,Pop,19
1966-12-10,RnB,28
1966-12-10,Rock,23
1966-12-17,HipHop,1
1966-12-17,Jazz,5
1966-12-17,Pop,16
1966-12-17,RnB,27
1966-12-17,Rock,30
1966-12-24,HipHop,1
1966-12-24,Jazz,5
1966-12-24,Pop,18
1966-12-24,RnB,24
1966-12-24,Rock,30
1966-12-31,HipHop,1
1966-12-31,Jazz,5
1966-12-31,Pop,17
1966-12-31,RnB,27
1966-12-31,Rock,28
1967-01-07,HipHop,1
1967-01-07,Jazz,6
1967-01-07,Pop,16
1967-01-07,RnB,26
1967-01-07,Rock,29
1967-01-14,HipHop,1
1967-01-14,Jazz,6
1967-01-14,Pop,17
1967-01-14,RnB,27
1967-01-14,Rock,28
1967-01-21,Electronic,1
1967-01-21,HipHop,1
1967-01-21,Jazz,6
1967-01-21,Pop,17
1967-01-21,RnB,22
1967-01-21,Rock,31
1967-01-28,Electronic,1
1967-01-28,Jazz,5
1967-01-28,Pop,18
1967-01-28,RnB,21
1967-01-28,Rock,29
1967-02-04,Electronic,1
1967-02-04,Jazz,3
1967-02-04,Pop,18
1967-02-04,Reggae,1
1967-02-04,RnB,24
1967-02-04,Rock,27
1967-02-11,Jazz,3
1967-02-11,Pop,17
1967-02-11,Reggae,1
1967-02-11,RnB,28
1967-02-11,Rock,29
1967-02-18,Jazz,3
1967-02-18,Pop,21
1967-02-18,Reggae,1
1967-02-18,RnB,28
1967-02-18,Rock,27
1967-02-25,Jazz,3
1967-02-25,Pop,21
1967-02-25,Reggae,1
1967-02-25,RnB,28
1967-02-25,Rock,27
1967-03-04,HipHop,1
1967-03-04,Jazz,3
1967-03-04,Pop,21
1967-03-04,RnB,29
1967-03-04,Rock,28
1967-03-11,HipHop,1
1967-03-11,Jazz,3
1967-03-11,Pop,23
1967-03-11,RnB,27
1967-03-11,Rock,30
1967-03-18,Country,1
1967-03-18,HipHop,1
1967-03-18,Jazz,3
1967-03-18,Pop,22
1967-03-18,RnB,26
1967-03-18,Rock,31
1967-03-25,Country,3
1967-03-25,Jazz,2
1967-03-25,Pop,17
1967-03-25,RnB,28
1967-03-25,Rock,32
1967-04-01,Country,2
1967-04-01,Jazz,2
1967-04-01,Pop,16
1967-04-01,RnB,27
1967-04-01,Rock,35
1967-04-08,Country,2
1967-04-08,Jazz,5
1967-04-08,Pop,19
1967-04-08,RnB,25
1967-04-08,Rock,33
1967-04-15,Country,3
1967-04-15,Jazz,3
1967-04-15,Pop,19
1967-04-15,RnB,26
1967-04-15,Rock,30
1967-04-22,Blues,1
1967-04-22,Country,3
1967-04-22,Jazz,3
1967-04-22,Pop,18
1967-04-22,RnB,27
1967-04-22,Rock,29
1967-04-29,Blues,1
1967-04-29,Country,2
1967-04-29,Jazz,5
1967-04-29,Pop,17
1967-04-29,RnB,23
1967-04-29,Rock,31
1967-05-06,Country,3
1967-05-06,Jazz,5
1967-05-06,Pop,14
1967-05-06,RnB,27
1967-05-06,Rock,29
1967-05-13,Country,2
1967-05-13,Jazz,4
1967-05-13,Pop,12
1967-05-13,RnB,29
1967-05-13,Rock,32
1967-05-20,Country,1
1967-05-20,Folk,1
1967-05-20,Jazz,4
1967-05-20,Pop,17
1967-05-20,RnB,27
1967-05-20,Rock,30
1967-05-27,Country,1
1967-05-27,Folk,2
1967-05-27,Jazz,5
1967-05-27,Pop,19
1967-05-27,RnB,24
1967-05-27,Rock,27
1967-06-03,Country,1
1967-06-03,Folk,2
1967-06-03,Jazz,6
1967-06-03,Pop,21
1967-06-03,RnB,24
1967-06-03,Rock,29
1967-06-10,Country,1
1967-06-10,Folk,2
1967-06-10,Jazz,5
1967-06-10,Pop,24
1967-06-10,RnB,23
1967-06-10,Rock,27
1967-06-17,Country,1
1967-06-17,Folk,1
1967-06-17,Jazz,4
1967-06-17,Pop,22
1967-06-17,RnB,28
1967-06-17,Rock,26
1967-06-24,Country,1
1967-06-24,Folk,1
1967-06-24,Jazz,3
1967-06-24,Pop,24
1967-06-24,RnB,29
1967-06-24,Rock,24
1967-07-01,Folk,1
1967-07-01,Jazz,2
1967-07-01,Pop,23
1967-07-01,RnB,30
1967-07-01,Rock,25
1967-07-08,Blues,1
1967-07-08,Country,2
1967-07-08,Folk,1
1967-07-08,Jazz,3
1967-07-08,Pop,20
1967-07-08,RnB,26
1967-07-08,Rock,24
1967-07-15,Blues,1
1967-07-15,Country,2
1967-07-15,Folk,1
1967-07-15,Jazz,3
1967-07-15,Pop,23
1967-07-15,RnB,27
1967-07-15,Rock,23
1967-07-22,Blues,1
1967-07-22,Country,3
1967-07-22,Folk,1
1967-07-22,Jazz,3
1967-07-22,Pop,24
1967-07-22,RnB,27
1967-07-22,Rock,25
1967-07-29,Country,3
1967-07-29,Folk,1
1967-07-29,Jazz,3
1967-07-29,Pop,24
1967-07-29,RnB,26
1967-07-29,Rock,25
1967-08-05,Country,3
1967-08-05,Folk,1
1967-08-05,Jazz,4
1967-08-05,Pop,25
1967-08-05,RnB,22
1967-08-05,Rock,24
1967-08-12,Country,1
1967-08-12,Folk,1
1967-08-12,Jazz,3
1967-08-12,Pop,25
1967-08-12,RnB,23
1967-08-12,Rock,26
1967-08-19,Country,2
1967-08-19,Folk,1
1967-08-19,Jazz,4
1967-08-19,Pop,24
1967-08-19,RnB,22
1967-08-19,Rock,27
1967-08-26,Country,2
1967-08-26,Folk,1
1967-08-26,Jazz,4
1967-08-26,Pop,23
1967-08-26,RnB,21
1967-08-26,Rock,29
1967-09-02,Country,2
1967-09-02,Folk,1
1967-09-02,Jazz,4
1967-09-02,Pop,24
1967-09-02,RnB,26
1967-09-02,Rock,28
1967-09-09,Country,2
1967-09-09,Folk,1
1967-09-09,Jazz,5
1967-09-09,Pop,23
1967-09-09,RnB,25
1967-09-09,Rock,28
1967-09-16,Country,2
1967-09-16,Folk,1
1967-09-16,Jazz,5
1967-09-16,Pop,21
1967-09-16,RnB,24
1967-09-16,Rock,30
1967-09-23,Country,1
1967-09-23,Folk,1
1967-09-23,Jazz,4
1967-09-23,Pop,20
1967-09-23,RnB,28
1967-09-23,Rock,28
1967-09-30,Country,1
1967-09-30,Folk,1
1967-09-30,Jazz,3
1967-09-30,Pop,20
1967-09-30,RnB,30
1967-09-30,Rock,25
1967-10-07,Country,2
1967-10-07,Folk,1
1967-10-07,Jazz,3
1967-10-07,Pop,20
1967-10-07,RnB,34
1967-10-07,Rock,20
1967-10-14,Country,1
1967-10-14,Folk,1
1967-10-14,Jazz,2
1967-10-14,Pop,19
1967-10-14,RnB,37
1967-10-14,Rock,20
1967-10-21,Country,1
1967-10-21,Folk,1
1967-10-21,Jazz,2
1967-10-21,Pop,22
1967-10-21,RnB,34
1967-10-21,Rock,18
1967-10-28,Country,2
1967-10-28,Folk,1
1967-10-28,Jazz,2
1967-10-28,Pop,25
1967-10-28,RnB,31
1967-10-28,Rock,21
1967-11-04,Country,2
1967-11-04,Jazz,3
1967-11-04,Pop,27
1967-11-04,RnB,34
1967-11-04,Rock,17
1967-11-11,Country,2
1967-11-11,Jazz,3
1967-11-11,Pop,26
1967-11-11,RnB,33
1967-11-11,Rock,16
1967-11-18,Country,2
1967-11-18,Jazz,2
1967-11-18,Pop,27
1967-11-18,RnB,29
1967-11-18,Rock,22
1967-11-25,Country,1
1967-11-25,Folk,1
1967-11-25,Jazz,5
1967-11-25,Pop,25
1967-11-25,RnB,29
1967-11-25,Rock,22
1967-12-02,Country,2
1967-12-02,Folk,1
1967-12-02,Jazz,4
1967-12-02,Pop,23
1967-12-02,RnB,30
1967-12-02,Rock,21
1967-12-09,Afrobeat,1
1967-12-09,Country,2
1967-12-09,Folk,1
1967-12-09,Jazz,3
1967-12-09,Pop,21
1967-12-09,RnB,28
1967-12-09,Rock,22
1967-12-16,Afrobeat,1
1967-12-16,Country,2
1967-12-16,Folk,1
1967-12-16,Jazz,4
1967-12-16,Pop,21
1967-12-16,RnB,26
1967-12-16,Rock,23
1967-12-23,Afrobeat,1
1967-12-23,Country,3
1967-12-23,Folk,1
1967-12-23,Jazz,3
1967-12-23,Pop,19
1967-12-23,RnB,27
1967-12-23,Rock,23
1967-12-30,Afrobeat,1
1967-12-30,Country,2
1967-12-30,Folk,1
1967-12-30,Jazz,4
1967-12-30,Pop,20
1967-12-30,RnB,27
1967-12-30,Rock,23
1968-01-06,Afrobeat,1
1968-01-06,Classical,1
1968-01-06,Country,2
1968-01-06,Folk,1
1968-01-06,Jazz,5
1968-01-06,Pop,20
1968-01-06,RnB,29
1968-01-06,Rock,23
1968-01-13,Afrobeat,1
1968-01-13,Classical,1
1968-01-13,Country,1
1968-01-13,Jazz,6
1968-01-13,Pop,21
1968-01-13,RnB,32
1968-01-13,Rock,23
1968-01-20,Afrobeat,1
1968-01-20,Classical,1
1968-01-20,Country,2
1968-01-20,Jazz,5
1968-01-20,Pop,18
1968-01-20,RnB,37
1968-01-20,Rock,19
1968-01-27,Afrobeat,1
1968-01-27,Classical,1
1968-01-27,Country,3
1968-01-27,Jazz,6
1968-01-27,Pop,20
1968-01-27,RnB,37
1968-01-27,Rock,16
1968-02-03,Classical,1
1968-02-03,Country,3
1968-02-03,Jazz,4
1968-02-03,Pop,23
1968-02-03,RnB,35
1968-02-03,Rock,19
1968-02-10,Classical,1
1968-02-10,Country,3
1968-02-10,Jazz,4
1968-02-10,Pop,26
1968-02-10,RnB,31
1968-02-10,Rock,19
1968-02-17,Classical,1
1968-02-17,Country,3
1968-02-17,Jazz,5
1968-02-17,Pop,25
1968-02-17,RnB,31
1968-02-17,Rock,16
1968-02-24,Classical,1
1968-02-24,Country,3
1968-02-24,Jazz,3
1968-02-24,Pop,20
1968-02-24,RnB,32
1968-02-24,Rock,19
1968-03-02,Classical,1
1968-03-02,Country,5
1968-03-02,Jazz,2
1968-03-02,Pop,21
1968-03-02,RnB,30
1968-03-02,Rock,21
1968-03-09,Blues,1
1968-03-09,Classical,1
1968-03-09,Country,4
1968-03-09,Jazz,3
1968-03-09,Pop,20
1968-03-09,RnB,32
1968-03-09,Rock,22
1968-03-16,Blues,1
1968-03-16,Classical,1
1968-03-16,Country,3
1968-03-16,Jazz,3
1968-03-16,Pop,21
1968-03-16,RnB,31
1968-03-16,Rock,22
1968-03-23,Blues,1
1968-03-23,Classical,1
1968-03-23,Country,2
1968-03-23,Jazz,4
1968-03-23,Pop,21
1968-03-23,RnB,30
1968-03-23,Rock,24
1968-03-30,Classical,1
1968-03-30,Country,2
1968-03-30,Jazz,4
1968-03-30,Pop,18
1968-03-30,RnB,30
1968-03-30,Rock,30
1968-04-06,Classical,1
1968-04-06,Country,3
1968-04-06,Jazz,4
1968-04-06,Pop,16
1968-04-06,RnB,31
1968-04-06,Rock,30
1968-04-13,Classical,1
1968-04-13,Country,3
1968-04-13,Jazz,3
1968-04-13,Pop,18
1968-04-13,RnB,31
1968-04-13,Rock,28
1968-04-20,Classical,1
1968-04-20,Country,4
1968-04-20,Jazz,4
1968-04-20,Pop,16
1968-04-20,RnB,31
1968-04-20,Rock,26
1968-04-27,Classical,1
1968-04-27,Country,4
1968-04-27,Jazz,4
1968-04-27,Pop,13
1968-04-27,RnB,35
1968-04-27,Rock,26
1968-05-04,Classical,1
1968-05-04,Country,3
1968-05-04,Jazz,4
1968-05-04,Pop,13
1968-05-04,RnB,37
1968-05-04,Rock,24
1968-05-11,Classical,1
1968-05-11,Country,3
1968-05-11,Jazz,4
1968-05-11,Pop,16
1968-05-11,RnB,34
1968-05-11,Rock,22
1968-05-18,Classical,1
1968-05-18,Country,4
1968-05-18,Jazz,5
1968-05-18,Pop,21
1968-05-18,RnB,35
1968-05-18,Rock,19
1968-05-25,Classical,1
1968-05-25,Country,4
1968-05-25,Jazz,6
1968-05-25,Pop,20
1968-05-25,RnB,37
1968-05-25,Rock,17
1968-06-01,Classical,1
1968-06-01,Country,4
1968-06-01,Electronic,1
1968-06-01,Jazz,5
1968-06-01,Pop,23
1968-06-01,RnB,35
1968-06-01,Rock,17
1968-06-08,Afrobeat,1
1968-06-08,Classical,1
1968-06-08,Country,4
1968-06-08,Electronic,1
1968-06-08,Jazz,5
1968-06-08,Pop,23
1968-06-08,RnB,30
1968-06-08,Rock,17
1968-06-15,Afrobeat,1
1968-06-15,Classical,1
1968-06-15,Country,4
1968-06-15,Electronic,1
1968-06-15,Jazz,6
1968-06-15,Pop,20
1968-06-15,RnB,32
1968-06-15,Rock,15
1968-06-22,Afrobeat,1
1968-06-22,Classical,1
1968-06-22,Country,4
1968-06-22,Electronic,1
1968-06-22,Jazz,6
1968-06-22,Pop,17
1968-06-22,RnB,29
1968-06-22,Rock,22
1968-06-29,Afrobeat,1
1968-06-29,Classical,1
1968-06-29,Country,3
1968-06-29,Electronic,1
1968-06-29,Jazz,5
1968-06-29,Pop,17
1968-06-29,RnB,27
1968-06-29,Rock,22
1968-07-06,Afrobeat,1
1968-07-06,Classical,1
1968-07-06,Country,3
1968-07-06,Electronic,1
1968-07-06,Jazz,5
1968-07-06,Pop,14
1968-07-06,RnB,27
1968-07-06,Rock,24
1968-07-13,Afrobeat,1
1968-07-13,Classical,1
1968-07-13,Country,3
1968-07-13,Electronic,1
1968-07-13,Jazz,5
1968-07-13,Pop,13
1968-07-13,RnB,26
1968-07-13,Rock,24
1968-07-20,Afrobeat,1
1968-07-20,Classical,1
1968-07-20,Country,3
1968-07-20,Jazz,4
1968-07-20,Pop,13
1968-07-20,RnB,30
1968-07-20,Rock,23
1968-07-27,Afrobeat,1
1968-07-27,Classical,1
1968-07-27,Country,3
1968-07-27,Jazz,3
1968-07-27,Pop,16
1968-07-27,RnB,29
1968-07-27,Rock,25
1968-08-03,Afrobeat,2
1968-08-03,Classical,1
1968-08-03,Country,3
1968-08-03,Jazz,3
1968-08-03,Pop,19
1968-08-03,RnB,29
1968-08-03,Rock,21
1968-08-10,Afrobeat,2
1968-08-10,Classical,1
1968-08-10,Country,3
1968-08-10,Jazz,5
1968-08-10,Pop,18
1968-08-10,RnB,30
1968-08-10,Rock,21
1968-08-17,Afrobeat,2
1968-08-17,Classical,1
1968-08-17,Country,2
1968-08-17,Jazz,3
1968-08-17,Pop,17
1968-08-17,RnB,32
1968-08-17,Rock,24
1968-08-24,Afrobeat,1
1968-08-24,Classical,1
1968-08-24,Country,3
1968-08-24,Jazz,3
1968-08-24,Pop,19
1968-08-24,RnB,34
1968-08-24,Rock,23
1968-08-31,Classical,1
1968-08-31,Country,2
1968-08-31,Jazz,4
1968-08-31,Pop,20
1968-08-31,RnB,33
1968-08-31,Rock,23
1968-09-07,Afrobeat,1
1968-09-07,Classical,1
1968-09-07,Country,3
1968-09-07,Jazz,4
1968-09-07,Pop,20
1968-09-07,RnB,29
1968-09-07,Rock,25
1968-09-14,Afrobeat,1
1968-09-14,Classical,1
1968-09-14,Country,4
1968-09-14,Jazz,4
1968-09-14,Pop,22
1968-09-14,RnB,26
1968-09-14,Rock,28
1968-09-21,Classical,1
1968-09-21,Country,3
1968-09-21,Jazz,4
1968-09-21,Pop,21
1968-09-21,RnB,28
1968-09-21,Rock,28
1968-09-28,Afrobeat,1
1968-09-28,Country,3
1968-09-28,Jazz,5
1968-09-28,Pop,23
1968-09-28,RnB,29
1968-09-28,Rock,25
1968-10-05,Afrobeat,1
1968-10-05,Country,2
1968-10-05,Jazz,5
1968-10-05,Latin,1
1968-10-05,Pop,18
1968-10-05,RnB,29
1968-10-05,Rock,30
1968-10-12,Afrobeat,1
1968-10-12,Classical,1
1968-10-12,Country,2
1968-10-12,Jazz,5
1968-10-12,Latin,1
1968-10-12,Pop,19
1968-10-12,RnB,28
1968-10-12,Rock,30
1968-10-19,Afrobeat,1
1968-10-19,Classical,1
1968-10-19,Country,2
1968-10-19,Jazz,4
1968-10-19,Latin,1
1968-10-19,Pop,18
1968-10-19,RnB,30
1968-10-19,Rock,27
1968-10-26,Afrobeat,1
1968-10-26,Country,3
1968-10-26,HipHop,1
1968-10-26,Jazz,4
1968-10-26,Pop,18
1968-10-26,RnB,31
1968-10-26,Rock,25
1968-11-02,Country,4
1968-11-02,HipHop,1
1968-11-02,Jazz,4
1968-11-02,Pop,20
1968-11-02,RnB,26
1968-11-02,Rock,25
1968-11-09,Country,5
1968-11-09,HipHop,1
1968-11-09,Jazz,3
1968-11-09,Pop,22
1968-11-09,RnB,26
1968-11-09,Rock,23
1968-11-16,Blues,1
1968-11-16,Country,4
1968-11-16,HipHop,1
1968-11-16,Jazz,3
1968-11-16,Pop,21
1968-11-16,RnB,27
1968-11-16,Rock,23
1968-11-23,Blues,1
1968-11-23,Classical,1
1968-11-23,Country,4
1968-11-23,HipHop,1
1968-11-23,Jazz,4
1968-11-23,Pop,21
1968-11-23,RnB,22
1968-11-23,Rock,24
1968-11-30,Blues,1
1968-11-30,Classical,1
1968-11-30,Country,4
1968-11-30,HipHop,1
1968-11-30,Jazz,4
1968-11-30,Pop,21
1968-11-30,RnB,24
1968-11-30,Rock,25
1968-12-07,Blues,1
1968-12-07,Classical,1
1968-12-07,Country,7
1968-12-07,HipHop,1
1968-12-07,Jazz,3
1968-12-07,Pop,16
1968-12-07,RnB,27
1968-12-07,Rock,27
1968-12-14,Blues,1
1968-12-14,Classical,1
1968-12-14,Country,7
1968-12-14,HipHop,1
1968-12-14,Jazz,5
1968-12-14,Pop,16
1968-12-14,RnB,29
1968-12-14,Rock,23
1968-12-21,Blues,1
1968-12-21,Classical,1
1968-12-21,Country,4
1968-12-21,HipHop,1
1968-12-21,Jazz,4
1968-12-21,Pop,16
1968-12-21,RnB,30
1968-12-21,Rock,24
1968-12-28,Blues,1
1968-12-28,Classical,2
1968-12-28,Country,5
1968-12-28,HipHop,1
1968-12-28,Jazz,4
1968-12-28,Pop,15
1968-12-28,RnB,27
1968-12-28,Rock,25
1969-01-04,Blues,1
1969-01-04,Classical,2
1969-01-04,Country,5
1969-01-04,Folk,1
1969-01-04,HipHop,1
1969-01-04,Jazz,4
1969-01-04,Pop,14
1969-01-04,RnB,33
1969-01-04,Rock,22
1969-01-11,Afrobeat,1
1969-01-11,Blues,1
1969-01-11,Classical,2
1969-01-11,Country,5
1969-01-11,Folk,1
1969-01-11,HipHop,1
1969-01-11,Jazz,4
1969-01-11,Pop,16
1969-01-11,RnB,32
1969-01-11,Rock,20
1969-01-18,Afrobeat,1
1969-01-18,Blues,1
1969-01-18,Classical,1
1969-01-18,Country,3
1969-01-18,Folk,1
1969-01-18,HipHop,1
1969-01-18,Jazz,3
1969-01-18,Pop,15
1969-01-18,RnB,35
1969-01-18,Rock,22
1969-01-25,Afrobeat,1
1969-01-25,Country,4
1969-01-25,Folk,1
1969-01-25,Gospel,1
1969-01-25,HipHop,1
1969-01-25,Jazz,2
1969-01-25,Pop,16
1969-01-25,RnB,34
1969-01-25,Rock,22
1969-02-01,Afrobeat,1
1969-02-01,Classical,1
1969-02-01,Country,4
1969-02-01,Gospel,1
1969-02-01,HipHop,1
1969-02-01,Jazz,3
1969-02-01,Pop,18
1969-02-01,RnB,35
1969-02-01,Rock,18
1969-02-08,Afrobeat,1
1969-02-08,Country,5
1969-02-08,Gospel,1
1969-02-08,Jazz,4
1969-02-08,Pop,21
1969-02-08,RnB,29
1969-02-08,Rock,22
1969-02-15,Afrobeat,1
1969-02-15,Country,4
1969-02-15,Gospel,1
1969-02-15,HipHop,1
1969-02-15,Jazz,3
1969-02-15,Pop,19
1969-02-15,RnB,32
1969-02-15,Rock,22
1969-02-22,Afrobeat,1
1969-02-22,Country,4
1969-02-22,HipHop,2
1969-02-22,Jazz,3
1969-02-22,Pop,18
1969-02-22,RnB,31
1969-02-22,Rock,25
1969-03-01,Afrobeat,1
1969-03-01,Country,4
1969-03-01,HipHop,2
1969-03-01,Jazz,2
1969-03-01,Pop,19
1969-03-01,RnB,29
1969-03-01,Rock,25
1969-03-08,Country,2
1969-03-08,HipHop,2
1969-03-08,Jazz,2
1969-03-08,Pop,21
1969-03-08,RnB,30
1969-03-08,Rock,26
1969-03-15,Country,2
1969-03-15,HipHop,2
1969-03-15,Jazz,2
1969-03-15,Pop,22
1969-03-15,RnB,28
1969-03-15,Rock,29
1969-03-22,Country,2
1969-03-22,HipHop,2
1969-03-22,Jazz,2
1969-03-22,Pop,20
1969-03-22,RnB,29
1969-03-22,Rock,29
1969-03-29,Country,2
1969-03-29,HipHop,2
1969-03-29,Jazz,3
1969-03-29,Pop,20
1969-03-29,RnB,29
1969-03-29,Rock,27
1969-04-05,Country,4
1969-04-05,Jazz,2
1969-04-05,Pop,23
1969-04-05,RnB,26
1969-04-05,Rock,29
1969-04-12,Country,5
1969-04-12,Gospel,1
1969-04-12,Jazz,2
1969-04-12,Pop,22
1969-04-12,RnB,27
1969-04-12,Rock,26
1969-04-19,Country,5
1969-04-19,Gospel,1
1969-04-19,Jazz,2
1969-04-19,Pop,23
1969-04-19,RnB,27
1969-04-19,Rock,24
1969-04-26,Classical,1
1969-04-26,Country,5
1969-04-26,Folk,2
1969-04-26,Gospel,1
1969-04-26,Jazz,2
1969-04-26,Pop,21
1969-04-26,RnB,27
1969-04-26,Rock,24
1969-05-03,Classical,1
1969-05-03,Country,5
1969-05-03,Folk,2
1969-05-03,Gospel,1
1969-05-03,Jazz,2
1969-05-03,Pop,21
1969-05-03,RnB,27
1969-05-03,Rock,24
1969-05-10,Country,5
1969-05-10,Folk,2
1969-05-10,Gospel,1
1969-05-10,Jazz,2
1969-05-10,Pop,22
1969-05-10,RnB,31
1969-05-10,Rock,23
1969-05-17,Country,4
1969-05-17,Folk,3
1969-05-17,Gospel,1
1969-05-17,Jazz,2
1969-05-17,Pop,17
1969-05-17,Reggae,1
1969-05-17,RnB,31
1969-05-17,Rock,24
1969-05-24,Country,2
1969-05-24,Electronic,1
1969-05-24,Folk,2
1969-05-24,Gospel,1
1969-05-24,Jazz,2
1969-05-24,Pop,18
1969-05-24,Reggae,2
1969-05-24,RnB,32
1969-05-24,Rock,24
1969-05-31,Classical,1
1969-05-31,Country,3
1969-05-31,Electronic,1
1969-05-31,Folk,2
1969-05-31,Gospel,1
1969-05-31,Jazz,4
1969-05-31,Pop,16
1969-05-31,Reggae,2
1969-05-31,RnB,29
1969-05-31,Rock,22
1969-06-07,Classical,1
1969-06-07,Country,4
1969-06-07,Electronic,1
1969-06-07,Folk,2
1969-06-07,Gospel,1
1969-06-07,Jazz,4
1969-06-07,Pop,15
1969-06-07,Reggae,2
1969-06-07,RnB,25
1969-06-07,Rock,23
1969-06-14,Blues,1
1969-06-14,Classical,1
1969-06-14,Country,3
1969-06-14,Electronic,1
1969-06-14,Folk,2
1969-06-14,Gospel,2
1969-06-14,Jazz,3
1969-06-14,Pop,16
1969-06-14,Reggae,1
1969-06-14,RnB,24
1969-06-14,Rock,22
1969-06-21,Blues,1
1969-06-21,Country,3
1969-06-21,Electronic,1
1969-06-21,Folk,1
1969-06-21,Gospel,2
1969-06-21,Jazz,3
1969-06-21,Pop,17
1969-06-21,Reggae,1
1969-06-21,RnB,27
1969-06-21,Rock,20
1969-06-28,Blues,1
1969-06-28,Country,3
1969-06-28,Electronic,1
1969-06-28,Folk,1
1969-06-28,Gospel,3
1969-06-28,Jazz,4
1969-06-28,Pop,17
1969-06-28,Reggae,1
1969-06-28,RnB,26
1969-06-28,Rock,21
1969-07-05,Country,2
1969-07-05,Electronic,1
1969-07-05,Gospel,3
1969-07-05,Jazz,4
1969-07-05,Pop,17
1969-07-05,Reggae,1
1969-07-05,RnB,28
1969-07-05,Rock,24
1969-07-12,Country,2
1969-07-12,Electronic,1
1969-07-12,Folk,1
1969-07-12,Gospel,2
1969-07-12,Jazz,3
1969-07-12,Pop,19
1969-07-12,Reggae,1
1969-07-12,RnB,25
1969-07-12,Rock,26
1969-07-19,Country,2
1969-07-19,Electronic,1
1969-07-19,Folk,1
1969-07-19,Gospel,2
1969-07-19,Jazz,3
1969-07-19,Pop,16
1969-07-19,Reggae,1
1969-07-19,RnB,27
1969-07-19,Rock,28
1969-07-26,Country,4
1969-07-26,Electronic,1
1969-07-26,Folk,1
1969-07-26,Gospel,2
1969-07-26,Jazz,2
1969-07-26,Pop,19
1969-07-26,RnB,25
1969-07-26,Rock,25
1969-08-02,Country,4
1969-08-02,Electronic,1
1969-08-02,Folk,2
1969-08-02,Gospel,1
1969-08-02,Pop,16
1969-08-02,RnB,31
1969-08-02,Rock,24
1969-08-09,Country,4
1969-08-09,Electronic,1
1969-08-09,Folk,2
1969-08-09,Gospel,1
1969-08-09,Jazz,1
1969-08-09,Pop,18
1969-08-09,RnB,29
1969-08-09,Rock,25
1969-08-16,Country,4
1969-08-16,Electronic,2
1969-08-16,Folk,2
1969-08-16,Gospel,1
1969-08-16,Jazz,1
1969-08-16,Pop,20
1969-08-16,RnB,28
1969-08-16,Rock,23
1969-08-23,Classical,1
1969-08-23,Country,3
1969-08-23,Electronic,1
1969-08-23,Folk,2
1969-08-23,Gospel,1
1969-08-23,Jazz,1
1969-08-23,Pop,24
1969-08-23,RnB,26
1969-08-23,Rock,25
1969-08-30,Classical,1
1969-08-30,Country,4
1969-08-30,Electronic,1
1969-08-30,Folk,2
1969-08-30,Gospel,1
1969-08-30,Jazz,1
1969-08-30,Pop,23
1969-08-30,RnB,31
1969-08-30,Rock,22
1969-09-06,Classical,1
1969-09-06,Country,4
1969-09-06,Electronic,1
1969-09-06,Folk,3
1969-09-06,Gospel,1
1969-09-06,Pop,21
1969-09-06,RnB,27
1969-09-06,Rock,26
1969-09-13,Blues,1
1969-09-13,Classical,1
1969-09-13,Country,2
1969-09-13,Electronic,1
1969-09-13,Folk,3
1969-09-13,Gospel,1
1969-09-13,Jazz,1
1969-09-13,Pop,20
1969-09-13,RnB,31
1969-09-13,Rock,24
1969-09-20,Blues,1
1969-09-20,Classical,1
1969-09-20,Country,2
1969-09-20,Electronic,1
1969-09-20,Folk,2
1969-09-20,Gospel,2
1969-09-20,Jazz,1
1969-09-20,Pop,20
1969-09-20,RnB,31
1969-09-20,Rock,24
1969-09-27,Blues,1
1969-09-27,Classical,1
1969-09-27,Country,3
1969-09-27,Electronic,1
1969-09-27,Folk,1
1969-09-27,Gospel,1
1969-09-27,Jazz,2
1969-09-27,Pop,20
1969-09-27,RnB,35
1969-09-27,Rock,21
1969-10-04,Blues,1
1969-10-04,Classical,1
1969-10-04,Country,4
1969-10-04,Electronic,1
1969-10-04,Folk,1
1969-10-04,Gospel,1
1969-10-04,Jazz,2
1969-10-04,Pop,18
1969-10-04,RnB,32
1969-10-04,Rock,25
1969-10-11,Blues,1
1969-10-11,Country,5
1969-10-11,Electronic,1
1969-10-11,Folk,1
1969-10-11,Gospel,1
1969-10-11,Jazz,1
1969-10-11,Pop,17
1969-10-11,RnB,31
1969-10-11,Rock,27
1969-10-18,Blues,1
1969-10-18,Country,3
1969-10-18,Electronic,1
1969-10-18,Gospel,1
1969-10-18,Jazz,1
1969-10-18,Pop,17
1969-10-18,RnB,31
1969-10-18,Rock,31
1969-10-25,Blues,1
1969-10-25,Country,4
1969-10-25,Electronic,1
1969-10-25,Folk,1
1969-10-25,Gospel,1
1969-10-25,Jazz,2
1969-10-25,Pop,17
1969-10-25,RnB,30
1969-10-25,Rock,29
1969-11-01,Country,5
1969-11-01,Electronic,1
1969-11-01,Folk,2
1969-11-01,Gospel,1
1969-11-01,Jazz,2
1969-11-01,Pop,17
1969-11-01,RnB,28
1969-11-01,Rock,29
1969-11-08,Country,5
1969-11-08,Electronic,1
1969-11-08,Folk,2
1969-11-08,Gospel,2
1969-11-08,Jazz,2
1969-11-08,Pop,18
1969-11-08,RnB,26
1969-11-08,Rock,29
1969-11-15,Country,5
1969-11-15,Electronic,1
1969-11-15,Folk,2
1969-11-15,Gospel,2
1969-11-15,Jazz,2
1969-11-15,Pop,17
1969-11-15,RnB,24
1969-11-15,Rock,29
1969-11-22,Country,6
1969-11-22,Electronic,1
1969-11-22,Folk,2
1969-11-22,Gospel,2
1969-11-22,Jazz,4
1969-11-22,Pop,19
1969-11-22,RnB,21
1969-11-22,Rock,27
1969-11-29,Country,5
1969-11-29,Electronic,1
1969-11-29,Folk,2
1969-11-29,Gospel,1
1969-11-29,Jazz,7
1969-11-29,Pop,18
1969-11-29,RnB,22
1969-11-29,Rock,25
1969-12-06,Country,5
1969-12-06,Electronic,1
1969-12-06,Folk,2
1969-12-06,Gospel,1
1969-12-06,Jazz,5
1969-12-06,Pop,15
1969-12-06,Reggae,1
1969-12-06,RnB,22
1969-12-06,Rock,30
1969-12-13,Country,7
1969-12-13,Electronic,1
1969-12-13,Folk,3
1969-12-13,Gospel,1
1969-12-13,Jazz,3
1969-12-13,Pop,17
1969-12-13,Reggae,1
1969-12-13,RnB,24
1969-12-13,Rock,26
1969-12-20,Country,5
1969-12-20,Electronic,1
1969-12-20,Folk,2
1969-12-20,Jazz,2
1969-12-20,Pop,16
1969-12-20,Reggae,1
1969-12-20,RnB,28
1969-12-20,Rock,29
1969-12-27,Country,3
1969-12-27,Electronic,1
1969-12-27,Folk,1
1969-12-27,Jazz,1
1969-12-27,Pop,17
1969-12-27,Reggae,1
1969-12-27,RnB,31
1969-12-27,Rock,27
1970-01-03,Country,2
1970-01-03,Electronic,1
1970-01-03,Folk,1
1970-01-03,Jazz,1
1970-01-03,Pop,21
1970-01-03,Reggae,1
1970-01-03,RnB,30
1970-01-03,Rock,25
1970-01-10,Country,2
1970-01-10,Electronic,1
1970-01-10,Folk,1
1970-01-10,Jazz,2
1970-01-10,Pop,20
1970-01-10,Reggae,1
1970-01-10,RnB,28
1970-01-10,Rock,25
1970-01-17,Country,3
1970-01-17,Electronic,1
1970-01-17,Folk,1
1970-01-17,HipHop,1
1970-01-17,Jazz,3
1970-01-17,Pop,20
1970-01-17,Reggae,1
1970-01-17,RnB,28
1970-01-17,Rock,21
1970-01-24,Country,4
1970-01-24,Folk,1
1970-01-24,Gospel,1
1970-01-24,HipHop,1
1970-01-24,Jazz,4
1970-01-24,Pop,20
1970-01-24,Reggae,1
1970-01-24,RnB,27
1970-01-24,Rock,22
1970-01-31,Country,5
1970-01-31,Folk,1
1970-01-31,Gospel,1
1970-01-31,HipHop,1
1970-01-31,Jazz,3
1970-01-31,Pop,18
1970-01-31,Reggae,1
1970-01-31,RnB,22
1970-01-31,Rock,27
1970-02-07,Country,4
1970-02-07,Folk,1
1970-02-07,Gospel,1
1970-02-07,HipHop,1
1970-02-07,Jazz,1
1970-02-07,Pop,19
1970-02-07,Reggae,1
1970-02-07,RnB,24
1970-02-07,Rock,24
1970-02-14,Blues,1
1970-02-14,Country,5
1970-02-14,Folk,1
1970-02-14,HipHop,1
1970-02-14,Jazz,1
1970-02-14,Pop,18
1970-02-14,Reggae,1
1970-02-14,RnB,23
1970-02-14,Rock,26
1970-02-21,Blues,1
1970-02-21,Country,4
1970-02-21,HipHop,1
1970-02-21,Jazz,1
1970-02-21,Pop,20
1970-02-21,RnB,24
1970-02-21,Rock,27
1970-02-28,Country,6
1970-02-28,Jazz,1
1970-02-28,Pop,19
1970-02-28,RnB,21
1970-02-28,Rock,28
1970-03-07,Country,4
1970-03-07,Jazz,1
1970-03-07,Pop,21
1970-03-07,RnB,23
1970-03-07,Rock,24
1970-03-14,Country,5
1970-03-14,Gospel,1
1970-03-14,Jazz,1
1970-03-14,Pop,18
1970-03-14,Reggae,1
1970-03-14,RnB,23
1970-03-14,Rock,23
1970-03-21,Country,3
1970-03-21,Gospel,1
1970-03-21,Jazz,2
1970-03-21,Pop,21
1970-03-21,Reggae,1
1970-03-21,RnB,24
1970-03-21,Rock,25
1970-03-28,Country,4
1970-03-28,Gospel,1
1970-03-28,Jazz,2
1970-03-28,Pop,20
1970-03-28,Reggae,1
1970-03-28,RnB,21
1970-03-28,Rock,28
1970-04-04,Country,5
1970-04-04,Gospel,1
1970-04-04,Jazz,2
1970-04-04,Pop,19
1970-04-04,RnB,21
1970-04-04,Rock,30
1970-04-11,Country,7
1970-04-11,Electronic,1
1970-04-11,Gospel,1
1970-04-11,Jazz,2
1970-04-11,Pop,17
1970-04-11,RnB,21
1970-04-11,Rock,29
1970-04-18,Country,7
1970-04-18,Gospel,1
1970-04-18,Jazz,2
1970-04-18,Pop,16
1970-04-18,RnB,25
1970-04-18,Rock,27
1970-04-25,Blues,1
1970-04-25,Country,6
1970-04-25,Electronic,1
1970-04-25,Folk,1
1970-04-25,Gospel,1
1970-04-25,Jazz,1
1970-04-25,Pop,16
1970-04-25,RnB,25
1970-04-25,Rock,25
1970-05-02,Blues,1
1970-05-02,Country,6
1970-05-02,Electronic,1
1970-05-02,Folk,1
1970-05-02,Jazz,1
1970-05-02,Pop,19
1970-05-02,RnB,23
1970-05-02,Rock,26
1970-05-09,Country,5
1970-05-09,Folk,1
1970-05-09,HipHop,1
1970-05-09,Jazz,1
1970-05-09,Pop,20
1970-05-09,RnB,24
1970-05-09,Rock,27
1970-05-16,Country,6
1970-05-16,Folk,1
1970-05-16,HipHop,1
1970-05-16,Jazz,1
1970-05-16,Pop,19
1970-05-16,RnB,22
1970-05-16,Rock,28
1970-05-23,Country,6
1970-05-23,Folk,1
1970-05-23,Jazz,2
1970-05-23,Pop,16
1970-05-23,RnB,25
1970-05-23,Rock,29
1970-05-30,Country,5
1970-05-30,Folk,1
1970-05-30,Jazz,2
1970-05-30,Pop,17
1970-05-30,RnB,24
1970-05-30,Rock,27
1970-06-06,Country,2
1970-06-06,Folk,1
1970-06-06,Jazz,1
1970-06-06,Pop,16
1970-06-06,RnB,26
1970-06-06,Rock,28
1970-06-13,Country,3
1970-06-13,Folk,1
1970-06-13,Latin,2
1970-06-13,Pop,17
1970-06-13,RnB,24
1970-06-13,Rock,29
1970-06-20,Country,3
1970-06-20,Folk,1
1970-06-20,Latin,2
1970-06-20,Pop,16
1970-06-20,RnB,25
1970-06-20,Rock,30
1970-06-27,Country,3
1970-06-27,Folk,1
1970-06-27,Latin,2
1970-06-27,Pop,16
1970-06-27,RnB,26
1970-06-27,Rock,30
1970-07-04,Country,6
1970-07-04,Folk,2
1970-07-04,Gospel,1
1970-07-04,Latin,2
1970-07-04,Pop,15
1970-07-04,RnB,26
1970-07-04,Rock,30
1970-07-11,Country,5
1970-07-11,Folk,2
1970-07-11,Gospel,1
1970-07-11,Latin,2
1970-07-11,Pop,18
1970-07-11,RnB,28
1970-07-11,Rock,25
1970-07-18,Country,4
1970-07-18,Folk,2
1970-07-18,Gospel,1
1970-07-18,Latin,2
1970-07-18,Pop,16
1970-07-18,RnB,29
1970-07-18,Rock,25
1970-07-25,Country,5
1970-07-25,Folk,4
1970-07-25,Jazz,1
1970-07-25,Latin,2
1970-07-25,Pop,16
1970-07-25,RnB,25
1970-07-25,Rock,27
1970-08-01,Country,5
1970-08-01,Folk,4
1970-08-01,Jazz,1
1970-08-01,Latin,2
1970-08-01,Pop,16
1970-08-01,RnB,25
1970-08-01,Rock,28
1970-08-08,Country,4
1970-08-08,Folk,4
1970-08-08,Jazz,1
1970-08-08,Latin,2
1970-08-08,Pop,15
1970-08-08,RnB,23
1970-08-08,Rock,31
1970-08-15,Country,4
1970-08-15,Folk,4
1970-08-15,Jazz,1
1970-08-15,Latin,2
1970-08-15,Pop,13
1970-08-15,RnB,20
1970-08-15,Rock,36
1970-08-22,Country,4
1970-08-22,Folk,4
1970-08-22,Jazz,1
1970-08-22,Pop,10
1970-08-22,RnB,26
1970-08-22,Rock,36
1970-08-29,Country,4
1970-08-29,Folk,4
1970-08-29,Jazz,1
1970-08-29,Latin,2
1970-08-29,Pop,10
1970-08-29,RnB,25
1970-08-29,Rock,37
1970-09-05,Country,4
1970-09-05,Folk,2
1970-09-05,Jazz,1
1970-09-05,Latin,2
1970-09-05,Pop,11
1970-09-05,RnB,28
1970-09-05,Rock,35
1970-09-12,Country,5
1970-09-12,Folk,2
1970-09-12,Jazz,1
1970-09-12,Pop,9
1970-09-12,RnB,28
1970-09-12,Rock,37
1970-09-19,Country,4
1970-09-19,Folk,2
1970-09-19,Jazz,1
1970-09-19,Pop,9
1970-09-19,RnB,27
1970-09-19,Rock,34
1970-09-26,Country,4
1970-09-26,Folk,2
1970-09-26,Pop,11
1970-09-26,RnB,26
1970-09-26,Rock,35
1970-10-03,Country,3
1970-10-03,Folk,2
1970-10-03,Pop,13
1970-10-03,RnB,26
1970-10-03,Rock,34
1970-10-10,Country,3
1970-10-10,Folk,1
1970-10-10,Pop,13
1970-10-10,RnB,27
1970-10-10,Rock,34
1970-10-17,Country,4
1970-10-17,Folk,1
1970-10-17,Jazz,1
1970-10-17,Pop,10
1970-10-17,RnB,31
1970-10-17,Rock,33
1970-10-24,Country,5
1970-10-24,Folk,1
1970-10-24,Gospel,1
1970-10-24,Jazz,1
1970-10-24,Pop,9
1970-10-24,RnB,28
1970-10-24,Rock,35
1970-10-31,Country,6
1970-10-31,Folk,1
1970-10-31,Gospel,2
1970-10-31,Jazz,1
1970-10-31,Pop,10
1970-10-31,RnB,26
1970-10-31,Rock,33
1970-11-07,Country,7
1970-11-07,Folk,1
1970-11-07,Gospel,2
1970-11-07,Jazz,1
1970-11-07,Pop,12
1970-11-07,RnB,27
1970-11-07,Rock,29
1970-11-14,Country,8
1970-11-14,Folk,2
1970-11-14,Gospel,2
1970-11-14,Jazz,1
1970-11-14,Pop,11
1970-11-14,RnB,27
1970-11-14,Rock,28
1970-11-21,Country,8
1970-11-21,Folk,2
1970-11-21,Gospel,1
1970-11-21,Jazz,1
1970-11-21,Pop,13
1970-11-21,RnB,29
1970-11-21,Rock,29
1970-11-28,Country,8
1970-11-28,Folk,2
1970-11-28,Gospel,1
1970-11-28,Jazz,1
1970-11-28,Pop,13
1970-11-28,RnB,29
1970-11-28,Rock,32
1970-12-05,Blues,1
1970-12-05,Country,7
1970-12-05,Folk,3
1970-12-05,Gospel,1
1970-12-05,Jazz,1
1970-12-05,Pop,13
1970-12-05,RnB,26
1970-12-05,Rock,30
1970-12-12,Blues,1
1970-12-12,Country,7
1970-12-12,Folk,4
1970-12-12,Gospel,1
1970-12-12,Jazz,1
1970-12-12,Pop,13
1970-12-12,RnB,23
1970-12-12,Rock,30
1970-12-19,Blues,1
1970-12-19,Country,8
1970-12-19,Folk,4
1970-12-19,Gospel,1
1970-12-19,Jazz,1
1970-12-19,Pop,11
1970-12-19,RnB,25
1970-12-19,Rock,32
1970-12-26,Country,7
1970-12-26,Folk,5
1970-12-26,Gospel,1
1970-12-26,Jazz,2
1970-12-26,Pop,14
1970-12-26,RnB,25
1970-12-26,Rock,28
1971-01-02,Country,7
1971-01-02,Folk,3
1971-01-02,Jazz,3
1971-01-02,Pop,15
1971-01-02,RnB,26
1971-01-02,Rock,30
1971-01-09,Country,7
1971-01-09,Folk,3
1971-01-09,Jazz,2
1971-01-09,Pop,13
1971-01-09,RnB,24
1971-01-09,Rock,33
1971-01-16,Country,8
1971-01-16,Folk,3
1971-01-16,Gospel,1
1971-01-16,Jazz,2
1971-01-16,Pop,11
1971-01-16,RnB,26
1971-01-16,Rock,30
1971-01-23,Country,8
1971-01-23,Folk,2
1971-01-23,Gospel,1
1971-01-23,Jazz,3
1971-01-23,Pop,7
1971-01-23,RnB,30
1971-01-23,Rock,29
1971-01-30,Country,6
1971-01-30,Folk,2
1971-01-30,Gospel,1
1971-01-30,Jazz,2
1971-01-30,Pop,7
1971-01-30,RnB,28
1971-01-30,Rock,30
1971-02-06,Country,6
1971-02-06,Folk,4
1971-02-06,Gospel,1
1971-02-06,Jazz,2
1971-02-06,Pop,8
1971-02-06,RnB,26
1971-02-06,Rock,25
1971-02-13,Country,5
1971-02-13,Folk,5
1971-02-13,Gospel,1
1971-02-13,Jazz,1
1971-02-13,Pop,9
1971-02-13,RnB,26
1971-02-13,Rock,24
1971-02-20,Country,5
1971-02-20,Folk,4
1971-02-20,Gospel,1
1971-02-20,Jazz,2
1971-02-20,Pop,10
1971-02-20,RnB,29
1971-02-20,Rock,23
1971-02-27,Country,6
1971-02-27,Folk,3
1971-02-27,Gospel,1
1971-02-27,HipHop,1
1971-02-27,Jazz,2
1971-02-27,Pop,13
1971-02-27,RnB,29
1971-02-27,Rock,22
1971-03-06,Country,6
1971-03-06,Folk,3
1971-03-06,Gospel,1
1971-03-06,HipHop,1
1971-03-06,Jazz,1
1971-03-06,Pop,13
1971-03-06,RnB,30
1971-03-06,Rock,25
1971-03-13,Country,6
1971-03-13,Folk,5
1971-03-13,Gospel,2
1971-03-13,Jazz,2
1971-03-13,Pop,12
1971-03-13,RnB,26
1971-03-13,Rock,28
1971-03-20,Country,10
1971-03-20,Folk,6
1971-03-20,Gospel,1
1971-03-20,Jazz,2
1971-03-20,Pop,12
1971-03-20,RnB,22
1971-03-20,Rock,26
1971-03-27,Country,9
1971-03-27,Folk,6
1971-03-27,Gospel,1
1971-03-27,HipHop,1
1971-03-27,Jazz,2
1971-03-27,Pop,13
1971-03-27,RnB,20
1971-03-27,Rock,27
1971-04-03,Country,9
1971-04-03,Folk,5
1971-04-03,HipHop,1
1971-04-03,Jazz,2
1971-04-03,Pop,14
1971-04-03,RnB,19
1971-04-03,Rock,29
1971-04-10,Country,8
1971-04-10,Folk,5
1971-04-10,HipHop,1
1971-04-10,Jazz,2
1971-04-10,Pop,13
1971-04-10,RnB,19
1971-04-10,Rock,31
1971-04-17,Country,7
1971-04-17,Folk,4
1971-04-17,Gospel,1
1971-04-17,HipHop,1
1971-04-17,Jazz,2
1971-04-17,Pop,11
1971-04-17,RnB,20
1971-04-17,Rock,33
1971-04-24,Country,8
1971-04-24,Folk,2
1971-04-24,Gospel,2
1971-04-24,HipHop,2
1971-04-24,Jazz,2
1971-04-24,Pop,9
1971-04-24,RnB,21
1971-04-24,Rock,31
1971-05-01,Country,6
1971-05-01,Folk,4
1971-05-01,Gospel,2
1971-05-01,HipHop,2
1971-05-01,Jazz,1
1971-05-01,Pop,10
1971-05-01,RnB,20
1971-05-01,Rock,30
1971-05-08,Country,6
1971-05-08,Folk,4
1971-05-08,Gospel,1
1971-05-08,HipHop,2
1971-05-08,Jazz,1
1971-05-08,Pop,9
1971-05-08,RnB,23
1971-05-08,Rock,33
1971-05-15,Country,5
1971-05-15,Folk,3
1971-05-15,Gospel,1
1971-05-15,HipHop,2
1971-05-15,Jazz,1
1971-05-15,Pop,9
1971-05-15,RnB,24
1971-05-15,Rock,31
1971-05-22,Afrobeat,1
1971-05-22,Country,4
1971-05-22,Electronic,1
1971-05-22,Folk,4
1971-05-22,Gospel,1
1971-05-22,HipHop,2
1971-05-22,Jazz,1
1971-05-22,Pop,10
1971-05-22,RnB,23
1971-05-22,Rock,30
1971-05-29,Afrobeat,1
1971-05-29,Country,4
1971-05-29,Electronic,1
1971-05-29,Folk,4
1971-05-29,Gospel,1
1971-05-29,HipHop,3
1971-05-29,Jazz,1
1971-05-29,Pop,10
1971-05-29,RnB,22
1971-05-29,Rock,28
1971-06-05,Afrobeat,1
1971-06-05,Country,4
1971-06-05,Electronic,1
1971-06-05,Folk,6
1971-06-05,Gospel,1
1971-06-05,HipHop,1
1971-06-05,Jazz,1
1971-06-05,Pop,10
1971-06-05,RnB,25
1971-06-05,Rock,27
1971-06-12,Afrobeat,1
1971-06-12,Country,4
1971-06-12,Electronic,1
1971-06-12,Folk,7
1971-06-12,Gospel,1
1971-06-12,HipHop,2
1971-06-12,Jazz,1
1971-06-12,Pop,9
1971-06-12,RnB,22
1971-06-12,Rock,29
1971-06-19,Afrobeat,1
1971-06-19,Blues,1
1971-06-19,Country,4
1971-06-19,Electronic,1
1971-06-19,Folk,8
1971-06-19,HipHop,2
1971-06-19,Jazz,1
1971-06-19,Pop,9
1971-06-19,RnB,23
1971-06-19,Rock,28
1971-06-26,Afrobeat,1
1971-06-26,Country,5
1971-06-26,Electronic,1
1971-06-26,Folk,9
1971-06-26,HipHop,1
1971-06-26,Jazz,1
1971-06-26,Pop,9
1971-06-26,RnB,23
1971-06-26,Rock,27
1971-07-03,Afrobeat,1
1971-07-03,Country,5
1971-07-03,Electronic,1
1971-07-03,Folk,9
1971-07-03,HipHop,1
1971-07-03,Jazz,1
1971-07-03,Pop,7
1971-07-03,RnB,30
1971-07-03,Rock,23
1971-07-10,Afrobeat,1
1971-07-10,Country,4
1971-07-10,Electronic,1
1971-07-10,Folk,9
1971-07-10,HipHop,1
1971-07-10,Jazz,1
1971-07-10,Pop,6
1971-07-10,RnB,27
1971-07-10,Rock,26
1971-07-17,Afrobeat,1
1971-07-17,Country,5
1971-07-17,Electronic,1
1971-07-17,Folk,9
1971-07-17,HipHop,1
1971-07-17,Jazz,1
1971-07-17,Pop,5
1971-07-17,RnB,24
1971-07-17,Rock,30
1971-07-24,Afrobeat,1
1971-07-24,Country,4
1971-07-24,Electronic,1
1971-07-24,Folk,9
1971-07-24,HipHop,1
1971-07-24,Jazz,1
1971-07-24,Pop,7
1971-07-24,RnB,27
1971-07-24,Rock,28
1971-07-31,Afrobeat,1
1971-07-31,Country,5
1971-07-31,Electronic,2
1971-07-31,Folk,9
1971-07-31,HipHop,1
1971-07-31,Jazz,1
1971-07-31,Pop,6
1971-07-31,RnB,28
1971-07-31,Rock,28
1971-08-07,Afrobeat,1
1971-08-07,Country,4
1971-08-07,Electronic,2
1971-08-07,Folk,7
1971-08-07,HipHop,1
1971-08-07,Jazz,1
1971-08-07,Pop,9
1971-08-07,RnB,28
1971-08-07,Rock,26
1971-08-14,Afrobeat,1
1971-08-14,Country,3
1971-08-14,Electronic,2
1971-08-14,Folk,7
1971-08-14,HipHop,1
1971-08-14,Pop,10
1971-08-14,RnB,27
1971-08-14,Rock,26
1971-08-21,Afrobeat,1
1971-08-21,Country,6
1971-08-21,Electronic,1
1971-08-21,Folk,6
1971-08-21,Gospel,1
1971-08-21,HipHop,1
1971-08-21,Pop,11
1971-08-21,RnB,23
1971-08-21,Rock,27
1971-08-28,Afrobeat,1
1971-08-28,Country,5
1971-08-28,Electronic,1
1971-08-28,Folk,7
1971-08-28,Gospel,1
1971-08-28,Pop,12
1971-08-28,RnB,28
1971-08-28,Rock,24
1971-09-04,Afrobeat,1
1971-09-04,Country,6
1971-09-04,Electronic,1
1971-09-04,Folk,8
1971-09-04,Pop,12
1971-09-04,RnB,26
1971-09-04,Rock,24
1971-09-11,Afrobeat,1
1971-09-11,Country,7
1971-09-11,Electronic,2
1971-09-11,Folk,6
1971-09-11,HipHop,1
1971-09-11,Jazz,1
1971-09-11,Pop,13
1971-09-11,RnB,26
1971-09-11,Rock,24
1971-09-18,Afrobeat,1
1971-09-18,Country,7
1971-09-18,Electronic,2
1971-09-18,Folk,6
1971-09-18,HipHop,1
1971-09-18,Jazz,1
1971-09-18,Pop,13
1971-09-18,RnB,25
1971-09-18,Rock,27
1971-09-25,Afrobeat,1
1971-09-25,Country,6
1971-09-25,Electronic,2
1971-09-25,Folk,6
1971-09-25,HipHop,1
1971-09-25,Jazz,1
1971-09-25,Pop,11
1971-09-25,RnB,26
1971-09-25,Rock,27
1971-10-02,Afrobeat,1
1971-10-02,Country,6
1971-10-02,Electronic,2
1971-10-02,Folk,6
1971-10-02,HipHop,1
1971-10-02,Jazz,1
1971-10-02,Pop,10
1971-10-02,RnB,27
1971-10-02,Rock,26
1971-10-09,Afrobeat,1
1971-10-09,Country,5
1971-10-09,Electronic,2
1971-10-09,Folk,6
1971-10-09,HipHop,1
1971-10-09,Jazz,1
1971-10-09,Pop,9
1971-10-09,RnB,29
1971-10-09,Rock,28
1971-10-16,Country,4
1971-10-16,Electronic,1
1971-10-16,Folk,4
1971-10-16,HipHop,1
1971-10-16,Jazz,3
1971-10-16,Pop,10
1971-10-16,RnB,30
1971-10-16,Rock,28
1971-10-23,Country,5
1971-10-23,Electronic,1
1971-10-23,Folk,4
1971-10-23,HipHop,1
1971-10-23,Jazz,3
1971-10-23,Pop,8
1971-10-23,RnB,27
1971-10-23,Rock,30
1971-10-30,Country,5
1971-10-30,Electronic,1
1971-10-30,Folk,5
1971-10-30,HipHop,1
1971-10-30,Jazz,3
1971-10-30,Pop,9
1971-10-30,RnB,28
1971-10-30,Rock,29
1971-11-06,Country,4
1971-11-06,Electronic,1
1971-11-06,Folk,5
1971-11-06,HipHop,1
1971-11-06,Jazz,3
1971-11-06,Pop,9
1971-11-06,RnB,28
1971-11-06,Rock,31
1971-11-13,Country,3
1971-11-13,Electronic,1
1971-11-13,Folk,7
1971-11-13,HipHop,1
1971-11-13,Jazz,2
1971-11-13,Pop,8
1971-11-13,RnB,29
1971-11-13,Rock,33
1971-11-20,Country,3
1971-11-20,Electronic,2
1971-11-20,Folk,7
1971-11-20,Gospel,1
1971-11-20,HipHop,1
1971-11-20,Jazz,2
1971-11-20,Pop,7
1971-11-20,RnB,27
1971-11-20,Rock,33
1971-11-27,Country,2
1971-11-27,Electronic,1
1971-11-27,Folk,6
1971-11-27,Gospel,1
1971-11-27,HipHop,1
1971-11-27,Jazz,2
1971-11-27,Pop,8
1971-11-27,RnB,27
1971-11-27,Rock,37
1971-12-04,Afrobeat,1
1971-12-04,Country,3
1971-12-04,Electronic,1
1971-12-04,Folk,7
1971-12-04,Gospel,1
1971-12-04,Jazz,2
1971-12-04,Pop,7
1971-12-04,RnB,26
1971-12-04,Rock,36
1971-12-11,Afrobeat,1
1971-12-11,Country,3
1971-12-11,Electronic,1
1971-12-11,Folk,7
1971-12-11,Gospel,1
1971-12-11,HipHop,1
1971-12-11,Jazz,2
1971-12-11,Pop,7
1971-12-11,RnB,27
1971-12-11,Rock,32
1971-12-18,Afrobeat,1
1971-12-18,Country,4
1971-12-18,Electronic,2
1971-12-18,Folk,6
1971-12-18,Gospel,1
1971-12-18,HipHop,1
1971-12-18,Jazz,2
1971-12-18,Pop,7
1971-12-18,RnB,28
1971-12-18,Rock,29
1971-12-25,Afrobeat,1
1971-12-25,Country,4
1971-12-25,Electronic,2
1971-12-25,Folk,6
1971-12-25,Gospel,1
1971-12-25,HipHop,1
1971-12-25,Jazz,1
1971-12-25,Pop,6
1971-12-25,RnB,33
1971-12-25,Rock,26
1972-01-01,Afrobeat,1
1972-01-01,Country,3
1972-01-01,Electronic,3
1972-01-01,Folk,6
1972-01-01,Gospel,1
1972-01-01,HipHop,1
1972-01-01,Jazz,1
1972-01-01,Pop,7
1972-01-01,RnB,30
1972-01-01,Rock,30
1972-01-08,Afrobeat,1
1972-01-08,Country,3
1972-01-08,Electronic,3
1972-01-08,Folk,5
1972-01-08,Gospel,1
1972-01-08,HipHop,1
1972-01-08,Jazz,1
1972-01-08,Pop,7
1972-01-08,RnB,32
1972-01-08,Rock,30
1972-01-15,Afrobeat,1
1972-01-15,Classical,1
1972-01-15,Country,3
1972-01-15,Electronic,3
1972-01-15,Folk,5
1972-01-15,Gospel,1
1972-01-15,HipHop,1
1972-01-15,Jazz,1
1972-01-15,Pop,6
1972-01-15,RnB,30
1972-01-15,Rock,30
1972-01-22,Afrobeat,1
1972-01-22,Classical,1
1972-01-22,Country,1
1972-01-22,Electronic,1
1972-01-22,Folk,5
1972-01-22,Gospel,1
1972-01-22,HipHop,1
1972-01-22,Jazz,1
1972-01-22,Pop,7
1972-01-22,RnB,31
1972-01-22,Rock,27
1972-01-29,Afrobeat,1
1972-01-29,Classical,1
1972-01-29,Country,4
1972-01-29,Electronic,1
1972-01-29,Folk,6
1972-01-29,Gospel,1
1972-01-29,Jazz,1
1972-01-29,Pop,5
1972-01-29,RnB,27
1972-01-29,Rock,28
1972-02-05,Afrobeat,1
1972-02-05,Classical,1
1972-02-05,Country,4
1972-02-05,Electronic,2
1972-02-05,Folk,8
1972-02-05,Gospel,1
1972-02-05,Jazz,1
1972-02-05,Pop,3
1972-02-05,RnB,27
1972-02-05,Rock,27
1972-02-12,Afrobeat,1
1972-02-12,Country,4
1972-02-12,Electronic,2
1972-02-12,Folk,8
1972-02-12,Gospel,1
1972-02-12,Jazz,2
1972-02-12,Pop,3
1972-02-12,RnB,25
1972-02-12,Rock,31
1972-02-19,Country,4
1972-02-19,Electronic,2
1972-02-19,Folk,7
1972-02-19,Gospel,2
1972-02-19,Jazz,3
1972-02-19,Pop,5
1972-02-19,RnB,22
1972-02-19,Rock,32
1972-02-26,Blues,1
1972-02-26,Country,3
1972-02-26,Electronic,2
1972-02-26,Folk,7
1972-02-26,Gospel,2
1972-02-26,Jazz,4
1972-02-26,Pop,6
1972-02-26,RnB,28
1972-02-26,Rock,28
1972-03-04,Blues,1
1972-03-04,Country,2
1972-03-04,Electronic,2
1972-03-04,Folk,5
1972-03-04,Gospel,2
1972-03-04,Jazz,3
1972-03-04,Pop,6
1972-03-04,RnB,27
1972-03-04,Rock,33
1972-03-11,Blues,1
1972-03-11,Country,2
1972-03-11,Electronic,2
1972-03-11,Folk,7
1972-03-11,Gospel,1
1972-03-11,Jazz,4
1972-03-11,Pop,5
1972-03-11,RnB,26
1972-03-11,Rock,30
1972-03-18,Blues,1
1972-03-18,Country,2
1972-03-18,Electronic,2
1972-03-18,Folk,9
1972-03-18,Gospel,1
1972-03-18,Jazz,4
1972-03-18,Pop,6
1972-03-18,RnB,25
1972-03-18,Rock,31
1972-03-25,Blues,1
1972-03-25,Country,2
1972-03-25,Electronic,2
1972-03-25,Folk,9
1972-03-25,Gospel,1
1972-03-25,Jazz,3
1972-03-25,Pop,7
1972-03-25,RnB,25
1972-03-25,Rock,30
1972-04-01,Country,4
1972-04-01,Electronic,1
1972-04-01,Folk,7
1972-04-01,Gospel,2
1972-04-01,Jazz,3
1972-04-01,Pop,10
1972-04-01,RnB,28
1972-04-01,Rock,31
1972-04-08,Blues,1
1972-04-08,Country,4
1972-04-08,Folk,7
1972-04-08,Gospel,2
1972-04-08,Jazz,3
1972-04-08,Pop,11
1972-04-08,RnB,29
1972-04-08,Rock,31
1972-04-15,Blues,1
1972-04-15,Country,5
1972-04-15,Folk,7
1972-04-15,Gospel,2
1972-04-15,Jazz,2
1972-04-15,Pop,11
1972-04-15,RnB,29
1972-04-15,Rock,30
1972-04-22,Blues,1
1972-04-22,Country,4
1972-04-22,Folk,6
1972-04-22,HipHop,1
1972-04-22,Jazz,2
1972-04-22,Pop,11
1972-04-22,RnB,29
1972-04-22,Rock,29
1972-04-29,Blues,1
1972-04-29,Country,2
1972-04-29,Folk,6
1972-04-29,HipHop,2
1972-04-29,Jazz,2
1972-04-29,Pop,13
1972-04-29,RnB,26
1972-04-29,Rock,29
1972-05-06,Folk,6
1972-05-06,HipHop,2
1972-05-06,Jazz,2
1972-05-06,Pop,12
1972-05-06,RnB,26
1972-05-06,Rock,33
1972-05-13,Country,2
1972-05-13,Folk,6
1972-05-13,HipHop,2
1972-05-13,Jazz,2
1972-05-13,Pop,13
1972-05-13,RnB,28
1972-05-13,Rock,29
1972-05-20,Country,2
1972-05-20,Folk,6
1972-05-20,HipHop,2
1972-05-20,Jazz,2
1972-05-20,Pop,12
1972-05-20,RnB,28
1972-05-20,Rock,30
1972-05-27,Country,2
1972-05-27,Folk,8
1972-05-27,HipHop,2
1972-05-27,Jazz,1
1972-05-27,Pop,12
1972-05-27,RnB,33
1972-05-27,Rock,24
1972-06-03,Country,2
1972-06-03,Folk,8
1972-06-03,HipHop,1
1972-06-03,Jazz,1
1972-06-03,Pop,12
1972-06-03,RnB,34
1972-06-03,Rock,23
1972-06-10,Country,3
1972-06-10,Folk,6
1972-06-10,HipHop,1
1972-06-10,Jazz,1
1972-06-10,Pop,13
1972-06-10,RnB,34
1972-06-10,Rock,23
1972-06-17,Country,3
1972-06-17,Folk,6
1972-06-17,HipHop,1
1972-06-17,Jazz,2
1972-06-17,Pop,15
1972-06-17,RnB,28
1972-06-17,Rock,25
1972-06-24,Country,3
1972-06-24,Folk,5
1972-06-24,HipHop,1
1972-06-24,Jazz,2
1972-06-24,Pop,15
1972-06-24,RnB,28
1972-06-24,Rock,27
1972-07-01,Country,4
1972-07-01,Folk,5
1972-07-01,HipHop,1
1972-07-01,Jazz,2
1972-07-01,Pop,15
1972-07-01,RnB,29
1972-07-01,Rock,26
1972-07-08,Country,4
1972-07-08,Electronic,1
1972-07-08,Folk,4
1972-07-08,HipHop,1
1972-07-08,Jazz,3
1972-07-08,Pop,14
1972-07-08,RnB,32
1972-07-08,Rock,25
1972-07-15,Country,4
1972-07-15,Electronic,1
1972-07-15,Folk,3
1972-07-15,HipHop,1
1972-07-15,Jazz,3
1972-07-15,Pop,12
1972-07-15,RnB,33
1972-07-15,Rock,23
1972-07-22,Country,4
1972-07-22,Electronic,1
1972-07-22,Folk,4
1972-07-22,HipHop,1
1972-07-22,Jazz,3
1972-07-22,Pop,10
1972-07-22,RnB,30
1972-07-22,Rock,28
1972-07-29,Country,4
1972-07-29,Electronic,1
1972-07-29,Folk,6
1972-07-29,HipHop,1
1972-07-29,Jazz,3
1972-07-29,Pop,11
1972-07-29,RnB,26
1972-07-29,Rock,29
1972-08-05,Country,4
1972-08-05,Electronic,1
1972-08-05,Folk,7
1972-08-05,HipHop,1
1972-08-05,Jazz,1
1972-08-05,Pop,9
1972-08-05,RnB,28
1972-08-05,Rock,31
1972-08-12,Country,4
1972-08-12,Electronic,1
1972-08-12,Folk,7
1972-08-12,HipHop,1
1972-08-12,Jazz,1
1972-08-12,Pop,8
1972-08-12,RnB,27
1972-08-12,Rock,32
1972-08-19,Country,3
1972-08-19,Electronic,1
1972-08-19,Folk,7
1972-08-19,HipHop,1
1972-08-19,Jazz,1
1972-08-19,Pop,9
1972-08-19,RnB,27
1972-08-19,Rock,34
1972-08-26,Country,6
1972-08-26,Electronic,1
1972-08-26,Folk,5
1972-08-26,Jazz,1
1972-08-26,Pop,10
1972-08-26,RnB,29
1972-08-26,Rock,34
1972-09-02,Country,6
1972-09-02,Electronic,1
1972-09-02,Folk,4
1972-09-02,Jazz,1
1972-09-02,Pop,10
1972-09-02,RnB,27
1972-09-02,Rock,33
1972-09-09,Country,5
1972-09-09,Electronic,1
1972-09-09,Folk,4
1972-09-09,Jazz,1
1972-09-09,Pop,11
1972-09-09,RnB,27
1972-09-09,Rock,33
1972-09-16,Country,4
1972-09-16,Electronic,1
1972-09-16,Folk,4
1972-09-16,Pop,15
1972-09-16,RnB,26
1972-09-16,Rock,36
1972-09-23,Country,4
1972-09-23,Electronic,1
1972-09-23,Folk,3
1972-09-23,Pop,16
1972-09-23,RnB,23
1972-09-23,Rock,39
1972-09-30,Country,5
1972-09-30,Electronic,1
1972-09-30,Folk,2
1972-09-30,Pop,15
1972-09-30,RnB,25
1972-09-30,Rock,38
1972-10-07,Country,5
1972-10-07,Electronic,1
1972-10-07,Folk,1
1972-10-07,HipHop,1
1972-10-07,Pop,16
1972-10-07,RnB,25
1972-10-07,Rock,37
1972-10-14,Country,3
1972-10-14,Electronic,1
1972-10-14,Folk,2
1972-10-14,HipHop,1
1972-10-14,Jazz,1
1972-10-14,Pop,15
1972-10-14,RnB,26
1972-10-14,Rock,36
1972-10-21,Country,3
1972-10-21,Electronic,1
1972-10-21,Folk,4
1972-10-21,HipHop,1
1972-10-21,Jazz,2
1972-10-21,Pop,13
1972-10-21,RnB,30
1972-10-21,Rock,35
1972-10-28,Country,3
1972-10-28,Electronic,1
1972-10-28,Folk,4
1972-10-28,HipHop,1
1972-10-28,Jazz,2
1972-10-28,Pop,13
1972-10-28,RnB,29
1972-10-28,Rock,35
1972-11-04,Country,2
1972-11-04,Electronic,1
1972-11-04,Folk,4
1972-11-04,HipHop,2
1972-11-04,Jazz,2
1972-11-04,Pop,11
1972-11-04,RnB,31
1972-11-04,Rock,37
1972-11-11,Country,2
1972-11-11,Folk,5
1972-11-11,HipHop,2
1972-11-11,Jazz,2
1972-11-11,Pop,10
1972-11-11,RnB,32
1972-11-11,Rock,36
1972-11-18,Country,1
1972-11-18,Folk,4
1972-11-18,HipHop,1
1972-11-18,Jazz,2
1972-11-18,Pop,11
1972-11-18,RnB,31
1972-11-18,Rock,39
1972-11-25,Country,2
1972-11-25,Folk,6
1972-11-25,HipHop,1
1972-11-25,Jazz,1
1972-11-25,Pop,11
1972-11-25,RnB,29
1972-11-25,Rock,40
1972-12-02,Country,2
1972-12-02,Folk,6
1972-12-02,HipHop,1
1972-12-02,Jazz,1
1972-12-02,Pop,10
1972-12-02,RnB,30
1972-12-02,Rock,39
1972-12-09,Country,3
1972-12-09,Folk,6
1972-12-09,HipHop,1
1972-12-09,Jazz,1
1972-12-09,Pop,11
1972-12-09,RnB,29
1972-12-09,Rock,37
1972-12-16,Country,3
1972-12-16,Folk,6
1972-12-16,HipHop,1
1972-12-16,Jazz,1
1972-12-16,Pop,11
1972-12-16,RnB,28
1972-12-16,Rock,38
1972-12-23,Country,3
1972-12-23,Folk,7
1972-12-23,HipHop,1
1972-12-23,Jazz,1
1972-12-23,Pop,9
1972-12-23,RnB,27
1972-12-23,Rock,39
1972-12-30,Country,4
1972-12-30,Folk,7
1972-12-30,Jazz,1
1972-12-30,Pop,11
1972-12-30,RnB,26
1972-12-30,Rock,35
1973-01-06,Country,6
1973-01-06,Folk,6
1973-01-06,Jazz,2
1973-01-06,Pop,12
1973-01-06,RnB,26
1973-01-06,Rock,32
1973-01-13,Country,5
1973-01-13,Folk,6
1973-01-13,Jazz,2
1973-01-13,Pop,12
1973-01-13,RnB,26
1973-01-13,Rock,30
1973-01-20,Afrobeat,1
1973-01-20,Country,4
1973-01-20,Folk,6
1973-01-20,Jazz,2
1973-01-20,Pop,12
1973-01-20,RnB,28
1973-01-20,Rock,31
1973-01-27,Afrobeat,1
1973-01-27,Country,3
1973-01-27,Folk,8
1973-01-27,Jazz,1
1973-01-27,Pop,10
1973-01-27,RnB,28
1973-01-27,Rock,32
1973-02-03,Afrobeat,1
1973-02-03,Country,3
1973-02-03,Folk,7
1973-02-03,Jazz,3
1973-02-03,Pop,11
1973-02-03,RnB,24
1973-02-03,Rock,33
1973-02-10,Afrobeat,1
1973-02-10,Country,2
1973-02-10,Folk,7
1973-02-10,Jazz,3
1973-02-10,Pop,13
1973-02-10,RnB,27
1973-02-10,Rock,31
1973-02-17,Afrobeat,1
1973-02-17,Country,3
1973-02-17,Folk,7
1973-02-17,Jazz,3
1973-02-17,Pop,10
1973-02-17,RnB,30
1973-02-17,Rock,34
1973-02-24,Afrobeat,1
1973-02-24,Country,4
1973-02-24,Folk,7
1973-02-24,Gospel,1
1973-02-24,Jazz,3
1973-02-24,Pop,13
1973-02-24,RnB,27
1973-02-24,Rock,32
1973-03-03,Afrobeat,1
1973-03-03,Country,3
1973-03-03,Folk,6
1973-03-03,Gospel,1
1973-03-03,Jazz,2
1973-03-03,Pop,16
1973-03-03,RnB,27
1973-03-03,Rock,31
1973-03-10,Afrobeat,1
1973-03-10,Country,4
1973-03-10,Folk,6
1973-03-10,Gospel,1
1973-03-10,Jazz,3
1973-03-10,Pop,14
1973-03-10,RnB,26
1973-03-10,Rock,33
1973-03-17,Afrobeat,1
1973-03-17,Country,5
1973-03-17,Folk,5
1973-03-17,Gospel,1
1973-03-17,Jazz,3
1973-03-17,Pop,15
1973-03-17,RnB,25
1973-03-17,Rock,33
1973-03-24,Afrobeat,1
1973-03-24,Country,6
1973-03-24,Folk,5
1973-03-24,Gospel,1
1973-03-24,Jazz,4
1973-03-24,Pop,15
1973-03-24,RnB,27
1973-03-24,Rock,28
1973-03-31,Country,6
1973-03-31,Folk,5
1973-03-31,Gospel,1
1973-03-31,Jazz,3
1973-03-31,Pop,14
1973-03-31,RnB,28
1973-03-31,Rock,27
1973-04-07,Country,5
1973-04-07,Folk,4
1973-04-07,Gospel,1
1973-04-07,Jazz,3
1973-04-07,Pop,14
1973-04-07,RnB,28
1973-04-07,Rock,29
1973-04-14,Country,5
1973-04-14,Folk,3
1973-04-14,Gospel,1
1973-04-14,Jazz,3
1973-04-14,Pop,12
1973-04-14,RnB,29
1973-04-14,Rock,27
1973-04-21,Country,5
1973-04-21,Folk,4
1973-04-21,Gospel,1
1973-04-21,Jazz,3
1973-04-21,Pop,12
1973-04-21,RnB,30
1973-04-21,Rock,25
1973-04-28,Country,5
1973-04-28,Folk,2
1973-04-28,Gospel,1
1973-04-28,Jazz,1
1973-04-28,Pop,11
1973-04-28,RnB,29
1973-04-28,Rock,32
1973-05-05,Country,5
1973-05-05,Folk,2
1973-05-05,Gospel,1
1973-05-05,Pop,12
1973-05-05,RnB,29
1973-05-05,Rock,31
1973-05-12,Country,5
1973-05-12,Folk,2
1973-05-12,Gospel,2
1973-05-12,Pop,13
1973-05-12,RnB,25
1973-05-12,Rock,31
1973-05-19,Country,5
1973-05-19,Folk,2
1973-05-19,Gospel,2
1973-05-19,Pop,13
1973-05-19,RnB,24
1973-05-19,Rock,34
1973-05-26,Country,6
1973-05-26,Folk,3
1973-05-26,Gospel,3
1973-05-26,Pop,13
1973-05-26,RnB,24
1973-05-26,Rock,34
1973-06-02,Blues,1
1973-06-02,Country,6
1973-06-02,Folk,3
1973-06-02,Gospel,3
1973-06-02,Pop,11
1973-06-02,RnB,25
1973-06-02,Rock,32
1973-06-09,Blues,1
1973-06-09,Country,5
1973-06-09,Folk,3
1973-06-09,Gospel,3
1973-06-09,Jazz,1
1973-06-09,Pop,9
1973-06-09,RnB,32
1973-06-09,Rock,28
1973-06-16,Blues,1
1973-06-16,Country,6
1973-06-16,Folk,3
1973-06-16,Gospel,2
1973-06-16,Pop,7
1973-06-16,RnB,31
1973-06-16,Rock,30
1973-06-23,Afrobeat,1
1973-06-23,Blues,1
1973-06-23,Country,6
1973-06-23,Folk,3
1973-06-23,Gospel,2
1973-06-23,Pop,11
1973-06-23,RnB,28
1973-06-23,Rock,31
1973-06-30,Afrobeat,1
1973-06-30,Blues,1
1973-06-30,Country,7
1973-06-30,Folk,3
1973-06-30,Gospel,2
1973-06-30,Jazz,1
1973-06-30,Pop,11
1973-06-30,RnB,30
1973-06-30,Rock,27
1973-07-07,Afrobeat,1
1973-07-07,Blues,1
1973-07-07,Country,8
1973-07-07,Folk,4
1973-07-07,Gospel,1
1973-07-07,Jazz,1
1973-07-07,Pop,10
1973-07-07,RnB,35
1973-07-07,Rock,25
1973-07-14,Afrobeat,1
1973-07-14,Country,7
1973-07-14,Folk,5
1973-07-14,Gospel,1
1973-07-14,Jazz,1
1973-07-14,Pop,9
1973-07-14,RnB,36
1973-07-14,Rock,26
1973-07-21,Afrobeat,1
1973-07-21,Country,8
1973-07-21,Folk,5
1973-07-21,Gospel,1
1973-07-21,Jazz,1
1973-07-21,Pop,9
1973-07-21,RnB,36
1973-07-21,Rock,26
1973-07-28,Afrobeat,1
1973-07-28,Country,8
1973-07-28,Folk,5
1973-07-28,Gospel,1
1973-07-28,Jazz,1
1973-07-28,Pop,11
1973-07-28,RnB,34
1973-07-28,Rock,27
1973-08-04,Afrobeat,1
1973-08-04,Country,7
1973-08-04,Folk,5
1973-08-04,Gospel,1
1973-08-04,Pop,10
1973-08-04,RnB,37
1973-08-04,Rock,30
1973-08-11,Afrobeat,1
1973-08-11,Country,7
1973-08-11,Folk,5
1973-08-11,Gospel,1
1973-08-11,Pop,11
1973-08-11,RnB,37
1973-08-11,Rock,31
1973-08-18,Afrobeat,1
1973-08-18,Country,6
1973-08-18,Folk,5
1973-08-18,Gospel,1
1973-08-18,Pop,12
1973-08-18,RnB,37
1973-08-18,Rock,29
1973-08-25,Country,6
1973-08-25,Folk,4
1973-08-25,Gospel,1
1973-08-25,Jazz,1
1973-08-25,Pop,14
1973-08-25,RnB,36
1973-08-25,Rock,29
1973-09-01,Country,7
1973-09-01,Folk,6
1973-09-01,Gospel,1
1973-09-01,Jazz,1
1973-09-01,Pop,13
1973-09-01,RnB,37
1973-09-01,Rock,29
1973-09-08,Country,6
1973-09-08,Folk,6
1973-09-08,Gospel,1
1973-09-08,Jazz,1
1973-09-08,Pop,13
1973-09-08,RnB,38
1973-09-08,Rock,29
1973-09-15,Country,8
1973-09-15,Folk,5
1973-09-15,Jazz,1
1973-09-15,Pop,13
1973-09-15,RnB,38
1973-09-15,Rock,28
1973-09-22,Country,7
1973-09-22,Folk,4
1973-09-22,Jazz,1
1973-09-22,Pop,13
1973-09-22,RnB,37
1973-09-22,Rock,27
1973-09-29,Country,9
1973-09-29,Folk,4
1973-09-29,Jazz,1
1973-09-29,Pop,13
1973-09-29,RnB,32
1973-09-29,Rock,28
1973-10-06,Country,10
1973-10-06,Folk,5
1973-10-06,Jazz,1
1973-10-06,Pop,9
1973-10-06,RnB,32
1973-10-06,Rock,28
1973-10-13,Country,10
1973-10-13,Folk,5
1973-10-13,Gospel,1
1973-10-13,Jazz,1
1973-10-13,Pop,10
1973-10-13,RnB,30
1973-10-13,Rock,28
1973-10-20,Country,10
1973-10-20,Folk,4
1973-10-20,Gospel,1
1973-10-20,Pop,8
1973-10-20,RnB,28
1973-10-20,Rock,34
1973-10-27,Country,6
1973-10-27,Folk,5
1973-10-27,Pop,9
1973-10-27,RnB,30
1973-10-27,Rock,36
1973-11-03,Country,5
1973-11-03,Folk,5
1973-11-03,HipHop,1
1973-11-03,Pop,10
1973-11-03,RnB,30
1973-11-03,Rock,36
1973-11-10,Country,5
1973-11-10,Folk,5
1973-11-10,HipHop,1
1973-11-10,Jazz,1
1973-11-10,Pop,11
1973-11-10,RnB,30
1973-11-10,Rock,32
1973-11-17,Country,5
1973-11-17,Folk,6
1973-11-17,HipHop,1
1973-11-17,Jazz,2
1973-11-17,Pop,10
1973-11-17,RnB,34
1973-11-17,Rock,30
1973-11-24,Country,7
1973-11-24,Folk,5
1973-11-24,HipHop,1
1973-11-24,Jazz,2
1973-11-24,Pop,10
1973-11-24,RnB,34
1973-11-24,Rock,29
1973-12-01,Country,7
1973-12-01,Folk,6
1973-12-01,HipHop,1
1973-12-01,Jazz,2
1973-12-01,Pop,9
1973-12-01,RnB,31
1973-12-01,Rock,34
1973-12-08,Country,8
1973-12-08,Folk,5
1973-12-08,HipHop,1
1973-12-08,Jazz,2
1973-12-08,Pop,10
1973-12-08,RnB,32
1973-12-08,Rock,33
1973-12-15,Country,6
1973-12-15,Folk,7
1973-12-15,Gospel,1
1973-12-15,HipHop,1
1973-12-15,Jazz,2
1973-12-15,Latin,1
1973-12-15,Pop,13
1973-12-15,RnB,28
1973-12-15,Rock,32
1973-12-22,Country,6
1973-12-22,Folk,8
1973-12-22,Gospel,1
1973-12-22,HipHop,1
1973-12-22,Jazz,2
1973-12-22,Latin,1
1973-12-22,Pop,12
1973-12-22,RnB,30
1973-12-22,Rock,27
1973-12-29,Country,5
1973-12-29,Folk,9
1973-12-29,Gospel,1
1973-12-29,Jazz,2
1973-12-29,Latin,1
1973-12-29,Pop,10
1973-12-29,RnB,30
1973-12-29,Rock,29
1974-01-05,Country,6
1974-01-05,Folk,9
1974-01-05,Gospel,1
1974-01-05,Jazz,2
1974-01-05,Latin,1
1974-01-05,Pop,10
1974-01-05,RnB,29
1974-01-05,Rock,26
1974-01-12,Country,6
1974-01-12,Folk,8
1974-01-12,Gospel,1
1974-01-12,Jazz,2
1974-01-12,Pop,9
1974-01-12,RnB,27
1974-01-12,Rock,27
1974-01-19,Country,6
1974-01-19,Folk,8
1974-01-19,Jazz,1
1974-01-19,Pop,8
1974-01-19,RnB,27
1974-01-19,Rock,29
1974-01-26,Country,7
1974-01-26,Folk,8
1974-01-26,Pop,8
1974-01-26,RnB,29
1974-01-26,Rock,29
1974-02-02,Country,7
1974-02-02,Folk,5
1974-02-02,Pop,8
1974-02-02,RnB,31
1974-02-02,Rock,28
1974-02-09,Country,9
1974-02-09,Folk,4
1974-02-09,Pop,8
1974-02-09,RnB,33
1974-02-09,Rock,26
1974-02-16,Country,11
1974-02-16,Folk,3
1974-02-16,Pop,7
1974-02-16,RnB,33
1974-02-16,Rock,26
1974-02-23,Country,12
1974-02-23,Folk,4
1974-02-23,Gospel,1
1974-02-23,Pop,3
1974-02-23,RnB,32
1974-02-23,Rock,26
1974-03-02,Country,9
1974-03-02,Folk,4
1974-03-02,Gospel,1
1974-03-02,Pop,3
1974-03-02,RnB,35
1974-03-02,Rock,29
1974-03-09,Country,9
1974-03-09,Folk,4
1974-03-09,Gospel,1
1974-03-09,Pop,4
1974-03-09,RnB,30
1974-03-09,Rock,32
1974-03-16,Country,9
1974-03-16,Folk,6
1974-03-16,Gospel,1
1974-03-16,Pop,4
1974-03-16,RnB,26
1974-03-16,Rock,33
1974-03-23,Country,7
1974-03-23,Folk,6
1974-03-23,Jazz,1
1974-03-23,Pop,5
1974-03-23,RnB,27
1974-03-23,Rock,32
1974-03-30,Country,6
1974-03-30,Folk,6
1974-03-30,Jazz,1
1974-03-30,Pop,6
1974-03-30,RnB,29
1974-03-30,Rock,32
1974-04-06,Country,6
1974-04-06,Folk,4
1974-04-06,Jazz,2
1974-04-06,Pop,7
1974-04-06,RnB,29
1974-04-06,Rock,33
1974-04-13,Country,7
1974-04-13,Folk,5
1974-04-13,Gospel,1
1974-04-13,Jazz,2
1974-04-13,Pop,7
1974-04-13,RnB,27
1974-04-13,Rock,33
1974-04-20,Country,8
1974-04-20,Folk,5
1974-04-20,Gospel,1
1974-04-20,Jazz,2
1974-04-20,Pop,8
1974-04-20,RnB,26
1974-04-20,Rock,35
1974-04-27,Country,6
1974-04-27,Folk,5
1974-04-27,Gospel,1
1974-04-27,Jazz,2
1974-04-27,Pop,8
1974-04-27,RnB,28
1974-04-27,Rock,35
1974-05-04,Country,8
1974-05-04,Folk,5
1974-05-04,Gospel,1
1974-05-04,Jazz,2
1974-05-04,Pop,6
1974-05-04,RnB,32
1974-05-04,Rock,34
1974-05-11,Country,8
1974-05-11,Folk,5
1974-05-11,Gospel,1
1974-05-11,Jazz,2
1974-05-11,Pop,5
1974-05-11,RnB,30
1974-05-11,Rock,35
1974-05-18,Country,7
1974-05-18,Folk,5
1974-05-18,Gospel,1
1974-05-18,Jazz,4
1974-05-18,Pop,4
1974-05-18,RnB,31
1974-05-18,Rock,34
1974-05-25,Country,6
1974-05-25,Folk,5
1974-05-25,Gospel,1
1974-05-25,Jazz,3
1974-05-25,Pop,4
1974-05-25,RnB,32
1974-05-25,Rock,35
1974-06-01,Country,4
1974-06-01,Folk,6
1974-06-01,Gospel,1
1974-06-01,Jazz,3
1974-06-01,Pop,6
1974-06-01,RnB,32
1974-06-01,Rock,34
1974-06-08,Country,5
1974-06-08,Folk,6
1974-06-08,Gospel,1
1974-06-08,Jazz,2
1974-06-08,Pop,6
1974-06-08,RnB,30
1974-06-08,Rock,36
1974-06-15,Country,5
1974-06-15,Folk,6
1974-06-15,Gospel,1
1974-06-15,Jazz,2
1974-06-15,Pop,9
1974-06-15,RnB,30
1974-06-15,Rock,34
1974-06-22,Country,5
1974-06-22,Folk,6
1974-06-22,Jazz,2
1974-06-22,Pop,11
1974-06-22,RnB,30
1974-06-22,Rock,34
1974-06-29,Country,8
1974-06-29,Folk,6
1974-06-29,Pop,11
1974-06-29,RnB,30
1974-06-29,Rock,34
1974-07-06,Country,7
1974-07-06,Folk,6
1974-07-06,Pop,11
1974-07-06,RnB,33
1974-07-06,Rock,31
1974-07-13,Country,7
1974-07-13,Folk,4
1974-07-13,Pop,9
1974-07-13,RnB,34
1974-07-13,Rock,33
1974-07-20,Country,7
1974-07-20,Folk,4
1974-07-20,Pop,9
1974-07-20,RnB,32
1974-07-20,Rock,36
1974-07-27,Country,9
1974-07-27,Folk,4
1974-07-27,Pop,9
1974-07-27,RnB,33
1974-07-27,Rock,30
1974-08-03,Country,11
1974-08-03,Folk,5
1974-08-03,Jazz,1
1974-08-03,Pop,9
1974-08-03,RnB,30
1974-08-03,Rock,30
1974-08-10,Blues,1
1974-08-10,Country,10
1974-08-10,Folk,6
1974-08-10,Jazz,1
1974-08-10,Pop,9
1974-08-10,RnB,32
1974-08-10,Rock,27
1974-08-17,Blues,1
1974-08-17,Country,9
1974-08-17,Folk,5
1974-08-17,Jazz,1
1974-08-17,Pop,10
1974-08-17,RnB,33
1974-08-17,Rock,28
1974-08-24,Blues,1
1974-08-24,Country,9
1974-08-24,Folk,4
1974-08-24,Jazz,1
1974-08-24,Pop,11
1974-08-24,RnB,34
1974-08-24,Rock,28
1974-08-31,Blues,1
1974-08-31,Country,7
1974-08-31,Folk,6
1974-08-31,Jazz,1
1974-08-31,Pop,10
1974-08-31,RnB,33
1974-08-31,Rock,30
1974-09-07,Blues,1
1974-09-07,Country,8
1974-09-07,Folk,6
1974-09-07,Pop,9
1974-09-07,RnB,32
1974-09-07,Rock,31
1974-09-14,Blues,1
1974-09-14,Country,8
1974-09-14,Folk,5
1974-09-14,Gospel,1
1974-09-14,Pop,12
1974-09-14,RnB,30
1974-09-14,Rock,29
1974-09-21,Blues,2
1974-09-21,Country,8
1974-09-21,Folk,6
1974-09-21,Gospel,1
1974-09-21,Pop,12
1974-09-21,RnB,26
1974-09-21,Rock,29
1974-09-28,Blues,1
1974-09-28,Country,7
1974-09-28,Folk,5
1974-09-28,Gospel,1
1974-09-28,Pop,9
1974-09-28,RnB,33
1974-09-28,Rock,27
1974-10-05,Blues,1
1974-10-05,Country,7
1974-10-05,Folk,6
1974-10-05,Gospel,1
1974-10-05,Pop,10
1974-10-05,RnB,31
1974-10-05,Rock,26
1974-10-12,Blues,1
1974-10-12,Country,4
1974-10-12,Folk,6
1974-10-12,Pop,11
1974-10-12,RnB,33
1974-10-12,Rock,27
1974-10-19,Blues,1
1974-10-19,Country,4
1974-10-19,Folk,6
1974-10-19,Jazz,1
1974-10-19,Pop,13
1974-10-19,RnB,33
1974-10-19,Rock,28
1974-10-26,Blues,2
1974-10-26,Country,3
1974-10-26,Folk,6
1974-10-26,Jazz,1
1974-10-26,Pop,13
1974-10-26,RnB,32
1974-10-26,Rock,30
1974-11-02,Blues,2
1974-11-02,Country,2
1974-11-02,Folk,5
1974-11-02,Jazz,1
1974-11-02,Pop,12
1974-11-02,RnB,34
1974-11-02,Rock,30
1974-11-09,Blues,2
1974-11-09,Country,3
1974-11-09,Folk,4
1974-11-09,Jazz,2
1974-11-09,Pop,13
1974-11-09,RnB,31
1974-11-09,Rock,30
1974-11-16,Blues,2
1974-11-16,Country,2
1974-11-16,Folk,4
1974-11-16,Gospel,1
1974-11-16,Jazz,1
1974-11-16,Pop,12
1974-11-16,RnB,30
1974-11-16,Rock,31
1974-11-23,Blues,3
1974-11-23,Country,3
1974-11-23,Folk,4
1974-11-23,Gospel,1
1974-11-23,Pop,10
1974-11-23,RnB,28
1974-11-23,Rock,31
1974-11-30,Blues,3
1974-11-30,Country,2
1974-11-30,Folk,4
1974-11-30,Gospel,1
1974-11-30,Pop,10
1974-11-30,RnB,29
1974-11-30,Rock,32
1974-12-07,Blues,3
1974-12-07,Country,2
1974-12-07,Folk,4
1974-12-07,Gospel,1
1974-12-07,Pop,8
1974-12-07,RnB,29
1974-12-07,Rock,35
1974-12-14,Blues,3
1974-12-14,Country,2
1974-12-14,Folk,4
1974-12-14,Pop,9
1974-12-14,RnB,30
1974-12-14,Rock,31
1974-12-21,Blues,3
1974-12-21,Country,3
1974-12-21,Folk,3
1974-12-21,Pop,12
1974-12-21,RnB,30
1974-12-21,Rock,28
1974-12-28,Blues,2
1974-12-28,Country,3
1974-12-28,Folk,5
1974-12-28,Pop,11
1974-12-28,RnB,29
1974-12-28,Rock,29
1975-01-04,Blues,2
1975-01-04,Country,4
1975-01-04,Folk,6
1975-01-04,Pop,10
1975-01-04,RnB,31
1975-01-04,Rock,29
1975-01-11,Blues,1
1975-01-11,Country,4
1975-01-11,Folk,5
1975-01-11,Pop,12
1975-01-11,RnB,30
1975-01-11,Rock,32
1975-01-18,Blues,1
1975-01-18,Country,4
1975-01-18,Folk,5
1975-01-18,Pop,11
1975-01-18,RnB,29
1975-01-18,Rock,33
1975-01-25,Blues,1
1975-01-25,Country,3
1975-01-25,Folk,5
1975-01-25,Pop,14
1975-01-25,RnB,28
1975-01-25,Rock,31
1975-02-01,Blues,1
1975-02-01,Country,6
1975-02-01,Folk,5
1975-02-01,Pop,11
1975-02-01,RnB,24
1975-02-01,Rock,33
1975-02-08,Blues,1
1975-02-08,Country,5
1975-02-08,Folk,5
1975-02-08,Jazz,1
1975-02-08,Pop,11
1975-02-08,RnB,21
1975-02-08,Rock,35
1975-02-15,Blues,1
1975-02-15,Country,5
1975-02-15,Folk,4
1975-02-15,Jazz,1
1975-02-15,Pop,11
1975-02-15,RnB,24
1975-02-15,Rock,32
1975-02-22,Blues,1
1975-02-22,Country,5
1975-02-22,Folk,4
1975-02-22,Jazz,1
1975-02-22,Pop,10
1975-02-22,RnB,24
1975-02-22,Rock,36
1975-03-01,Blues,1
1975-03-01,Country,5
1975-03-01,Folk,4
1975-03-01,Gospel,1
1975-03-01,Jazz,1
1975-03-01,Pop,10
1975-03-01,RnB,26
1975-03-01,Rock,39
1975-03-08,Country,5
1975-03-08,Folk,5
1975-03-08,Gospel,1
1975-03-08,Pop,10
1975-03-08,RnB,27
1975-03-08,Rock,37
1975-03-15,Country,5
1975-03-15,Folk,4
1975-03-15,Gospel,1
1975-03-15,Pop,10
1975-03-15,RnB,24
1975-03-15,Rock,38
1975-03-22,Country,5
1975-03-22,Folk,5
1975-03-22,Gospel,1
1975-03-22,Pop,9
1975-03-22,RnB,27
1975-03-22,Rock,35
1975-03-29,Country,5
1975-03-29,Folk,5
1975-03-29,Gospel,1
1975-03-29,Jazz,1
1975-03-29,Pop,10
1975-03-29,RnB,29
1975-03-29,Rock,31
1975-04-05,Country,6
1975-04-05,Folk,5
1975-04-05,Gospel,1
1975-04-05,Jazz,1
1975-04-05,Pop,7
1975-04-05,RnB,32
1975-04-05,Rock,31
1975-04-12,Country,6
1975-04-12,Folk,4
1975-04-12,Gospel,1
1975-04-12,Jazz,2
1975-04-12,Pop,7
1975-04-12,RnB,33
1975-04-12,Rock,29
1975-04-19,Country,4
1975-04-19,Electronic,1
1975-04-19,Folk,3
1975-04-19,Jazz,3
1975-04-19,Pop,7
1975-04-19,RnB,35
1975-04-19,Rock,28
1975-04-26,Country,4
1975-04-26,Electronic,1
1975-04-26,Folk,2
1975-04-26,Jazz,3
1975-04-26,Pop,9
1975-04-26,RnB,32
1975-04-26,Rock,33
1975-05-03,Country,4
1975-05-03,Electronic,1
1975-05-03,Folk,2
1975-05-03,Jazz,2
1975-05-03,Pop,8
1975-05-03,RnB,34
1975-05-03,Rock,32
1975-05-10,Country,5
1975-05-10,Electronic,1
1975-05-10,Folk,2
1975-05-10,Jazz,2
1975-05-10,Pop,9
1975-05-10,RnB,32
1975-05-10,Rock,34
1975-05-17,Country,6
1975-05-17,Electronic,1
1975-05-17,Folk,2
1975-05-17,Gospel,1
1975-05-17,Jazz,2
1975-05-17,Pop,7
1975-05-17,RnB,30
1975-05-17,Rock,39
1975-05-24,Country,6
1975-05-24,Electronic,1
1975-05-24,Folk,2
1975-05-24,Gospel,1
1975-05-24,Jazz,2
1975-05-24,Pop,9
1975-05-24,RnB,26
1975-05-24,Rock,39
1975-05-31,Country,8
1975-05-31,Electronic,1
1975-05-31,Folk,2
1975-05-31,Gospel,1
1975-05-31,Jazz,1
1975-05-31,Pop,10
1975-05-31,RnB,28
1975-05-31,Rock,36
1975-06-07,Country,8
1975-06-07,Electronic,1
1975-06-07,Folk,2
1975-06-07,Gospel,1
1975-06-07,Jazz,2
1975-06-07,Pop,11
1975-06-07,RnB,29
1975-06-07,Rock,32
1975-06-14,Country,8
1975-06-14,Electronic,1
1975-06-14,Folk,3
1975-06-14,Gospel,1
1975-06-14,Jazz,1
1975-06-14,Pop,10
1975-06-14,RnB,27
1975-06-14,Rock,37
1975-06-21,Afrobeat,1
1975-06-21,Blues,1
1975-06-21,Country,8
1975-06-21,Electronic,1
1975-06-21,Folk,4
1975-06-21,Jazz,1
1975-06-21,Pop,10
1975-06-21,RnB,24
1975-06-21,Rock,36
1975-06-28,Afrobeat,1
1975-06-28,Blues,1
1975-06-28,Country,7
1975-06-28,Electronic,1
1975-06-28,Folk,4
1975-06-28,Jazz,1
1975-06-28,Pop,9
1975-06-28,RnB,23
1975-06-28,Rock,39
1975-07-05,Afrobeat,1
1975-07-05,Blues,1
1975-07-05,Country,7
1975-07-05,Electronic,1
1975-07-05,Folk,3
1975-07-05,Jazz,1
1975-07-05,Pop,11
1975-07-05,RnB,26
1975-07-05,Rock,35
1975-07-12,Afrobeat,1
1975-07-12,Blues,1
1975-07-12,Country,6
1975-07-12,Electronic,2
1975-07-12,Folk,4
1975-07-12,Jazz,1
1975-07-12,Pop,11
1975-07-12,Reggae,1
1975-07-12,RnB,25
1975-07-12,Rock,32
1975-07-19,Afrobeat,1
1975-07-19,Blues,1
1975-07-19,Country,6
1975-07-19,Electronic,2
1975-07-19,Folk,5
1975-07-19,Jazz,3
1975-07-19,Pop,11
1975-07-19,Reggae,1
1975-07-19,RnB,25
1975-07-19,Rock,31
1975-07-26,Afrobeat,1
1975-07-26,Blues,1
1975-07-26,Country,5
1975-07-26,Electronic,2
1975-07-26,Folk,5
1975-07-26,Jazz,3
1975-07-26,Pop,10
1975-07-26,Reggae,1
1975-07-26,RnB,29
1975-07-26,Rock,29
1975-08-02,Afrobeat,1
1975-08-02,Blues,1
1975-08-02,Country,5
1975-08-02,Electronic,2
1975-08-02,Folk,4
1975-08-02,Jazz,4
1975-08-02,Pop,9
1975-08-02,Reggae,1
1975-08-02,RnB,26
1975-08-02,Rock,30
1975-08-09,Afrobeat,1
1975-08-09,Blues,1
1975-08-09,Country,5
1975-08-09,Electronic,2
1975-08-09,Folk,6
1975-08-09,Jazz,4
1975-08-09,Pop,12
1975-08-09,RnB,28
1975-08-09,Rock,27
1975-08-16,Afrobeat,1
1975-08-16,Blues,1
1975-08-16,Country,4
1975-08-16,Electronic,3
1975-08-16,Folk,7
1975-08-16,Jazz,3
1975-08-16,Pop,11
1975-08-16,RnB,23
1975-08-16,Rock,27
1975-08-23,Afrobeat,1
1975-08-23,Blues,1
1975-08-23,Country,3
1975-08-23,Electronic,3
1975-08-23,Folk,7
1975-08-23,Jazz,2
1975-08-23,Pop,10
1975-08-23,RnB,23
1975-08-23,Rock,26
1975-08-30,Afrobeat,1
1975-08-30,Blues,1
1975-08-30,Country,5
1975-08-30,Electronic,2
1975-08-30,Folk,6
1975-08-30,Jazz,2
1975-08-30,Pop,9
1975-08-30,RnB,20
1975-08-30,Rock,29
1975-09-06,Afrobeat,1
1975-09-06,Blues,1
1975-09-06,Country,7
1975-09-06,Electronic,2
1975-09-06,Folk,6
1975-09-06,Jazz,2
1975-09-06,Pop,9
1975-09-06,RnB,20
1975-09-06,Rock,31
1975-09-13,Afrobeat,1
1975-09-13,Country,7
1975-09-13,Electronic,2
1975-09-13,Folk,6
1975-09-13,Jazz,2
1975-09-13,Pop,10
1975-09-13,RnB,21
1975-09-13,Rock,27
1975-09-20,Afrobeat,1
1975-09-20,Country,8
1975-09-20,Electronic,3
1975-09-20,Folk,6
1975-09-20,Jazz,2
1975-09-20,Pop,11
1975-09-20,RnB,19
1975-09-20,Rock,28
1975-09-27,Afrobeat,1
1975-09-27,Country,8
1975-09-27,Electronic,2
1975-09-27,Folk,6
1975-09-27,Jazz,2
1975-09-27,Pop,11
1975-09-27,RnB,20
1975-09-27,Rock,28
1975-10-04,Afrobeat,1
1975-10-04,Country,6
1975-10-04,Electronic,1
1975-10-04,Folk,6
1975-10-04,Jazz,2
1975-10-04,Pop,12
1975-10-04,RnB,20
1975-10-04,Rock,27
1975-10-11,Afrobeat,1
1975-10-11,Country,7
1975-10-11,Electronic,1
1975-10-11,Folk,6
1975-10-11,Jazz,2
1975-10-11,Pop,12
1975-10-11,RnB,20
1975-10-11,Rock,27
1975-10-18,Country,9
1975-10-18,Electronic,1
1975-10-18,Folk,5
1975-10-18,Jazz,2
1975-10-18,Pop,12
1975-10-18,RnB,19
1975-10-18,Rock,29
1975-10-25,Country,9
1975-10-25,Electronic,1
1975-10-25,Folk,4
1975-10-25,Jazz,2
1975-10-25,Pop,12
1975-10-25,RnB,17
1975-10-25,Rock,30
1975-11-01,Country,8
1975-11-01,Electronic,1
1975-11-01,Folk,3
1975-11-01,Gospel,1
1975-11-01,Jazz,2
1975-11-01,Pop,14
1975-11-01,RnB,20
1975-11-01,Rock,29
1975-11-08,Afrobeat,1
1975-11-08,Country,8
1975-11-08,Electronic,1
1975-11-08,Folk,3
1975-11-08,Gospel,1
1975-11-08,Jazz,2
1975-11-08,Pop,13
1975-11-08,RnB,26
1975-11-08,Rock,28
1975-11-15,Afrobeat,1
1975-11-15,Country,6
1975-11-15,Electronic,1
1975-11-15,Folk,4
1975-11-15,Gospel,1
1975-11-15,Jazz,1
1975-11-15,Pop,11
1975-11-15,RnB,26
1975-11-15,Rock,31
1975-11-22,Afrobeat,1
1975-11-22,Blues,1
1975-11-22,Country,5
1975-11-22,Electronic,1
1975-11-22,Folk,4
1975-11-22,Gospel,1
1975-11-22,Jazz,1
1975-11-22,Pop,11
1975-11-22,RnB,30
1975-11-22,Rock,26
1975-11-29,Afrobeat,1
1975-11-29,Blues,1
1975-11-29,Country,5
1975-11-29,Electronic,1
1975-11-29,Folk,5
1975-11-29,Jazz,1
1975-11-29,Pop,11
1975-11-29,RnB,28
1975-11-29,Rock,29
1975-12-06,Afrobeat,1
1975-12-06,Blues,1
1975-12-06,Country,6
1975-12-06,Electronic,1
1975-12-06,Folk,5
1975-12-06,Jazz,1
1975-12-06,Pop,11
1975-12-06,RnB,29
1975-12-06,Rock,24
1975-12-13,Afrobeat,1
1975-12-13,Blues,2
1975-12-13,Country,5
1975-12-13,Electronic,1
1975-12-13,Folk,6
1975-12-13,Pop,10
1975-12-13,RnB,24
1975-12-13,Rock,28
1975-12-20,Afrobeat,1
1975-12-20,Blues,1
1975-12-20,Country,6
1975-12-20,Electronic,1
1975-12-20,Folk,6
1975-12-20,Jazz,1
1975-12-20,Pop,8
1975-12-20,RnB,24
1975-12-20,Rock,29
1975-12-27,Afrobeat,1
1975-12-27,Country,6
1975-12-27,Electronic,1
1975-12-27,Folk,5
1975-12-27,Jazz,1
1975-12-27,Pop,8
1975-12-27,RnB,24
1975-12-27,Rock,30
1976-01-03,Afrobeat,1
1976-01-03,Country,5
1976-01-03,Electronic,1
1976-01-03,Folk,6
1976-01-03,Jazz,1
1976-01-03,Pop,7
1976-01-03,RnB,25
1976-01-03,Rock,32
1976-01-10,Afrobeat,1
1976-01-10,Country,6
1976-01-10,Electronic,1
1976-01-10,Folk,5
1976-01-10,Jazz,1
1976-01-10,Pop,7
1976-01-10,RnB,24
1976-01-10,Rock,33
1976-01-17,Afrobeat,1
1976-01-17,Country,6
1976-01-17,Electronic,1
1976-01-17,Folk,4
1976-01-17,Jazz,2
1976-01-17,Pop,7
1976-01-17,RnB,25
1976-01-17,Rock,33
1976-01-24,Afrobeat,1
1976-01-24,Country,8
1976-01-24,Electronic,1
1976-01-24,Folk,4
1976-01-24,Jazz,2
1976-01-24,Pop,8
1976-01-24,RnB,25
1976-01-24,Rock,29
1976-01-31,Afrobeat,1
1976-01-31,Country,9
1976-01-31,Electronic,1
1976-01-31,Folk,4
1976-01-31,Jazz,2
1976-01-31,Pop,7
1976-01-31,RnB,24
1976-01-31,Rock,29
1976-02-07,Afrobeat,1
1976-02-07,Country,5
1976-02-07,Electronic,1
1976-02-07,Folk,6
1976-02-07,Jazz,2
1976-02-07,Pop,8
1976-02-07,RnB,23
1976-02-07,Rock,34
1976-02-14,Afrobeat,1
1976-02-14,Country,5
1976-02-14,Folk,6
1976-02-14,Jazz,1
1976-02-14,Pop,11
1976-02-14,RnB,22
1976-02-14,Rock,34
1976-02-21,Country,5
1976-02-21,Folk,6
1976-02-21,Gospel,1
1976-02-21,Jazz,1
1976-02-21,Pop,12
1976-02-21,RnB,21
1976-02-21,Rock,34
1976-02-28,Country,5
1976-02-28,Folk,5
1976-02-28,Gospel,1
1976-02-28,Jazz,1
1976-02-28,Pop,12
1976-02-28,RnB,20
1976-02-28,Rock,37
1976-03-06,Classical,1
1976-03-06,Country,3
1976-03-06,Folk,4
1976-03-06,Gospel,2
1976-03-06,Jazz,2
1976-03-06,Pop,12
1976-03-06,RnB,20
1976-03-06,Rock,36
1976-03-13,Classical,1
1976-03-13,Country,5
1976-03-13,Electronic,1
1976-03-13,Folk,5
1976-03-13,Gospel,2
1976-03-13,Jazz,2
1976-03-13,Pop,10
1976-03-13,RnB,20
1976-03-13,Rock,35
1976-03-20,Classical,1
1976-03-20,Country,5
1976-03-20,Electronic,1
1976-03-20,Folk,4
1976-03-20,Gospel,2
1976-03-20,Jazz,1
1976-03-20,Pop,10
1976-03-20,RnB,19
1976-03-20,Rock,37
1976-03-27,Country,6
1976-03-27,Electronic,1
1976-03-27,Folk,5
1976-03-27,Gospel,2
1976-03-27,Pop,10
1976-03-27,RnB,18
1976-03-27,Rock,38
1976-04-03,Afrobeat,1
1976-04-03,Country,5
1976-04-03,Electronic,1
1976-04-03,Folk,5
1976-04-03,Gospel,2
1976-04-03,Pop,11
1976-04-03,RnB,18
1976-04-03,Rock,37
1976-04-10,Afrobeat,1
1976-04-10,Country,6
1976-04-10,Electronic,1
1976-04-10,Folk,5
1976-04-10,Gospel,1
1976-04-10,Pop,11
1976-04-10,RnB,19
1976-04-10,Rock,36
1976-04-17,Afrobeat,1
1976-04-17,Country,6
1976-04-17,Folk,3
1976-04-17,Gospel,1
1976-04-17,Pop,11
1976-04-17,RnB,22
1976-04-17,Rock,39
1976-04-24,Afrobeat,1
1976-04-24,Country,4
1976-04-24,Folk,3
1976-04-24,Gospel,1
1976-04-24,Pop,10
1976-04-24,RnB,24
1976-04-24,Rock,40
1976-05-01,Afrobeat,1
1976-05-01,Country,5
1976-05-01,Folk,2
1976-05-01,Pop,8
1976-05-01,RnB,24
1976-05-01,Rock,42
1976-05-08,Afrobeat,1
1976-05-08,Country,5
1976-05-08,Folk,3
1976-05-08,Pop,11
1976-05-08,RnB,19
1976-05-08,Rock,41
1976-05-15,Afrobeat,1
1976-05-15,Country,5
1976-05-15,Folk,3
1976-05-15,Pop,11
1976-05-15,RnB,18
1976-05-15,Rock,43
1976-05-22,Country,5
1976-05-22,Folk,4
1976-05-22,Jazz,1
1976-05-22,Pop,13
1976-05-22,RnB,18
1976-05-22,Rock,43
1976-05-29,Country,6
1976-05-29,Folk,4
1976-05-29,Jazz,1
1976-05-29,Pop,10
1976-05-29,RnB,18
1976-05-29,Rock,38
1976-06-05,Country,4
1976-06-05,Folk,3
1976-06-05,Jazz,1
1976-06-05,Pop,12
1976-06-05,RnB,20
1976-06-05,Rock,37
1976-06-12,Country,3
1976-06-12,Folk,2
1976-06-12,Pop,12
1976-06-12,RnB,22
1976-06-12,Rock,39
1976-06-19,Country,3
1976-06-19,Folk,1
1976-06-19,HipHop,1
1976-06-19,Jazz,1
1976-06-19,Pop,14
1976-06-19,RnB,21
1976-06-19,Rock,36
1976-06-26,Country,2
1976-06-26,Folk,2
1976-06-26,HipHop,1
1976-06-26,Jazz,1
1976-06-26,Pop,14
1976-06-26,RnB,22
1976-06-26,Rock,35
1976-07-04,Country,2
1976-07-04,Folk,2
1976-07-04,Jazz,1
1976-07-04,Pop,14
1976-07-04,Reggae,1
1976-07-04,RnB,21
1976-07-04,Rock,35
1976-07-10,Country,1
1976-07-10,Electronic,1
1976-07-10,Folk,2
1976-07-10,Jazz,1
1976-07-10,Pop,16
1976-07-10,Reggae,1
1976-07-10,RnB,20
1976-07-10,Rock,37
1976-07-17,Afrobeat,1
1976-07-17,Country,1
1976-07-17,Electronic,1
1976-07-17,Folk,1
1976-07-17,Jazz,1
1976-07-17,Pop,17
1976-07-17,Reggae,1
1976-07-17,RnB,21
1976-07-17,Rock,36
1976-07-24,Afrobeat,1
1976-07-24,Country,3
1976-07-24,Electronic,1
1976-07-24,Folk,1
1976-07-24,Jazz,1
1976-07-24,Pop,14
1976-07-24,Reggae,1
1976-07-24,RnB,19
1976-07-24,Rock,37
1976-07-31,Afrobeat,1
1976-07-31,Country,2
1976-07-31,Electronic,1
1976-07-31,Folk,2
1976-07-31,Jazz,1
1976-07-31,Pop,12
1976-07-31,Reggae,1
1976-07-31,RnB,20
1976-07-31,Rock,37
1976-08-07,Afrobeat,1
1976-08-07,Country,1
1976-08-07,Electronic,1
1976-08-07,Folk,3
1976-08-07,Jazz,2
1976-08-07,Pop,14
1976-08-07,Reggae,1
1976-08-07,RnB,18
1976-08-07,Rock,37
1976-08-14,Afrobeat,1
1976-08-14,Country,2
1976-08-14,Electronic,2
1976-08-14,Folk,2
1976-08-14,Jazz,2
1976-08-14,Pop,15
1976-08-14,RnB,21
1976-08-14,Rock,37
1976-08-21,Country,2
1976-08-21,Electronic,2
1976-08-21,Folk,2
1976-08-21,Jazz,2
1976-08-21,Pop,16
1976-08-21,RnB,20
1976-08-21,Rock,39
1976-08-28,Country,2
1976-08-28,Electronic,2
1976-08-28,Folk,2
1976-08-28,Jazz,2
1976-08-28,Pop,14
1976-08-28,RnB,21
1976-08-28,Rock,38
1976-09-04,Country,2
1976-09-04,Electronic,1
1976-09-04,Folk,2
1976-09-04,Jazz,2
1976-09-04,Pop,14
1976-09-04,RnB,20
1976-09-04,Rock,43
1976-09-11,Country,2
1976-09-11,Electronic,1
1976-09-11,Folk,3
1976-09-11,Jazz,2
1976-09-11,Pop,13
1976-09-11,RnB,22
1976-09-11,Rock,39
1976-09-18,Country,2
1976-09-18,Electronic,1
1976-09-18,Folk,3
1976-09-18,Jazz,2
1976-09-18,Pop,14
1976-09-18,RnB,20
1976-09-18,Rock,43
1976-09-25,Electronic,2
1976-09-25,Folk,3
1976-09-25,Jazz,2
1976-09-25,Pop,12
1976-09-25,RnB,21
1976-09-25,Rock,44
1976-10-02,Country,1
1976-10-02,Electronic,2
1976-10-02,Folk,3
1976-10-02,Jazz,1
1976-10-02,Pop,10
1976-10-02,RnB,22
1976-10-02,Rock,45
1976-10-09,Country,2
1976-10-09,Electronic,2
1976-10-09,Folk,3
1976-10-09,Jazz,1
1976-10-09,Pop,7
1976-10-09,RnB,21
1976-10-09,Rock,46
1976-10-16,Country,1
1976-10-16,Electronic,2
1976-10-16,Folk,3
1976-10-16,Jazz,1
1976-10-16,Pop,7
1976-10-16,RnB,24
1976-10-16,Rock,46
1976-10-23,Country,1
1976-10-23,Electronic,2
1976-10-23,Folk,2
1976-10-23,Jazz,2
1976-10-23,Pop,7
1976-10-23,RnB,26
1976-10-23,Rock,42
1976-10-30,Afrobeat,1
1976-10-30,Country,2
1976-10-30,Electronic,2
1976-10-30,Folk,1
1976-10-30,Jazz,2
1976-10-30,Pop,6
1976-10-30,RnB,26
1976-10-30,Rock,41
1976-11-06,Afrobeat,1
1976-11-06,Blues,1
1976-11-06,Country,1
1976-11-06,Electronic,1
1976-11-06,Folk,1
1976-11-06,Jazz,2
1976-11-06,Pop,6
1976-11-06,RnB,24
1976-11-06,Rock,41
1976-11-13,Afrobeat,1
1976-11-13,Blues,1
1976-11-13,Country,1
1976-11-13,Electronic,1
1976-11-13,Folk,1
1976-11-13,Jazz,1
1976-11-13,Pop,7
1976-11-13,RnB,24
1976-11-13,Rock,40
1976-11-20,Afrobeat,1
1976-11-20,Blues,1
1976-11-20,Country,1
1976-11-20,Electronic,1
1976-11-20,Folk,1
1976-11-20,Jazz,1
1976-11-20,Pop,7
1976-11-20,RnB,24
1976-11-20,Rock,43
1976-11-27,Afrobeat,1
1976-11-27,Blues,1
1976-11-27,Electronic,1
1976-11-27,Folk,1
1976-11-27,Jazz,1
1976-11-27,Pop,8
1976-11-27,RnB,23
1976-11-27,Rock,43
1976-12-04,Afrobeat,1
1976-12-04,Blues,1
1976-12-04,Electronic,1
1976-12-04,Folk,1
1976-12-04,Pop,8
1976-12-04,RnB,23
1976-12-04,Rock,43
1976-12-11,Afrobeat,1
1976-12-11,Electronic,1
1976-12-11,Folk,1
1976-12-11,Pop,10
1976-12-11,RnB,22
1976-12-11,Rock,47
1976-12-18,Afrobeat,1
1976-12-18,Electronic,1
1976-12-18,Folk,1
1976-12-18,Pop,7
1976-12-18,RnB,21
1976-12-18,Rock,49
1976-12-25,Electronic,1
1976-12-25,Folk,2
1976-12-25,Pop,6
1976-12-25,RnB,19
1976-12-25,Rock,51
1977-01-01,Electronic,1
1977-01-01,Folk,2
1977-01-01,Pop,6
1977-01-01,RnB,19
1977-01-01,Rock,51
1977-01-08,Electronic,1
1977-01-08,Folk,2
1977-01-08,Pop,6
1977-01-08,RnB,19
1977-01-08,Rock,50
1977-01-15,Electronic,1
1977-01-15,Folk,2
1977-01-15,Pop,5
1977-01-15,RnB,19
1977-01-15,Rock,51
1977-01-22,Electronic,1
1977-01-22,Folk,1
1977-01-22,Pop,6
1977-01-22,RnB,18
1977-01-22,Rock,47
1977-01-29,Electronic,1
1977-01-29,Folk,1
1977-01-29,Pop,9
1977-01-29,RnB,20
1977-01-29,Rock,44
1977-02-05,Blues,1
1977-02-05,Electronic,1
1977-02-05,Folk,2
1977-02-05,Pop,8
1977-02-05,RnB,18
1977-02-05,Rock,47
1977-02-12,Blues,1
1977-02-12,Country,1
1977-02-12,Electronic,1
1977-02-12,Folk,1
1977-02-12,Pop,9
1977-02-12,RnB,20
1977-02-12,Rock,48
1977-02-19,Blues,1
1977-02-19,Country,1
1977-02-19,Electronic,1
1977-02-19,Folk,2
1977-02-19,HipHop,1
1977-02-19,Pop,9
1977-02-19,RnB,21
1977-02-19,Rock,42
1977-02-26,Blues,1
1977-02-26,Country,1
1977-02-26,Electronic,2
1977-02-26,Folk,2
1977-02-26,HipHop,2
1977-02-26,Pop,9
1977-02-26,RnB,24
1977-02-26,Rock,41
1977-03-05,Blues,1
1977-03-05,Country,1
1977-03-05,Electronic,2
1977-03-05,Folk,2
1977-03-05,HipHop,2
1977-03-05,Pop,11
1977-03-05,RnB,23
1977-03-05,Rock,41
1977-03-12,Blues,1
1977-03-12,Country,1
1977-03-12,Electronic,2
1977-03-12,Folk,3
1977-03-12,HipHop,1
1977-03-12,Pop,10
1977-03-12,RnB,24
1977-03-12,Rock,42
1977-03-19,Blues,1
1977-03-19,Country,1
1977-03-19,Electronic,2
1977-03-19,Folk,2
1977-03-19,HipHop,1
1977-03-19,Pop,13
1977-03-19,RnB,22
1977-03-19,Rock,40
1977-03-26,Blues,1
1977-03-26,Country,2
1977-03-26,Electronic,2
1977-03-26,Folk,2
1977-03-26,HipHop,1
1977-03-26,Pop,13
1977-03-26,RnB,23
1977-03-26,Rock,40
1977-04-02,Blues,1
1977-04-02,Country,2
1977-04-02,Electronic,3
1977-04-02,Folk,2
1977-04-02,HipHop,1
1977-04-02,Pop,15
1977-04-02,RnB,22
1977-04-02,Rock,40
1977-04-09,Blues,1
1977-04-09,Country,2
1977-04-09,Electronic,3
1977-04-09,Folk,1
1977-04-09,HipHop,1
1977-04-09,Pop,16
1977-04-09,RnB,20
1977-04-09,Rock,40
1977-04-16,Country,2
1977-04-16,Electronic,3
1977-04-16,Folk,1
1977-04-16,HipHop,1
1977-04-16,Pop,17
1977-04-16,RnB,20
1977-04-16,Rock,41
1977-04-23,Country,2
1977-04-23,Electronic,2
1977-04-23,Folk,1
1977-04-23,HipHop,1
1977-04-23,Jazz,1
1977-04-23,Pop,17
1977-04-23,RnB,18
1977-04-23,Rock,40
1977-04-30,Country,2
1977-04-30,Electronic,2
1977-04-30,Folk,1
1977-04-30,HipHop,1
1977-04-30,Jazz,1
1977-04-30,Pop,16
1977-04-30,RnB,16
1977-04-30,Rock,44
1977-05-07,Country,3
1977-05-07,Electronic,2
1977-05-07,Folk,1
1977-05-07,HipHop,1
1977-05-07,Jazz,1
1977-05-07,Pop,19
1977-05-07,RnB,15
1977-05-07,Rock,44
1977-05-14,Country,3
1977-05-14,Electronic,1
1977-05-14,Folk,1
1977-05-14,HipHop,1
1977-05-14,Jazz,1
1977-05-14,Pop,18
1977-05-14,RnB,16
1977-05-14,Rock,43
1977-05-21,Blues,1
1977-05-21,Country,4
1977-05-21,Electronic,1
1977-05-21,Folk,2
1977-05-21,HipHop,1
1977-05-21,Jazz,1
1977-05-21,Pop,16
1977-05-21,RnB,17
1977-05-21,Rock,41
1977-05-28,Blues,1
1977-05-28,Country,4
1977-05-28,Electronic,1
1977-05-28,Folk,1
1977-05-28,HipHop,1
1977-05-28,Jazz,1
1977-05-28,Pop,14
1977-05-28,RnB,17
1977-05-28,Rock,44
1977-06-04,Blues,1
1977-06-04,Country,4
1977-06-04,Electronic,1
1977-06-04,Folk,1
1977-06-04,HipHop,1
1977-06-04,Jazz,1
1977-06-04,Pop,12
1977-06-04,RnB,17
1977-06-04,Rock,45
1977-06-11,Blues,1
1977-06-11,Country,4
1977-06-11,Electronic,1
1977-06-11,Folk,1
1977-06-11,HipHop,1
1977-06-11,Jazz,2
1977-06-11,Pop,11
1977-06-11,RnB,18
1977-06-11,Rock,43
1977-06-18,Blues,1
1977-06-18,Country,6
1977-06-18,Electronic,1
1977-06-18,Folk,2
1977-06-18,HipHop,1
1977-06-18,Jazz,2
1977-06-18,Pop,11
1977-06-18,RnB,18
1977-06-18,Rock,40
1977-06-25,Blues,1
1977-06-25,Country,7
1977-06-25,Electronic,1
1977-06-25,Folk,2
1977-06-25,HipHop,1
1977-06-25,Jazz,2
1977-06-25,Pop,11
1977-06-25,RnB,17
1977-06-25,Rock,39
1977-07-02,Blues,1
1977-07-02,Country,6
1977-07-02,Electronic,2
1977-07-02,Folk,2
1977-07-02,HipHop,1
1977-07-02,Jazz,1
1977-07-02,Pop,11
1977-07-02,RnB,17
1977-07-02,Rock,38
1977-07-09,Blues,1
1977-07-09,Classical,1
1977-07-09,Country,6
1977-07-09,Electronic,2
1977-07-09,Folk,2
1977-07-09,HipHop,1
1977-07-09,Jazz,1
1977-07-09,Pop,13
1977-07-09,RnB,15
1977-07-09,Rock,36
1977-07-16,Blues,1
1977-07-16,Classical,1
1977-07-16,Country,6
1977-07-16,Electronic,2
1977-07-16,Folk,2
1977-07-16,HipHop,1
1977-07-16,Jazz,1
1977-07-16,Pop,12
1977-07-16,RnB,16
1977-07-16,Rock,35
1977-07-23,Blues,1
1977-07-23,Classical,1
1977-07-23,Country,5
1977-07-23,Electronic,2
1977-07-23,Folk,3
1977-07-23,HipHop,1
1977-07-23,Pop,12
1977-07-23,RnB,19
1977-07-23,Rock,34
1977-07-30,Blues,1
1977-07-30,Classical,1
1977-07-30,Country,5
1977-07-30,Electronic,3
1977-07-30,Folk,3
1977-07-30,HipHop,1
1977-07-30,Pop,11
1977-07-30,RnB,18
1977-07-30,Rock,36
1977-08-06,Blues,1
1977-08-06,Classical,1
1977-08-06,Country,5
1977-08-06,Electronic,2
1977-08-06,Folk,3
1977-08-06,HipHop,1
1977-08-06,Pop,12
1977-08-06,RnB,18
1977-08-06,Rock,38
1977-08-13,Classical,1
1977-08-13,Country,6
1977-08-13,Electronic,1
1977-08-13,Folk,3
1977-08-13,HipHop,1
1977-08-13,Pop,11
1977-08-13,RnB,19
1977-08-13,Rock,39
1977-08-20,Classical,1
1977-08-20,Country,7
1977-08-20,Electronic,1
1977-08-20,Folk,3
1977-08-20,HipHop,1
1977-08-20,Jazz,1
1977-08-20,Pop,11
1977-08-20,RnB,17
1977-08-20,Rock,43
1977-08-27,Classical,1
1977-08-27,Country,5
1977-08-27,Electronic,1
1977-08-27,Folk,3
1977-08-27,HipHop,1
1977-08-27,Jazz,1
1977-08-27,Pop,9
1977-08-27,RnB,17
1977-08-27,Rock,44
1977-09-03,Classical,1
1977-09-03,Country,5
1977-09-03,Electronic,1
1977-09-03,Folk,2
1977-09-03,Gospel,2
1977-09-03,HipHop,1
1977-09-03,Pop,10
1977-09-03,RnB,17
1977-09-03,Rock,44
1977-09-10,Classical,1
1977-09-10,Country,5
1977-09-10,Electronic,1
1977-09-10,Folk,2
1977-09-10,Gospel,2
1977-09-10,HipHop,1
1977-09-10,Pop,10
1977-09-10,RnB,15
1977-09-10,Rock,46
1977-09-17,Classical,1
1977-09-17,Country,5
1977-09-17,Electronic,1
1977-09-17,Folk,2
1977-09-17,Gospel,2
1977-09-17,HipHop,1
1977-09-17,Pop,10
1977-09-17,RnB,17
1977-09-17,Rock,46
1977-09-24,Classical,1
1977-09-24,Country,4
1977-09-24,Electronic,1
1977-09-24,Folk,2
1977-09-24,Gospel,2
1977-09-24,HipHop,1
1977-09-24,Pop,10
1977-09-24,RnB,17
1977-09-24,Rock,47
1977-10-01,Classical,1
1977-10-01,Country,4
1977-10-01,Electronic,1
1977-10-01,Folk,3
1977-10-01,Gospel,2
1977-10-01,Pop,11
1977-10-01,RnB,18
1977-10-01,Rock,47
1977-10-08,Classical,1
1977-10-08,Country,4
1977-10-08,Electronic,1
1977-10-08,Folk,2
1977-10-08,Gospel,1
1977-10-08,Jazz,1
1977-10-08,Pop,12
1977-10-08,RnB,20
1977-10-08,Rock,44
1977-10-15,Classical,1
1977-10-15,Country,5
1977-10-15,Electronic,2
1977-10-15,Folk,3
1977-10-15,Gospel,1
1977-10-15,Jazz,1
1977-10-15,Pop,11
1977-10-15,RnB,15
1977-10-15,Rock,47
1977-10-22,Classical,1
1977-10-22,Country,6
1977-10-22,Electronic,2
1977-10-22,Folk,3
1977-10-22,Jazz,1
1977-10-22,Pop,13
1977-10-22,RnB,16
1977-10-22,Rock,47
1977-10-29,Classical,1
1977-10-29,Country,5
1977-10-29,Electronic,2
1977-10-29,Folk,3
1977-10-29,Jazz,1
1977-10-29,Pop,14
1977-10-29,RnB,18
1977-10-29,Rock,45
1977-11-05,Country,6
1977-11-05,Electronic,2
1977-11-05,Folk,2
1977-11-05,Jazz,1
1977-11-05,Pop,15
1977-11-05,RnB,15
1977-11-05,Rock,46
1977-11-12,Country,6
1977-11-12,Electronic,2
1977-11-12,Folk,2
1977-11-12,Jazz,1
1977-11-12,Pop,12
1977-11-12,RnB,12
1977-11-12,Rock,49
1977-11-19,Country,5
1977-11-19,Electronic,2
1977-11-19,Folk,3
1977-11-19,Jazz,1
1977-11-19,Pop,13
1977-11-19,RnB,12
1977-11-19,Rock,46
1977-11-26,Country,5
1977-11-26,Electronic,2
1977-11-26,Folk,4
1977-11-26,Jazz,1
1977-11-26,Pop,13
1977-11-26,RnB,12
1977-11-26,Rock,42
1977-12-03,Country,5
1977-12-03,Electronic,3
1977-12-03,Folk,4
1977-12-03,Jazz,1
1977-12-03,Pop,13
1977-12-03,RnB,11
1977-12-03,Rock,42
1977-12-10,Country,5
1977-12-10,Electronic,3
1977-12-10,Folk,4
1977-12-10,Jazz,2
1977-12-10,Pop,11
1977-12-10,RnB,12
1977-12-10,Rock,42
1977-12-17,Country,6
1977-12-17,Electronic,2
1977-12-17,Folk,4
1977-12-17,Jazz,2
1977-12-17,Pop,11
1977-12-17,RnB,13
1977-12-17,Rock,39
1977-12-24,Country,4
1977-12-24,Electronic,2
1977-12-24,Folk,5
1977-12-24,Jazz,2
1977-12-24,Pop,11
1977-12-24,RnB,13
1977-12-24,Rock,40
1977-12-31,Country,4
1977-12-31,Electronic,2
1977-12-31,Folk,5
1977-12-31,Jazz,2
1977-12-31,Pop,11
1977-12-31,RnB,13
1977-12-31,Rock,40
1978-01-07,Country,4
1978-01-07,Electronic,2
1978-01-07,Folk,5
1978-01-07,Jazz,3
1978-01-07,Pop,11
1978-01-07,RnB,14
1978-01-07,Rock,38
1978-01-14,Country,4
1978-01-14,Electronic,2
1978-01-14,Folk,5
1978-01-14,Jazz,2
1978-01-14,Pop,12
1978-01-14,RnB,17
1978-01-14,Rock,36
1978-01-21,Country,4
1978-01-21,Electronic,2
1978-01-21,Folk,4
1978-01-21,Jazz,2
1978-01-21,Pop,13
1978-01-21,RnB,17
1978-01-21,Rock,38
1978-01-28,Country,3
1978-01-28,Electronic,2
1978-01-28,Folk,3
1978-01-28,Jazz,2
1978-01-28,Pop,12
1978-01-28,RnB,18
1978-01-28,Rock,43
1978-02-04,Country,3
1978-02-04,Electronic,2
1978-02-04,Folk,2
1978-02-04,HipHop,1
1978-02-04,Jazz,2
1978-02-04,Pop,10
1978-02-04,RnB,18
1978-02-04,Rock,43
1978-02-11,Country,1
1978-02-11,Electronic,3
1978-02-11,Folk,4
1978-02-11,HipHop,1
1978-02-11,Jazz,2
1978-02-11,Pop,13
1978-02-11,RnB,13
1978-02-11,Rock,44
1978-02-18,Country,1
1978-02-18,Electronic,3
1978-02-18,Folk,4
1978-02-18,HipHop,1
1978-02-18,Jazz,1
1978-02-18,Pop,13
1978-02-18,RnB,14
1978-02-18,Rock,43
1978-02-25,Country,1
1978-02-25,Electronic,2
1978-02-25,Folk,5
1978-02-25,HipHop,1
1978-02-25,Jazz,1
1978-02-25,Pop,12
1978-02-25,RnB,14
1978-02-25,Rock,43
1978-03-04,Country,1
1978-03-04,Electronic,2
1978-03-04,Folk,5
1978-03-04,Gospel,1
1978-03-04,HipHop,1
1978-03-04,Jazz,1
1978-03-04,Pop,13
1978-03-04,RnB,15
1978-03-04,Rock,40
1978-03-11,Country,1
1978-03-11,Electronic,2
1978-03-11,Folk,5
1978-03-11,Gospel,1
1978-03-11,Jazz,1
1978-03-11,Pop,12
1978-03-11,RnB,16
1978-03-11,Rock,42
1978-03-18,Country,3
1978-03-18,Electronic,2
1978-03-18,Folk,5
1978-03-18,Gospel,1
1978-03-18,Jazz,1
1978-03-18,Pop,10
1978-03-18,RnB,17
1978-03-18,Rock,41
1978-03-25,Country,3
1978-03-25,Electronic,2
1978-03-25,Folk,6
1978-03-25,Gospel,1
1978-03-25,Jazz,1
1978-03-25,Pop,11
1978-03-25,RnB,16
1978-03-25,Rock,42
1978-04-01,Country,3
1978-04-01,Electronic,2
1978-04-01,Folk,5
1978-04-01,Gospel,1
1978-04-01,Jazz,1
1978-04-01,Pop,10
1978-04-01,RnB,15
1978-04-01,Rock,40
1978-04-08,Country,4
1978-04-08,Electronic,2
1978-04-08,Folk,4
1978-04-08,Jazz,1
1978-04-08,Pop,9
1978-04-08,RnB,14
1978-04-08,Rock,42
1978-04-15,Country,3
1978-04-15,Electronic,2
1978-04-15,Folk,4
1978-04-15,Jazz,1
1978-04-15,Pop,7
1978-04-15,RnB,13
1978-04-15,Rock,44
1978-04-22,Country,3
1978-04-22,Electronic,2
1978-04-22,Folk,3
1978-04-22,Jazz,1
1978-04-22,Pop,9
1978-04-22,RnB,13
1978-04-22,Rock,48
1978-04-29,Country,2
1978-04-29,Electronic,1
1978-04-29,Folk,4
1978-04-29,Jazz,1
1978-04-29,Pop,8
1978-04-29,RnB,14
1978-04-29,Rock,50
1978-05-06,Country,1
1978-05-06,Electronic,1
1978-05-06,Folk,3
1978-05-06,Jazz,1
1978-05-06,Pop,8
1978-05-06,RnB,14
1978-05-06,Rock,51
1978-05-13,Country,1
1978-05-13,Electronic,2
1978-05-13,Folk,3
1978-05-13,Jazz,1
1978-05-13,Pop,8
1978-05-13,RnB,12
1978-05-13,Rock,54
1978-05-20,Country,1
1978-05-20,Electronic,2
1978-05-20,Folk,3
1978-05-20,Jazz,1
1978-05-20,Pop,9
1978-05-20,RnB,11
1978-05-20,Rock,52
1978-05-27,Country,3
1978-05-27,Electronic,2
1978-05-27,Folk,3
1978-05-27,Jazz,1
1978-05-27,Pop,11
1978-05-27,RnB,9
1978-05-27,Rock,51
1978-06-03,Country,4
1978-06-03,Electronic,3
1978-06-03,Folk,2
1978-06-03,Jazz,1
1978-06-03,Pop,10
1978-06-03,RnB,10
1978-06-03,Rock,51
1978-06-10,Country,3
1978-06-10,Electronic,3
1978-06-10,Folk,2
1978-06-10,Jazz,1
1978-06-10,Pop,9
1978-06-10,RnB,11
1978-06-10,Rock,54
1978-06-17,Country,3
1978-06-17,Electronic,3
1978-06-17,Folk,1
1978-06-17,Jazz,2
1978-06-17,Pop,11
1978-06-17,RnB,12
1978-06-17,Rock,50
1978-06-24,Country,4
1978-06-24,Electronic,3
1978-06-24,Folk,1
1978-06-24,Jazz,2
1978-06-24,Pop,11
1978-06-24,RnB,11
1978-06-24,Rock,50
1978-07-01,Country,5
1978-07-01,Electronic,2
1978-07-01,Folk,1
1978-07-01,Jazz,2
1978-07-01,Pop,12
1978-07-01,RnB,11
1978-07-01,Rock,50
1978-07-08,Country,4
1978-07-08,Electronic,2
1978-07-08,Folk,1
1978-07-08,Jazz,2
1978-07-08,Pop,14
1978-07-08,RnB,11
1978-07-08,Rock,48
1978-07-15,Country,5
1978-07-15,Electronic,2
1978-07-15,Folk,1
1978-07-15,Jazz,2
1978-07-15,Pop,15
1978-07-15,RnB,9
1978-07-15,Rock,46
1978-07-22,Country,5
1978-07-22,Electronic,1
1978-07-22,Folk,1
1978-07-22,Jazz,1
1978-07-22,Pop,15
1978-07-22,RnB,10
1978-07-22,Rock,44
1978-07-29,Country,6
1978-07-29,Electronic,1
1978-07-29,Folk,1
1978-07-29,Jazz,1
1978-07-29,Pop,15
1978-07-29,RnB,11
1978-07-29,Rock,40
1978-08-05,Country,6
1978-08-05,Electronic,1
1978-08-05,Folk,1
1978-08-05,Jazz,1
1978-08-05,Pop,15
1978-08-05,RnB,10
1978-08-05,Rock,42
1978-08-12,Country,3
1978-08-12,Electronic,1
1978-08-12,Folk,1
1978-08-12,Jazz,1
1978-08-12,Pop,15
1978-08-12,RnB,10
1978-08-12,Rock,43
1978-08-19,Country,3
1978-08-19,Folk,2
1978-08-19,Jazz,1
1978-08-19,Pop,13
1978-08-19,RnB,11
1978-08-19,Rock,45
1978-08-26,Country,3
1978-08-26,Folk,2
1978-08-26,Jazz,1
1978-08-26,Pop,11
1978-08-26,RnB,12
1978-08-26,Rock,45
1978-09-02,Country,3
1978-09-02,Folk,2
1978-09-02,Jazz,1
1978-09-02,Pop,10
1978-09-02,RnB,11
1978-09-02,Rock,48
1978-09-09,Country,2
1978-09-09,Folk,2
1978-09-09,Jazz,1
1978-09-09,Pop,12
1978-09-09,RnB,9
1978-09-09,Rock,47
1978-09-16,Country,2
1978-09-16,Folk,1
1978-09-16,Jazz,1
1978-09-16,Pop,12
1978-09-16,RnB,8
1978-09-16,Rock,51
1978-09-23,Country,2
1978-09-23,Electronic,1
1978-09-23,Pop,11
1978-09-23,RnB,11
1978-09-23,Rock,52
1978-09-30,Country,2
1978-09-30,Electronic,1
1978-09-30,Pop,11
1978-09-30,RnB,10
1978-09-30,Rock,56
1978-10-07,Country,2
1978-10-07,Electronic,1
1978-10-07,Pop,11
1978-10-07,RnB,12
1978-10-07,Rock,56
1978-10-14,Country,2
1978-10-14,Electronic,1
1978-10-14,Jazz,1
1978-10-14,Pop,10
1978-10-14,RnB,11
1978-10-14,Rock,58
1978-10-21,Country,3
1978-10-21,Electronic,1
1978-10-21,Folk,1
1978-10-21,Jazz,1
1978-10-21,Pop,9
1978-10-21,RnB,9
1978-10-21,Rock,59
1978-10-28,Country,3
1978-10-28,Electronic,1
1978-10-28,Folk,1
1978-10-28,Jazz,1
1978-10-28,Pop,8
1978-10-28,RnB,8
1978-10-28,Rock,59
1978-11-04,Country,3
1978-11-04,Electronic,1
1978-11-04,Folk,1
1978-11-04,Pop,9
1978-11-04,Reggae,1
1978-11-04,RnB,10
1978-11-04,Rock,57
1978-11-11,Country,3
1978-11-11,Folk,1
1978-11-11,Jazz,1
1978-11-11,Pop,9
1978-11-11,Reggae,1
1978-11-11,RnB,10
1978-11-11,Rock,57
1978-11-18,Country,3
1978-11-18,Folk,1
1978-11-18,Jazz,1
1978-11-18,Pop,6
1978-11-18,Reggae,1
1978-11-18,RnB,11
1978-11-18,Rock,56
1978-11-25,Country,3
1978-11-25,Folk,1
1978-11-25,Jazz,1
1978-11-25,Pop,8
1978-11-25,Reggae,1
1978-11-25,RnB,12
1978-11-25,Rock,54
1978-12-02,Country,2
1978-12-02,Folk,1
1978-12-02,Jazz,1
1978-12-02,Pop,9
1978-12-02,Reggae,1
1978-12-02,RnB,11
1978-12-02,Rock,56
1978-12-09,Country,3
1978-12-09,Folk,1
1978-12-09,Jazz,1
1978-12-09,Pop,10
1978-12-09,RnB,11
1978-12-09,Rock,55
1978-12-16,Country,3
1978-12-16,Electronic,1
1978-12-16,Folk,1
1978-12-16,Jazz,1
1978-12-16,Pop,9
1978-12-16,RnB,9
1978-12-16,Rock,56
1978-12-23,Country,3
1978-12-23,Electronic,1
1978-12-23,Folk,1
1978-12-23,Jazz,1
1978-12-23,Pop,8
1978-12-23,RnB,9
1978-12-23,Rock,59
1978-12-30,Country,3
1978-12-30,Electronic,1
1978-12-30,Folk,1
1978-12-30,Jazz,1
1978-12-30,Pop,8
1978-12-30,RnB,9
1978-12-30,Rock,59
1979-01-06,Country,2
1979-01-06,Electronic,1
1979-01-06,Folk,2
1979-01-06,Jazz,1
1979-01-06,Pop,8
1979-01-06,RnB,10
1979-01-06,Rock,56
1979-01-13,Country,2
1979-01-13,Electronic,1
1979-01-13,Folk,2
1979-01-13,Jazz,2
1979-01-13,Pop,7
1979-01-13,RnB,11
1979-01-13,Rock,54
1979-01-20,Country,4
1979-01-20,Electronic,1
1979-01-20,Folk,2
1979-01-20,Jazz,2
1979-01-20,Pop,6
1979-01-20,RnB,10
1979-01-20,Rock,55
1979-01-27,Country,4
1979-01-27,Electronic,1
1979-01-27,Folk,2
1979-01-27,Jazz,2
1979-01-27,Pop,9
1979-01-27,RnB,9
1979-01-27,Rock,52
1979-02-03,Country,4
1979-02-03,Electronic,1
1979-02-03,Folk,2
1979-02-03,Jazz,2
1979-02-03,Pop,8
1979-02-03,RnB,11
1979-02-03,Rock,51
1979-02-10,Country,4
1979-02-10,Folk,2
1979-02-10,Jazz,2
1979-02-10,Pop,7
1979-02-10,Reggae,1
1979-02-10,RnB,14
1979-02-10,Rock,50
1979-02-17,Country,3
1979-02-17,Folk,2
1979-02-17,Jazz,2
1979-02-17,Pop,8
1979-02-17,Reggae,1
1979-02-17,RnB,16
1979-02-17,Rock,49
1979-02-24,Country,3
1979-02-24,Folk,1
1979-02-24,Jazz,2
1979-02-24,Pop,7
1979-02-24,Reggae,1
1979-02-24,RnB,16
1979-02-24,Rock,49
1979-03-03,Country,3
1979-03-03,Folk,1
1979-03-03,Jazz,2
1979-03-03,Pop,9
1979-03-03,Reggae,1
1979-03-03,RnB,16
1979-03-03,Rock,46
1979-03-10,Country,3
1979-03-10,Electronic,1
1979-03-10,Folk,1
1979-03-10,Jazz,2
1979-03-10,Pop,9
1979-03-10,Reggae,1
1979-03-10,RnB,15
1979-03-10,Rock,44
1979-03-17,Afrobeat,1
1979-03-17,Country,2
1979-03-17,Electronic,1
1979-03-17,Folk,1
1979-03-17,Gospel,1
1979-03-17,Jazz,1
1979-03-17,Pop,8
1979-03-17,Reggae,1
1979-03-17,RnB,12
1979-03-17,Rock,47
1979-03-24,Afrobeat,1
1979-03-24,Country,3
1979-03-24,Electronic,1
1979-03-24,Folk,1
1979-03-24,Gospel,1
1979-03-24,Jazz,1
1979-03-24,Pop,8
1979-03-24,Reggae,1
1979-03-24,RnB,13
1979-03-24,Rock,45
1979-03-31,Afrobeat,1
1979-03-31,Country,4
1979-03-31,Electronic,1
1979-03-31,Folk,1
1979-03-31,Gospel,1
1979-03-31,Jazz,1
1979-03-31,Pop,9
1979-03-31,Reggae,1
1979-03-31,RnB,12
1979-03-31,Rock,39
1979-04-07,Afrobeat,1
1979-04-07,Country,2
1979-04-07,Folk,1
1979-04-07,Gospel,1
1979-04-07,Jazz,1
1979-04-07,Pop,10
1979-04-07,RnB,13
1979-04-07,Rock,38
1979-04-14,Afrobeat,1
1979-04-14,Country,2
1979-04-14,Folk,1
1979-04-14,Gospel,1
1979-04-14,Jazz,3
1979-04-14,Pop,9
1979-04-14,RnB,13
1979-04-14,Rock,38
1979-04-21,Afrobeat,1
1979-04-21,Country,2
1979-04-21,Electronic,1
1979-04-21,Folk,1
1979-04-21,Gospel,1
1979-04-21,Jazz,3
1979-04-21,Pop,8
1979-04-21,RnB,11
1979-04-21,Rock,40
1979-04-28,Afrobeat,1
1979-04-28,Country,2
1979-04-28,Electronic,1
1979-04-28,Folk,1
1979-04-28,Gospel,1
1979-04-28,Jazz,3
1979-04-28,Pop,9
1979-04-28,RnB,10
1979-04-28,Rock,39
1979-05-05,Afrobeat,1
1979-05-05,Country,2
1979-05-05,Electronic,1
1979-05-05,Folk,1
1979-05-05,Gospel,1
1979-05-05,Jazz,3
1979-05-05,Pop,9
1979-05-05,RnB,9
1979-05-05,Rock,41
1979-05-12,Afrobeat,1
1979-05-12,Country,2
1979-05-12,Folk,1
1979-05-12,Gospel,1
1979-05-12,Jazz,3
1979-05-12,Pop,8
1979-05-12,RnB,10
1979-05-12,Rock,40
1979-05-19,Afrobeat,1
1979-05-19,Country,1
1979-05-19,Electronic,1
1979-05-19,Folk,2
1979-05-19,Gospel,1
1979-05-19,Jazz,2
1979-05-19,Pop,11
1979-05-19,RnB,8
1979-05-19,Rock,40
1979-05-26,Afrobeat,1
1979-05-26,Country,1
1979-05-26,Electronic,1
1979-05-26,Folk,2
1979-05-26,Gospel,1
1979-05-26,Jazz,2
1979-05-26,Pop,13
1979-05-26,RnB,9
1979-05-26,Rock,39
1979-06-02,Afrobeat,1
1979-06-02,Country,1
1979-06-02,Electronic,1
1979-06-02,Folk,3
1979-06-02,Gospel,1
1979-06-02,Jazz,2
1979-06-02,Pop,13
1979-06-02,RnB,9
1979-06-02,Rock,40
1979-06-09,Afrobeat,1
1979-06-09,Country,2
1979-06-09,Electronic,1
1979-06-09,Folk,3
1979-06-09,Gospel,1
1979-06-09,Pop,15
1979-06-09,RnB,8
1979-06-09,Rock,41
1979-06-16,Country,2
1979-06-16,Electronic,1
1979-06-16,Folk,3
1979-06-16,Gospel,1
1979-06-16,Jazz,1
1979-06-16,Pop,16
1979-06-16,RnB,10
1979-06-16,Rock,41
1979-06-23,Country,3
1979-06-23,Electronic,1
1979-06-23,Folk,3
1979-06-23,Gospel,1
1979-06-23,Jazz,1
1979-06-23,Pop,18
1979-06-23,RnB,7
1979-06-23,Rock,42
1979-06-30,Country,4
1979-06-30,Electronic,1
1979-06-30,Folk,3
1979-06-30,Gospel,1
1979-06-30,Jazz,1
1979-06-30,Pop,18
1979-06-30,RnB,9
1979-06-30,Rock,44
1979-07-07,Country,5
1979-07-07,Electronic,1
1979-07-07,Folk,3
1979-07-07,Jazz,1
1979-07-07,Pop,19
1979-07-07,RnB,9
1979-07-07,Rock,44
1979-07-14,Country,5
1979-07-14,Electronic,1
1979-07-14,Folk,3
1979-07-14,Jazz,1
1979-07-14,Pop,19
1979-07-14,RnB,10
1979-07-14,Rock,42
1979-07-21,Country,5
1979-07-21,Electronic,1
1979-07-21,Folk,3
1979-07-21,Jazz,1
1979-07-21,Pop,20
1979-07-21,RnB,11
1979-07-21,Rock,41
1979-07-28,Country,3
1979-07-28,Folk,4
1979-07-28,Jazz,2
1979-07-28,Pop,19
1979-07-28,RnB,12
1979-07-28,Rock,40
1979-08-04,Country,3
1979-08-04,Folk,4
1979-08-04,Jazz,3
1979-08-04,Pop,18
1979-08-04,RnB,12
1979-08-04,Rock,40
1979-08-11,Country,2
1979-08-11,Folk,3
1979-08-11,Jazz,3
1979-08-11,Pop,18
1979-08-11,RnB,14
1979-08-11,Rock,38
1979-08-18,Country,1
1979-08-18,Folk,2
1979-08-18,Jazz,3
1979-08-18,Pop,18
1979-08-18,RnB,15
1979-08-18,Rock,37
1979-08-25,Country,1
1979-08-25,Electronic,1
1979-08-25,Folk,3
1979-08-25,Jazz,3
1979-08-25,Pop,16
1979-08-25,RnB,15
1979-08-25,Rock,37
1979-09-01,Country,1
1979-09-01,Electronic,1
1979-09-01,Folk,3
1979-09-01,Jazz,2
1979-09-01,Pop,23
1979-09-01,RnB,12
1979-09-01,Rock,37
1979-09-08,Country,2
1979-09-08,Electronic,1
1979-09-08,Folk,4
1979-09-08,Jazz,3
1979-09-08,Pop,21
1979-09-08,RnB,9
1979-09-08,Rock,40
1979-09-15,Country,2
1979-09-15,Electronic,1
1979-09-15,Folk,4
1979-09-15,Jazz,4
1979-09-15,Pop,21
1979-09-15,RnB,8
1979-09-15,Rock,42
1979-09-22,Country,2
1979-09-22,Electronic,1
1979-09-22,Folk,3
1979-09-22,Jazz,4
1979-09-22,Pop,22
1979-09-22,RnB,7
1979-09-22,Rock,43
1979-09-29,Country,4
1979-09-29,Electronic,1
1979-09-29,Folk,2
1979-09-29,Jazz,3
1979-09-29,Pop,19
1979-09-29,RnB,8
1979-09-29,Rock,45
1979-10-06,Country,4
1979-10-06,Electronic,1
1979-10-06,Folk,2
1979-10-06,Gospel,1
1979-10-06,Jazz,3
1979-10-06,Pop,17
1979-10-06,RnB,12
1979-10-06,Rock,43
1979-10-13,Country,4
1979-10-13,Electronic,1
1979-10-13,Folk,2
1979-10-13,Gospel,1
1979-10-13,Jazz,3
1979-10-13,Pop,17
1979-10-13,RnB,12
1979-10-13,Rock,47
1979-10-20,Country,3
1979-10-20,Electronic,1
1979-10-20,Folk,2
1979-10-20,Gospel,1
1979-10-20,Jazz,2
1979-10-20,Pop,17
1979-10-20,RnB,13
1979-10-20,Rock,47
1979-10-27,Country,3
1979-10-27,Electronic,1
1979-10-27,Folk,2
1979-10-27,Gospel,1
1979-10-27,Jazz,2
1979-10-27,Pop,14
1979-10-27,RnB,11
1979-10-27,Rock,49
1979-11-03,Country,3
1979-11-03,Electronic,1
1979-11-03,Folk,2
1979-11-03,Gospel,1
1979-11-03,Jazz,2
1979-11-03,Pop,13
1979-11-03,RnB,12
1979-11-03,Rock,47
1979-11-10,Country,3
1979-11-10,Electronic,1
1979-11-10,Folk,2
1979-11-10,HipHop,1
1979-11-10,Jazz,2
1979-11-10,Pop,15
1979-11-10,RnB,12
1979-11-10,Rock,48
1979-11-17,Country,4
1979-11-17,Electronic,1
1979-11-17,Folk,1
1979-11-17,HipHop,1
1979-11-17,Jazz,3
1979-11-17,Pop,15
1979-11-17,RnB,12
1979-11-17,Rock,47
1979-11-24,Country,5
1979-11-24,Electronic,1
1979-11-24,Folk,1
1979-11-24,HipHop,1
1979-11-24,Jazz,4
1979-11-24,Pop,13
1979-11-24,RnB,15
1979-11-24,Rock,45
1979-12-01,Country,5
1979-12-01,Electronic,1
1979-12-01,Folk,1
1979-12-01,HipHop,1
1979-12-01,Jazz,4
1979-12-01,Pop,13
1979-12-01,RnB,15
1979-12-01,Rock,44
1979-12-08,Blues,1
1979-12-08,Country,5
1979-12-08,Electronic,1
1979-12-08,Folk,2
1979-12-08,HipHop,1
1979-12-08,Jazz,4
1979-12-08,Pop,12
1979-12-08,RnB,14
1979-12-08,Rock,44
1979-12-15,Blues,1
1979-12-15,Country,5
1979-12-15,Electronic,1
1979-12-15,Folk,2
1979-12-15,HipHop,1
1979-12-15,Jazz,4
1979-12-15,Pop,11
1979-12-15,RnB,15
1979-12-15,Rock,44
1979-12-22,Blues,1
1979-12-22,Country,3
1979-12-22,Electronic,1
1979-12-22,Folk,2
1979-12-22,HipHop,1
1979-12-22,Jazz,4
1979-12-22,Pop,11
1979-12-22,RnB,15
1979-12-22,Rock,45
1979-12-29,Blues,1
1979-12-29,Country,3
1979-12-29,Electronic,1
1979-12-29,Folk,2
1979-12-29,HipHop,1
1979-12-29,Jazz,4
1979-12-29,Pop,11
1979-12-29,RnB,15
1979-12-29,Rock,45
1980-01-05,Blues,1
1980-01-05,Country,3
1980-01-05,Electronic,1
1980-01-05,Folk,2
1980-01-05,HipHop,1
1980-01-05,Jazz,4
1980-01-05,Pop,11
1980-01-05,RnB,16
1980-01-05,Rock,45
1980-01-12,Blues,1
1980-01-12,Country,2
1980-01-12,Electronic,1
1980-01-12,Folk,2
1980-01-12,HipHop,1
1980-01-12,Jazz,3
1980-01-12,Pop,11
1980-01-12,RnB,16
1980-01-12,Rock,45
1980-01-19,Country,1
1980-01-19,Electronic,1
1980-01-19,Folk,2
1980-01-19,HipHop,1
1980-01-19,Jazz,3
1980-01-19,Pop,10
1980-01-19,RnB,19
1980-01-19,Rock,46
1980-01-26,Country,1
1980-01-26,Electronic,1
1980-01-26,Folk,2
1980-01-26,HipHop,1
1980-01-26,Jazz,3
1980-01-26,Pop,7
1980-01-26,RnB,21
1980-01-26,Rock,47
1980-02-02,Country,1
1980-02-02,Electronic,1
1980-02-02,Folk,2
1980-02-02,Jazz,3
1980-02-02,Pop,6
1980-02-02,RnB,21
1980-02-02,Rock,51
1980-02-09,Country,2
1980-02-09,Electronic,1
1980-02-09,Folk,2
1980-02-09,Jazz,3
1980-02-09,Pop,6
1980-02-09,RnB,22
1980-02-09,Rock,51
1980-02-16,Country,2
1980-02-16,Electronic,1
1980-02-16,Folk,2
1980-02-16,Jazz,2
1980-02-16,Pop,7
1980-02-16,RnB,19
1980-02-16,Rock,52
1980-02-23,Country,3
1980-02-23,Folk,3
1980-02-23,Jazz,1
1980-02-23,Pop,8
1980-02-23,RnB,16
1980-02-23,Rock,51
1980-03-01,Country,3
1980-03-01,Folk,3
1980-03-01,Jazz,1
1980-03-01,Pop,8
1980-03-01,RnB,17
1980-03-01,Rock,49
1980-03-08,Classical,1
1980-03-08,Country,4
1980-03-08,Electronic,1
1980-03-08,Folk,3
1980-03-08,Jazz,1
1980-03-08,Pop,8
1980-03-08,RnB,15
1980-03-08,Rock,53
1980-03-15,Classical,1
1980-03-15,Country,4
1980-03-15,Electronic,2
1980-03-15,Folk,3
1980-03-15,Jazz,1
1980-03-15,Pop,10
1980-03-15,RnB,16
1980-03-15,Rock,49
1980-03-22,Classical,1
1980-03-22,Country,5
1980-03-22,Electronic,2
1980-03-22,Folk,4
1980-03-22,Jazz,1
1980-03-22,Pop,10
1980-03-22,RnB,15
1980-03-22,Rock,48
1980-03-29,Classical,1
1980-03-29,Country,6
1980-03-29,Electronic,2
1980-03-29,Folk,4
1980-03-29,Jazz,1
1980-03-29,Pop,11
1980-03-29,RnB,12
1980-03-29,Rock,47
1980-04-05,Classical,1
1980-04-05,Country,5
1980-04-05,Electronic,2
1980-04-05,Folk,4
1980-04-05,HipHop,1
1980-04-05,Jazz,1
1980-04-05,Pop,12
1980-04-05,RnB,13
1980-04-05,Rock,42
1980-04-12,Classical,1
1980-04-12,Country,4
1980-04-12,Folk,4
1980-04-12,HipHop,1
1980-04-12,Jazz,1
1980-04-12,Pop,11
1980-04-12,RnB,12
1980-04-12,Rock,46
1980-04-19,Classical,1
1980-04-19,Country,3
1980-04-19,Folk,4
1980-04-19,Jazz,3
1980-04-19,Pop,12
1980-04-19,RnB,14
1980-04-19,Rock,44
1980-04-26,Classical,1
1980-04-26,Country,3
1980-04-26,Folk,3
1980-04-26,Jazz,3
1980-04-26,Pop,11
1980-04-26,RnB,16
1980-04-26,Rock,45
1980-05-03,Country,4
1980-05-03,Folk,1
1980-05-03,Jazz,4
1980-05-03,Pop,10
1980-05-03,RnB,16
1980-05-03,Rock,47
1980-05-10,Country,5
1980-05-10,Folk,1
1980-05-10,Jazz,3
1980-05-10,Pop,9
1980-05-10,RnB,18
1980-05-10,Rock,49
1980-05-17,Country,7
1980-05-17,Folk,2
1980-05-17,Jazz,3
1980-05-17,Pop,6
1980-05-17,RnB,18
1980-05-17,Rock,49
1980-05-24,Country,7
1980-05-24,Folk,2
1980-05-24,Jazz,2
1980-05-24,Pop,7
1980-05-24,RnB,16
1980-05-24,Rock,51
1980-05-31,Country,7
1980-05-31,Folk,2
1980-05-31,Jazz,2
1980-05-31,Pop,6
1980-05-31,RnB,16
1980-05-31,Rock,54
1980-06-07,Country,7
1980-06-07,Folk,2
1980-06-07,Jazz,2
1980-06-07,Pop,7
1980-06-07,RnB,13
1980-06-07,Rock,57
1980-06-14,Country,6
1980-06-14,Folk,2
1980-06-14,Jazz,2
1980-06-14,Pop,10
1980-06-14,RnB,14
1980-06-14,Rock,55
1980-06-21,Country,8
1980-06-21,Folk,3
1980-06-21,Jazz,2
1980-06-21,Pop,9
1980-06-21,RnB,14
1980-06-21,Rock,54
1980-06-28,Country,8
1980-06-28,Folk,3
1980-06-28,Jazz,3
1980-06-28,Pop,9
1980-06-28,RnB,15
1980-06-28,Rock,53
1980-07-05,Country,8
1980-07-05,Folk,4
1980-07-05,Jazz,3
1980-07-05,Pop,8
1980-07-05,RnB,15
1980-07-05,Rock,52
1980-07-12,Country,8
1980-07-12,Folk,3
1980-07-12,Jazz,2
1980-07-12,Pop,9
1980-07-12,RnB,14
1980-07-12,Rock,55
1980-07-19,Country,8
1980-07-19,Folk,2
1980-07-19,Jazz,2
1980-07-19,Pop,10
1980-07-19,RnB,14
1980-07-19,Rock,52
1980-07-26,Country,6
1980-07-26,Folk,3
1980-07-26,HipHop,1
1980-07-26,Jazz,1
1980-07-26,Pop,10
1980-07-26,RnB,11
1980-07-26,Rock,53
1980-08-02,Country,5
1980-08-02,Folk,3
1980-08-02,HipHop,1
1980-08-02,Jazz,1
1980-08-02,Pop,12
1980-08-02,RnB,11
1980-08-02,Rock,52
1980-08-09,Country,4
1980-08-09,Folk,4
1980-08-09,HipHop,1
1980-08-09,Jazz,1
1980-08-09,Pop,12
1980-08-09,RnB,13
1980-08-09,Rock,53
1980-08-16,Country,5
1980-08-16,Folk,4
1980-08-16,HipHop,1
1980-08-16,Jazz,1
1980-08-16,Pop,12
1980-08-16,RnB,11
1980-08-16,Rock,54
1980-08-23,Country,5
1980-08-23,Folk,4
1980-08-23,HipHop,1
1980-08-23,Pop,11
1980-08-23,RnB,13
1980-08-23,Rock,55
1980-08-30,Country,5
1980-08-30,Folk,4
1980-08-30,Pop,11
1980-08-30,RnB,15
1980-08-30,Rock,54
1980-09-06,Country,6
1980-09-06,Folk,4
1980-09-06,HipHop,1
1980-09-06,Pop,10
1980-09-06,RnB,15
1980-09-06,Rock,53
1980-09-13,Country,5
1980-09-13,Folk,3
1980-09-13,HipHop,1
1980-09-13,Pop,11
1980-09-13,RnB,15
1980-09-13,Rock,52
1980-09-20,Country,4
1980-09-20,Folk,4
1980-09-20,HipHop,1
1980-09-20,Pop,9
1980-09-20,RnB,18
1980-09-20,Rock,50
1980-09-27,Country,5
1980-09-27,Folk,4
1980-09-27,HipHop,1
1980-09-27,Pop,10
1980-09-27,RnB,18
1980-09-27,Rock,46
1980-10-04,Country,5
1980-10-04,Folk,3
1980-10-04,HipHop,1
1980-10-04,Pop,10
1980-10-04,RnB,19
1980-10-04,Rock,45
1980-10-11,Country,5
1980-10-11,Folk,3
1980-10-11,HipHop,1
1980-10-11,Pop,10
1980-10-11,RnB,17
1980-10-11,Rock,47
1980-10-18,Country,6
1980-10-18,Folk,3
1980-10-18,Pop,10
1980-10-18,RnB,17
1980-10-18,Rock,47
1980-10-25,Country,6
1980-10-25,Folk,3
1980-10-25,Pop,11
1980-10-25,RnB,16
1980-10-25,Rock,49
1980-11-01,Country,6
1980-11-01,Folk,4
1980-11-01,Pop,11
1980-11-01,RnB,15
1980-11-01,Rock,47
1980-11-08,Country,7
1980-11-08,Folk,4
1980-11-08,Pop,10
1980-11-08,RnB,14
1980-11-08,Rock,48
1980-11-15,Country,7
1980-11-15,Folk,4
1980-11-15,Pop,9
1980-11-15,RnB,15
1980-11-15,Rock,47
1980-11-22,Country,7
1980-11-22,Folk,4
1980-11-22,Pop,12
1980-11-22,RnB,12
1980-11-22,Rock,50
1980-11-29,Country,9
1980-11-29,Electronic,1
1980-11-29,Folk,3
1980-11-29,Jazz,1
1980-11-29,Pop,12
1980-11-29,RnB,12
1980-11-29,Rock,47
1980-12-06,Country,8
1980-12-06,Electronic,1
1980-12-06,Folk,3
1980-12-06,Jazz,1
1980-12-06,Pop,11
1980-12-06,RnB,12
1980-12-06,Rock,49
1980-12-13,Country,7
1980-12-13,Electronic,1
1980-12-13,Folk,3
1980-12-13,Jazz,1
1980-12-13,Pop,11
1980-12-13,RnB,12
1980-12-13,Rock,46
1980-12-20,Country,6
1980-12-20,Electronic,1
1980-12-20,Folk,2
1980-12-20,Jazz,1
1980-12-20,Pop,11
1980-12-20,RnB,13
1980-12-20,Rock,48
1980-12-27,Country,6
1980-12-27,Electronic,1
1980-12-27,Folk,2
1980-12-27,Jazz,1
1980-12-27,Pop,11
1980-12-27,RnB,14
1980-12-27,Rock,44
1981-01-03,Country,6
1981-01-03,Electronic,1
1981-01-03,Folk,2
1981-01-03,Jazz,1
1981-01-03,Pop,11
1981-01-03,RnB,14
1981-01-03,Rock,44
1981-01-10,Country,6
1981-01-10,Electronic,1
1981-01-10,Folk,1
1981-01-10,Jazz,1
1981-01-10,Pop,11
1981-01-10,RnB,14
1981-01-10,Rock,44
1981-01-17,Country,7
1981-01-17,Folk,1
1981-01-17,Jazz,1
1981-01-17,Pop,11
1981-01-17,RnB,15
1981-01-17,Rock,45
1981-01-24,Country,7
1981-01-24,Folk,2
1981-01-24,Latin,1
1981-01-24,Pop,9
1981-01-24,RnB,14
1981-01-24,Rock,52
1981-01-31,Country,7
1981-01-31,Folk,2
1981-01-31,HipHop,1
1981-01-31,Latin,1
1981-01-31,Pop,9
1981-01-31,RnB,13
1981-01-31,Rock,51
1981-02-07,Country,7
1981-02-07,Folk,1
1981-02-07,HipHop,2
1981-02-07,Jazz,1
1981-02-07,Latin,1
1981-02-07,Pop,9
1981-02-07,RnB,15
1981-02-07,Rock,51
1981-02-14,Country,6
1981-02-14,Folk,1
1981-02-14,HipHop,2
1981-02-14,Jazz,1
1981-02-14,Latin,1
1981-02-14,Pop,10
1981-02-14,RnB,17
1981-02-14,Rock,50
1981-02-21,Country,7
1981-02-21,Folk,1
1981-02-21,HipHop,2
1981-02-21,Jazz,1
1981-02-21,Pop,9
1981-02-21,RnB,16
1981-02-21,Rock,49
1981-02-28,Country,7
1981-02-28,Folk,1
1981-02-28,HipHop,2
1981-02-28,Jazz,1
1981-02-28,Pop,10
1981-02-28,RnB,13
1981-02-28,Rock,52
1981-03-07,Country,7
1981-03-07,Folk,1
1981-03-07,HipHop,2
1981-03-07,Jazz,1
1981-03-07,Pop,8
1981-03-07,RnB,13
1981-03-07,Rock,50
1981-03-14,Country,8
1981-03-14,Folk,2
1981-03-14,HipHop,1
1981-03-14,Pop,9
1981-03-14,RnB,12
1981-03-14,Rock,50
1981-03-21,Country,8
1981-03-21,Folk,2
1981-03-21,HipHop,1
1981-03-21,Pop,8
1981-03-21,RnB,13
1981-03-21,Rock,51
1981-03-28,Country,8
1981-03-28,Folk,2
1981-03-28,Gospel,1
1981-03-28,HipHop,1
1981-03-28,Pop,10
1981-03-28,RnB,10
1981-03-28,Rock,48
1981-04-04,Country,9
1981-04-04,Folk,2
1981-04-04,Gospel,1
1981-04-04,HipHop,1
1981-04-04,Pop,12
1981-04-04,RnB,10
1981-04-04,Rock,47
1981-04-11,Country,9
1981-04-11,Folk,3
1981-04-11,Gospel,1
1981-04-11,Jazz,1
1981-04-11,Pop,12
1981-04-11,RnB,11
1981-04-11,Rock,45
1981-04-18,Country,9
1981-04-18,Folk,3
1981-04-18,Gospel,1
1981-04-18,Jazz,1
1981-04-18,Pop,13
1981-04-18,RnB,13
1981-04-18,Rock,41
1981-04-25,Country,10
1981-04-25,Folk,3
1981-04-25,Gospel,1
1981-04-25,Jazz,2
1981-04-25,Pop,11
1981-04-25,RnB,11
1981-04-25,Rock,40
1981-05-02,Country,10
1981-05-02,Folk,3
1981-05-02,Gospel,1
1981-05-02,Jazz,3
1981-05-02,Pop,10
1981-05-02,RnB,12
1981-05-02,Rock,38
1981-05-09,Country,10
1981-05-09,Folk,3
1981-05-09,Gospel,1
1981-05-09,Jazz,3
1981-05-09,Pop,12
1981-05-09,RnB,13
1981-05-09,Rock,37
1981-05-16,Country,10
1981-05-16,Folk,3
1981-05-16,Gospel,1
1981-05-16,Jazz,3
1981-05-16,Pop,12
1981-05-16,RnB,16
1981-05-16,Rock,38
1981-05-23,Country,9
1981-05-23,Folk,3
1981-05-23,Gospel,1
1981-05-23,Jazz,4
1981-05-23,Pop,11
1981-05-23,RnB,16
1981-05-23,Rock,40
1981-05-30,Country,9
1981-05-30,Folk,2
1981-05-30,Gospel,1
1981-05-30,Jazz,4
1981-05-30,Pop,12
1981-05-30,RnB,15
1981-05-30,Rock,39
1981-06-06,Country,9
1981-06-06,Folk,2
1981-06-06,Gospel,1
1981-06-06,Jazz,4
1981-06-06,Pop,13
1981-06-06,RnB,13
1981-06-06,Rock,43
1981-06-13,Country,9
1981-06-13,Folk,4
1981-06-13,Gospel,1
1981-06-13,Jazz,4
1981-06-13,Pop,12
1981-06-13,RnB,12
1981-06-13,Rock,42
1981-06-20,Country,8
1981-06-20,Folk,3
1981-06-20,Gospel,1
1981-06-20,Jazz,4
1981-06-20,Pop,10
1981-06-20,RnB,13
1981-06-20,Rock,44
1981-06-27,Country,9
1981-06-27,Folk,3
1981-06-27,Gospel,1
1981-06-27,HipHop,1
1981-06-27,Jazz,4
1981-06-27,Pop,10
1981-06-27,RnB,15
1981-06-27,Rock,41
1981-07-04,Country,9
1981-07-04,Folk,3
1981-07-04,Gospel,1
1981-07-04,HipHop,1
1981-07-04,Jazz,4
1981-07-04,Pop,9
1981-07-04,RnB,13
1981-07-04,Rock,43
1981-07-11,Country,11
1981-07-11,Folk,4
1981-07-11,Gospel,1
1981-07-11,HipHop,1
1981-07-11,Jazz,4
1981-07-11,Pop,8
1981-07-11,RnB,13
1981-07-11,Rock,42
1981-07-18,Country,10
1981-07-18,Folk,2
1981-07-18,Gospel,1
1981-07-18,HipHop,1
1981-07-18,Jazz,5
1981-07-18,Pop,8
1981-07-18,RnB,12
1981-07-18,Rock,41
1981-07-25,Country,9
1981-07-25,Folk,2
1981-07-25,Gospel,1
1981-07-25,HipHop,1
1981-07-25,Jazz,5
1981-07-25,Pop,10
1981-07-25,RnB,11
1981-07-25,Rock,43
1981-08-01,Country,9
1981-08-01,Folk,2
1981-08-01,Gospel,1
1981-08-01,HipHop,1
1981-08-01,Jazz,6
1981-08-01,Pop,12
1981-08-01,RnB,10
1981-08-01,Rock,44
1981-08-08,Country,9
1981-08-08,Folk,2
1981-08-08,Gospel,1
1981-08-08,HipHop,1
1981-08-08,Jazz,5
1981-08-08,Pop,11
1981-08-08,RnB,9
1981-08-08,Rock,45
1981-08-15,Country,8
1981-08-15,Folk,2
1981-08-15,Gospel,1
1981-08-15,HipHop,1
1981-08-15,Jazz,3
1981-08-15,Pop,12
1981-08-15,RnB,12
1981-08-15,Rock,44
1981-08-22,Country,8
1981-08-22,Folk,1
1981-08-22,Gospel,1
1981-08-22,HipHop,1
1981-08-22,Jazz,3
1981-08-22,Pop,11
1981-08-22,RnB,12
1981-08-22,Rock,47
1981-08-29,Country,8
1981-08-29,Folk,1
1981-08-29,Gospel,1
1981-08-29,HipHop,1
1981-08-29,Jazz,3
1981-08-29,Pop,11
1981-08-29,RnB,13
1981-08-29,Rock,47
1981-09-05,Country,9
1981-09-05,Folk,1
1981-09-05,Gospel,1
1981-09-05,HipHop,1
1981-09-05,Jazz,4
1981-09-05,Pop,11
1981-09-05,RnB,13
1981-09-05,Rock,46
1981-09-12,Country,7
1981-09-12,Folk,1
1981-09-12,Gospel,1
1981-09-12,HipHop,2
1981-09-12,Jazz,5
1981-09-12,Pop,8
1981-09-12,RnB,12
1981-09-12,Rock,49
1981-09-19,Country,8
1981-09-19,Folk,1
1981-09-19,Gospel,1
1981-09-19,HipHop,2
1981-09-19,Jazz,4
1981-09-19,Pop,6
1981-09-19,RnB,12
1981-09-19,Rock,49
1981-09-26,Country,9
1981-09-26,Folk,1
1981-09-26,Gospel,1
1981-09-26,HipHop,2
1981-09-26,Jazz,3
1981-09-26,Pop,7
1981-09-26,RnB,14
1981-09-26,Rock,50
1981-10-03,Country,8
1981-10-03,Folk,2
1981-10-03,Gospel,1
1981-10-03,Jazz,3
1981-10-03,Pop,8
1981-10-03,RnB,15
1981-10-03,Rock,49
1981-10-10,Country,8
1981-10-10,Folk,2
1981-10-10,Gospel,1
1981-10-10,Jazz,2
1981-10-10,Pop,8
1981-10-10,RnB,15
1981-10-10,Rock,49
1981-10-17,Country,7
1981-10-17,Folk,2
1981-10-17,Jazz,1
1981-10-17,Pop,7
1981-10-17,RnB,14
1981-10-17,Rock,53
1981-10-24,Country,8
1981-10-24,Folk,2
1981-10-24,Jazz,1
1981-10-24,Pop,7
1981-10-24,RnB,12
1981-10-24,Rock,55
1981-10-31,Classical,1
1981-10-31,Country,7
1981-10-31,Folk,3
1981-10-31,Jazz,1
1981-10-31,Pop,8
1981-10-31,RnB,12
1981-10-31,Rock,54
1981-11-07,Classical,1
1981-11-07,Country,7
1981-11-07,Folk,3
1981-11-07,Jazz,1
1981-11-07,Pop,10
1981-11-07,RnB,12
1981-11-07,Rock,53
1981-11-14,Classical,1
1981-11-14,Country,7
1981-11-14,Folk,3
1981-11-14,Pop,10
1981-11-14,RnB,12
1981-11-14,Rock,55
1981-11-21,Classical,1
1981-11-21,Country,8
1981-11-21,Folk,2
1981-11-21,Pop,12
1981-11-21,RnB,11
1981-11-21,Rock,53
1981-11-28,Classical,1
1981-11-28,Country,8
1981-11-28,Folk,2
1981-11-28,Pop,12
1981-11-28,RnB,11
1981-11-28,Rock,53
1981-12-05,Classical,1
1981-12-05,Country,8
1981-12-05,Folk,2
1981-12-05,Pop,10
1981-12-05,RnB,12
1981-12-05,Rock,55
1981-12-12,Classical,1
1981-12-12,Country,7
1981-12-12,Folk,2
1981-12-12,Pop,10
1981-12-12,RnB,11
1981-12-12,Rock,56
1981-12-19,Classical,1
1981-12-19,Country,6
1981-12-19,Folk,1
1981-12-19,Pop,10
1981-12-19,RnB,12
1981-12-19,Rock,57
1981-12-26,Classical,1
1981-12-26,Country,6
1981-12-26,Electronic,1
1981-12-26,Folk,1
1981-12-26,Pop,8
1981-12-26,RnB,11
1981-12-26,Rock,59
1982-01-02,Classical,1
1982-01-02,Country,6
1982-01-02,Electronic,1
1982-01-02,Folk,1
1982-01-02,Pop,8
1982-01-02,RnB,11
1982-01-02,Rock,59
1982-01-09,Classical,1
1982-01-09,Country,6
1982-01-09,Electronic,1
1982-01-09,Folk,1
1982-01-09,Pop,10
1982-01-09,RnB,12
1982-01-09,Rock,56
1982-01-16,Classical,1
1982-01-16,Country,5
1982-01-16,Electronic,1
1982-01-16,Folk,1
1982-01-16,Gospel,1
1982-01-16,Pop,9
1982-01-16,RnB,13
1982-01-16,Rock,57
1982-01-23,Classical,1
1982-01-23,Country,4
1982-01-23,Electronic,1
1982-01-23,Folk,1
1982-01-23,Gospel,1
1982-01-23,Pop,11
1982-01-23,RnB,11
1982-01-23,Rock,55
1982-01-30,Classical,1
1982-01-30,Country,5
1982-01-30,Folk,1
1982-01-30,Gospel,1
1982-01-30,Pop,12
1982-01-30,RnB,12
1982-01-30,Rock,53
1982-02-06,Classical,1
1982-02-06,Country,5
1982-02-06,Gospel,1
1982-02-06,Pop,11
1982-02-06,RnB,14
1982-02-06,Rock,54
1982-02-13,Blues,1
1982-02-13,Classical,1
1982-02-13,Country,5
1982-02-13,Gospel,1
1982-02-13,HipHop,1
1982-02-13,Pop,14
1982-02-13,RnB,13
1982-02-13,Rock,49
1982-02-20,Blues,1
1982-02-20,Classical,1
1982-02-20,Country,4
1982-02-20,Gospel,1
1982-02-20,HipHop,1
1982-02-20,Jazz,1
1982-02-20,Pop,13
1982-02-20,RnB,14
1982-02-20,Rock,48
1982-02-27,Blues,1
1982-02-27,Classical,1
1982-02-27,Country,3
1982-02-27,Gospel,1
1982-02-27,HipHop,1
1982-02-27,Jazz,2
1982-02-27,Pop,13
1982-02-27,RnB,14
1982-02-27,Rock,48
1982-03-06,Blues,1
1982-03-06,Classical,1
1982-03-06,Country,4
1982-03-06,Folk,1
1982-03-06,Gospel,1
1982-03-06,HipHop,1
1982-03-06,Jazz,2
1982-03-06,Pop,14
1982-03-06,RnB,14
1982-03-06,Rock,48
1982-03-13,Blues,1
1982-03-13,Classical,1
1982-03-13,Country,4
1982-03-13,Folk,1
1982-03-13,Gospel,1
1982-03-13,HipHop,1
1982-03-13,Jazz,2
1982-03-13,Pop,14
1982-03-13,RnB,13
1982-03-13,Rock,50
1982-03-20,Blues,1
1982-03-20,Country,4
1982-03-20,Folk,1
1982-03-20,Gospel,1
1982-03-20,HipHop,1
1982-03-20,Jazz,2
1982-03-20,Pop,14
1982-03-20,RnB,13
1982-03-20,Rock,48
1982-03-27,Blues,1
1982-03-27,Country,3
1982-03-27,Folk,2
1982-03-27,Gospel,1
1982-03-27,HipHop,1
1982-03-27,Jazz,2
1982-03-27,Pop,15
1982-03-27,RnB,11
1982-03-27,Rock,48
1982-04-03,Blues,1
1982-04-03,Country,3
1982-04-03,Folk,3
1982-04-03,Gospel,1
1982-04-03,HipHop,1
1982-04-03,Jazz,2
1982-04-03,Pop,15
1982-04-03,RnB,10
1982-04-03,Rock,49
1982-04-10,Blues,1
1982-04-10,Country,3
1982-04-10,Folk,3
1982-04-10,Gospel,1
1982-04-10,HipHop,1
1982-04-10,Jazz,2
1982-04-10,Pop,14
1982-04-10,RnB,10
1982-04-10,Rock,48
1982-04-17,Blues,1
1982-04-17,Country,3
1982-04-17,Folk,3
1982-04-17,Gospel,1
1982-04-17,HipHop,2
1982-04-17,Jazz,2
1982-04-17,Pop,15
1982-04-17,RnB,11
1982-04-17,Rock,47
1982-04-24,Blues,1
1982-04-24,Country,3
1982-04-24,Folk,3
1982-04-24,HipHop,2
1982-04-24,Pop,14
1982-04-24,RnB,11
1982-04-24,Rock,48
1982-05-01,Blues,1
1982-05-01,Country,4
1982-05-01,Folk,3
1982-05-01,HipHop,1
1982-05-01,Pop,13
1982-05-01,RnB,12
1982-05-01,Rock,51
1982-05-08,Blues,1
1982-05-08,Country,5
1982-05-08,Folk,3
1982-05-08,HipHop,1
1982-05-08,Pop,12
1982-05-08,RnB,12
1982-05-08,Rock,51
1982-05-15,Country,6
1982-05-15,Folk,3
1982-05-15,Pop,12
1982-05-15,RnB,11
1982-05-15,Rock,54
1982-05-22,Country,6
1982-05-22,Folk,3
1982-05-22,Pop,12
1982-05-22,RnB,11
1982-05-22,Rock,58
1982-05-29,Country,5
1982-05-29,Folk,2
1982-05-29,Jazz,1
1982-05-29,Pop,11
1982-05-29,RnB,15
1982-05-29,Rock,54
1982-06-05,Country,5
1982-06-05,Folk,1
1982-06-05,Jazz,2
1982-06-05,Pop,11
1982-06-05,RnB,17
1982-06-05,Rock,52
1982-06-12,Country,5
1982-06-12,Gospel,1
1982-06-12,Jazz,2
1982-06-12,Pop,10
1982-06-12,RnB,17
1982-06-12,Rock,54
1982-06-19,Country,5
1982-06-19,Gospel,1
1982-06-19,Jazz,3
1982-06-19,Pop,10
1982-06-19,RnB,15
1982-06-19,Rock,55
1982-06-26,Country,5
1982-06-26,Gospel,1
1982-06-26,Jazz,4
1982-06-26,Pop,10
1982-06-26,RnB,14
1982-06-26,Rock,53
1982-07-03,Country,6
1982-07-03,Gospel,1
1982-07-03,Jazz,3
1982-07-03,Pop,10
1982-07-03,RnB,12
1982-07-03,Rock,53
1982-07-10,Country,4
1982-07-10,Jazz,3
1982-07-10,Pop,15
1982-07-10,RnB,12
1982-07-10,Rock,56
1982-07-17,Country,4
1982-07-17,HipHop,2
1982-07-17,Jazz,4
1982-07-17,Pop,13
1982-07-17,RnB,12
1982-07-17,Rock,57
1982-07-24,Country,5
1982-07-24,HipHop,2
1982-07-24,Jazz,3
1982-07-24,Pop,13
1982-07-24,RnB,13
1982-07-24,Rock,55
1982-07-31,Country,6
1982-07-31,Folk,2
1982-07-31,HipHop,2
1982-07-31,Jazz,3
1982-07-31,Pop,13
1982-07-31,RnB,11
1982-07-31,Rock,55
1982-08-07,Country,7
1982-08-07,Folk,2
1982-08-07,HipHop,2
1982-08-07,Jazz,3
1982-08-07,Pop,11
1982-08-07,RnB,10
1982-08-07,Rock,56
1982-08-14,Country,7
1982-08-14,Folk,2
1982-08-14,HipHop,2
1982-08-14,Jazz,4
1982-08-14,Pop,11
1982-08-14,RnB,9
1982-08-14,Rock,55
1982-08-21,Country,8
1982-08-21,Folk,2
1982-08-21,HipHop,2
1982-08-21,Jazz,4
1982-08-21,Pop,13
1982-08-21,RnB,9
1982-08-21,Rock,52
1982-08-28,Country,9
1982-08-28,Folk,2
1982-08-28,HipHop,2
1982-08-28,Jazz,3
1982-08-28,Pop,13
1982-08-28,RnB,10
1982-08-28,Rock,47
1982-09-04,Country,8
1982-09-04,Folk,1
1982-09-04,HipHop,2
1982-09-04,Jazz,2
1982-09-04,Pop,14
1982-09-04,RnB,9
1982-09-04,Rock,51
1982-09-11,Country,8
1982-09-11,Folk,1
1982-09-11,HipHop,2
1982-09-11,Jazz,2
1982-09-11,Pop,16
1982-09-11,RnB,8
1982-09-11,Rock,52
1982-09-18,Country,8
1982-09-18,Folk,1
1982-09-18,HipHop,2
1982-09-18,Jazz,2
1982-09-18,Pop,14
1982-09-18,RnB,6
1982-09-18,Rock,57
1982-09-25,Country,6
1982-09-25,Folk,1
1982-09-25,HipHop,2
1982-09-25,Jazz,2
1982-09-25,Pop,13
1982-09-25,RnB,8
1982-09-25,Rock,57
1982-10-02,Country,6
1982-10-02,Folk,1
1982-10-02,Jazz,2
1982-10-02,Pop,15
1982-10-02,RnB,7
1982-10-02,Rock,59
1982-10-09,Country,6
1982-10-09,Folk,1
1982-10-09,Jazz,1
1982-10-09,Pop,15
1982-10-09,RnB,6
1982-10-09,Rock,61
1982-10-16,Country,7
1982-10-16,Folk,1
1982-10-16,HipHop,1
1982-10-16,Jazz,1
1982-10-16,Pop,16
1982-10-16,RnB,7
1982-10-16,Rock,53
1982-10-23,Country,7
1982-10-23,Folk,1
1982-10-23,HipHop,1
1982-10-23,Jazz,1
1982-10-23,Pop,15
1982-10-23,RnB,7
1982-10-23,Rock,54
1982-10-30,Country,5
1982-10-30,Folk,1
1982-10-30,HipHop,1
1982-10-30,Jazz,1
1982-10-30,Pop,18
1982-10-30,RnB,10
1982-10-30,Rock,52
1982-11-06,Country,4
1982-11-06,Folk,1
1982-11-06,HipHop,1
1982-11-06,Jazz,1
1982-11-06,Pop,19
1982-11-06,RnB,11
1982-11-06,Rock,51
1982-11-13,Country,4
1982-11-13,Folk,1
1982-11-13,HipHop,1
1982-11-13,Jazz,1
1982-11-13,Pop,21
1982-11-13,RnB,7
1982-11-13,Rock,53
1982-11-20,Country,4
1982-11-20,Folk,2
1982-11-20,HipHop,1
1982-11-20,Pop,22
1982-11-20,RnB,7
1982-11-20,Rock,52
1982-11-27,Country,5
1982-11-27,Folk,2
1982-11-27,HipHop,1
1982-11-27,Jazz,1
1982-11-27,Pop,21
1982-11-27,RnB,6
1982-11-27,Rock,53
1982-12-04,Country,5
1982-12-04,Folk,2
1982-12-04,Jazz,2
1982-12-04,Pop,21
1982-12-04,RnB,8
1982-12-04,Rock,50
1982-12-11,Country,5
1982-12-11,Folk,1
1982-12-11,Jazz,2
1982-12-11,Pop,21
1982-12-11,Reggae,1
1982-12-11,RnB,9
1982-12-11,Rock,48
1982-12-18,Country,4
1982-12-18,Folk,1
1982-12-18,Jazz,2
1982-12-18,Pop,19
1982-12-18,Reggae,1
1982-12-18,RnB,11
1982-12-18,Rock,49
1982-12-25,Country,3
1982-12-25,Folk,1
1982-12-25,Jazz,2
1982-12-25,Pop,18
1982-12-25,Reggae,1
1982-12-25,RnB,12
1982-12-25,Rock,50
1983-01-01,Country,3
1983-01-01,Folk,1
1983-01-01,Jazz,2
1983-01-01,Pop,18
1983-01-01,Reggae,1
1983-01-01,RnB,12
1983-01-01,Rock,50
1983-01-08,Country,3
1983-01-08,Folk,1
1983-01-08,Jazz,2
1983-01-08,Pop,17
1983-01-08,Reggae,1
1983-01-08,RnB,13
1983-01-08,Rock,51
1983-01-15,Country,2
1983-01-15,Folk,1
1983-01-15,Jazz,2
1983-01-15,Pop,20
1983-01-15,Reggae,1
1983-01-15,RnB,12
1983-01-15,Rock,49
1983-01-22,Country,2
1983-01-22,Pop,21
1983-01-22,Reggae,1
1983-01-22,RnB,13
1983-01-22,Rock,49
1983-01-29,Country,3
1983-01-29,Pop,21
1983-01-29,Reggae,1
1983-01-29,RnB,11
1983-01-29,Rock,51
1983-02-05,Country,3
1983-02-05,Pop,22
1983-02-05,Reggae,1
1983-02-05,RnB,10
1983-02-05,Rock,50
1983-02-12,Country,3
1983-02-12,Pop,22
1983-02-12,Reggae,1
1983-02-12,RnB,8
1983-02-12,Rock,52
1983-02-19,Country,3
1983-02-19,Pop,22
1983-02-19,Reggae,1
1983-02-19,RnB,8
1983-02-19,Rock,53
1983-02-26,Country,3
1983-02-26,Pop,23
1983-02-26,Reggae,1
1983-02-26,RnB,7
1983-02-26,Rock,53
1983-03-05,Country,4
1983-03-05,Pop,22
1983-03-05,Reggae,1
1983-03-05,RnB,8
1983-03-05,Rock,51
1983-03-12,Country,4
1983-03-12,Pop,22
1983-03-12,Reggae,1
1983-03-12,RnB,8
1983-03-12,Rock,51
1983-03-19,Country,3
1983-03-19,Gospel,1
1983-03-19,Pop,20
1983-03-19,Reggae,1
1983-03-19,RnB,9
1983-03-19,Rock,51
1983-03-26,Country,4
1983-03-26,Gospel,1
1983-03-26,Pop,19
1983-03-26,Reggae,1
1983-03-26,RnB,9
1983-03-26,Rock,51
1983-04-02,Country,4
1983-04-02,Gospel,1
1983-04-02,Pop,21
1983-04-02,Reggae,1
1983-04-02,RnB,10
1983-04-02,Rock,50
1983-04-09,Country,4
1983-04-09,Gospel,1
1983-04-09,Pop,21
1983-04-09,Reggae,1
1983-04-09,RnB,9
1983-04-09,Rock,52
1983-04-16,Country,4
1983-04-16,Gospel,1
1983-04-16,Jazz,1
1983-04-16,Pop,23
1983-04-16,RnB,10
1983-04-16,Rock,49
1983-04-23,Country,5
1983-04-23,Jazz,1
1983-04-23,Pop,22
1983-04-23,RnB,10
1983-04-23,Rock,48
1983-04-30,Blues,1
1983-04-30,Country,5
1983-04-30,Jazz,1
1983-04-30,Pop,22
1983-04-30,RnB,10
1983-04-30,Rock,46
1983-05-07,Blues,1
1983-05-07,Country,5
1983-05-07,Jazz,1
1983-05-07,Pop,23
1983-05-07,Reggae,1
1983-05-07,RnB,8
1983-05-07,Rock,49
1983-05-14,Blues,1
1983-05-14,Country,5
1983-05-14,Jazz,1
1983-05-14,Pop,23
1983-05-14,Reggae,1
1983-05-14,RnB,9
1983-05-14,Rock,48
1983-05-21,Blues,1
1983-05-21,Country,5
1983-05-21,Jazz,1
1983-05-21,Pop,23
1983-05-21,Reggae,1
1983-05-21,RnB,11
1983-05-21,Rock,47
1983-05-28,Blues,1
1983-05-28,Country,5
1983-05-28,Folk,1
1983-05-28,Jazz,1
1983-05-28,Pop,24
1983-05-28,Reggae,1
1983-05-28,RnB,11
1983-05-28,Rock,45
1983-06-04,Blues,1
1983-06-04,Country,3
1983-06-04,Folk,1
1983-06-04,Jazz,1
1983-06-04,Pop,23
1983-06-04,Reggae,1
1983-06-04,RnB,11
1983-06-04,Rock,46
1983-06-11,Blues,1
1983-06-11,Country,3
1983-06-11,Folk,1
1983-06-11,Jazz,1
1983-06-11,Pop,22
1983-06-11,Reggae,1
1983-06-11,RnB,10
1983-06-11,Rock,49
1983-06-18,Blues,1
1983-06-18,Country,2
1983-06-18,Folk,1
1983-06-18,Jazz,1
1983-06-18,Pop,22
1983-06-18,Reggae,1
1983-06-18,RnB,11
1983-06-18,Rock,48
1983-06-25,Blues,1
1983-06-25,Country,2
1983-06-25,Electronic,1
1983-06-25,Folk,1
1983-06-25,Jazz,2
1983-06-25,Pop,23
1983-06-25,Reggae,1
1983-06-25,RnB,11
1983-06-25,Rock,47
1983-07-02,Blues,1
1983-07-02,Country,2
1983-07-02,Electronic,1
1983-07-02,Folk,1
1983-07-02,Jazz,2
1983-07-02,Pop,24
1983-07-02,Reggae,1
1983-07-02,RnB,12
1983-07-02,Rock,44
1983-07-09,Blues,1
1983-07-09,Country,2
1983-07-09,Electronic,1
1983-07-09,Folk,1
1983-07-09,Jazz,2
1983-07-09,Pop,23
1983-07-09,Reggae,2
1983-07-09,RnB,11
1983-07-09,Rock,46
1983-07-16,Blues,1
1983-07-16,Electronic,1
1983-07-16,Folk,1
1983-07-16,Jazz,2
1983-07-16,Pop,24
1983-07-16,Reggae,2
1983-07-16,RnB,13
1983-07-16,Rock,47
1983-07-23,Blues,1
1983-07-23,Electronic,1
1983-07-23,Folk,1
1983-07-23,Jazz,2
1983-07-23,Pop,24
1983-07-23,Reggae,2
1983-07-23,RnB,13
1983-07-23,Rock,47
1983-07-30,Electronic,1
1983-07-30,Folk,1
1983-07-30,Jazz,2
1983-07-30,Pop,25
1983-07-30,Reggae,2
1983-07-30,RnB,15
1983-07-30,Rock,48
1983-08-06,Electronic,1
1983-08-06,Folk,1
1983-08-06,Jazz,2
1983-08-06,Pop,27
1983-08-06,Reggae,1
1983-08-06,RnB,15
1983-08-06,Rock,48
1983-08-13,Country,2
1983-08-13,Electronic,1
1983-08-13,Folk,1
1983-08-13,Jazz,3
1983-08-13,Pop,26
1983-08-13,Reggae,1
1983-08-13,RnB,15
1983-08-13,Rock,47
1983-08-20,Country,3
1983-08-20,Electronic,2
1983-08-20,Folk,1
1983-08-20,Jazz,4
1983-08-20,Pop,23
1983-08-20,Reggae,2
1983-08-20,RnB,14
1983-08-20,Rock,46
1983-08-27,Blues,1
1983-08-27,Country,4
1983-08-27,Electronic,2
1983-08-27,Folk,1
1983-08-27,Jazz,4
1983-08-27,Pop,24
1983-08-27,Reggae,2
1983-08-27,RnB,15
1983-08-27,Rock,43
1983-09-03,Blues,1
1983-09-03,Country,3
1983-09-03,Electronic,2
1983-09-03,Folk,1
1983-09-03,Jazz,4
1983-09-03,Pop,23
1983-09-03,Reggae,2
1983-09-03,RnB,14
1983-09-03,Rock,43
1983-09-10,Blues,1
1983-09-10,Country,5
1983-09-10,Electronic,2
1983-09-10,Folk,1
1983-09-10,Jazz,5
1983-09-10,Pop,22
1983-09-10,Reggae,2
1983-09-10,RnB,11
1983-09-10,Rock,43
1983-09-17,Blues,1
1983-09-17,Country,5
1983-09-17,Electronic,2
1983-09-17,Folk,1
1983-09-17,Jazz,4
1983-09-17,Pop,21
1983-09-17,Reggae,1
1983-09-17,RnB,12
1983-09-17,Rock,44
1983-09-24,Blues,1
1983-09-24,Country,5
1983-09-24,Electronic,1
1983-09-24,Folk,2
1983-09-24,Jazz,3
1983-09-24,Pop,22
1983-09-24,Reggae,1
1983-09-24,RnB,10
1983-09-24,Rock,44
1983-10-01,Country,4
1983-10-01,Electronic,1
1983-10-01,Folk,2
1983-10-01,Jazz,3
1983-10-01,Pop,22
1983-10-01,Reggae,1
1983-10-01,RnB,11
1983-10-01,Rock,47
1983-10-08,Country,4
1983-10-08,Electronic,1
1983-10-08,Folk,2
1983-10-08,Jazz,2
1983-10-08,Pop,23
1983-10-08,Reggae,1
1983-10-08,RnB,12
1983-10-08,Rock,44
1983-10-15,Country,2
1983-10-15,Electronic,1
1983-10-15,Folk,2
1983-10-15,Jazz,2
1983-10-15,Pop,20
1983-10-15,Reggae,1
1983-10-15,RnB,14
1983-10-15,Rock,45
1983-10-22,Country,2
1983-10-22,Electronic,1
1983-10-22,Folk,1
1983-10-22,Jazz,2
1983-10-22,Pop,22
1983-10-22,Reggae,1
1983-10-22,RnB,13
1983-10-22,Rock,45
1983-10-29,Country,1
1983-10-29,Electronic,1
1983-10-29,Folk,1
1983-10-29,Jazz,2
1983-10-29,Pop,23
1983-10-29,Reggae,1
1983-10-29,RnB,12
1983-10-29,Rock,46
1983-11-05,Country,2
1983-11-05,Electronic,1
1983-11-05,Folk,2
1983-11-05,Jazz,2
1983-11-05,Pop,23
1983-11-05,Reggae,1
1983-11-05,RnB,13
1983-11-05,Rock,44
1983-11-12,Country,2
1983-11-12,Electronic,1
1983-11-12,Folk,2
1983-11-12,Jazz,1
1983-11-12,Pop,24
1983-11-12,RnB,13
1983-11-12,Rock,45
1983-11-19,Country,2
1983-11-19,Folk,2
1983-11-19,Jazz,1
1983-11-19,Pop,23
1983-11-19,RnB,14
1983-11-19,Rock,45
1983-11-26,Country,1
1983-11-26,Folk,2
1983-11-26,Jazz,1
1983-11-26,Pop,24
1983-11-26,RnB,15
1983-11-26,Rock,43
1983-12-03,Country,1
1983-12-03,Folk,2
1983-12-03,Jazz,1
1983-12-03,Pop,24
1983-12-03,RnB,13
1983-12-03,Rock,42
1983-12-10,Country,3
1983-12-10,Folk,2
1983-12-10,Jazz,1
1983-12-10,Pop,23
1983-12-10,RnB,15
1983-12-10,Rock,39
1983-12-17,Country,3
1983-12-17,Folk,3
1983-12-17,HipHop,1
1983-12-17,Jazz,1
1983-12-17,Pop,21
1983-12-17,RnB,14
1983-12-17,Rock,39
1983-12-24,Country,3
1983-12-24,Electronic,1
1983-12-24,Folk,3
1983-12-24,HipHop,1
1983-12-24,Jazz,1
1983-12-24,Pop,18
1983-12-24,RnB,14
1983-12-24,Rock,41
1983-12-31,Country,3
1983-12-31,Electronic,1
1983-12-31,Folk,3
1983-12-31,HipHop,1
1983-12-31,Jazz,1
1983-12-31,Pop,18
1983-12-31,RnB,14
1983-12-31,Rock,41
1984-01-07,Country,3
1984-01-07,Electronic,1
1984-01-07,Folk,3
1984-01-07,HipHop,1
1984-01-07,Jazz,1
1984-01-07,Pop,16
1984-01-07,RnB,16
1984-01-07,Rock,40
1984-01-14,Country,3
1984-01-14,Electronic,1
1984-01-14,Folk,3
1984-01-14,HipHop,1
1984-01-14,Pop,17
1984-01-14,Reggae,1
1984-01-14,RnB,15
1984-01-14,Rock,40
1984-01-21,Country,3
1984-01-21,Electronic,1
1984-01-21,Folk,2
1984-01-21,HipHop,1
1984-01-21,Pop,17
1984-01-21,Reggae,1
1984-01-21,RnB,16
1984-01-21,Rock,40
1984-01-28,Country,3
1984-01-28,Electronic,2
1984-01-28,Folk,2
1984-01-28,HipHop,1
1984-01-28,Pop,17
1984-01-28,Reggae,2
1984-01-28,RnB,13
1984-01-28,Rock,40
1984-02-04,Country,3
1984-02-04,Electronic,2
1984-02-04,Folk,2
1984-02-04,HipHop,1
1984-02-04,Pop,20
1984-02-04,Reggae,2
1984-02-04,RnB,12
1984-02-04,Rock,38
1984-02-11,Country,3
1984-02-11,Electronic,2
1984-02-11,Folk,2
1984-02-11,Pop,21
1984-02-11,Reggae,2
1984-02-11,RnB,11
1984-02-11,Rock,39
1984-02-18,Country,3
1984-02-18,Electronic,2
1984-02-18,Folk,1
1984-02-18,Pop,21
1984-02-18,Reggae,2
1984-02-18,RnB,10
1984-02-18,Rock,38
1984-02-25,Country,3
1984-02-25,Electronic,2
1984-02-25,Folk,1
1984-02-25,Pop,20
1984-02-25,Reggae,2
1984-02-25,RnB,10
1984-02-25,Rock,39
1984-03-03,Country,2
1984-03-03,Electronic,2
1984-03-03,Folk,1
1984-03-03,Pop,20
1984-03-03,Reggae,2
1984-03-03,RnB,13
1984-03-03,Rock,40
1984-03-10,Country,2
1984-03-10,Electronic,1
1984-03-10,Folk,1
1984-03-10,Pop,21
1984-03-10,Reggae,2
1984-03-10,RnB,12
1984-03-10,Rock,43
1984-03-17,Country,2
1984-03-17,Electronic,1
1984-03-17,Pop,20
1984-03-17,Reggae,2
1984-03-17,RnB,13
1984-03-17,Rock,42
1984-03-24,Country,2
1984-03-24,Electronic,1
1984-03-24,Pop,21
1984-03-24,Reggae,2
1984-03-24,RnB,13
1984-03-24,Rock,42
1984-03-31,Country,1
1984-03-31,Electronic,1
1984-03-31,Pop,22
1984-03-31,Reggae,2
1984-03-31,RnB,12
1984-03-31,Rock,41
1984-04-07,Country,1
1984-04-07,Electronic,1
1984-04-07,Jazz,1
1984-04-07,Pop,24
1984-04-07,Reggae,1
1984-04-07,RnB,13
1984-04-07,Rock,41
1984-04-14,Country,1
1984-04-14,Electronic,1
1984-04-14,Jazz,1
1984-04-14,Pop,25
1984-04-14,Reggae,1
1984-04-14,RnB,14
1984-04-14,Rock,38
1984-04-21,Country,1
1984-04-21,Electronic,1
1984-04-21,Jazz,1
1984-04-21,Pop,28
1984-04-21,Reggae,1
1984-04-21,RnB,13
1984-04-21,Rock,38
1984-04-28,Country,2
1984-04-28,Electronic,1
1984-04-28,Jazz,1
1984-04-28,Pop,26
1984-04-28,Reggae,1
1984-04-28,RnB,12
1984-04-28,Rock,42
1984-05-05,Country,2
1984-05-05,Electronic,1
1984-05-05,Jazz,1
1984-05-05,Pop,22
1984-05-05,Reggae,1
1984-05-05,RnB,13
1984-05-05,Rock,44
1984-05-12,Country,1
1984-05-12,Electronic,1
1984-05-12,Jazz,1
1984-05-12,Pop,23
1984-05-12,RnB,13
1984-05-12,Rock,45
1984-05-19,Country,1
1984-05-19,Jazz,1
1984-05-19,Pop,22
1984-05-19,RnB,11
1984-05-19,Rock,50
1984-05-26,Country,1
1984-05-26,Jazz,1
1984-05-26,Pop,24
1984-05-26,RnB,11
1984-05-26,Rock,50
1984-06-02,Country,1
1984-06-02,HipHop,1
1984-06-02,Jazz,1
1984-06-02,Pop,24
1984-06-02,RnB,10
1984-06-02,Rock,52
1984-06-09,Country,1
1984-06-09,Electronic,1
1984-06-09,HipHop,1
1984-06-09,Jazz,1
1984-06-09,Pop,23
1984-06-09,RnB,10
1984-06-09,Rock,52
1984-06-16,Country,1
1984-06-16,Electronic,1
1984-06-16,HipHop,1
1984-06-16,Jazz,1
1984-06-16,Pop,23
1984-06-16,RnB,11
1984-06-16,Rock,53
1984-06-23,Country,1
1984-06-23,Electronic,1
1984-06-23,HipHop,1
1984-06-23,Jazz,1
1984-06-23,Pop,22
1984-06-23,RnB,9
1984-06-23,Rock,54
1984-06-30,Country,1
1984-06-30,Electronic,1
1984-06-30,HipHop,1
1984-06-30,Jazz,1
1984-06-30,Pop,24
1984-06-30,RnB,9
1984-06-30,Rock,53
1984-07-07,Country,1
1984-07-07,Electronic,2
1984-07-07,HipHop,1
1984-07-07,Jazz,1
1984-07-07,Pop,22
1984-07-07,RnB,8
1984-07-07,Rock,53
1984-07-14,Country,1
1984-07-14,Electronic,2
1984-07-14,HipHop,1
1984-07-14,Jazz,1
1984-07-14,Pop,21
1984-07-14,RnB,9
1984-07-14,Rock,52
1984-07-21,Country,1
1984-07-21,Electronic,2
1984-07-21,HipHop,1
1984-07-21,Jazz,1
1984-07-21,Pop,20
1984-07-21,RnB,8
1984-07-21,Rock,53
1984-07-28,Country,1
1984-07-28,Electronic,1
1984-07-28,HipHop,1
1984-07-28,Jazz,1
1984-07-28,Pop,22
1984-07-28,RnB,8
1984-07-28,Rock,51
1984-08-04,Country,2
1984-08-04,Electronic,1
1984-08-04,HipHop,1
1984-08-04,Jazz,1
1984-08-04,Pop,20
1984-08-04,RnB,8
1984-08-04,Rock,49
1984-08-11,Country,2
1984-08-11,Electronic,1
1984-08-11,Folk,1
1984-08-11,HipHop,1
1984-08-11,Jazz,1
1984-08-11,Pop,21
1984-08-11,RnB,9
1984-08-11,Rock,48
1984-08-18,Country,2
1984-08-18,Electronic,1
1984-08-18,Folk,1
1984-08-18,HipHop,1
1984-08-18,Jazz,1
1984-08-18,Pop,23
1984-08-18,RnB,9
1984-08-18,Rock,48
1984-08-25,Country,2
1984-08-25,Electronic,1
1984-08-25,Folk,1
1984-08-25,HipHop,1
1984-08-25,Jazz,1
1984-08-25,Pop,25
1984-08-25,RnB,9
1984-08-25,Rock,46
1984-09-01,Country,1
1984-09-01,Electronic,1
1984-09-01,Folk,1
1984-09-01,HipHop,1
1984-09-01,Jazz,1
1984-09-01,Pop,25
1984-09-01,RnB,9
1984-09-01,Rock,44
1984-09-08,Country,1
1984-09-08,Folk,1
1984-09-08,HipHop,1
1984-09-08,Jazz,1
1984-09-08,Pop,26
1984-09-08,RnB,9
1984-09-08,Rock,45
1984-09-15,Country,2
1984-09-15,Folk,1
1984-09-15,Jazz,1
1984-09-15,Pop,24
1984-09-15,RnB,10
1984-09-15,Rock,45
1984-09-22,Country,1
1984-09-22,Folk,1
1984-09-22,Jazz,1
1984-09-22,Pop,24
1984-09-22,RnB,11
1984-09-22,Rock,43
1984-09-29,Country,1
1984-09-29,Folk,2
1984-09-29,Jazz,1
1984-09-29,Pop,25
1984-09-29,RnB,13
1984-09-29,Rock,40
1984-10-06,Country,1
1984-10-06,Folk,2
1984-10-06,Pop,24
1984-10-06,RnB,13
1984-10-06,Rock,38
1984-10-13,Country,1
1984-10-13,Folk,2
1984-10-13,Pop,18
1984-10-13,RnB,14
1984-10-13,Rock,43
1984-10-20,Country,1
1984-10-20,Folk,2
1984-10-20,Pop,20
1984-10-20,RnB,11
1984-10-20,Rock,44
1984-10-27,Country,1
1984-10-27,Folk,1
1984-10-27,Pop,20
1984-10-27,RnB,11
1984-10-27,Rock,46
1984-11-03,Country,1
1984-11-03,Folk,1
1984-11-03,Pop,20
1984-11-03,RnB,9
1984-11-03,Rock,49
1984-11-10,Country,1
1984-11-10,Folk,2
1984-11-10,Pop,19
1984-11-10,RnB,7
1984-11-10,Rock,50
1984-11-17,Country,1
1984-11-17,Folk,1
1984-11-17,Pop,19
1984-11-17,RnB,9
1984-11-17,Rock,49
1984-11-24,Country,1
1984-11-24,Folk,1
1984-11-24,Pop,20
1984-11-24,RnB,9
1984-11-24,Rock,50
1984-12-01,Country,1
1984-12-01,Folk,1
1984-12-01,Pop,18
1984-12-01,RnB,11
1984-12-01,Rock,50
1984-12-08,Blues,1
1984-12-08,Country,1
1984-12-08,Pop,19
1984-12-08,RnB,11
1984-12-08,Rock,50
1984-12-15,Blues,1
1984-12-15,Country,1
1984-12-15,Pop,18
1984-12-15,RnB,13
1984-12-15,Rock,46
1984-12-22,Blues,1
1984-12-22,Country,2
1984-12-22,Pop,16
1984-12-22,RnB,14
1984-12-22,Rock,45
1984-12-29,Blues,1
1984-12-29,Country,2
1984-12-29,Pop,16
1984-12-29,RnB,14
1984-12-29,Rock,45
1985-01-05,Blues,1
1985-01-05,Country,2
1985-01-05,HipHop,1
1985-01-05,Pop,15
1985-01-05,RnB,14
1985-01-05,Rock,44
1985-01-12,Blues,1
1985-01-12,Country,2
1985-01-12,HipHop,1
1985-01-12,Jazz,1
1985-01-12,Pop,15
1985-01-12,RnB,15
1985-01-12,Rock,43
1985-01-19,Blues,1
1985-01-19,Country,1
1985-01-19,HipHop,1
1985-01-19,Jazz,1
1985-01-19,Pop,15
1985-01-19,RnB,15
1985-01-19,Rock,45
1985-01-26,Blues,1
1985-01-26,Country,1
1985-01-26,Jazz,1
1985-01-26,Pop,16
1985-01-26,RnB,15
1985-01-26,Rock,46
1985-02-02,Blues,1
1985-02-02,Country,1
1985-02-02,Jazz,2
1985-02-02,Pop,17
1985-02-02,RnB,15
1985-02-02,Rock,45
1985-02-09,Blues,1
1985-02-09,Country,1
1985-02-09,Folk,1
1985-02-09,Jazz,2
1985-02-09,Pop,16
1985-02-09,RnB,15
1985-02-09,Rock,44
1985-02-16,Blues,1
1985-02-16,Country,1
1985-02-16,Folk,1
1985-02-16,Jazz,2
1985-02-16,Pop,16
1985-02-16,RnB,17
1985-02-16,Rock,44
1985-02-23,Blues,1
1985-02-23,Country,1
1985-02-23,Folk,1
1985-02-23,Jazz,2
1985-02-23,Pop,16
1985-02-23,RnB,17
1985-02-23,Rock,46
1985-03-02,Blues,1
1985-03-02,Country,1
1985-03-02,Jazz,2
1985-03-02,Pop,17
1985-03-02,RnB,20
1985-03-02,Rock,43
1985-03-09,Blues,1
1985-03-09,Country,1
1985-03-09,HipHop,1
1985-03-09,Jazz,2
1985-03-09,Pop,17
1985-03-09,RnB,19
1985-03-09,Rock,43
1985-03-16,Blues,1
1985-03-16,Country,1
1985-03-16,HipHop,1
1985-03-16,Jazz,2
1985-03-16,Pop,16
1985-03-16,RnB,18
1985-03-16,Rock,45
1985-03-23,Blues,1
1985-03-23,Gospel,1
1985-03-23,HipHop,1
1985-03-23,Jazz,2
1985-03-23,Pop,19
1985-03-23,RnB,16
1985-03-23,Rock,47
1985-03-30,Gospel,1
1985-03-30,HipHop,1
1985-03-30,Jazz,2
1985-03-30,Pop,19
1985-03-30,RnB,17
1985-03-30,Rock,47
1985-04-06,Folk,1
1985-04-06,Gospel,1
1985-04-06,HipHop,1
1985-04-06,Jazz,2
1985-04-06,Pop,22
1985-04-06,RnB,14
1985-04-06,Rock,47
1985-04-13,Folk,1
1985-04-13,Gospel,1
1985-04-13,HipHop,1
1985-04-13,Jazz,2
1985-04-13,Pop,21
1985-04-13,RnB,13
1985-04-13,Rock,48
1985-04-20,Folk,1
1985-04-20,Gospel,1
1985-04-20,HipHop,1
1985-04-20,Jazz,2
1985-04-20,Pop,19
1985-04-20,RnB,12
1985-04-20,Rock,51
1985-04-27,Folk,1
1985-04-27,Gospel,1
1985-04-27,HipHop,1
1985-04-27,Jazz,2
1985-04-27,Pop,21
1985-04-27,RnB,13
1985-04-27,Rock,49
1985-05-04,Folk,1
1985-05-04,Gospel,1
1985-05-04,HipHop,1
1985-05-04,Jazz,2
1985-05-04,Pop,20
1985-05-04,RnB,15
1985-05-04,Rock,48
1985-05-11,Folk,1
1985-05-11,Gospel,1
1985-05-11,HipHop,1
1985-05-11,Jazz,1
1985-05-11,Pop,21
1985-05-11,RnB,16
1985-05-11,Rock,47
1985-05-18,Folk,1
1985-05-18,Gospel,2
1985-05-18,HipHop,1
1985-05-18,Pop,21
1985-05-18,RnB,15
1985-05-18,Rock,48
1985-05-25,Gospel,2
1985-05-25,Pop,23
1985-05-25,RnB,17
1985-05-25,Rock,47
1985-06-01,Gospel,2
1985-06-01,Jazz,1
1985-06-01,Pop,24
1985-06-01,RnB,17
1985-06-01,Rock,45
1985-06-08,Country,1
1985-06-08,Gospel,2
1985-06-08,Jazz,1
1985-06-08,Pop,24
1985-06-08,RnB,17
1985-06-08,Rock,46
1985-06-15,Country,1
1985-06-15,Gospel,2
1985-06-15,Jazz,1
1985-06-15,Pop,24
1985-06-15,RnB,19
1985-06-15,Rock,45
1985-06-22,Country,1
1985-06-22,Gospel,2
1985-06-22,Jazz,1
1985-06-22,Pop,24
1985-06-22,RnB,21
1985-06-22,Rock,43
1985-06-29,Gospel,2
1985-06-29,Jazz,1
1985-06-29,Pop,24
1985-06-29,RnB,21
1985-06-29,Rock,44
1985-07-06,Gospel,2
1985-07-06,Jazz,1
1985-07-06,Pop,23
1985-07-06,RnB,20
1985-07-06,Rock,45
1985-07-13,Gospel,2
1985-07-13,Jazz,1
1985-07-13,Pop,23
1985-07-13,RnB,18
1985-07-13,Rock,46
1985-07-20,Gospel,2
1985-07-20,Jazz,1
1985-07-20,Pop,26
1985-07-20,RnB,18
1985-07-20,Rock,42
1985-07-27,Gospel,1
1985-07-27,Jazz,1
1985-07-27,Pop,24
1985-07-27,Reggae,1
1985-07-27,RnB,16
1985-07-27,Rock,45
1985-08-03,Gospel,1
1985-08-03,Jazz,1
1985-08-03,Pop,26
1985-08-03,Reggae,1
1985-08-03,RnB,16
1985-08-03,Rock,44
1985-08-10,Gospel,1
1985-08-10,Jazz,1
1985-08-10,Pop,25
1985-08-10,Reggae,1
1985-08-10,RnB,13
1985-08-10,Rock,49
1985-08-17,Gospel,2
1985-08-17,Jazz,1
1985-08-17,Pop,23
1985-08-17,Reggae,1
1985-08-17,RnB,12
1985-08-17,Rock,50
1985-08-24,Gospel,2
1985-08-24,Jazz,1
1985-08-24,Pop,23
1985-08-24,Reggae,1
1985-08-24,RnB,14
1985-08-24,Rock,50
1985-08-31,Gospel,2
1985-08-31,Jazz,1
1985-08-31,Pop,22
1985-08-31,Reggae,1
1985-08-31,RnB,15
1985-08-31,Rock,47
1985-09-07,Gospel,1
1985-09-07,Jazz,1
1985-09-07,Pop,23
1985-09-07,Reggae,1
1985-09-07,RnB,16
1985-09-07,Rock,46
1985-09-14,Gospel,1
1985-09-14,Jazz,1
1985-09-14,Pop,24
1985-09-14,Reggae,1
1985-09-14,RnB,18
1985-09-14,Rock,43
1985-09-21,Gospel,1
1985-09-21,Jazz,1
1985-09-21,Pop,27
1985-09-21,Reggae,1
1985-09-21,RnB,19
1985-09-21,Rock,36
1985-09-28,Gospel,1
1985-09-28,Jazz,1
1985-09-28,Pop,26
1985-09-28,Reggae,1
1985-09-28,RnB,21
1985-09-28,Rock,36
1985-10-05,Gospel,1
1985-10-05,Jazz,1
1985-10-05,Pop,23
1985-10-05,Reggae,1
1985-10-05,RnB,20
1985-10-05,Rock,38
1985-10-12,Gospel,1
1985-10-12,Jazz,1
1985-10-12,Pop,22
1985-10-12,Reggae,1
1985-10-12,RnB,19
1985-10-12,Rock,39
1985-10-19,Jazz,1
1985-10-19,Pop,23
1985-10-19,Reggae,1
1985-10-19,RnB,17
1985-10-19,Rock,41
1985-10-26,Jazz,1
1985-10-26,Pop,23
1985-10-26,Reggae,1
1985-10-26,RnB,18
1985-10-26,Rock,39
1985-11-02,Jazz,1
1985-11-02,Pop,23
1985-11-02,RnB,18
1985-11-02,Rock,40
1985-11-09,Electronic,1
1985-11-09,Folk,1
1985-11-09,Jazz,1
1985-11-09,Pop,22
1985-11-09,RnB,15
1985-11-09,Rock,42
1985-11-16,Electronic,1
1985-11-16,Folk,1
1985-11-16,Jazz,1
1985-11-16,Pop,21
1985-11-16,RnB,15
1985-11-16,Rock,44
1985-11-23,Country,1
1985-11-23,Electronic,1
1985-11-23,Folk,1
1985-11-23,Jazz,1
1985-11-23,Pop,22
1985-11-23,RnB,15
1985-11-23,Rock,42
1985-11-30,Country,1
1985-11-30,Electronic,1
1985-11-30,Folk,1
1985-11-30,Jazz,1
1985-11-30,Pop,25
1985-11-30,RnB,14
1985-11-30,Rock,41
1985-12-07,Country,1
1985-12-07,Electronic,1
1985-12-07,Folk,1
1985-12-07,Jazz,1
1985-12-07,Pop,23
1985-12-07,RnB,19
1985-12-07,Rock,39
1985-12-14,Country,1
1985-12-14,Electronic,1
1985-12-14,Folk,1
1985-12-14,Jazz,1
1985-12-14,Pop,23
1985-12-14,RnB,20
1985-12-14,Rock,38
1985-12-21,Country,1
1985-12-21,Electronic,1
1985-12-21,Folk,1
1985-12-21,Jazz,1
1985-12-21,Pop,24
1985-12-21,RnB,20
1985-12-21,Rock,37
1985-12-28,Country,1
1985-12-28,Electronic,1
1985-12-28,Folk,2
1985-12-28,Jazz,1
1985-12-28,Pop,23
1985-12-28,RnB,19
1985-12-28,Rock,35
1986-01-04,Country,1
1986-01-04,Electronic,1
1986-01-04,Folk,2
1986-01-04,Jazz,1
1986-01-04,Pop,23
1986-01-04,RnB,19
1986-01-04,Rock,35
1986-01-11,Country,1
1986-01-11,Electronic,1
1986-01-11,Folk,2
1986-01-11,Jazz,1
1986-01-11,Pop,23
1986-01-11,RnB,20
1986-01-11,Rock,33
1986-01-18,Country,1
1986-01-18,Electronic,1
1986-01-18,Folk,1
1986-01-18,Jazz,1
1986-01-18,Pop,24
1986-01-18,RnB,19
1986-01-18,Rock,37
1986-01-25,Country,1
1986-01-25,Electronic,1
1986-01-25,Jazz,1
1986-01-25,Pop,22
1986-01-25,RnB,17
1986-01-25,Rock,38
1986-02-01,Country,1
1986-02-01,Electronic,1
1986-02-01,Jazz,1
1986-02-01,Pop,20
1986-02-01,RnB,17
1986-02-01,Rock,42
1986-02-08,Country,1
1986-02-08,Electronic,1
1986-02-08,Pop,20
1986-02-08,RnB,17
1986-02-08,Rock,40
1986-02-15,Country,1
1986-02-15,Electronic,1
1986-02-15,Pop,20
1986-02-15,RnB,17
1986-02-15,Rock,39
1986-02-22,Country,1
1986-02-22,Electronic,1
1986-02-22,Pop,21
1986-02-22,RnB,19
1986-02-22,Rock,38
1986-03-01,Country,1
1986-03-01,Electronic,1
1986-03-01,Folk,1
1986-03-01,Pop,22
1986-03-01,RnB,18
1986-03-01,Rock,34
1986-03-08,Country,1
1986-03-08,Electronic,1
1986-03-08,Folk,1
1986-03-08,Jazz,1
1986-03-08,Pop,24
1986-03-08,RnB,17
1986-03-08,Rock,35
1986-03-15,Country,1
1986-03-15,Electronic,1
1986-03-15,Folk,1
1986-03-15,Jazz,1
1986-03-15,Pop,24
1986-03-15,RnB,16
1986-03-15,Rock,38
1986-03-22,Country,1
1986-03-22,Electronic,1
1986-03-22,Folk,1
1986-03-22,Jazz,1
1986-03-22,Pop,23
1986-03-22,RnB,17
1986-03-22,Rock,39
1986-03-29,Country,1
1986-03-29,Electronic,1
1986-03-29,Folk,1
1986-03-29,Jazz,1
1986-03-29,Pop,22
1986-03-29,RnB,18
1986-03-29,Rock,40
1986-04-05,Country,1
1986-04-05,Electronic,1
1986-04-05,Folk,1
1986-04-05,Jazz,1
1986-04-05,Pop,23
1986-04-05,RnB,17
1986-04-05,Rock,41
1986-04-12,Country,1
1986-04-12,Electronic,1
1986-04-12,Folk,1
1986-04-12,Jazz,1
1986-04-12,Pop,24
1986-04-12,RnB,14
1986-04-12,Rock,42
1986-04-19,Country,1
1986-04-19,Folk,1
1986-04-19,Jazz,1
1986-04-19,Pop,25
1986-04-19,RnB,14
1986-04-19,Rock,43
1986-04-26,Country,1
1986-04-26,Folk,2
1986-04-26,Jazz,1
1986-04-26,Pop,19
1986-04-26,RnB,13
1986-04-26,Rock,47
1986-05-03,Country,1
1986-05-03,Folk,2
1986-05-03,Jazz,1
1986-05-03,Pop,18
1986-05-03,RnB,12
1986-05-03,Rock,49
1986-05-10,Folk,2
1986-05-10,Jazz,1
1986-05-10,Pop,17
1986-05-10,RnB,12
1986-05-10,Rock,49
1986-05-17,Folk,2
1986-05-17,Jazz,1
1986-05-17,Pop,20
1986-05-17,RnB,13
1986-05-17,Rock,47
1986-05-24,Folk,1
1986-05-24,Jazz,1
1986-05-24,Pop,23
1986-05-24,RnB,14
1986-05-24,Rock,45
1986-05-31,Folk,1
1986-05-31,Pop,25
1986-05-31,RnB,14
1986-05-31,Rock,43
1986-06-07,Folk,2
1986-06-07,HipHop,1
1986-06-07,Pop,23
1986-06-07,RnB,12
1986-06-07,Rock,45
1986-06-14,Folk,1
1986-06-14,HipHop,1
1986-06-14,Pop,21
1986-06-14,RnB,13
1986-06-14,Rock,45
1986-06-21,Folk,1
1986-06-21,Gospel,1
1986-06-21,HipHop,1
1986-06-21,Pop,22
1986-06-21,RnB,13
1986-06-21,Rock,46
1986-06-28,Folk,1
1986-06-28,Gospel,1
1986-06-28,HipHop,2
1986-06-28,Pop,23
1986-06-28,RnB,14
1986-06-28,Rock,43
1986-07-05,Folk,1
1986-07-05,Gospel,1
1986-07-05,HipHop,2
1986-07-05,Pop,23
1986-07-05,RnB,15
1986-07-05,Rock,42
1986-07-12,Folk,1
1986-07-12,Gospel,1
1986-07-12,HipHop,2
1986-07-12,Pop,21
1986-07-12,RnB,16
1986-07-12,Rock,42
1986-07-19,Folk,1
1986-07-19,Gospel,1
1986-07-19,HipHop,2
1986-07-19,Pop,20
1986-07-19,RnB,16
1986-07-19,Rock,42
1986-07-26,Country,1
1986-07-26,Gospel,1
1986-07-26,HipHop,3
1986-07-26,Pop,22
1986-07-26,RnB,15
1986-07-26,Rock,40
1986-08-02,Country,1
1986-08-02,Gospel,1
1986-08-02,HipHop,3
1986-08-02,Pop,21
1986-08-02,RnB,13
1986-08-02,Rock,44
1986-08-09,Country,1
1986-08-09,Folk,1
1986-08-09,Gospel,1
1986-08-09,HipHop,2
1986-08-09,Pop,19
1986-08-09,RnB,14
1986-08-09,Rock,47
1986-08-16,Country,1
1986-08-16,Electronic,1
1986-08-16,Folk,1
1986-08-16,Gospel,1
1986-08-16,HipHop,2
1986-08-16,Pop,18
1986-08-16,RnB,14
1986-08-16,Rock,49
1986-08-23,Country,1
1986-08-23,Electronic,1
1986-08-23,Folk,1
1986-08-23,Gospel,1
1986-08-23,HipHop,2
1986-08-23,Pop,17
1986-08-23,RnB,16
1986-08-23,Rock,48
1986-08-30,Country,1
1986-08-30,Electronic,1
1986-08-30,Folk,1
1986-08-30,Gospel,1
1986-08-30,HipHop,2
1986-08-30,Pop,17
1986-08-30,RnB,14
1986-08-30,Rock,50
1986-09-06,Country,1
1986-09-06,Electronic,1
1986-09-06,Folk,1
1986-09-06,Gospel,1
1986-09-06,HipHop,2
1986-09-06,Pop,16
1986-09-06,RnB,13
1986-09-06,Rock,53
1986-09-13,Country,1
1986-09-13,Electronic,1
1986-09-13,Folk,1
1986-09-13,Gospel,1
1986-09-13,HipHop,2
1986-09-13,Pop,15
1986-09-13,RnB,16
1986-09-13,Rock,51
1986-09-20,Country,1
1986-09-20,Electronic,1
1986-09-20,Folk,1
1986-09-20,Gospel,1
1986-09-20,HipHop,2
1986-09-20,Pop,14
1986-09-20,RnB,14
1986-09-20,Rock,47
1986-09-27,Country,1
1986-09-27,Electronic,1
1986-09-27,Folk,1
1986-09-27,Gospel,1
1986-09-27,HipHop,2
1986-09-27,Pop,17
1986-09-27,RnB,14
1986-09-27,Rock,48
1986-10-04,Country,1
1986-10-04,Electronic,2
1986-10-04,Folk,1
1986-10-04,Gospel,1
1986-10-04,HipHop,2
1986-10-04,Pop,18
1986-10-04,RnB,13
1986-10-04,Rock,43
1986-10-11,Country,1
1986-10-11,Electronic,2
1986-10-11,Folk,1
1986-10-11,Gospel,1
1986-10-11,HipHop,2
1986-10-11,Pop,16
1986-10-11,RnB,13
1986-10-11,Rock,44
1986-10-18,Country,1
1986-10-18,Electronic,2
1986-10-18,Folk,1
1986-10-18,HipHop,2
1986-10-18,Pop,17
1986-10-18,RnB,13
1986-10-18,Rock,42
1986-10-25,Country,1
1986-10-25,Electronic,2
1986-10-25,Folk,1
1986-10-25,Gospel,1
1986-10-25,HipHop,3
1986-10-25,Pop,19
1986-10-25,RnB,16
1986-10-25,Rock,44
1986-11-01,Country,1
1986-11-01,Electronic,2
1986-11-01,Folk,1
1986-11-01,Gospel,1
1986-11-01,HipHop,2
1986-11-01,Pop,19
1986-11-01,RnB,17
1986-11-01,Rock,43
1986-11-08,Country,1
1986-11-08,Electronic,1
1986-11-08,Folk,1
1986-11-08,HipHop,2
1986-11-08,Pop,19
1986-11-08,RnB,19
1986-11-08,Rock,42
1986-11-15,Country,1
1986-11-15,Electronic,1
1986-11-15,HipHop,1
1986-11-15,Pop,19
1986-11-15,RnB,20
1986-11-15,Rock,43
1986-11-22,Country,1
1986-11-22,Electronic,1
1986-11-22,HipHop,1
1986-11-22,Pop,19
1986-11-22,RnB,20
1986-11-22,Rock,43
1986-11-29,Country,1
1986-11-29,Electronic,1
1986-11-29,HipHop,1
1986-11-29,Pop,18
1986-11-29,RnB,19
1986-11-29,Rock,45
1986-12-06,Country,1
1986-12-06,Electronic,1
1986-12-06,Folk,1
1986-12-06,HipHop,1
1986-12-06,Jazz,1
1986-12-06,Pop,19
1986-12-06,RnB,20
1986-12-06,Rock,44
1986-12-13,Country,1
1986-12-13,Electronic,1
1986-12-13,Folk,1
1986-12-13,HipHop,1
1986-12-13,Jazz,1
1986-12-13,Pop,20
1986-12-13,RnB,19
1986-12-13,Rock,43
1986-12-20,Country,1
1986-12-20,Electronic,1
1986-12-20,Folk,1
1986-12-20,HipHop,2
1986-12-20,Jazz,1
1986-12-20,Pop,19
1986-12-20,RnB,18
1986-12-20,Rock,43
1986-12-27,Country,1
1986-12-27,Electronic,1
1986-12-27,Folk,1
1986-12-27,HipHop,3
1986-12-27,Jazz,1
1986-12-27,Pop,20
1986-12-27,RnB,19
1986-12-27,Rock,41
1987-01-03,Country,1
1987-01-03,Electronic,1
1987-01-03,Folk,1
1987-01-03,HipHop,3
1987-01-03,Jazz,1
1987-01-03,Pop,20
1987-01-03,RnB,19
1987-01-03,Rock,41
1987-01-10,Country,1
1987-01-10,Electronic,1
1987-01-10,Folk,1
1987-01-10,HipHop,3
1987-01-10,Jazz,1
1987-01-10,Pop,20
1987-01-10,RnB,19
1987-01-10,Rock,40
1987-01-17,Country,2
1987-01-17,Electronic,1
1987-01-17,Folk,1
1987-01-17,HipHop,3
1987-01-17,Jazz,1
1987-01-17,Pop,19
1987-01-17,RnB,21
1987-01-17,Rock,38
1987-01-24,Country,2
1987-01-24,Electronic,1
1987-01-24,HipHop,3
1987-01-24,Jazz,1
1987-01-24,Pop,19
1987-01-24,RnB,19
1987-01-24,Rock,40
1987-01-31,Country,2
1987-01-31,Electronic,1
1987-01-31,HipHop,3
1987-01-31,Jazz,1
1987-01-31,Pop,18
1987-01-31,RnB,18
1987-01-31,Rock,42
1987-02-07,Country,2
1987-02-07,Electronic,1
1987-02-07,HipHop,3
1987-02-07,Jazz,1
1987-02-07,Pop,17
1987-02-07,RnB,19
1987-02-07,Rock,44
1987-02-14,Country,2
1987-02-14,Electronic,1
1987-02-14,HipHop,3
1987-02-14,Jazz,1
1987-02-14,Pop,19
1987-02-14,RnB,19
1987-02-14,Rock,44
1987-02-21,Country,1
1987-02-21,Electronic,1
1987-02-21,HipHop,3
1987-02-21,Jazz,1
1987-02-21,Pop,19
1987-02-21,RnB,19
1987-02-21,Rock,44
1987-02-28,Country,1
1987-02-28,HipHop,4
1987-02-28,Jazz,2
1987-02-28,Pop,17
1987-02-28,RnB,18
1987-02-28,Rock,44
1987-03-07,Country,1
1987-03-07,Folk,1
1987-03-07,HipHop,4
1987-03-07,Jazz,2
1987-03-07,Pop,16
1987-03-07,RnB,15
1987-03-07,Rock,45
1987-03-14,Country,1
1987-03-14,Folk,1
1987-03-14,HipHop,3
1987-03-14,Jazz,2
1987-03-14,Pop,16
1987-03-14,RnB,15
1987-03-14,Rock,45
1987-03-21,Country,1
1987-03-21,Folk,1
1987-03-21,HipHop,4
1987-03-21,Jazz,2
1987-03-21,Pop,15
1987-03-21,RnB,17
1987-03-21,Rock,45
1987-03-28,Country,1
1987-03-28,Folk,2
1987-03-28,HipHop,4
1987-03-28,Jazz,1
1987-03-28,Pop,17
1987-03-28,RnB,17
1987-03-28,Rock,44
1987-04-04,Country,1
1987-04-04,Folk,1
1987-04-04,HipHop,4
1987-04-04,Jazz,2
1987-04-04,Pop,16
1987-04-04,RnB,16
1987-04-04,Rock,48
1987-04-11,Country,2
1987-04-11,Folk,1
1987-04-11,HipHop,4
1987-04-11,Jazz,3
1987-04-11,Pop,15
1987-04-11,RnB,14
1987-04-11,Rock,49
1987-04-18,Country,2
1987-04-18,Folk,1
1987-04-18,HipHop,5
1987-04-18,Jazz,3
1987-04-18,Pop,12
1987-04-18,RnB,14
1987-04-18,Rock,51
1987-04-25,Country,2
1987-04-25,Folk,1
1987-04-25,HipHop,4
1987-04-25,Jazz,3
1987-04-25,Pop,13
1987-04-25,RnB,14
1987-04-25,Rock,52
1987-05-02,Country,2
1987-05-02,Folk,1
1987-05-02,HipHop,3
1987-05-02,Jazz,3
1987-05-02,Pop,13
1987-05-02,RnB,15
1987-05-02,Rock,52
1987-05-09,Country,2
1987-05-09,Electronic,1
1987-05-09,Folk,1
1987-05-09,HipHop,2
1987-05-09,Jazz,2
1987-05-09,Pop,14
1987-05-09,RnB,15
1987-05-09,Rock,54
1987-05-16,Country,3
1987-05-16,Electronic,1
1987-05-16,Folk,1
1987-05-16,HipHop,2
1987-05-16,Jazz,2
1987-05-16,Pop,16
1987-05-16,RnB,17
1987-05-16,Rock,50
1987-05-23,Country,2
1987-05-23,Electronic,1
1987-05-23,Folk,1
1987-05-23,HipHop,1
1987-05-23,Jazz,2
1987-05-23,Pop,16
1987-05-23,RnB,18
1987-05-23,Rock,48
1987-05-30,Country,2
1987-05-30,Electronic,1
1987-05-30,Folk,1
1987-05-30,Jazz,2
1987-05-30,Pop,16
1987-05-30,RnB,18
1987-05-30,Rock,51
1987-06-06,Country,2
1987-06-06,Electronic,1
1987-06-06,Folk,2
1987-06-06,Jazz,2
1987-06-06,Pop,15
1987-06-06,RnB,19
1987-06-06,Rock,51
1987-06-13,Country,2
1987-06-13,Electronic,1
1987-06-13,Folk,2
1987-06-13,Jazz,2
1987-06-13,Pop,13
1987-06-13,RnB,19
1987-06-13,Rock,52
1987-06-20,Country,2
1987-06-20,Electronic,1
1987-06-20,Folk,2
1987-06-20,Jazz,2
1987-06-20,Pop,12
1987-06-20,RnB,18
1987-06-20,Rock,53
1987-06-27,Country,2
1987-06-27,Electronic,1
1987-06-27,Folk,2
1987-06-27,Jazz,3
1987-06-27,Pop,12
1987-06-27,RnB,20
1987-06-27,Rock,52
1987-07-04,Country,2
1987-07-04,Electronic,1
1987-07-04,Folk,2
1987-07-04,Jazz,3
1987-07-04,Pop,15
1987-07-04,RnB,19
1987-07-04,Rock,52
1987-07-11,Country,2
1987-07-11,Folk,1
1987-07-11,HipHop,2
1987-07-11,Jazz,3
1987-07-11,Latin,1
1987-07-11,Pop,17
1987-07-11,RnB,19
1987-07-11,Rock,48
1987-07-18,Country,2
1987-07-18,Folk,1
1987-07-18,HipHop,2
1987-07-18,Jazz,4
1987-07-18,Latin,1
1987-07-18,Pop,16
1987-07-18,RnB,19
1987-07-18,Rock,47
1987-07-25,Country,2
1987-07-25,Folk,1
1987-07-25,HipHop,2
1987-07-25,Jazz,4
1987-07-25,Latin,1
1987-07-25,Pop,17
1987-07-25,RnB,18
1987-07-25,Rock,46
1987-08-01,Country,2
1987-08-01,Folk,1
1987-08-01,HipHop,3
1987-08-01,Jazz,4
1987-08-01,Pop,19
1987-08-01,RnB,20
1987-08-01,Rock,44
1987-08-08,Country,2
1987-08-08,Folk,1
1987-08-08,HipHop,2
1987-08-08,Jazz,4
1987-08-08,Pop,20
1987-08-08,RnB,19
1987-08-08,Rock,44
1987-08-15,Country,1
1987-08-15,Folk,1
1987-08-15,HipHop,2
1987-08-15,Jazz,4
1987-08-15,Pop,20
1987-08-15,RnB,20
1987-08-15,Rock,44
1987-08-22,Country,1
1987-08-22,Folk,1
1987-08-22,HipHop,2
1987-08-22,Jazz,3
1987-08-22,Pop,21
1987-08-22,RnB,21
1987-08-22,Rock,44
1987-08-29,Folk,1
1987-08-29,HipHop,3
1987-08-29,Jazz,4
1987-08-29,Pop,18
1987-08-29,RnB,21
1987-08-29,Rock,44
1987-09-05,Folk,1
1987-09-05,HipHop,3
1987-09-05,Jazz,3
1987-09-05,Pop,18
1987-09-05,RnB,20
1987-09-05,Rock,47
1987-09-12,Folk,2
1987-09-12,HipHop,2
1987-09-12,Jazz,3
1987-09-12,Pop,18
1987-09-12,RnB,19
1987-09-12,Rock,47
1987-09-19,Folk,2
1987-09-19,HipHop,2
1987-09-19,Jazz,3
1987-09-19,Pop,18
1987-09-19,RnB,17
1987-09-19,Rock,47
1987-09-26,Folk,2
1987-09-26,HipHop,2
1987-09-26,Jazz,3
1987-09-26,Pop,18
1987-09-26,RnB,15
1987-09-26,Rock,48
1987-10-03,Folk,1
1987-10-03,HipHop,2
1987-10-03,Jazz,2
1987-10-03,Pop,18
1987-10-03,RnB,16
1987-10-03,Rock,51
1987-10-10,Electronic,1
1987-10-10,Folk,1
1987-10-10,HipHop,2
1987-10-10,Jazz,2
1987-10-10,Pop,17
1987-10-10,RnB,17
1987-10-10,Rock,52
1987-10-17,Electronic,1
1987-10-17,HipHop,2
1987-10-17,Jazz,2
1987-10-17,Pop,18
1987-10-17,RnB,16
1987-10-17,Rock,51
1987-10-24,Electronic,1
1987-10-24,HipHop,2
1987-10-24,Jazz,1
1987-10-24,Pop,18
1987-10-24,RnB,16
1987-10-24,Rock,52
1987-10-31,Electronic,2
1987-10-31,HipHop,1
1987-10-31,Jazz,1
1987-10-31,Pop,17
1987-10-31,RnB,18
1987-10-31,Rock,52
1987-11-07,Electronic,2
1987-11-07,HipHop,1
1987-11-07,Jazz,1
1987-11-07,Pop,17
1987-11-07,RnB,19
1987-11-07,Rock,52
1987-11-14,Electronic,3
1987-11-14,HipHop,1
1987-11-14,Jazz,1
1987-11-14,Pop,15
1987-11-14,RnB,19
1987-11-14,Rock,52
1987-11-21,Electronic,3
1987-11-21,HipHop,1
1987-11-21,Jazz,1
1987-11-21,Pop,13
1987-11-21,RnB,20
1987-11-21,Rock,52
1987-11-28,Electronic,4
1987-11-28,HipHop,1
1987-11-28,Jazz,1
1987-11-28,Pop,13
1987-11-28,RnB,19
1987-11-28,Rock,54
1987-12-05,Electronic,4
1987-12-05,HipHop,2
1987-12-05,Jazz,1
1987-12-05,Pop,13
1987-12-05,RnB,19
1987-12-05,Rock,54
1987-12-12,Electronic,4
1987-12-12,HipHop,2
1987-12-12,Jazz,1
1987-12-12,Pop,15
1987-12-12,RnB,19
1987-12-12,Rock,52
1987-12-19,Electronic,3
1987-12-19,HipHop,2
1987-12-19,Jazz,1
1987-12-19,Pop,18
1987-12-19,RnB,16
1987-12-19,Rock,52
1987-12-26,Electronic,2
1987-12-26,HipHop,2
1987-12-26,Jazz,1
1987-12-26,Pop,20
1987-12-26,RnB,15
1987-12-26,Rock,52
1988-01-02,Electronic,2
1988-01-02,HipHop,2
1988-01-02,Jazz,1
1988-01-02,Pop,20
1988-01-02,RnB,15
1988-01-02,Rock,52
1988-01-09,Electronic,2
1988-01-09,HipHop,2
1988-01-09,Pop,20
1988-01-09,RnB,16
1988-01-09,Rock,52
1988-01-16,Electronic,2
1988-01-16,HipHop,2
1988-01-16,Pop,18
1988-01-16,RnB,18
1988-01-16,Rock,53
1988-01-23,Electronic,2
1988-01-23,HipHop,2
1988-01-23,Pop,18
1988-01-23,RnB,15
1988-01-23,Rock,55
1988-01-30,Electronic,2
1988-01-30,HipHop,2
1988-01-30,Pop,19
1988-01-30,RnB,14
1988-01-30,Rock,55
1988-02-06,Electronic,2
1988-02-06,HipHop,2
1988-02-06,Pop,20
1988-02-06,RnB,14
1988-02-06,Rock,56
1988-02-13,Electronic,2
1988-02-13,HipHop,2
1988-02-13,Pop,21
1988-02-13,RnB,15
1988-02-13,Rock,55
1988-02-20,Electronic,3
1988-02-20,HipHop,3
1988-02-20,Jazz,1
1988-02-20,Pop,20
1988-02-20,RnB,16
1988-02-20,Rock,51
1988-02-27,Electronic,3
1988-02-27,HipHop,2
1988-02-27,Jazz,1
1988-02-27,Pop,18
1988-02-27,RnB,18
1988-02-27,Rock,48
1988-03-05,Electronic,3
1988-03-05,HipHop,2
1988-03-05,Jazz,1
1988-03-05,Pop,16
1988-03-05,RnB,20
1988-03-05,Rock,47
1988-03-12,Electronic,3
1988-03-12,HipHop,3
1988-03-12,Jazz,1
1988-03-12,Pop,16
1988-03-12,RnB,19
1988-03-12,Rock,45
1988-03-19,Electronic,3
1988-03-19,HipHop,3
1988-03-19,Jazz,1
1988-03-19,Pop,16
1988-03-19,RnB,18
1988-03-19,Rock,46
1988-03-26,Electronic,3
1988-03-26,HipHop,3
1988-03-26,Jazz,1
1988-03-26,Pop,15
1988-03-26,RnB,18
1988-03-26,Rock,45
1988-04-02,Electronic,2
1988-04-02,Folk,1
1988-04-02,HipHop,3
1988-04-02,Jazz,1
1988-04-02,Latin,1
1988-04-02,Pop,13
1988-04-02,RnB,18
1988-04-02,Rock,46
1988-04-09,Electronic,2
1988-04-09,Folk,1
1988-04-09,HipHop,3
1988-04-09,Jazz,1
1988-04-09,Latin,1
1988-04-09,Pop,12
1988-04-09,RnB,19
1988-04-09,Rock,48
1988-04-16,Electronic,3
1988-04-16,Folk,1
1988-04-16,HipHop,3
1988-04-16,Jazz,1
1988-04-16,Latin,1
1988-04-16,Pop,12
1988-04-16,RnB,17
1988-04-16,Rock,50
1988-04-23,Electronic,3
1988-04-23,Folk,1
1988-04-23,HipHop,5
1988-04-23,Jazz,1
1988-04-23,Latin,1
1988-04-23,Pop,12
1988-04-23,RnB,18
1988-04-23,Rock,48
1988-04-30,Country,1
1988-04-30,Electronic,3
1988-04-30,Folk,1
1988-04-30,HipHop,6
1988-04-30,Jazz,1
1988-04-30,Latin,1
1988-04-30,Pop,10
1988-04-30,RnB,19
1988-04-30,Rock,48
1988-05-07,Country,1
1988-05-07,Electronic,2
1988-05-07,HipHop,6
1988-05-07,Latin,1
1988-05-07,Pop,15
1988-05-07,RnB,22
1988-05-07,Rock,46
1988-05-14,Country,1
1988-05-14,Electronic,2
1988-05-14,HipHop,5
1988-05-14,Latin,1
1988-05-14,Pop,16
1988-05-14,Reggae,1
1988-05-14,RnB,26
1988-05-14,Rock,42
1988-05-21,Country,1
1988-05-21,Electronic,2
1988-05-21,HipHop,6
1988-05-21,Latin,1
1988-05-21,Pop,17
1988-05-21,Reggae,1
1988-05-21,RnB,24
1988-05-21,Rock,40
1988-05-28,Country,1
1988-05-28,Electronic,2
1988-05-28,HipHop,5
1988-05-28,Latin,1
1988-05-28,Pop,17
1988-05-28,Reggae,1
1988-05-28,RnB,25
1988-05-28,Rock,41
1988-06-04,Country,1
1988-06-04,Electronic,2
1988-06-04,HipHop,5
1988-06-04,Latin,1
1988-06-04,Pop,18
1988-06-04,Reggae,1
1988-06-04,RnB,23
1988-06-04,Rock,45
1988-06-11,Country,1
1988-06-11,Electronic,2
1988-06-11,HipHop,6
1988-06-11,Latin,1
1988-06-11,Pop,18
1988-06-11,Reggae,1
1988-06-11,RnB,23
1988-06-11,Rock,44
1988-06-18,Country,1
1988-06-18,Electronic,2
1988-06-18,HipHop,7
1988-06-18,Latin,1
1988-06-18,Pop,19
1988-06-18,Reggae,1
1988-06-18,RnB,21
1988-06-18,Rock,43
1988-06-25,Country,1
1988-06-25,Electronic,1
1988-06-25,HipHop,6
1988-06-25,Latin,1
1988-06-25,Pop,21
1988-06-25,Reggae,1
1988-06-25,RnB,22
1988-06-25,Rock,44
1988-07-02,Country,1
1988-07-02,Electronic,1
1988-07-02,HipHop,5
1988-07-02,Latin,1
1988-07-02,Pop,19
1988-07-02,Reggae,1
1988-07-02,RnB,22
1988-07-02,Rock,45
1988-07-09,Country,1
1988-07-09,Electronic,1
1988-07-09,HipHop,6
1988-07-09,Latin,1
1988-07-09,Pop,18
1988-07-09,Reggae,1
1988-07-09,RnB,20
1988-07-09,Rock,46
1988-07-16,Country,1
1988-07-16,Electronic,1
1988-07-16,HipHop,5
1988-07-16,Latin,1
1988-07-16,Pop,19
1988-07-16,Reggae,1
1988-07-16,RnB,18
1988-07-16,Rock,46
1988-07-23,Country,2
1988-07-23,Electronic,1
1988-07-23,HipHop,5
1988-07-23,Jazz,1
1988-07-23,Latin,1
1988-07-23,Pop,18
1988-07-23,Reggae,1
1988-07-23,RnB,23
1988-07-23,Rock,40
1988-07-30,Country,2
1988-07-30,Electronic,1
1988-07-30,HipHop,6
1988-07-30,Jazz,2
1988-07-30,Latin,1
1988-07-30,Pop,16
1988-07-30,Reggae,1
1988-07-30,RnB,21
1988-07-30,Rock,42
1988-08-06,Country,2
1988-08-06,Electronic,1
1988-08-06,Gospel,1
1988-08-06,HipHop,6
1988-08-06,Jazz,2
1988-08-06,Latin,2
1988-08-06,Pop,16
1988-08-06,Reggae,1
1988-08-06,RnB,21
1988-08-06,Rock,43
1988-08-13,Country,2
1988-08-13,Electronic,1
1988-08-13,Gospel,1
1988-08-13,HipHop,6
1988-08-13,Jazz,2
1988-08-13,Latin,2
1988-08-13,Pop,15
1988-08-13,Reggae,1
1988-08-13,RnB,19
1988-08-13,Rock,46
1988-08-20,Country,1
1988-08-20,Electronic,1
1988-08-20,HipHop,7
1988-08-20,Jazz,2
1988-08-20,Latin,2
1988-08-20,Pop,14
1988-08-20,Reggae,1
1988-08-20,RnB,21
1988-08-20,Rock,46
1988-08-27,Country,1
1988-08-27,Electronic,1
1988-08-27,HipHop,7
1988-08-27,Jazz,2
1988-08-27,Latin,2
1988-08-27,Pop,15
1988-08-27,Reggae,1
1988-08-27,RnB,20
1988-08-27,Rock,46
1988-09-03,Country,1
1988-09-03,Electronic,1
1988-09-03,HipHop,7
1988-09-03,Jazz,2
1988-09-03,Latin,2
1988-09-03,Pop,19
1988-09-03,Reggae,1
1988-09-03,RnB,17
1988-09-03,Rock,45
1988-09-10,Country,1
1988-09-10,Electronic,1
1988-09-10,HipHop,6
1988-09-10,Jazz,2
1988-09-10,Latin,2
1988-09-10,Pop,20
1988-09-10,Reggae,1
1988-09-10,RnB,19
1988-09-10,Rock,43
1988-09-17,Country,1
1988-09-17,Electronic,1
1988-09-17,HipHop,7
1988-09-17,Jazz,2
1988-09-17,Latin,2
1988-09-17,Pop,18
1988-09-17,Reggae,1
1988-09-17,RnB,20
1988-09-17,Rock,44
1988-09-24,Country,1
1988-09-24,Electronic,2
1988-09-24,HipHop,6
1988-09-24,Jazz,2
1988-09-24,Latin,2
1988-09-24,Pop,17
1988-09-24,Reggae,1
1988-09-24,RnB,21
1988-09-24,Rock,44
1988-10-01,Country,1
1988-10-01,Electronic,2
1988-10-01,HipHop,4
1988-10-01,Jazz,2
1988-10-01,Latin,1
1988-10-01,Pop,14
1988-10-01,Reggae,1
1988-10-01,RnB,22
1988-10-01,Rock,46
1988-10-08,Country,1
1988-10-08,Electronic,2
1988-10-08,HipHop,4
1988-10-08,Jazz,2
1988-10-08,Latin,1
1988-10-08,Pop,15
1988-10-08,Reggae,1
1988-10-08,RnB,21
1988-10-08,Rock,47
1988-10-15,Electronic,2
1988-10-15,HipHop,5
1988-10-15,Jazz,2
1988-10-15,Latin,1
1988-10-15,Pop,16
1988-10-15,Reggae,1
1988-10-15,RnB,22
1988-10-15,Rock,43
1988-10-22,Electronic,2
1988-10-22,HipHop,5
1988-10-22,Jazz,2
1988-10-22,Latin,1
1988-10-22,Pop,17
1988-10-22,Reggae,1
1988-10-22,RnB,20
1988-10-22,Rock,44
1988-10-29,Electronic,2
1988-10-29,HipHop,6
1988-10-29,Jazz,3
1988-10-29,Latin,1
1988-10-29,Pop,15
1988-10-29,Reggae,1
1988-10-29,RnB,19
1988-10-29,Rock,43
1988-11-05,Electronic,3
1988-11-05,HipHop,5
1988-11-05,Jazz,3
1988-11-05,Pop,16
1988-11-05,Reggae,1
1988-11-05,RnB,17
1988-11-05,Rock,45
1988-11-12,Electronic,3
1988-11-12,HipHop,4
1988-11-12,Jazz,3
1988-11-12,Pop,17
1988-11-12,Reggae,1
1988-11-12,RnB,18
1988-11-12,Rock,43
1988-11-19,Electronic,3
1988-11-19,HipHop,2
1988-11-19,Jazz,3
1988-11-19,Pop,18
1988-11-19,Reggae,1
1988-11-19,RnB,19
1988-11-19,Rock,43
1988-11-26,Electronic,3
1988-11-26,HipHop,2
1988-11-26,Jazz,4
1988-11-26,Pop,19
1988-11-26,Reggae,1
1988-11-26,RnB,16
1988-11-26,Rock,43
1988-12-03,Electronic,3
1988-12-03,HipHop,2
1988-12-03,Jazz,4
1988-12-03,Pop,21
1988-12-03,Reggae,1
1988-12-03,RnB,16
1988-12-03,Rock,43
1988-12-10,Electronic,3
1988-12-10,Folk,1
1988-12-10,HipHop,2
1988-12-10,Jazz,4
1988-12-10,Pop,23
1988-12-10,Reggae,1
1988-12-10,RnB,13
1988-12-10,Rock,44
1988-12-17,Electronic,4
1988-12-17,Folk,1
1988-12-17,HipHop,3
1988-12-17,Jazz,4
1988-12-17,Pop,22
1988-12-17,Reggae,1
1988-12-17,RnB,14
1988-12-17,Rock,43
1988-12-24,Electronic,4
1988-12-24,Folk,1
1988-12-24,HipHop,3
1988-12-24,Jazz,4
1988-12-24,Pop,23
1988-12-24,Reggae,1
1988-12-24,RnB,14
1988-12-24,Rock,43
1988-12-31,Electronic,4
1988-12-31,Folk,1
1988-12-31,HipHop,3
1988-12-31,Jazz,4
1988-12-31,Pop,23
1988-12-31,Reggae,1
1988-12-31,RnB,14
1988-12-31,Rock,43
1989-01-07,Electronic,3
1989-01-07,Folk,1
1989-01-07,HipHop,3
1989-01-07,Jazz,4
1989-01-07,Pop,22
1989-01-07,Reggae,1
1989-01-07,RnB,14
1989-01-07,Rock,46
1989-01-14,Electronic,2
1989-01-14,Folk,1
1989-01-14,HipHop,2
1989-01-14,Jazz,4
1989-01-14,Pop,21
1989-01-14,Reggae,1
1989-01-14,RnB,14
1989-01-14,Rock,50
1989-01-21,Electronic,2
1989-01-21,Folk,2
1989-01-21,HipHop,1
1989-01-21,Jazz,4
1989-01-21,Pop,23
1989-01-21,Reggae,1
1989-01-21,RnB,13
1989-01-21,Rock,50
1989-01-28,Electronic,2
1989-01-28,Folk,2
1989-01-28,HipHop,1
1989-01-28,Jazz,3
1989-01-28,Pop,25
1989-01-28,Reggae,1
1989-01-28,RnB,14
1989-01-28,Rock,47
1989-02-04,Electronic,3
1989-02-04,Folk,1
1989-02-04,HipHop,1
1989-02-04,Jazz,4
1989-02-04,Pop,24
1989-02-04,RnB,14
1989-02-04,Rock,46
1989-02-11,Electronic,3
1989-02-11,Folk,1
1989-02-11,HipHop,1
1989-02-11,Jazz,4
1989-02-11,Pop,26
1989-02-11,RnB,16
1989-02-11,Rock,42
1989-02-18,Electronic,3
1989-02-18,Folk,1
1989-02-18,HipHop,1
1989-02-18,Jazz,4
1989-02-18,Pop,26
1989-02-18,RnB,16
1989-02-18,Rock,43
1989-02-25,Electronic,3
1989-02-25,Folk,1
1989-02-25,HipHop,1
1989-02-25,Jazz,2
1989-02-25,Pop,28
1989-02-25,RnB,15
1989-02-25,Rock,40
1989-03-04,Electronic,4
1989-03-04,Folk,1
1989-03-04,HipHop,1
1989-03-04,Jazz,2
1989-03-04,Pop,25
1989-03-04,RnB,14
1989-03-04,Rock,43
1989-03-11,Electronic,4
1989-03-11,Folk,1
1989-03-11,HipHop,1
1989-03-11,Jazz,2
1989-03-11,Pop,26
1989-03-11,RnB,13
1989-03-11,Rock,43
1989-03-18,Electronic,3
1989-03-18,Folk,1
1989-03-18,HipHop,1
1989-03-18,Jazz,2
1989-03-18,Pop,28
1989-03-18,RnB,14
1989-03-18,Rock,41
1989-03-25,Electronic,2
1989-03-25,Folk,1
1989-03-25,HipHop,1
1989-03-25,Jazz,2
1989-03-25,Pop,29
1989-03-25,RnB,15
1989-03-25,Rock,38
1989-04-01,Electronic,2
1989-04-01,Folk,1
1989-04-01,HipHop,2
1989-04-01,Jazz,2
1989-04-01,Pop,33
1989-04-01,RnB,15
1989-04-01,Rock,33
1989-04-08,Electronic,2
1989-04-08,Folk,1
1989-04-08,HipHop,2
1989-04-08,Jazz,1
1989-04-08,Pop,33
1989-04-08,RnB,13
1989-04-08,Rock,36
1989-04-15,Electronic,2
1989-04-15,Folk,1
1989-04-15,HipHop,2
1989-04-15,Jazz,1
1989-04-15,Pop,32
1989-04-15,RnB,15
1989-04-15,Rock,34
1989-04-22,Electronic,2
1989-04-22,Folk,1
1989-04-22,HipHop,2
1989-04-22,Jazz,1
1989-04-22,Pop,31
1989-04-22,RnB,14
1989-04-22,Rock,36
1989-04-29,Electronic,2
1989-04-29,Folk,1
1989-04-29,HipHop,2
1989-04-29,Jazz,1
1989-04-29,Pop,29
1989-04-29,RnB,14
1989-04-29,Rock,39
1989-05-06,Electronic,2
1989-05-06,Folk,1
1989-05-06,HipHop,2
1989-05-06,Jazz,1
1989-05-06,Pop,30
1989-05-06,RnB,14
1989-05-06,Rock,39
1989-05-13,Electronic,2
1989-05-13,Folk,1
1989-05-13,HipHop,2
1989-05-13,Jazz,1
1989-05-13,Pop,30
1989-05-13,RnB,12
1989-05-13,Rock,43
1989-05-20,Electronic,1
1989-05-20,HipHop,2
1989-05-20,Jazz,1
1989-05-20,Pop,29
1989-05-20,RnB,11
1989-05-20,Rock,46
1989-05-27,Electronic,1
1989-05-27,HipHop,4
1989-05-27,Jazz,1
1989-05-27,Pop,28
1989-05-27,RnB,11
1989-05-27,Rock,45
1989-06-03,Electronic,1
1989-06-03,HipHop,7
1989-06-03,Jazz,1
1989-06-03,Pop,27
1989-06-03,RnB,12
1989-06-03,Rock,42
1989-06-10,Electronic,1
1989-06-10,HipHop,8
1989-06-10,Jazz,1
1989-06-10,Pop,28
1989-06-10,RnB,12
1989-06-10,Rock,40
1989-06-17,Electronic,1
1989-06-17,HipHop,8
1989-06-17,Pop,30
1989-06-17,RnB,12
1989-06-17,Rock,39
1989-06-24,Electronic,2
1989-06-24,HipHop,8
1989-06-24,Pop,28
1989-06-24,RnB,14
1989-06-24,Rock,38
1989-07-01,Electronic,2
1989-07-01,HipHop,8
1989-07-01,Pop,26
1989-07-01,RnB,14
1989-07-01,Rock,41
1989-07-08,Electronic,2
1989-07-08,HipHop,7
1989-07-08,Pop,23
1989-07-08,RnB,15
1989-07-08,Rock,44
1989-07-15,Electronic,2
1989-07-15,HipHop,7
1989-07-15,Pop,23
1989-07-15,RnB,14
1989-07-15,Rock,45
1989-07-22,Electronic,1
1989-07-22,HipHop,7
1989-07-22,Pop,25
1989-07-22,RnB,11
1989-07-22,Rock,46
1989-07-29,Electronic,1
1989-07-29,HipHop,7
1989-07-29,Pop,21
1989-07-29,RnB,11
1989-07-29,Rock,48
1989-08-05,Electronic,1
1989-08-05,HipHop,8
1989-08-05,Pop,20
1989-08-05,RnB,11
1989-08-05,Rock,49
1989-08-12,HipHop,8
1989-08-12,Pop,19
1989-08-12,RnB,12
1989-08-12,Rock,51
1989-08-19,HipHop,8
1989-08-19,Pop,21
1989-08-19,RnB,12
1989-08-19,Rock,49
1989-08-26,Electronic,1
1989-08-26,HipHop,7
1989-08-26,Pop,21
1989-08-26,RnB,11
1989-08-26,Rock,51
1989-09-02,Electronic,1
1989-09-02,HipHop,6
1989-09-02,Pop,20
1989-09-02,RnB,12
1989-09-02,Rock,53
1989-09-09,Electronic,1
1989-09-09,Folk,1
1989-09-09,HipHop,7
1989-09-09,Pop,18
1989-09-09,RnB,13
1989-09-09,Rock,52
1989-09-16,Electronic,1
1989-09-16,Folk,1
1989-09-16,HipHop,6
1989-09-16,Pop,19
1989-09-16,RnB,14
1989-09-16,Rock,51
1989-09-23,Electronic,1
1989-09-23,Folk,1
1989-09-23,HipHop,5
1989-09-23,Pop,19
1989-09-23,RnB,16
1989-09-23,Rock,50
1989-09-30,Electronic,1
1989-09-30,Folk,1
1989-09-30,HipHop,3
1989-09-30,Pop,20
1989-09-30,RnB,16
1989-09-30,Rock,51
1989-10-07,Electronic,1
1989-10-07,Folk,1
1989-10-07,HipHop,4
1989-10-07,Pop,19
1989-10-07,RnB,18
1989-10-07,Rock,49
1989-10-14,Electronic,2
1989-10-14,Folk,1
1989-10-14,HipHop,3
1989-10-14,Pop,20
1989-10-14,RnB,19
1989-10-14,Rock,48
1989-10-21,Electronic,2
1989-10-21,Folk,1
1989-10-21,HipHop,4
1989-10-21,Pop,20
1989-10-21,RnB,19
1989-10-21,Rock,49
1989-10-28,Electronic,2
1989-10-28,Folk,1
1989-10-28,HipHop,3
1989-10-28,Pop,21
1989-10-28,RnB,18
1989-10-28,Rock,49
1989-11-04,Electronic,2
1989-11-04,Folk,1
1989-11-04,HipHop,4
1989-11-04,Pop,18
1989-11-04,RnB,18
1989-11-04,Rock,51
1989-11-11,Electronic,2
1989-11-11,Folk,1
1989-11-11,HipHop,4
1989-11-11,Pop,18
1989-11-11,RnB,16
1989-11-11,Rock,51
1989-11-18,Electronic,2
1989-11-18,Folk,1
1989-11-18,HipHop,4
1989-11-18,Pop,16
1989-11-18,RnB,17
1989-11-18,Rock,51
1989-11-25,Electronic,2
1989-11-25,Folk,1
1989-11-25,HipHop,4
1989-11-25,Pop,16
1989-11-25,RnB,15
1989-11-25,Rock,55
1989-12-02,Electronic,2
1989-12-02,Folk,1
1989-12-02,HipHop,4
1989-12-02,Pop,15
1989-12-02,RnB,16
1989-12-02,Rock,55
1989-12-09,Electronic,2
1989-12-09,Folk,1
1989-12-09,HipHop,5
1989-12-09,Pop,17
1989-12-09,Reggae,1
1989-12-09,RnB,16
1989-12-09,Rock,52
1989-12-16,Electronic,3
1989-12-16,Folk,1
1989-12-16,HipHop,5
1989-12-16,Pop,18
1989-12-16,Reggae,1
1989-12-16,RnB,14
1989-12-16,Rock,50
1989-12-23,Electronic,3
1989-12-23,Folk,1
1989-12-23,HipHop,5
1989-12-23,Pop,18
1989-12-23,Reggae,1
1989-12-23,RnB,15
1989-12-23,Rock,48
1989-12-30,Electronic,3
1989-12-30,Folk,1
1989-12-30,HipHop,5
1989-12-30,Pop,18
1989-12-30,Reggae,1
1989-12-30,RnB,15
1989-12-30,Rock,48
1990-01-06,Electronic,3
1990-01-06,Folk,1
1990-01-06,HipHop,4
1990-01-06,Jazz,1
1990-01-06,Pop,18
1990-01-06,Reggae,1
1990-01-06,RnB,15
1990-01-06,Rock,51
1990-01-13,Electronic,3
1990-01-13,HipHop,4
1990-01-13,Jazz,1
1990-01-13,Pop,18
1990-01-13,Reggae,1
1990-01-13,RnB,14
1990-01-13,Rock,53
1990-01-20,Electronic,3
1990-01-20,HipHop,3
1990-01-20,Jazz,1
1990-01-20,Pop,17
1990-01-20,Reggae,1
1990-01-20,RnB,13
1990-01-20,Rock,54
1990-01-27,Electronic,5
1990-01-27,HipHop,3
1990-01-27,Jazz,1
1990-01-27,Pop,15
1990-01-27,Reggae,1
1990-01-27,RnB,14
1990-01-27,Rock,53
1990-02-03,Electronic,5
1990-02-03,HipHop,3
1990-02-03,Jazz,1
1990-02-03,Pop,18
1990-02-03,Reggae,1
1990-02-03,RnB,16
1990-02-03,Rock,50
1990-02-10,Electronic,5
1990-02-10,HipHop,3
1990-02-10,Jazz,1
1990-02-10,Pop,17
1990-02-10,Reggae,1
1990-02-10,RnB,18
1990-02-10,Rock,49
1990-02-17,Electronic,5
1990-02-17,HipHop,3
1990-02-17,Jazz,1
1990-02-17,Pop,18
1990-02-17,Reggae,1
1990-02-17,RnB,19
1990-02-17,Rock,47
1990-02-24,Electronic,4
1990-02-24,HipHop,3
1990-02-24,Pop,18
1990-02-24,RnB,23
1990-02-24,Rock,45
1990-03-03,Electronic,4
1990-03-03,HipHop,3
1990-03-03,Latin,1
1990-03-03,Pop,17
1990-03-03,RnB,21
1990-03-03,Rock,47
1990-03-10,Blues,1
1990-03-10,Electronic,4
1990-03-10,HipHop,5
1990-03-10,Latin,1
1990-03-10,Pop,15
1990-03-10,RnB,19
1990-03-10,Rock,46
1990-03-17,Blues,1
1990-03-17,Electronic,4
1990-03-17,HipHop,6
1990-03-17,Latin,1
1990-03-17,Pop,14
1990-03-17,RnB,18
1990-03-17,Rock,47
1990-03-24,Blues,1
1990-03-24,Electronic,4
1990-03-24,HipHop,6
1990-03-24,Latin,1
1990-03-24,Pop,14
1990-03-24,RnB,18
1990-03-24,Rock,48
1990-03-31,Blues,1
1990-03-31,Electronic,3
1990-03-31,HipHop,6
1990-03-31,Latin,1
1990-03-31,Pop,15
1990-03-31,RnB,21
1990-03-31,Rock,45
1990-04-07,Blues,1
1990-04-07,Electronic,3
1990-04-07,HipHop,6
1990-04-07,Jazz,1
1990-04-07,Latin,1
1990-04-07,Pop,16
1990-04-07,RnB,23
1990-04-07,Rock,42
1990-04-14,Blues,1
1990-04-14,Electronic,3
1990-04-14,HipHop,6
1990-04-14,Jazz,1
1990-04-14,Latin,1
1990-04-14,Pop,17
1990-04-14,RnB,23
1990-04-14,Rock,42
1990-04-21,Blues,1
1990-04-21,Electronic,3
1990-04-21,HipHop,6
1990-04-21,Jazz,1
1990-04-21,Latin,1
1990-04-21,Pop,17
1990-04-21,RnB,22
1990-04-21,Rock,43
1990-04-28,Blues,1
1990-04-28,Electronic,4
1990-04-28,Gospel,1
1990-04-28,HipHop,7
1990-04-28,Jazz,1
1990-04-28,Latin,1
1990-04-28,Pop,14
1990-04-28,RnB,21
1990-04-28,Rock,43
1990-05-05,Blues,1
1990-05-05,Electronic,5
1990-05-05,Gospel,1
1990-05-05,HipHop,7
1990-05-05,Jazz,1
1990-05-05,Latin,1
1990-05-05,Pop,13
1990-05-05,RnB,22
1990-05-05,Rock,43
1990-05-12,Electronic,5
1990-05-12,Gospel,1
1990-05-12,HipHop,8
1990-05-12,Jazz,1
1990-05-12,Latin,1
1990-05-12,Pop,13
1990-05-12,RnB,22
1990-05-12,Rock,43
1990-05-19,Blues,1
1990-05-19,Electronic,5
1990-05-19,Gospel,1
1990-05-19,HipHop,8
1990-05-19,Jazz,1
1990-05-19,Latin,2
1990-05-19,Pop,12
1990-05-19,RnB,20
1990-05-19,Rock,45
1990-05-26,Blues,1
1990-05-26,Electronic,5
1990-05-26,Gospel,1
1990-05-26,HipHop,8
1990-05-26,Jazz,1
1990-05-26,Latin,1
1990-05-26,Pop,12
1990-05-26,RnB,23
1990-05-26,Rock,43
1990-06-02,Blues,1
1990-06-02,Electronic,4
1990-06-02,Gospel,1
1990-06-02,HipHop,8
1990-06-02,Jazz,1
1990-06-02,Latin,1
1990-06-02,Pop,10
1990-06-02,RnB,26
1990-06-02,Rock,42
1990-06-09,Electronic,4
1990-06-09,Gospel,1
1990-06-09,HipHop,8
1990-06-09,Jazz,1
1990-06-09,Latin,1
1990-06-09,Pop,10
1990-06-09,RnB,26
1990-06-09,Rock,44
1990-06-16,Electronic,4
1990-06-16,Gospel,1
1990-06-16,HipHop,8
1990-06-16,Jazz,1
1990-06-16,Latin,1
1990-06-16,Pop,10
1990-06-16,RnB,29
1990-06-16,Rock,42
1990-06-23,Country,1
1990-06-23,Electronic,4
1990-06-23,Gospel,1
1990-06-23,HipHop,8
1990-06-23,Jazz,1
1990-06-23,Latin,1
1990-06-23,Pop,9
1990-06-23,RnB,30
1990-06-23,Rock,41
1990-06-30,Country,1
1990-06-30,Electronic,3
1990-06-30,Gospel,1
1990-06-30,HipHop,10
1990-06-30,Latin,1
1990-06-30,Pop,11
1990-06-30,RnB,27
1990-06-30,Rock,42
1990-07-07,Country,1
1990-07-07,Electronic,3
1990-07-07,Gospel,1
1990-07-07,HipHop,10
1990-07-07,Pop,11
1990-07-07,RnB,26
1990-07-07,Rock,43
1990-07-14,Country,1
1990-07-14,Electronic,4
1990-07-14,Gospel,1
1990-07-14,HipHop,11
1990-07-14,Pop,12
1990-07-14,RnB,26
1990-07-14,Rock,39
1990-07-21,Country,1
1990-07-21,Electronic,5
1990-07-21,Gospel,1
1990-07-21,HipHop,11
1990-07-21,Pop,10
1990-07-21,RnB,27
1990-07-21,Rock,37
1990-07-28,Country,1
1990-07-28,Electronic,5
1990-07-28,HipHop,11
1990-07-28,Pop,10
1990-07-28,RnB,27
1990-07-28,Rock,40
1990-08-04,Country,1
1990-08-04,Electronic,6
1990-08-04,HipHop,10
1990-08-04,Pop,10
1990-08-04,RnB,25
1990-08-04,Rock,41
1990-08-11,Country,1
1990-08-11,Electronic,6
1990-08-11,HipHop,12
1990-08-11,Pop,11
1990-08-11,RnB,24
1990-08-11,Rock,38
1990-08-18,Country,1
1990-08-18,Electronic,4
1990-08-18,HipHop,12
1990-08-18,Pop,11
1990-08-18,RnB,25
1990-08-18,Rock,39
1990-08-25,Country,1
1990-08-25,Electronic,3
1990-08-25,HipHop,9
1990-08-25,Pop,12
1990-08-25,RnB,25
1990-08-25,Rock,40
1990-09-01,Country,1
1990-09-01,Electronic,3
1990-09-01,HipHop,10
1990-09-01,Pop,12
1990-09-01,RnB,25
1990-09-01,Rock,37
1990-09-08,Country,1
1990-09-08,Electronic,2
1990-09-08,HipHop,10
1990-09-08,Pop,11
1990-09-08,RnB,23
1990-09-08,Rock,40
1990-09-15,Country,1
1990-09-15,Electronic,2
1990-09-15,HipHop,10
1990-09-15,Pop,11
1990-09-15,Reggae,1
1990-09-15,RnB,22
1990-09-15,Rock,39
1990-09-22,Country,1
1990-09-22,Electronic,2
1990-09-22,HipHop,10
1990-09-22,Pop,13
1990-09-22,Reggae,1
1990-09-22,RnB,20
1990-09-22,Rock,39
1990-09-29,Country,1
1990-09-29,Electronic,2
1990-09-29,HipHop,12
1990-09-29,Pop,11
1990-09-29,Reggae,1
1990-09-29,RnB,21
1990-09-29,Rock,38
1990-10-06,Country,1
1990-10-06,Electronic,4
1990-10-06,HipHop,12
1990-10-06,Pop,11
1990-10-06,Reggae,1
1990-10-06,RnB,21
1990-10-06,Rock,36
1990-10-13,Electronic,4
1990-10-13,HipHop,10
1990-10-13,Pop,12
1990-10-13,Reggae,1
1990-10-13,RnB,24
1990-10-13,Rock,38
1990-10-20,Electronic,4
1990-10-20,HipHop,10
1990-10-20,Pop,11
1990-10-20,Reggae,1
1990-10-20,RnB,25
1990-10-20,Rock,39
1990-10-27,Country,1
1990-10-27,Electronic,4
1990-10-27,HipHop,9
1990-10-27,Pop,11
1990-10-27,Reggae,1
1990-10-27,RnB,22
1990-10-27,Rock,42
1990-11-03,Country,1
1990-11-03,Electronic,4
1990-11-03,HipHop,10
1990-11-03,Pop,11
1990-11-03,Reggae,1
1990-11-03,RnB,23
1990-11-03,Rock,42
1990-11-10,Country,1
1990-11-10,Electronic,3
1990-11-10,HipHop,9
1990-11-10,Pop,11
1990-11-10,Reggae,1
1990-11-10,RnB,21
1990-11-10,Rock,45
1990-11-17,Electronic,4
1990-11-17,HipHop,8
1990-11-17,Pop,15
1990-11-17,Reggae,1
1990-11-17,RnB,22
1990-11-17,Rock,41
1990-11-24,Electronic,3
1990-11-24,HipHop,8
1990-11-24,Pop,16
1990-11-24,Reggae,1
1990-11-24,RnB,23
1990-11-24,Rock,44
1990-12-01,Electronic,3
1990-12-01,HipHop,10
1990-12-01,Pop,14
1990-12-01,Reggae,1
1990-12-01,RnB,24
1990-12-01,Rock,44
1990-12-08,Electronic,2
1990-12-08,HipHop,10
1990-12-08,Pop,14
1990-12-08,Reggae,1
1990-12-08,RnB,25
1990-12-08,Rock,44
1990-12-15,Electronic,2
1990-12-15,Folk,1
1990-12-15,HipHop,8
1990-12-15,Pop,14
1990-12-15,Reggae,1
1990-12-15,RnB,25
1990-12-15,Rock,44
1990-12-22,Electronic,2
1990-12-22,Folk,1
1990-12-22,HipHop,9
1990-12-22,Pop,12
1990-12-22,Reggae,1
1990-12-22,RnB,28
1990-12-22,Rock,42
1990-12-29,Electronic,2
1990-12-29,Folk,1
1990-12-29,HipHop,9
1990-12-29,Pop,12
1990-12-29,Reggae,1
1990-12-29,RnB,28
1990-12-29,Rock,42
1991-01-05,Electronic,2
1991-01-05,Folk,1
1991-01-05,HipHop,10
1991-01-05,Pop,14
1991-01-05,Reggae,1
1991-01-05,RnB,25
1991-01-05,Rock,41
1991-01-12,Electronic,2
1991-01-12,Folk,1
1991-01-12,HipHop,10
1991-01-12,Pop,14
1991-01-12,Reggae,1
1991-01-12,RnB,26
1991-01-12,Rock,39
1991-01-19,Electronic,2
1991-01-19,HipHop,8
1991-01-19,Pop,15
1991-01-19,Reggae,1
1991-01-19,RnB,22
1991-01-19,Rock,42
1991-01-26,Electronic,2
1991-01-26,HipHop,8
1991-01-26,Pop,15
1991-01-26,Reggae,1
1991-01-26,RnB,21
1991-01-26,Rock,43
1991-02-02,Electronic,2
1991-02-02,HipHop,9
1991-02-02,Jazz,1
1991-02-02,Pop,14
1991-02-02,Reggae,1
1991-02-02,RnB,20
1991-02-02,Rock,44
1991-02-09,Electronic,2
1991-02-09,HipHop,9
1991-02-09,Jazz,1
1991-02-09,Pop,13
1991-02-09,Reggae,1
1991-02-09,RnB,20
1991-02-09,Rock,44
1991-02-16,Electronic,3
1991-02-16,HipHop,10
1991-02-16,Jazz,1
1991-02-16,Pop,15
1991-02-16,Reggae,1
1991-02-16,RnB,20
1991-02-16,Rock,40
1991-02-23,Electronic,3
1991-02-23,Gospel,1
1991-02-23,HipHop,9
1991-02-23,Jazz,1
1991-02-23,Pop,14
1991-02-23,Reggae,1
1991-02-23,RnB,22
1991-02-23,Rock,39
1991-03-02,Electronic,4
1991-03-02,Gospel,1
1991-03-02,HipHop,8
1991-03-02,Jazz,1
1991-03-02,Pop,17
1991-03-02,Reggae,1
1991-03-02,RnB,22
1991-03-02,Rock,37
1991-03-09,Electronic,2
1991-03-09,Gospel,1
1991-03-09,HipHop,8
1991-03-09,Jazz,1
1991-03-09,Pop,17
1991-03-09,Reggae,1
1991-03-09,RnB,23
1991-03-09,Rock,37
1991-03-09,World,1
1991-03-16,Electronic,2
1991-03-16,Gospel,1
1991-03-16,HipHop,8
1991-03-16,Jazz,1
1991-03-16,Pop,17
1991-03-16,Reggae,1
1991-03-16,RnB,22
1991-03-16,Rock,37
1991-03-16,World,1
1991-03-23,Electronic,2
1991-03-23,Gospel,1
1991-03-23,HipHop,8
1991-03-23,Jazz,1
1991-03-23,Pop,16
1991-03-23,Reggae,2
1991-03-23,RnB,22
1991-03-23,Rock,39
1991-03-23,World,1
1991-03-30,Electronic,3
1991-03-30,Gospel,1
1991-03-30,HipHop,10
1991-03-30,Jazz,1
1991-03-30,Pop,17
1991-03-30,Reggae,2
1991-03-30,RnB,19
1991-03-30,Rock,36
1991-03-30,World,1
1991-04-06,Electronic,3
1991-04-06,Gospel,1
1991-04-06,HipHop,10
1991-04-06,Jazz,1
1991-04-06,Pop,17
1991-04-06,Reggae,2
1991-04-06,RnB,19
1991-04-06,Rock,35
1991-04-13,Electronic,2
1991-04-13,Gospel,1
1991-04-13,HipHop,10
1991-04-13,Jazz,1
1991-04-13,Pop,16
1991-04-13,Reggae,2
1991-04-13,RnB,22
1991-04-13,Rock,30
1991-04-20,Electronic,2
1991-04-20,Gospel,1
1991-04-20,HipHop,10
1991-04-20,Jazz,1
1991-04-20,Pop,17
1991-04-20,Reggae,2
1991-04-20,RnB,19
1991-04-20,Rock,32
1991-04-27,Electronic,2
1991-04-27,Gospel,1
1991-04-27,HipHop,11
1991-04-27,Jazz,1
1991-04-27,Pop,16
1991-04-27,Reggae,2
1991-04-27,RnB,21
1991-04-27,Rock,31
1991-05-04,Electronic,2
1991-05-04,Gospel,2
1991-05-04,HipHop,11
1991-05-04,Jazz,2
1991-05-04,Pop,16
1991-05-04,Reggae,2
1991-05-04,RnB,21
1991-05-04,Rock,29
1991-05-11,Electronic,3
1991-05-11,Folk,1
1991-05-11,Gospel,2
1991-05-11,HipHop,11
1991-05-11,Jazz,2
1991-05-11,Pop,16
1991-05-11,Reggae,2
1991-05-11,RnB,20
1991-05-11,Rock,28
1991-05-18,Electronic,2
1991-05-18,Folk,1
1991-05-18,Gospel,2
1991-05-18,HipHop,11
1991-05-18,Jazz,2
1991-05-18,Pop,16
1991-05-18,Reggae,2
1991-05-18,RnB,22
1991-05-18,Rock,24
1991-05-25,Electronic,2
1991-05-25,Folk,1
1991-05-25,Gospel,2
1991-05-25,HipHop,10
1991-05-25,Jazz,2
1991-05-25,Pop,16
1991-05-25,Reggae,2
1991-05-25,RnB,23
1991-05-25,Rock,24
1991-06-01,Electronic,3
1991-06-01,Folk,1
1991-06-01,Gospel,2
1991-06-01,HipHop,9
1991-06-01,Jazz,3
1991-06-01,Pop,16
1991-06-01,Reggae,2
1991-06-01,RnB,19
1991-06-01,Rock,26
1991-06-08,Electronic,3
1991-06-08,Gospel,2
1991-06-08,HipHop,9
1991-06-08,Jazz,2
1991-06-08,Pop,16
1991-06-08,Reggae,2
1991-06-08,RnB,18
1991-06-08,Rock,27
1991-06-15,Electronic,3
1991-06-15,Gospel,3
1991-06-15,HipHop,8
1991-06-15,Jazz,2
1991-06-15,Pop,16
1991-06-15,Reggae,2
1991-06-15,RnB,21
1991-06-15,Rock,26
1991-06-22,Electronic,3
1991-06-22,Gospel,3
1991-06-22,HipHop,7
1991-06-22,Jazz,2
1991-06-22,Pop,18
1991-06-22,Reggae,2
1991-06-22,RnB,20
1991-06-22,Rock,28
1991-06-29,Electronic,3
1991-06-29,Gospel,3
1991-06-29,HipHop,9
1991-06-29,Jazz,2
1991-06-29,Pop,16
1991-06-29,Reggae,2
1991-06-29,RnB,19
1991-06-29,Rock,30
1991-07-06,Electronic,3
1991-07-06,Gospel,3
1991-07-06,HipHop,8
1991-07-06,Jazz,2
1991-07-06,Pop,17
1991-07-06,Reggae,2
1991-07-06,RnB,19
1991-07-06,Rock,30
1991-07-13,Electronic,3
1991-07-13,Gospel,3
1991-07-13,HipHop,10
1991-07-13,Jazz,2
1991-07-13,Pop,14
1991-07-13,Reggae,1
1991-07-13,RnB,21
1991-07-13,Rock,33
1991-07-20,Blues,1
1991-07-20,Electronic,3
1991-07-20,Gospel,2
1991-07-20,HipHop,9
1991-07-20,Jazz,1
1991-07-20,Pop,16
1991-07-20,Reggae,1
1991-07-20,RnB,22
1991-07-20,Rock,32
1991-07-27,Blues,1
1991-07-27,Electronic,3
1991-07-27,Gospel,2
1991-07-27,HipHop,9
1991-07-27,Jazz,1
1991-07-27,Pop,15
1991-07-27,Reggae,1
1991-07-27,RnB,24
1991-07-27,Rock,32
1991-08-03,Blues,1
1991-08-03,Electronic,3
1991-08-03,Gospel,2
1991-08-03,HipHop,9
1991-08-03,Jazz,1
1991-08-03,Pop,13
1991-08-03,Reggae,1
1991-08-03,RnB,25
1991-08-03,Rock,32
1991-08-10,Blues,1
1991-08-10,Electronic,3
1991-08-10,Gospel,2
1991-08-10,HipHop,10
1991-08-10,Jazz,1
1991-08-10,Pop,13
1991-08-10,Reggae,1
1991-08-10,RnB,26
1991-08-10,Rock,35
1991-08-17,Blues,1
1991-08-17,Electronic,3
1991-08-17,Gospel,2
1991-08-17,HipHop,10
1991-08-17,Jazz,1
1991-08-17,Pop,13
1991-08-17,Reggae,1
1991-08-17,RnB,27
1991-08-17,Rock,34
1991-08-24,Blues,1
1991-08-24,Electronic,3
1991-08-24,Gospel,2
1991-08-24,HipHop,12
1991-08-24,Jazz,2
1991-08-24,Pop,11
1991-08-24,Reggae,1
1991-08-24,RnB,24
1991-08-24,Rock,36
1991-08-31,Blues,1
1991-08-31,Electronic,2
1991-08-31,Gospel,2
1991-08-31,HipHop,12
1991-08-31,Jazz,1
1991-08-31,Pop,12
1991-08-31,Reggae,1
1991-08-31,RnB,23
1991-08-31,Rock,36
1991-09-07,Blues,1
1991-09-07,Electronic,2
1991-09-07,Gospel,2
1991-09-07,HipHop,13
1991-09-07,Jazz,1
1991-09-07,Pop,11
1991-09-07,Reggae,1
1991-09-07,RnB,24
1991-09-07,Rock,34
1991-09-14,Blues,1
1991-09-14,Electronic,3
1991-09-14,Gospel,3
1991-09-14,HipHop,14
1991-09-14,Jazz,1
1991-09-14,Pop,11
1991-09-14,RnB,21
1991-09-14,Rock,37
1991-09-21,Blues,1
1991-09-21,Electronic,3
1991-09-21,Gospel,3
1991-09-21,HipHop,13
1991-09-21,Jazz,1
1991-09-21,Pop,10
1991-09-21,Reggae,1
1991-09-21,RnB,22
1991-09-21,Rock,36
1991-09-28,Blues,1
1991-09-28,Electronic,2
1991-09-28,Gospel,3
1991-09-28,HipHop,13
1991-09-28,Jazz,1
1991-09-28,Pop,12
1991-09-28,Reggae,1
1991-09-28,RnB,21
1991-09-28,Rock,34
1991-10-05,Blues,1
1991-10-05,Electronic,2
1991-10-05,Gospel,3
1991-10-05,HipHop,14
1991-10-05,Jazz,1
1991-10-05,Pop,12
1991-10-05,Reggae,1
1991-10-05,RnB,19
1991-10-05,Rock,35
1991-10-12,Blues,1
1991-10-12,Electronic,2
1991-10-12,Gospel,3
1991-10-12,HipHop,12
1991-10-12,Jazz,1
1991-10-12,Pop,10
1991-10-12,Reggae,1
1991-10-12,RnB,20
1991-10-12,Rock,38
1991-10-19,Blues,1
1991-10-19,Electronic,2
1991-10-19,Gospel,3
1991-10-19,HipHop,12
1991-10-19,Jazz,1
1991-10-19,Pop,11
1991-10-19,Reggae,1
1991-10-19,RnB,18
1991-10-19,Rock,39
1991-10-26,Blues,1
1991-10-26,Electronic,3
1991-10-26,Gospel,2
1991-10-26,HipHop,10
1991-10-26,Jazz,1
1991-10-26,Pop,12
1991-10-26,Reggae,1
1991-10-26,RnB,21
1991-10-26,Rock,36
1991-11-02,Blues,1
1991-11-02,Electronic,2
1991-11-02,Gospel,2
1991-11-02,HipHop,11
1991-11-02,Jazz,1
1991-11-02,Pop,12
1991-11-02,Reggae,1
1991-11-02,RnB,20
1991-11-02,Rock,38
1991-11-09,Blues,1
1991-11-09,Electronic,3
1991-11-09,Gospel,2
1991-11-09,HipHop,12
1991-11-09,Jazz,1
1991-11-09,Pop,10
1991-11-09,Reggae,1
1991-11-09,RnB,21
1991-11-09,Rock,37
1991-11-16,Blues,1
1991-11-16,Electronic,4
1991-11-16,Gospel,2
1991-11-16,HipHop,13
1991-11-16,Jazz,1
1991-11-16,Pop,10
1991-11-16,Reggae,1
1991-11-16,RnB,21
1991-11-16,Rock,34
1991-11-23,Blues,2
1991-11-23,Electronic,4
1991-11-23,Gospel,2
1991-11-23,HipHop,13
1991-11-23,Jazz,1
1991-11-23,Pop,8
1991-11-23,Reggae,2
1991-11-23,RnB,24
1991-11-23,Rock,32
1991-11-30,Blues,2
1991-11-30,Electronic,4
1991-11-30,Gospel,1
1991-11-30,HipHop,13
1991-11-30,Jazz,1
1991-11-30,Pop,10
1991-11-30,Reggae,2
1991-11-30,RnB,25
1991-11-30,Rock,29
1991-12-07,Blues,1
1991-12-07,Electronic,3
1991-12-07,Gospel,1
1991-12-07,HipHop,14
1991-12-07,Jazz,1
1991-12-07,Pop,10
1991-12-07,Reggae,2
1991-12-07,RnB,23
1991-12-07,Rock,31
1991-12-14,Blues,1
1991-12-14,Electronic,4
1991-12-14,Gospel,1
1991-12-14,HipHop,14
1991-12-14,Jazz,1
1991-12-14,Pop,11
1991-12-14,Reggae,2
1991-12-14,RnB,24
1991-12-14,Rock,30
1991-12-21,Blues,1
1991-12-21,Electronic,4
1991-12-21,Gospel,1
1991-12-21,HipHop,14
1991-12-21,Jazz,1
1991-12-21,Pop,11
1991-12-21,Reggae,2
1991-12-21,RnB,22
1991-12-21,Rock,32
1991-12-28,Blues,1
1991-12-28,Electronic,4
1991-12-28,Gospel,1
1991-12-28,HipHop,14
1991-12-28,Jazz,1
1991-12-28,Pop,11
1991-12-28,Reggae,2
1991-12-28,RnB,22
1991-12-28,Rock,32
1992-01-04,Blues,1
1992-01-04,Electronic,5
1992-01-04,Gospel,1
1992-01-04,HipHop,14
1992-01-04,Jazz,1
1992-01-04,Pop,9
1992-01-04,Reggae,1
1992-01-04,RnB,23
1992-01-04,Rock,34
1992-01-11,Blues,1
1992-01-11,Electronic,5
1992-01-11,Gospel,1
1992-01-11,HipHop,15
1992-01-11,Jazz,1
1992-01-11,Pop,9
1992-01-11,Reggae,1
1992-01-11,RnB,23
1992-01-11,Rock,34
1992-01-18,Blues,1
1992-01-18,Electronic,4
1992-01-18,Gospel,2
1992-01-18,HipHop,15
1992-01-18,Jazz,1
1992-01-18,Pop,10
1992-01-18,Reggae,1
1992-01-18,RnB,22
1992-01-18,Rock,34
1992-01-25,Blues,1
1992-01-25,Electronic,4
1992-01-25,Gospel,2
1992-01-25,HipHop,13
1992-01-25,Pop,11
1992-01-25,Reggae,1
1992-01-25,RnB,23
1992-01-25,Rock,32
1992-02-01,Blues,1
1992-02-01,Electronic,6
1992-02-01,Gospel,2
1992-02-01,HipHop,10
1992-02-01,Pop,12
1992-02-01,Reggae,1
1992-02-01,RnB,26
1992-02-01,Rock,29
1992-02-08,Blues,1
1992-02-08,Electronic,6
1992-02-08,Gospel,3
1992-02-08,HipHop,11
1992-02-08,Pop,13
1992-02-08,RnB,27
1992-02-08,Rock,29
1992-02-15,Blues,1
1992-02-15,Electronic,7
1992-02-15,Gospel,2
1992-02-15,HipHop,11
1992-02-15,Pop,13
1992-02-15,RnB,27
1992-02-15,Rock,30
1992-02-22,Blues,1
1992-02-22,Electronic,7
1992-02-22,Gospel,3
1992-02-22,HipHop,10
1992-02-22,Pop,13
1992-02-22,RnB,27
1992-02-22,Rock,27
1992-02-29,Blues,1
1992-02-29,Electronic,9
1992-02-29,Folk,1
1992-02-29,Gospel,3
1992-02-29,HipHop,11
1992-02-29,Pop,12
1992-02-29,RnB,25
1992-02-29,Rock,27
1992-03-07,Blues,1
1992-03-07,Electronic,9
1992-03-07,Folk,1
1992-03-07,Gospel,3
1992-03-07,HipHop,12
1992-03-07,Jazz,1
1992-03-07,Pop,10
1992-03-07,RnB,26
1992-03-07,Rock,23
1992-03-14,Blues,1
1992-03-14,Electronic,9
1992-03-14,Folk,1
1992-03-14,Gospel,3
1992-03-14,HipHop,13
1992-03-14,Pop,9
1992-03-14,RnB,27
1992-03-14,Rock,24
1992-03-21,Blues,1
1992-03-21,Electronic,13
1992-03-21,Folk,1
1992-03-21,Gospel,3
1992-03-21,HipHop,12
1992-03-21,Pop,9
1992-03-21,RnB,26
1992-03-21,Rock,26
1992-03-28,Blues,1
1992-03-28,Electronic,11
1992-03-28,Folk,1
1992-03-28,Gospel,3
1992-03-28,HipHop,11
1992-03-28,Pop,10
1992-03-28,RnB,27
1992-03-28,Rock,28
1992-04-04,Blues,1
1992-04-04,Electronic,9
1992-04-04,Folk,1
1992-04-04,Gospel,3
1992-04-04,HipHop,13
1992-04-04,Pop,11
1992-04-04,RnB,28
1992-04-04,Rock,29
1992-04-11,Electronic,8
1992-04-11,Folk,1
1992-04-11,Gospel,3
1992-04-11,HipHop,14
1992-04-11,Pop,11
1992-04-11,RnB,29
1992-04-11,Rock,28
1992-04-18,Blues,1
1992-04-18,Electronic,6
1992-04-18,Folk,1
1992-04-18,Gospel,3
1992-04-18,HipHop,13
1992-04-18,Pop,14
1992-04-18,RnB,28
1992-04-18,Rock,29
1992-04-25,Blues,1
1992-04-25,Electronic,3
1992-04-25,Gospel,4
1992-04-25,HipHop,12
1992-04-25,Pop,14
1992-04-25,RnB,31
1992-04-25,Rock,28
1992-05-02,Blues,1
1992-05-02,Electronic,3
1992-05-02,Gospel,4
1992-05-02,HipHop,12
1992-05-02,Pop,13
1992-05-02,RnB,29
1992-05-02,Rock,29
1992-05-09,Blues,1
1992-05-09,Electronic,4
1992-05-09,Gospel,4
1992-05-09,HipHop,12
1992-05-09,Pop,13
1992-05-09,RnB,30
1992-05-09,Rock,27
1992-05-16,Blues,1
1992-05-16,Electronic,4
1992-05-16,Gospel,4
1992-05-16,HipHop,12
1992-05-16,Pop,10
1992-05-16,RnB,30
1992-05-16,Rock,29
1992-05-23,Blues,1
1992-05-23,Electronic,5
1992-05-23,Gospel,4
1992-05-23,HipHop,13
1992-05-23,Pop,11
1992-05-23,RnB,29
1992-05-23,Rock,28
1992-05-30,Blues,1
1992-05-30,Electronic,5
1992-05-30,Gospel,4
1992-05-30,HipHop,13
1992-05-30,Pop,11
1992-05-30,RnB,31
1992-05-30,Rock,25
1992-06-06,Blues,1
1992-06-06,Electronic,4
1992-06-06,Gospel,3
1992-06-06,HipHop,16
1992-06-06,Pop,9
1992-06-06,RnB,33
1992-06-06,Rock,25
1992-06-13,Blues,1
1992-06-13,Electronic,6
1992-06-13,Gospel,2
1992-06-13,HipHop,15
1992-06-13,Pop,9
1992-06-13,Reggae,1
1992-06-13,RnB,32
1992-06-13,Rock,27
1992-06-20,Blues,1
1992-06-20,Electronic,5
1992-06-20,Gospel,2
1992-06-20,HipHop,14
1992-06-20,Jazz,1
1992-06-20,Pop,8
1992-06-20,Reggae,1
1992-06-20,RnB,32
1992-06-20,Rock,28
1992-06-27,Blues,1
1992-06-27,Electronic,4
1992-06-27,Gospel,2
1992-06-27,HipHop,15
1992-06-27,Pop,8
1992-06-27,Reggae,1
1992-06-27,RnB,31
1992-06-27,Rock,29
1992-07-04,Blues,1
1992-07-04,Electronic,4
1992-07-04,Gospel,2
1992-07-04,HipHop,17
1992-07-04,Pop,9
1992-07-04,Reggae,1
1992-07-04,RnB,27
1992-07-04,Rock,28
1992-07-11,Blues,1
1992-07-11,Electronic,4
1992-07-11,Gospel,1
1992-07-11,HipHop,19
1992-07-11,Pop,10
1992-07-11,Reggae,1
1992-07-11,RnB,28
1992-07-11,Rock,29
1992-07-18,Blues,1
1992-07-18,Electronic,3
1992-07-18,Gospel,1
1992-07-18,HipHop,19
1992-07-18,Pop,10
1992-07-18,Reggae,1
1992-07-18,RnB,30
1992-07-18,Rock,29
1992-07-25,Blues,1
1992-07-25,Country,1
1992-07-25,Electronic,3
1992-07-25,Gospel,1
1992-07-25,HipHop,19
1992-07-25,Pop,9
1992-07-25,Reggae,1
1992-07-25,RnB,28
1992-07-25,Rock,30
1992-08-01,Blues,1
1992-08-01,Country,2
1992-08-01,Electronic,3
1992-08-01,Gospel,1
1992-08-01,HipHop,19
1992-08-01,Pop,10
1992-08-01,Reggae,1
1992-08-01,RnB,29
1992-08-01,Rock,27
1992-08-08,Blues,1
1992-08-08,Country,2
1992-08-08,Electronic,3
1992-08-08,Gospel,1
1992-08-08,HipHop,19
1992-08-08,Pop,12
1992-08-08,Reggae,1
1992-08-08,RnB,25
1992-08-08,Rock,29
1992-08-15,Country,2
1992-08-15,Electronic,4
1992-08-15,Gospel,1
1992-08-15,HipHop,18
1992-08-15,Pop,13
1992-08-15,Reggae,1
1992-08-15,RnB,26
1992-08-15,Rock,29
1992-08-22,Country,2
1992-08-22,Electronic,4
1992-08-22,Gospel,1
1992-08-22,HipHop,19
1992-08-22,Pop,13
1992-08-22,Reggae,1
1992-08-22,RnB,23
1992-08-22,Rock,31
1992-08-29,Country,2
1992-08-29,Electronic,4
1992-08-29,Gospel,1
1992-08-29,HipHop,18
1992-08-29,Jazz,1
1992-08-29,Pop,13
1992-08-29,Reggae,1
1992-08-29,RnB,27
1992-08-29,Rock,28
1992-09-05,Country,2
1992-09-05,Electronic,4
1992-09-05,Gospel,1
1992-09-05,HipHop,17
1992-09-05,Jazz,1
1992-09-05,Pop,15
1992-09-05,Reggae,1
1992-09-05,RnB,27
1992-09-05,Rock,29
1992-09-12,Country,2
1992-09-12,Electronic,4
1992-09-12,HipHop,15
1992-09-12,Jazz,2
1992-09-12,Pop,15
1992-09-12,Reggae,1
1992-09-12,RnB,27
1992-09-12,Rock,30
1992-09-19,Country,2
1992-09-19,Electronic,6
1992-09-19,Gospel,1
1992-09-19,HipHop,13
1992-09-19,Jazz,2
1992-09-19,Pop,15
1992-09-19,Reggae,1
1992-09-19,RnB,28
1992-09-19,Rock,28
1992-09-26,Country,2
1992-09-26,Electronic,7
1992-09-26,Gospel,1
1992-09-26,HipHop,12
1992-09-26,Jazz,2
1992-09-26,Pop,14
1992-09-26,Reggae,1
1992-09-26,RnB,30
1992-09-26,Rock,28
1992-10-03,Country,2
1992-10-03,Electronic,7
1992-10-03,Gospel,1
1992-10-03,HipHop,13
1992-10-03,Jazz,2
1992-10-03,Pop,13
1992-10-03,Reggae,1
1992-10-03,RnB,29
1992-10-03,Rock,29
1992-10-10,Country,2
1992-10-10,Electronic,7
1992-10-10,Gospel,1
1992-10-10,HipHop,11
1992-10-10,Jazz,2
1992-10-10,Pop,15
1992-10-10,Reggae,1
1992-10-10,RnB,28
1992-10-10,Rock,30
1992-10-17,Country,2
1992-10-17,Electronic,7
1992-10-17,Gospel,1
1992-10-17,HipHop,11
1992-10-17,Jazz,2
1992-10-17,Pop,16
1992-10-17,Reggae,1
1992-10-17,RnB,27
1992-10-17,Rock,29
1992-10-24,Country,2
1992-10-24,Electronic,7
1992-10-24,Gospel,1
1992-10-24,HipHop,9
1992-10-24,Jazz,2
1992-10-24,Pop,17
1992-10-24,Reggae,1
1992-10-24,RnB,27
1992-10-24,Rock,30
1992-10-31,Country,2
1992-10-31,Electronic,5
1992-10-31,Gospel,1
1992-10-31,HipHop,9
1992-10-31,Jazz,2
1992-10-31,Pop,17
1992-10-31,Reggae,1
1992-10-31,RnB,28
1992-10-31,Rock,30
1992-11-07,Country,1
1992-11-07,Electronic,3
1992-11-07,Gospel,1
1992-11-07,HipHop,9
1992-11-07,Jazz,2
1992-11-07,Pop,17
1992-11-07,Reggae,1
1992-11-07,RnB,29
1992-11-07,Rock,32
1992-11-14,Country,2
1992-11-14,Electronic,3
1992-11-14,Gospel,1
1992-11-14,HipHop,8
1992-11-14,Pop,17
1992-11-14,Reggae,1
1992-11-14,RnB,30
1992-11-14,Rock,31
1992-11-21,Country,2
1992-11-21,Electronic,3
1992-11-21,Gospel,1
1992-11-21,HipHop,9
1992-11-21,Pop,16
1992-11-21,Reggae,1
1992-11-21,RnB,30
1992-11-21,Rock,32
1992-11-28,Country,2
1992-11-28,Electronic,2
1992-11-28,Gospel,1
1992-11-28,HipHop,9
1992-11-28,Pop,17
1992-11-28,Reggae,1
1992-11-28,RnB,31
1992-11-28,Rock,31
1992-12-05,Country,1
1992-12-05,Electronic,1
1992-12-05,Gospel,1
1992-12-05,HipHop,10
1992-12-05,Pop,17
1992-12-05,Reggae,1
1992-12-05,RnB,32
1992-12-05,Rock,30
1992-12-12,Country,1
1992-12-12,Electronic,1
1992-12-12,Gospel,1
1992-12-12,HipHop,12
1992-12-12,Pop,15
1992-12-12,Reggae,1
1992-12-12,RnB,32
1992-12-12,Rock,30
1992-12-19,Country,2
1992-12-19,Electronic,1
1992-12-19,Gospel,1
1992-12-19,HipHop,14
1992-12-19,Jazz,1
1992-12-19,Pop,14
1992-12-19,Reggae,1
1992-12-19,RnB,32
1992-12-19,Rock,28
1992-12-26,Country,1
1992-12-26,Electronic,1
1992-12-26,Gospel,1
1992-12-26,HipHop,12
1992-12-26,Jazz,1
1992-12-26,Pop,16
1992-12-26,Reggae,1
1992-12-26,RnB,31
1992-12-26,Rock,27
1993-01-02,Country,1
1993-01-02,Electronic,1
1993-01-02,Gospel,1
1993-01-02,HipHop,13
1993-01-02,Jazz,1
1993-01-02,Pop,15
1993-01-02,Reggae,2
1993-01-02,RnB,30
1993-01-02,Rock,26
1993-01-09,Country,2
1993-01-09,Electronic,1
1993-01-09,Gospel,1
1993-01-09,HipHop,13
1993-01-09,Jazz,1
1993-01-09,Pop,14
1993-01-09,Reggae,2
1993-01-09,RnB,31
1993-01-09,Rock,25
1993-01-16,Country,2
1993-01-16,Electronic,1
1993-01-16,Gospel,1
1993-01-16,HipHop,13
1993-01-16,Jazz,1
1993-01-16,Pop,13
1993-01-16,Reggae,2
1993-01-16,RnB,30
1993-01-16,Rock,26
1993-01-23,Country,2
1993-01-23,Electronic,2
1993-01-23,Gospel,1
1993-01-23,HipHop,8
1993-01-23,Jazz,1
1993-01-23,Pop,15
1993-01-23,Reggae,2
1993-01-23,RnB,31
1993-01-23,Rock,28
1993-01-30,Country,2
1993-01-30,Electronic,2
1993-01-30,Gospel,1
1993-01-30,HipHop,10
1993-01-30,Jazz,1
1993-01-30,Pop,16
1993-01-30,Reggae,2
1993-01-30,RnB,29
1993-01-30,Rock,27
1993-02-06,Country,2
1993-02-06,Electronic,2
1993-02-06,HipHop,9
1993-02-06,Jazz,1
1993-02-06,Pop,16
1993-02-06,Reggae,2
1993-02-06,RnB,31
1993-02-06,Rock,27
1993-02-13,Country,3
1993-02-13,Electronic,2
1993-02-13,HipHop,10
1993-02-13,Jazz,1
1993-02-13,Pop,14
1993-02-13,Reggae,2
1993-02-13,RnB,31
1993-02-13,Rock,25
1993-02-20,Country,3
1993-02-20,Electronic,2
1993-02-20,HipHop,9
1993-02-20,Jazz,2
1993-02-20,Pop,13
1993-02-20,Reggae,2
1993-02-20,RnB,33
1993-02-20,Rock,26
1993-02-27,Country,3
1993-02-27,Electronic,3
1993-02-27,HipHop,10
1993-02-27,Jazz,2
1993-02-27,Pop,12
1993-02-27,Reggae,2
1993-02-27,RnB,34
1993-02-27,Rock,25
1993-03-06,Country,3
1993-03-06,Electronic,3
1993-03-06,HipHop,11
1993-03-06,Jazz,2
1993-03-06,Pop,15
1993-03-06,Reggae,1
1993-03-06,RnB,35
1993-03-06,Rock,22
1993-03-13,Country,4
1993-03-13,Electronic,4
1993-03-13,Gospel,1
1993-03-13,HipHop,11
1993-03-13,Jazz,2
1993-03-13,Pop,17
1993-03-13,Reggae,1
1993-03-13,RnB,30
1993-03-13,Rock,22
1993-03-20,Country,4
1993-03-20,Electronic,4
1993-03-20,Gospel,1
1993-03-20,HipHop,12
1993-03-20,Jazz,2
1993-03-20,Pop,15
1993-03-20,Reggae,1
1993-03-20,RnB,32
1993-03-20,Rock,21
1993-03-27,Country,5
1993-03-27,Electronic,2
1993-03-27,Gospel,1
1993-03-27,HipHop,15
1993-03-27,Jazz,3
1993-03-27,Pop,15
1993-03-27,Reggae,1
1993-03-27,RnB,31
1993-03-27,Rock,19
1993-04-03,Country,4
1993-04-03,Electronic,2
1993-04-03,Gospel,1
1993-04-03,HipHop,19
1993-04-03,Jazz,3
1993-04-03,Pop,14
1993-04-03,Reggae,1
1993-04-03,RnB,29
1993-04-03,Rock,18
1993-04-10,Country,4
1993-04-10,Electronic,2
1993-04-10,Gospel,1
1993-04-10,HipHop,17
1993-04-10,Jazz,3
1993-04-10,Pop,14
1993-04-10,Reggae,2
1993-04-10,RnB,30
1993-04-10,Rock,19
1993-04-17,Country,5
1993-04-17,Electronic,2
1993-04-17,Gospel,1
1993-04-17,HipHop,17
1993-04-17,Jazz,3
1993-04-17,Pop,14
1993-04-17,Reggae,2
1993-04-17,RnB,30
1993-04-17,Rock,19
1993-04-24,Country,5
1993-04-24,Electronic,2
1993-04-24,Folk,1
1993-04-24,Gospel,1
1993-04-24,HipHop,14
1993-04-24,Jazz,3
1993-04-24,Pop,12
1993-04-24,Reggae,2
1993-04-24,RnB,32
1993-04-24,Rock,22
1993-05-01,Country,4
1993-05-01,Electronic,2
1993-05-01,Folk,1
1993-05-01,HipHop,15
1993-05-01,Jazz,3
1993-05-01,Pop,11
1993-05-01,Reggae,2
1993-05-01,RnB,31
1993-05-01,Rock,23
1993-05-08,Country,5
1993-05-08,Electronic,2
1993-05-08,Folk,2
1993-05-08,HipHop,15
1993-05-08,Jazz,3
1993-05-08,Pop,10
1993-05-08,Reggae,2
1993-05-08,RnB,28
1993-05-08,Rock,24
1993-05-15,Country,6
1993-05-15,Electronic,2
1993-05-15,Folk,2
1993-05-15,HipHop,16
1993-05-15,Jazz,3
1993-05-15,Pop,7
1993-05-15,Reggae,3
1993-05-15,RnB,27
1993-05-15,Rock,23
1993-05-22,Country,6
1993-05-22,Electronic,2
1993-05-22,Folk,2
1993-05-22,HipHop,15
1993-05-22,Jazz,4
1993-05-22,Pop,7
1993-05-22,Reggae,3
1993-05-22,RnB,29
1993-05-22,Rock,22
1993-05-29,Country,6
1993-05-29,Electronic,2
1993-05-29,Folk,2
1993-05-29,HipHop,16
1993-05-29,Jazz,3
1993-05-29,Pop,7
1993-05-29,Reggae,3
1993-05-29,RnB,28
1993-05-29,Rock,21
1993-06-05,Country,6
1993-06-05,Electronic,4
1993-06-05,Folk,2
1993-06-05,HipHop,13
1993-06-05,Jazz,2
1993-06-05,Pop,8
1993-06-05,Reggae,3
1993-06-05,RnB,30
1993-06-05,Rock,21
1993-06-12,Country,7
1993-06-12,Electronic,4
1993-06-12,Folk,2
1993-06-12,HipHop,11
1993-06-12,Jazz,2
1993-06-12,Pop,6
1993-06-12,Reggae,3
1993-06-12,RnB,33
1993-06-12,Rock,22
1993-06-19,Country,6
1993-06-19,Electronic,5
1993-06-19,Folk,2
1993-06-19,HipHop,12
1993-06-19,Jazz,2
1993-06-19,Pop,7
1993-06-19,Reggae,3
1993-06-19,RnB,33
1993-06-19,Rock,21
1993-06-26,Country,6
1993-06-26,Electronic,5
1993-06-26,Folk,2
1993-06-26,HipHop,13
1993-06-26,Jazz,2
1993-06-26,Pop,8
1993-06-26,Reggae,3
1993-06-26,RnB,32
1993-06-26,Rock,21
1993-07-03,Country,5
1993-07-03,Electronic,2
1993-07-03,Folk,2
1993-07-03,HipHop,15
1993-07-03,Jazz,2
1993-07-03,Pop,7
1993-07-03,Reggae,3
1993-07-03,RnB,34
1993-07-03,Rock,24
1993-07-10,Country,3
1993-07-10,Electronic,1
1993-07-10,Folk,2
1993-07-10,Gospel,2
1993-07-10,HipHop,18
1993-07-10,Jazz,3
1993-07-10,Pop,6
1993-07-10,Reggae,3
1993-07-10,RnB,32
1993-07-10,Rock,24
1993-07-17,Country,3
1993-07-17,Electronic,1
1993-07-17,Folk,1
1993-07-17,Gospel,2
1993-07-17,HipHop,18
1993-07-17,Jazz,3
1993-07-17,Pop,8
1993-07-17,Reggae,3
1993-07-17,RnB,33
1993-07-17,Rock,23
1993-07-24,Country,3
1993-07-24,Electronic,1
1993-07-24,Folk,1
1993-07-24,Gospel,2
1993-07-24,HipHop,16
1993-07-24,Jazz,3
1993-07-24,Pop,9
1993-07-24,Reggae,3
1993-07-24,RnB,33
1993-07-24,Rock,25
1993-07-31,Country,3
1993-07-31,Electronic,1
1993-07-31,Folk,1
1993-07-31,Gospel,2
1993-07-31,HipHop,18
1993-07-31,Jazz,3
1993-07-31,Pop,7
1993-07-31,Reggae,3
1993-07-31,RnB,31
1993-07-31,Rock,27
1993-08-07,Country,3
1993-08-07,Electronic,1
1993-08-07,Folk,1
1993-08-07,Gospel,2
1993-08-07,HipHop,16
1993-08-07,Jazz,3
1993-08-07,Pop,7
1993-08-07,Reggae,4
1993-08-07,RnB,31
1993-08-07,Rock,27
1993-08-14,Country,3
1993-08-14,Electronic,1
1993-08-14,Folk,1
1993-08-14,Gospel,2
1993-08-14,HipHop,17
1993-08-14,Jazz,2
1993-08-14,Pop,7
1993-08-14,Reggae,5
1993-08-14,RnB,30
1993-08-14,Rock,27
1993-08-21,Country,3
1993-08-21,Electronic,1
1993-08-21,Folk,1
1993-08-21,Gospel,2
1993-08-21,HipHop,18
1993-08-21,Jazz,2
1993-08-21,Pop,8
1993-08-21,Reggae,5
1993-08-21,RnB,29
1993-08-21,Rock,26
1993-08-28,Country,2
1993-08-28,Electronic,2
1993-08-28,Folk,1
1993-08-28,Gospel,2
1993-08-28,HipHop,17
1993-08-28,Jazz,2
1993-08-28,Pop,6
1993-08-28,Reggae,4
1993-08-28,RnB,32
1993-08-28,Rock,24
1993-09-04,Country,2
1993-09-04,Electronic,2
1993-09-04,Folk,1
1993-09-04,Gospel,2
1993-09-04,HipHop,15
1993-09-04,Jazz,2
1993-09-04,Pop,8
1993-09-04,Reggae,4
1993-09-04,RnB,32
1993-09-04,Rock,24
1993-09-11,Country,1
1993-09-11,Electronic,2
1993-09-11,Folk,1
1993-09-11,Gospel,2
1993-09-11,HipHop,15
1993-09-11,Jazz,2
1993-09-11,Pop,8
1993-09-11,Reggae,4
1993-09-11,RnB,32
1993-09-11,Rock,25
1993-09-18,Country,1
1993-09-18,Electronic,2
1993-09-18,Folk,1
1993-09-18,Gospel,2
1993-09-18,HipHop,14
1993-09-18,Jazz,2
1993-09-18,Pop,10
1993-09-18,Reggae,3
1993-09-18,RnB,33
1993-09-18,Rock,25
1993-09-25,Country,1
1993-09-25,Electronic,2
1993-09-25,Gospel,2
1993-09-25,HipHop,16
1993-09-25,Jazz,2
1993-09-25,Pop,10
1993-09-25,Reggae,3
1993-09-25,RnB,33
1993-09-25,Rock,24
1993-10-02,Country,2
1993-10-02,Electronic,4
1993-10-02,Gospel,2
1993-10-02,HipHop,16
1993-10-02,Jazz,2
1993-10-02,Pop,10
1993-10-02,Reggae,3
1993-10-02,RnB,29
1993-10-02,Rock,26
1993-10-09,Country,5
1993-10-09,Electronic,5
1993-10-09,Gospel,2
1993-10-09,HipHop,18
1993-10-09,Pop,8
1993-10-09,Reggae,4
1993-10-09,RnB,26
1993-10-09,Rock,26
1993-10-16,Country,4
1993-10-16,Electronic,5
1993-10-16,Gospel,2
1993-10-16,HipHop,18
1993-10-16,Pop,8
1993-10-16,Reggae,4
1993-10-16,RnB,30
1993-10-16,Rock,24
1993-10-23,Country,4
1993-10-23,Electronic,4
1993-10-23,Gospel,2
1993-10-23,HipHop,18
1993-10-23,Pop,8
1993-10-23,Reggae,4
1993-10-23,RnB,28
1993-10-23,Rock,24
1993-10-30,Country,3
1993-10-30,Electronic,4
1993-10-30,Gospel,2
1993-10-30,HipHop,18
1993-10-30,Pop,8
1993-10-30,Reggae,4
1993-10-30,RnB,30
1993-10-30,Rock,24
1993-11-06,Country,3
1993-11-06,Electronic,4
1993-11-06,Gospel,2
1993-11-06,HipHop,18
1993-11-06,Pop,10
1993-11-06,Reggae,5
1993-11-06,RnB,28
1993-11-06,Rock,25
1993-11-13,Country,4
1993-11-13,Electronic,4
1993-11-13,Gospel,2
1993-11-13,HipHop,20
1993-11-13,Pop,10
1993-11-13,Reggae,5
1993-11-13,RnB,25
1993-11-13,Rock,24
1993-11-20,Country,4
1993-11-20,Electronic,4
1993-11-20,Gospel,2
1993-11-20,HipHop,21
1993-11-20,Pop,9
1993-11-20,Reggae,5
1993-11-20,RnB,24
1993-11-20,Rock,24
1993-11-27,Country,5
1993-11-27,Electronic,4
1993-11-27,HipHop,21
1993-11-27,Pop,10
1993-11-27,Reggae,5
1993-11-27,RnB,21
1993-11-27,Rock,26
1993-12-04,Country,5
1993-12-04,Electronic,4
1993-12-04,HipHop,22
1993-12-04,Pop,8
1993-12-04,Reggae,4
1993-12-04,RnB,20
1993-12-04,Rock,29
1993-12-11,Country,6
1993-12-11,Electronic,4
1993-12-11,HipHop,22
1993-12-11,Jazz,1
1993-12-11,Pop,7
1993-12-11,Reggae,3
1993-12-11,RnB,22
1993-12-11,Rock,28
1993-12-18,Country,5
1993-12-18,Electronic,4
1993-12-18,HipHop,22
1993-12-18,Jazz,1
1993-12-18,Pop,7
1993-12-18,Reggae,4
1993-12-18,RnB,22
1993-12-18,Rock,28
1993-12-25,Country,5
1993-12-25,Electronic,4
1993-12-25,HipHop,21
1993-12-25,Jazz,1
1993-12-25,Pop,8
1993-12-25,Reggae,4
1993-12-25,RnB,22
1993-12-25,Rock,28
1994-01-01,Country,6
1994-01-01,Electronic,5
1994-01-01,HipHop,18
1994-01-01,Jazz,1
1994-01-01,Pop,11
1994-01-01,Reggae,3
1994-01-01,RnB,21
1994-01-01,Rock,28
1994-01-08,Country,6
1994-01-08,Electronic,4
1994-01-08,HipHop,21
1994-01-08,Jazz,1
1994-01-08,Pop,11
1994-01-08,Reggae,3
1994-01-08,RnB,22
1994-01-08,Rock,27
1994-01-15,Country,6
1994-01-15,Electronic,4
1994-01-15,HipHop,19
1994-01-15,Jazz,1
1994-01-15,Pop,11
1994-01-15,Reggae,3
1994-01-15,RnB,25
1994-01-15,Rock,26
1994-01-22,Country,5
1994-01-22,Electronic,4
1994-01-22,HipHop,20
1994-01-22,Jazz,1
1994-01-22,Pop,10
1994-01-22,Reggae,3
1994-01-22,RnB,25
1994-01-22,Rock,27
1994-01-29,Country,4
1994-01-29,Electronic,4
1994-01-29,Folk,1
1994-01-29,HipHop,19
1994-01-29,Jazz,1
1994-01-29,Pop,10
1994-01-29,Reggae,3
1994-01-29,RnB,24
1994-01-29,Rock,25
1994-02-05,Country,3
1994-02-05,Electronic,4
1994-02-05,Folk,1
1994-02-05,HipHop,19
1994-02-05,Jazz,1
1994-02-05,Pop,10
1994-02-05,Reggae,3
1994-02-05,RnB,26
1994-02-05,Rock,24
1994-02-12,Country,5
1994-02-12,Electronic,4
1994-02-12,Folk,1
1994-02-12,HipHop,19
1994-02-12,Jazz,1
1994-02-12,Pop,10
1994-02-12,Reggae,3
1994-02-12,RnB,24
1994-02-12,Rock,25
1994-02-19,Country,4
1994-02-19,Electronic,4
1994-02-19,Folk,1
1994-02-19,HipHop,21
1994-02-19,Pop,11
1994-02-19,Reggae,4
1994-02-19,RnB,24
1994-02-19,Rock,23
1994-02-26,Country,6
1994-02-26,Electronic,4
1994-02-26,Folk,1
1994-02-26,HipHop,21
1994-02-26,Pop,11
1994-02-26,Reggae,4
1994-02-26,RnB,23
1994-02-26,Rock,23
1994-03-05,Country,7
1994-03-05,Electronic,4
1994-03-05,Folk,1
1994-03-05,HipHop,22
1994-03-05,Pop,11
1994-03-05,Reggae,3
1994-03-05,RnB,22
1994-03-05,Rock,26
1994-03-12,Blues,1
1994-03-12,Country,5
1994-03-12,Electronic,5
1994-03-12,Folk,1
1994-03-12,HipHop,21
1994-03-12,Pop,11
1994-03-12,Reggae,3
1994-03-12,RnB,22
1994-03-12,Rock,26
1994-03-19,Blues,1
1994-03-19,Country,5
1994-03-19,Electronic,4
1994-03-19,Folk,1
1994-03-19,HipHop,20
1994-03-19,Pop,13
1994-03-19,Reggae,3
1994-03-19,RnB,21
1994-03-19,Rock,27
1994-03-26,Blues,1
1994-03-26,Country,4
1994-03-26,Electronic,4
1994-03-26,Folk,1
1994-03-26,HipHop,22
1994-03-26,Pop,13
1994-03-26,Reggae,3
1994-03-26,RnB,21
1994-03-26,Rock,27
1994-04-02,Blues,1
1994-04-02,Country,5
1994-04-02,Electronic,4
1994-04-02,Folk,1
1994-04-02,HipHop,20
1994-04-02,Pop,14
1994-04-02,Reggae,3
1994-04-02,RnB,20
1994-04-02,Rock,27
1994-04-09,Blues,1
1994-04-09,Country,4
1994-04-09,Electronic,4
1994-04-09,Folk,1
1994-04-09,HipHop,21
1994-04-09,Pop,15
1994-04-09,Reggae,3
1994-04-09,RnB,21
1994-04-09,Rock,25
1994-04-16,Blues,1
1994-04-16,Country,4
1994-04-16,Electronic,4
1994-04-16,Folk,1
1994-04-16,HipHop,20
1994-04-16,Pop,15
1994-04-16,Reggae,3
1994-04-16,RnB,21
1994-04-16,Rock,25
1994-04-23,Blues,1
1994-04-23,Country,4
1994-04-23,Electronic,2
1994-04-23,Folk,1
1994-04-23,HipHop,20
1994-04-23,Pop,16
1994-04-23,Reggae,3
1994-04-23,RnB,23
1994-04-23,Rock,24
1994-04-30,Blues,1
1994-04-30,Country,4
1994-04-30,Electronic,4
1994-04-30,Folk,1
1994-04-30,HipHop,20
1994-04-30,Pop,18
1994-04-30,Reggae,3
1994-04-30,RnB,24
1994-04-30,Rock,20
1994-05-07,Blues,1
1994-05-07,Country,2
1994-05-07,Electronic,5
1994-05-07,Folk,2
1994-05-07,HipHop,20
1994-05-07,Pop,20
1994-05-07,Reggae,3
1994-05-07,RnB,23
1994-05-07,Rock,20
1994-05-14,Blues,1
1994-05-14,Country,2
1994-05-14,Electronic,5
1994-05-14,Folk,2
1994-05-14,HipHop,20
1994-05-14,Pop,18
1994-05-14,Reggae,3
1994-05-14,RnB,26
1994-05-14,Rock,21
1994-05-21,Blues,1
1994-05-21,Country,4
1994-05-21,Electronic,6
1994-05-21,Folk,2
1994-05-21,HipHop,18
1994-05-21,Pop,17
1994-05-21,Reggae,2
1994-05-21,RnB,26
1994-05-21,Rock,22
1994-05-28,Blues,1
1994-05-28,Country,4
1994-05-28,Electronic,6
1994-05-28,Folk,2
1994-05-28,HipHop,18
1994-05-28,Jazz,2
1994-05-28,Pop,14
1994-05-28,Reggae,2
1994-05-28,RnB,25
1994-05-28,Rock,22
1994-06-04,Blues,1
1994-06-04,Country,4
1994-06-04,Electronic,5
1994-06-04,Folk,2
1994-06-04,HipHop,16
1994-06-04,Jazz,2
1994-06-04,Pop,14
1994-06-04,Reggae,2
1994-06-04,RnB,24
1994-06-04,Rock,24
1994-06-11,Blues,1
1994-06-11,Country,4
1994-06-11,Electronic,3
1994-06-11,Folk,2
1994-06-11,HipHop,15
1994-06-11,Jazz,2
1994-06-11,Pop,15
1994-06-11,Reggae,2
1994-06-11,RnB,24
1994-06-11,Rock,27
1994-06-18,Blues,1
1994-06-18,Country,4
1994-06-18,Electronic,3
1994-06-18,Folk,2
1994-06-18,HipHop,15
1994-06-18,Jazz,2
1994-06-18,Pop,17
1994-06-18,Reggae,2
1994-06-18,RnB,21
1994-06-18,Rock,28
1994-06-25,Blues,1
1994-06-25,Country,4
1994-06-25,Electronic,3
1994-06-25,Folk,2
1994-06-25,HipHop,13
1994-06-25,Jazz,2
1994-06-25,Pop,16
1994-06-25,Reggae,2
1994-06-25,RnB,23
1994-06-25,Rock,30
1994-07-02,Blues,1
1994-07-02,Country,4
1994-07-02,Electronic,3
1994-07-02,Folk,2
1994-07-02,HipHop,13
1994-07-02,Jazz,2
1994-07-02,Pop,16
1994-07-02,Reggae,2
1994-07-02,RnB,24
1994-07-02,Rock,28
1994-07-09,Blues,1
1994-07-09,Country,4
1994-07-09,Electronic,3
1994-07-09,Folk,2
1994-07-09,Gospel,1
1994-07-09,HipHop,14
1994-07-09,Jazz,2
1994-07-09,Pop,16
1994-07-09,Reggae,2
1994-07-09,RnB,24
1994-07-09,Rock,27
1994-07-16,Blues,1
1994-07-16,Country,5
1994-07-16,Electronic,3
1994-07-16,Folk,1
1994-07-16,Gospel,1
1994-07-16,HipHop,16
1994-07-16,Jazz,2
1994-07-16,Pop,15
1994-07-16,Reggae,2
1994-07-16,RnB,24
1994-07-16,Rock,27
1994-07-23,Blues,1
1994-07-23,Country,4
1994-07-23,Electronic,3
1994-07-23,Folk,1
1994-07-23,Gospel,1
1994-07-23,HipHop,19
1994-07-23,Jazz,2
1994-07-23,Pop,15
1994-07-23,Reggae,3
1994-07-23,RnB,23
1994-07-23,Rock,26
1994-07-30,Country,3
1994-07-30,Electronic,3
1994-07-30,Folk,1
1994-07-30,Gospel,1
1994-07-30,HipHop,19
1994-07-30,Jazz,2
1994-07-30,Pop,16
1994-07-30,Reggae,3
1994-07-30,RnB,24
1994-07-30,Rock,24
1994-08-06,Blues,1
1994-08-06,Country,4
1994-08-06,Electronic,2
1994-08-06,Folk,1
1994-08-06,Gospel,1
1994-08-06,HipHop,17
1994-08-06,Jazz,2
1994-08-06,Pop,15
1994-08-06,Reggae,5
1994-08-06,RnB,24
1994-08-06,Rock,24
1994-08-13,Blues,1
1994-08-13,Country,3
1994-08-13,Electronic,2
1994-08-13,Folk,1
1994-08-13,Gospel,2
1994-08-13,HipHop,15
1994-08-13,Jazz,2
1994-08-13,Pop,15
1994-08-13,Reggae,6
1994-08-13,RnB,22
1994-08-13,Rock,26
1994-08-20,Blues,1
1994-08-20,Country,3
1994-08-20,Electronic,2
1994-08-20,Folk,1
1994-08-20,Gospel,1
1994-08-20,HipHop,14
1994-08-20,Jazz,3
1994-08-20,Pop,16
1994-08-20,Reggae,5
1994-08-20,RnB,23
1994-08-20,Rock,25
1994-08-27,Blues,1
1994-08-27,Country,3
1994-08-27,Electronic,1
1994-08-27,Folk,1
1994-08-27,Gospel,1
1994-08-27,HipHop,14
1994-08-27,Jazz,3
1994-08-27,Pop,16
1994-08-27,Reggae,5
1994-08-27,RnB,23
1994-08-27,Rock,28
1994-09-03,Blues,1
1994-09-03,Country,3
1994-09-03,Electronic,1
1994-09-03,Folk,1
1994-09-03,Gospel,1
1994-09-03,HipHop,13
1994-09-03,Jazz,3
1994-09-03,Pop,16
1994-09-03,Reggae,5
1994-09-03,RnB,25
1994-09-03,Rock,28
1994-09-10,Blues,1
1994-09-10,Country,4
1994-09-10,Electronic,1
1994-09-10,Folk,1
1994-09-10,Gospel,1
1994-09-10,HipHop,13
1994-09-10,Jazz,3
1994-09-10,Pop,15
1994-09-10,Reggae,4
1994-09-10,RnB,26
1994-09-10,Rock,28
1994-09-17,Blues,1
1994-09-17,Country,4
1994-09-17,Electronic,1
1994-09-17,Folk,1
1994-09-17,Gospel,1
1994-09-17,HipHop,14
1994-09-17,Jazz,3
1994-09-17,Pop,16
1994-09-17,Reggae,4
1994-09-17,RnB,26
1994-09-17,Rock,25
1994-09-24,Country,3
1994-09-24,Electronic,1
1994-09-24,Folk,1
1994-09-24,Gospel,1
1994-09-24,HipHop,15
1994-09-24,Jazz,3
1994-09-24,Pop,14
1994-09-24,Reggae,4
1994-09-24,RnB,28
1994-09-24,Rock,25
1994-10-01,Country,3
1994-10-01,Electronic,1
1994-10-01,Folk,1
1994-10-01,Gospel,1
1994-10-01,HipHop,14
1994-10-01,Jazz,3
1994-10-01,Pop,13
1994-10-01,Reggae,4
1994-10-01,RnB,28
1994-10-01,Rock,28
1994-10-08,Country,2
1994-10-08,Folk,1
1994-10-08,Gospel,1
1994-10-08,HipHop,14
1994-10-08,Jazz,3
1994-10-08,Pop,13
1994-10-08,Reggae,3
1994-10-08,RnB,29
1994-10-08,Rock,29
1994-10-15,Country,1
1994-10-15,Folk,1
1994-10-15,Gospel,1
1994-10-15,HipHop,15
1994-10-15,Pop,11
1994-10-15,Reggae,3
1994-10-15,RnB,29
1994-10-15,Rock,31
1994-10-22,Country,2
1994-10-22,Folk,1
1994-10-22,Gospel,1
1994-10-22,HipHop,14
1994-10-22,Jazz,1
1994-10-22,Pop,13
1994-10-22,Reggae,3
1994-10-22,RnB,27
1994-10-22,Rock,31
1994-10-29,Country,3
1994-10-29,Folk,1
1994-10-29,Gospel,1
1994-10-29,HipHop,15
1994-10-29,Jazz,1
1994-10-29,Pop,12
1994-10-29,Reggae,3
1994-10-29,RnB,27
1994-10-29,Rock,30
1994-11-05,Country,4
1994-11-05,Electronic,2
1994-11-05,Folk,1
1994-11-05,Gospel,1
1994-11-05,HipHop,16
1994-11-05,Jazz,1
1994-11-05,Pop,13
1994-11-05,Reggae,3
1994-11-05,RnB,26
1994-11-05,Rock,29
1994-11-12,Country,3
1994-11-12,Electronic,2
1994-11-12,Folk,1
1994-11-12,Gospel,1
1994-11-12,HipHop,16
1994-11-12,Jazz,1
1994-11-12,Pop,13
1994-11-12,Reggae,3
1994-11-12,RnB,25
1994-11-12,Rock,30
1994-11-19,Country,3
1994-11-19,Electronic,2
1994-11-19,Folk,1
1994-11-19,Gospel,1
1994-11-19,HipHop,16
1994-11-19,Jazz,1
1994-11-19,Pop,11
1994-11-19,Reggae,3
1994-11-19,RnB,25
1994-11-19,Rock,31
1994-11-26,Country,2
1994-11-26,Electronic,3
1994-11-26,Folk,1
1994-11-26,Gospel,2
1994-11-26,HipHop,17
1994-11-26,Jazz,1
1994-11-26,Pop,11
1994-11-26,Reggae,3
1994-11-26,RnB,28
1994-11-26,Rock,27
1994-12-03,Country,2
1994-12-03,Electronic,3
1994-12-03,Gospel,2
1994-12-03,HipHop,17
1994-12-03,Jazz,1
1994-12-03,Pop,11
1994-12-03,Reggae,2
1994-12-03,RnB,28
1994-12-03,Rock,29
1994-12-10,Country,1
1994-12-10,Electronic,3
1994-12-10,Gospel,2
1994-12-10,HipHop,16
1994-12-10,Jazz,1
1994-12-10,Pop,8
1994-12-10,Reggae,1
1994-12-10,RnB,30
1994-12-10,Rock,29
1994-12-17,Country,2
1994-12-17,Electronic,3
1994-12-17,Gospel,2
1994-12-17,HipHop,14
1994-12-17,Jazz,1
1994-12-17,Pop,8
1994-12-17,Reggae,1
1994-12-17,RnB,30
1994-12-17,Rock,29
1994-12-24,Country,3
1994-12-24,Electronic,3
1994-12-24,Gospel,2
1994-12-24,HipHop,15
1994-12-24,Jazz,1
1994-12-24,Pop,9
1994-12-24,Reggae,1
1994-12-24,RnB,26
1994-12-24,Rock,30
1994-12-31,Country,3
1994-12-31,Electronic,3
1994-12-31,Gospel,1
1994-12-31,HipHop,15
1994-12-31,Jazz,1
1994-12-31,Pop,9
1994-12-31,Reggae,1
1994-12-31,RnB,27
1994-12-31,Rock,30
1995-01-07,Country,2
1995-01-07,Electronic,3
1995-01-07,Gospel,1
1995-01-07,HipHop,15
1995-01-07,Jazz,1
1995-01-07,Pop,9
1995-01-07,Reggae,1
1995-01-07,RnB,29
1995-01-07,Rock,30
1995-01-14,Country,2
1995-01-14,Electronic,3
1995-01-14,Gospel,1
1995-01-14,HipHop,15
1995-01-14,Jazz,1
1995-01-14,Pop,9
1995-01-14,Reggae,2
1995-01-14,RnB,32
1995-01-14,Rock,27
1995-01-21,Country,2
1995-01-21,Electronic,3
1995-01-21,Gospel,1
1995-01-21,HipHop,16
1995-01-21,Jazz,1
1995-01-21,Pop,10
1995-01-21,Reggae,2
1995-01-21,RnB,29
1995-01-21,Rock,28
1995-01-28,Country,1
1995-01-28,Electronic,4
1995-01-28,Gospel,1
1995-01-28,HipHop,17
1995-01-28,Jazz,1
1995-01-28,Pop,11
1995-01-28,Reggae,2
1995-01-28,RnB,28
1995-01-28,Rock,27
1995-02-04,Country,1
1995-02-04,Electronic,4
1995-02-04,Gospel,1
1995-02-04,HipHop,18
1995-02-04,Jazz,1
1995-02-04,Pop,11
1995-02-04,Reggae,3
1995-02-04,RnB,29
1995-02-04,Rock,23
1995-02-11,Country,1
1995-02-11,Electronic,5
1995-02-11,Gospel,1
1995-02-11,HipHop,17
1995-02-11,Jazz,1
1995-02-11,Pop,10
1995-02-11,Reggae,3
1995-02-11,RnB,30
1995-02-11,Rock,21
1995-02-18,Blues,1
1995-02-18,Country,1
1995-02-18,Electronic,5
1995-02-18,Gospel,1
1995-02-18,HipHop,15
1995-02-18,Jazz,1
1995-02-18,Pop,10
1995-02-18,Reggae,3
1995-02-18,RnB,30
1995-02-18,Rock,21
1995-02-25,Blues,1
1995-02-25,Electronic,5
1995-02-25,Gospel,1
1995-02-25,HipHop,19
1995-02-25,Jazz,1
1995-02-25,Pop,10
1995-02-25,Reggae,3
1995-02-25,RnB,28
1995-02-25,Rock,20
1995-03-04,Blues,1
1995-03-04,Electronic,5
1995-03-04,Gospel,1
1995-03-04,HipHop,19
1995-03-04,Jazz,1
1995-03-04,Pop,11
1995-03-04,Reggae,3
1995-03-04,RnB,30
1995-03-04,Rock,15
1995-03-11,Blues,1
1995-03-11,Electronic,4
1995-03-11,Gospel,1
1995-03-11,HipHop,18
1995-03-11,Pop,11
1995-03-11,Reggae,4
1995-03-11,RnB,28
1995-03-11,Rock,16
1995-03-18,Blues,1
1995-03-18,Electronic,4
1995-03-18,Gospel,1
1995-03-18,HipHop,19
1995-03-18,Pop,9
1995-03-18,Reggae,4
1995-03-18,RnB,28
1995-03-18,Rock,16
1995-03-25,Blues,1
1995-03-25,Electronic,4
1995-03-25,Gospel,1
1995-03-25,HipHop,17
1995-03-25,Pop,11
1995-03-25,Reggae,4
1995-03-25,RnB,25
1995-03-25,Rock,16
1995-04-01,Blues,1
1995-04-01,Country,1
1995-04-01,Electronic,4
1995-04-01,Gospel,1
1995-04-01,HipHop,15
1995-04-01,Pop,11
1995-04-01,Reggae,3
1995-04-01,RnB,26
1995-04-01,Rock,16
1995-04-08,Blues,1
1995-04-08,Country,2
1995-04-08,Electronic,4
1995-04-08,Gospel,1
1995-04-08,HipHop,16
1995-04-08,Pop,10
1995-04-08,Reggae,3
1995-04-08,RnB,27
1995-04-08,Rock,16
1995-04-15,Blues,1
1995-04-15,Country,2
1995-04-15,Electronic,4
1995-04-15,Gospel,1
1995-04-15,HipHop,17
1995-04-15,Pop,9
1995-04-15,Reggae,2
1995-04-15,RnB,27
1995-04-15,Rock,16
1995-04-22,Blues,1
1995-04-22,Country,2
1995-04-22,Electronic,4
1995-04-22,HipHop,16
1995-04-22,Pop,11
1995-04-22,Reggae,2
1995-04-22,RnB,29
1995-04-22,Rock,16
1995-04-29,Blues,1
1995-04-29,Country,2
1995-04-29,Electronic,3
1995-04-29,HipHop,14
1995-04-29,Pop,12
1995-04-29,Reggae,2
1995-04-29,RnB,31
1995-04-29,Rock,18
1995-05-06,Blues,1
1995-05-06,Country,2
1995-05-06,Electronic,3
1995-05-06,HipHop,14
1995-05-06,Pop,12
1995-05-06,Reggae,2
1995-05-06,RnB,31
1995-05-06,Rock,17
1995-05-13,Blues,1
1995-05-13,Country,2
1995-05-13,Electronic,2
1995-05-13,Gospel,1
1995-05-13,HipHop,14
1995-05-13,Pop,12
1995-05-13,RnB,31
1995-05-13,Rock,17
1995-05-20,Blues,1
1995-05-20,Country,2
1995-05-20,Electronic,2
1995-05-20,Gospel,1
1995-05-20,HipHop,14
1995-05-20,Pop,12
1995-05-20,Reggae,1
1995-05-20,RnB,32
1995-05-20,Rock,16
1995-05-27,Blues,1
1995-05-27,Country,2
1995-05-27,Electronic,2
1995-05-27,Gospel,1
1995-05-27,HipHop,14
1995-05-27,Pop,13
1995-05-27,Reggae,1
1995-05-27,RnB,32
1995-05-27,Rock,16
1995-06-03,Blues,1
1995-06-03,Country,2
1995-06-03,Electronic,1
1995-06-03,Gospel,1
1995-06-03,HipHop,13
1995-06-03,Pop,13
1995-06-03,Reggae,1
1995-06-03,RnB,33
1995-06-03,Rock,17
1995-06-10,Blues,1
1995-06-10,Country,1
1995-06-10,Gospel,1
1995-06-10,HipHop,15
1995-06-10,Pop,13
1995-06-10,Reggae,1
1995-06-10,RnB,32
1995-06-10,Rock,19
1995-06-17,Country,1
1995-06-17,Gospel,2
1995-06-17,HipHop,15
1995-06-17,Pop,12
1995-06-17,Reggae,1
1995-06-17,RnB,35
1995-06-17,Rock,18
1995-06-24,Country,1
1995-06-24,Gospel,2
1995-06-24,HipHop,16
1995-06-24,Pop,14
1995-06-24,Reggae,1
1995-06-24,RnB,34
1995-06-24,Rock,18
1995-07-01,Country,1
1995-07-01,Gospel,2
1995-07-01,HipHop,16
1995-07-01,Pop,15
1995-07-01,Reggae,1
1995-07-01,RnB,32
1995-07-01,Rock,19
1995-07-08,Country,1
1995-07-08,Gospel,2
1995-07-08,HipHop,16
1995-07-08,Pop,15
1995-07-08,Reggae,1
1995-07-08,RnB,34
1995-07-08,Rock,18
1995-07-15,Country,1
1995-07-15,Gospel,2
1995-07-15,HipHop,16
1995-07-15,Pop,14
1995-07-15,Reggae,1
1995-07-15,RnB,35
1995-07-15,Rock,18
1995-07-22,Country,1
1995-07-22,Gospel,2
1995-07-22,HipHop,15
1995-07-22,Pop,14
1995-07-22,Reggae,1
1995-07-22,RnB,34
1995-07-22,Rock,19
1995-07-29,Country,1
1995-07-29,Gospel,2
1995-07-29,HipHop,15
1995-07-29,Pop,13
1995-07-29,Reggae,2
1995-07-29,RnB,36
1995-07-29,Rock,19
1995-08-05,Country,1
1995-08-05,Electronic,1
1995-08-05,Folk,1
1995-08-05,Gospel,2
1995-08-05,HipHop,14
1995-08-05,Pop,12
1995-08-05,Reggae,3
1995-08-05,RnB,33
1995-08-05,Rock,20
1995-08-12,Country,2
1995-08-12,Electronic,2
1995-08-12,Folk,1
1995-08-12,Gospel,2
1995-08-12,HipHop,15
1995-08-12,Pop,13
1995-08-12,Reggae,3
1995-08-12,RnB,32
1995-08-12,Rock,17
1995-08-19,Country,2
1995-08-19,Electronic,2
1995-08-19,Folk,1
1995-08-19,Gospel,2
1995-08-19,HipHop,15
1995-08-19,Pop,12
1995-08-19,Reggae,3
1995-08-19,RnB,32
1995-08-19,Rock,19
1995-08-26,Country,4
1995-08-26,Electronic,2
1995-08-26,Folk,1
1995-08-26,Gospel,2
1995-08-26,HipHop,17
1995-08-26,Pop,12
1995-08-26,Reggae,3
1995-08-26,RnB,30
1995-08-26,Rock,18
1995-09-02,Country,3
1995-09-02,Electronic,2
1995-09-02,Folk,1
1995-09-02,Gospel,2
1995-09-02,HipHop,16
1995-09-02,Pop,13
1995-09-02,Reggae,2
1995-09-02,RnB,30
1995-09-02,Rock,21
1995-09-09,Country,3
1995-09-09,Electronic,2
1995-09-09,Folk,1
1995-09-09,Gospel,2
1995-09-09,HipHop,16
1995-09-09,Pop,14
1995-09-09,Reggae,2
1995-09-09,RnB,29
1995-09-09,Rock,21
1995-09-16,Country,5
1995-09-16,Electronic,2
1995-09-16,Folk,1
1995-09-16,Gospel,1
1995-09-16,HipHop,18
1995-09-16,Pop,13
1995-09-16,Reggae,2
1995-09-16,RnB,29
1995-09-16,Rock,21
1995-09-23,Country,5
1995-09-23,Electronic,2
1995-09-23,Folk,2
1995-09-23,Gospel,1
1995-09-23,HipHop,17
1995-09-23,Pop,12
1995-09-23,Reggae,2
1995-09-23,RnB,29
1995-09-23,Rock,21
1995-09-30,Country,4
1995-09-30,Electronic,4
1995-09-30,Folk,2
1995-09-30,HipHop,18
1995-09-30,Pop,13
1995-09-30,Reggae,2
1995-09-30,RnB,29
1995-09-30,Rock,20
1995-10-07,Country,3
1995-10-07,Electronic,4
1995-10-07,Folk,2
1995-10-07,HipHop,21
1995-10-07,Pop,12
1995-10-07,Reggae,3
1995-10-07,RnB,29
1995-10-07,Rock,20
1995-10-14,Country,3
1995-10-14,Electronic,3
1995-10-14,Folk,2
1995-10-14,HipHop,23
1995-10-14,Pop,11
1995-10-14,Reggae,1
1995-10-14,RnB,28
1995-10-14,Rock,22
1995-10-21,Country,3
1995-10-21,Electronic,4
1995-10-21,Folk,2
1995-10-21,HipHop,24
1995-10-21,Pop,11
1995-10-21,Reggae,1
1995-10-21,RnB,27
1995-10-21,Rock,22
1995-10-28,Country,3
1995-10-28,Electronic,4
1995-10-28,Folk,2
1995-10-28,HipHop,24
1995-10-28,Pop,12
1995-10-28,Reggae,3
1995-10-28,RnB,27
1995-10-28,Rock,18
1995-11-04,Country,2
1995-11-04,Electronic,4
1995-11-04,Folk,2
1995-11-04,HipHop,24
1995-11-04,Pop,10
1995-11-04,Reggae,3
1995-11-04,RnB,27
1995-11-04,Rock,19
1995-11-11,Country,2
1995-11-11,Electronic,4
1995-11-11,Folk,2
1995-11-11,HipHop,24
1995-11-11,Pop,12
1995-11-11,Reggae,3
1995-11-11,RnB,25
1995-11-11,Rock,20
1995-11-18,Country,2
1995-11-18,Electronic,4
1995-11-18,Folk,2
1995-11-18,HipHop,25
1995-11-18,Pop,12
1995-11-18,Reggae,3
1995-11-18,RnB,26
1995-11-18,Rock,20
1995-11-25,Blues,1
1995-11-25,Country,2
1995-11-25,Electronic,4
1995-11-25,Folk,2
1995-11-25,HipHop,23
1995-11-25,Pop,12
1995-11-25,Reggae,3
1995-11-25,RnB,26
1995-11-25,Rock,22
1995-12-02,Blues,1
1995-12-02,Country,2
1995-12-02,Electronic,4
1995-12-02,Folk,2
1995-12-02,HipHop,20
1995-12-02,Pop,11
1995-12-02,Reggae,3
1995-12-02,RnB,24
1995-12-02,Rock,21
1995-12-09,Blues,1
1995-12-09,Country,1
1995-12-09,Electronic,4
1995-12-09,Folk,3
1995-12-09,HipHop,19
1995-12-09,Pop,14
1995-12-09,Reggae,2
1995-12-09,RnB,26
1995-12-09,Rock,22
1995-12-16,Blues,1
1995-12-16,Country,2
1995-12-16,Electronic,4
1995-12-16,Folk,3
1995-12-16,HipHop,19
1995-12-16,Pop,14
1995-12-16,Reggae,2
1995-12-16,RnB,26
1995-12-16,Rock,21
1995-12-23,Country,3
1995-12-23,Electronic,4
1995-12-23,Folk,3
1995-12-23,HipHop,20
1995-12-23,Pop,14
1995-12-23,Reggae,2
1995-12-23,RnB,25
1995-12-23,Rock,21
1995-12-30,Country,3
1995-12-30,Electronic,4
1995-12-30,Folk,3
1995-12-30,HipHop,20
1995-12-30,Pop,12
1995-12-30,Reggae,3
1995-12-30,RnB,25
1995-12-30,Rock,22
1996-01-06,Country,4
1996-01-06,Electronic,4
1996-01-06,Folk,3
1996-01-06,HipHop,21
1996-01-06,Pop,12
1996-01-06,Reggae,2
1996-01-06,RnB,24
1996-01-06,Rock,21
1996-01-13,Country,3
1996-01-13,Electronic,4
1996-01-13,Folk,3
1996-01-13,HipHop,20
1996-01-13,Pop,12
1996-01-13,Reggae,2
1996-01-13,RnB,25
1996-01-13,Rock,21
1996-01-20,Country,3
1996-01-20,Electronic,4
1996-01-20,Folk,3
1996-01-20,HipHop,20
1996-01-20,Pop,12
1996-01-20,Reggae,1
1996-01-20,RnB,23
1996-01-20,Rock,21
1996-01-27,Country,3
1996-01-27,Electronic,4
1996-01-27,Folk,3
1996-01-27,HipHop,19
1996-01-27,Pop,13
1996-01-27,Reggae,1
1996-01-27,RnB,22
1996-01-27,Rock,21
1996-02-03,Country,3
1996-02-03,Electronic,4
1996-02-03,Folk,3
1996-02-03,HipHop,18
1996-02-03,Pop,13
1996-02-03,Reggae,1
1996-02-03,RnB,22
1996-02-03,Rock,22
1996-02-10,Country,2
1996-02-10,Electronic,3
1996-02-10,Folk,2
1996-02-10,HipHop,18
1996-02-10,Pop,13
1996-02-10,Reggae,1
1996-02-10,RnB,24
1996-02-10,Rock,23
1996-02-17,Country,1
1996-02-17,Electronic,2
1996-02-17,Folk,2
1996-02-17,HipHop,17
1996-02-17,Pop,13
1996-02-17,Reggae,1
1996-02-17,RnB,25
1996-02-17,Rock,24
1996-02-24,Country,1
1996-02-24,Electronic,2
1996-02-24,Folk,2
1996-02-24,HipHop,16
1996-02-24,Pop,15
1996-02-24,Reggae,1
1996-02-24,RnB,25
1996-02-24,Rock,24
1996-03-02,Country,1
1996-03-02,Electronic,2
1996-03-02,Folk,2
1996-03-02,HipHop,16
1996-03-02,Pop,14
1996-03-02,Reggae,1
1996-03-02,RnB,24
1996-03-02,Rock,26
1996-03-09,Country,1
1996-03-09,Electronic,2
1996-03-09,Folk,1
1996-03-09,HipHop,17
1996-03-09,Pop,15
1996-03-09,Reggae,1
1996-03-09,RnB,23
1996-03-09,Rock,27
1996-03-16,Country,1
1996-03-16,Electronic,2
1996-03-16,Folk,1
1996-03-16,HipHop,20
1996-03-16,Pop,14
1996-03-16,Reggae,1
1996-03-16,RnB,22
1996-03-16,Rock,27
1996-03-23,Country,1
1996-03-23,Electronic,3
1996-03-23,Folk,1
1996-03-23,HipHop,21
1996-03-23,Pop,14
1996-03-23,Reggae,1
1996-03-23,RnB,23
1996-03-23,Rock,27
1996-03-30,Country,1
1996-03-30,Electronic,3
1996-03-30,Folk,1
1996-03-30,HipHop,22
1996-03-30,Pop,13
1996-03-30,Reggae,1
1996-03-30,RnB,23
1996-03-30,Rock,25
1996-04-06,Country,1
1996-04-06,Electronic,3
1996-04-06,Folk,1
1996-04-06,HipHop,23
1996-04-06,Pop,12
1996-04-06,Reggae,2
1996-04-06,RnB,21
1996-04-06,Rock,26
1996-04-13,Electronic,3
1996-04-13,Folk,1
1996-04-13,HipHop,23
1996-04-13,Pop,11
1996-04-13,Reggae,2
1996-04-13,RnB,20
1996-04-13,Rock,28
1996-04-20,Electronic,2
1996-04-20,Folk,1
1996-04-20,HipHop,22
1996-04-20,Pop,11
1996-04-20,Reggae,2
1996-04-20,RnB,22
1996-04-20,Rock,28
1996-04-27,Country,1
1996-04-27,Electronic,4
1996-04-27,Folk,1
1996-04-27,HipHop,23
1996-04-27,Pop,10
1996-04-27,Reggae,3
1996-04-27,RnB,19
1996-04-27,Rock,28
1996-05-04,Country,1
1996-05-04,Electronic,4
1996-05-04,Folk,1
1996-05-04,HipHop,22
1996-05-04,Pop,11
1996-05-04,Reggae,2
1996-05-04,RnB,21
1996-05-04,Rock,27
1996-05-11,Country,1
1996-05-11,Electronic,5
1996-05-11,Folk,1
1996-05-11,HipHop,22
1996-05-11,Pop,12
1996-05-11,Reggae,2
1996-05-11,RnB,23
1996-05-11,Rock,26
1996-05-18,Country,1
1996-05-18,Electronic,5
1996-05-18,Folk,1
1996-05-18,HipHop,18
1996-05-18,Pop,11
1996-05-18,Reggae,2
1996-05-18,RnB,26
1996-05-18,Rock,29
1996-05-25,Country,1
1996-05-25,Electronic,5
1996-05-25,Folk,1
1996-05-25,HipHop,17
1996-05-25,Pop,11
1996-05-25,Reggae,2
1996-05-25,RnB,25
1996-05-25,Rock,30
1996-06-01,Country,1
1996-06-01,Electronic,7
1996-06-01,Folk,2
1996-06-01,HipHop,16
1996-06-01,Pop,11
1996-06-01,Reggae,1
1996-06-01,RnB,26
1996-06-01,Rock,29
1996-06-08,Country,1
1996-06-08,Electronic,7
1996-06-08,Folk,2
1996-06-08,HipHop,16
1996-06-08,Pop,11
1996-06-08,Reggae,1
1996-06-08,RnB,28
1996-06-08,Rock,28
1996-06-15,Country,1
1996-06-15,Electronic,8
1996-06-15,Folk,3
1996-06-15,HipHop,18
1996-06-15,Pop,9
1996-06-15,Reggae,1
1996-06-15,RnB,27
1996-06-15,Rock,27
1996-06-22,Country,1
1996-06-22,Electronic,8
1996-06-22,Folk,3
1996-06-22,HipHop,18
1996-06-22,Pop,9
1996-06-22,Reggae,1
1996-06-22,RnB,26
1996-06-22,Rock,27
1996-06-29,Country,1
1996-06-29,Electronic,5
1996-06-29,Folk,4
1996-06-29,HipHop,17
1996-06-29,Pop,8
1996-06-29,Reggae,1
1996-06-29,RnB,26
1996-06-29,Rock,29
1996-07-06,Country,1
1996-07-06,Electronic,6
1996-07-06,Folk,4
1996-07-06,HipHop,17
1996-07-06,Pop,8
1996-07-06,RnB,26
1996-07-06,Rock,27
1996-07-13,Country,1
1996-07-13,Electronic,5
1996-07-13,Folk,4
1996-07-13,HipHop,16
1996-07-13,Pop,8
1996-07-13,RnB,29
1996-07-13,Rock,27
1996-07-20,Electronic,5
1996-07-20,Folk,5
1996-07-20,HipHop,17
1996-07-20,Pop,9
1996-07-20,RnB,28
1996-07-20,Rock,29
1996-07-27,Electronic,5
1996-07-27,Folk,5
1996-07-27,HipHop,16
1996-07-27,Pop,9
1996-07-27,RnB,30
1996-07-27,Rock,30
1996-08-03,Electronic,6
1996-08-03,Folk,5
1996-08-03,HipHop,15
1996-08-03,Pop,10
1996-08-03,RnB,30
1996-08-03,Rock,30
1996-08-10,Electronic,5
1996-08-10,Folk,5
1996-08-10,HipHop,16
1996-08-10,Pop,11
1996-08-10,RnB,29
1996-08-10,Rock,29
1996-08-17,Electronic,4
1996-08-17,Folk,5
1996-08-17,HipHop,16
1996-08-17,Pop,14
1996-08-17,RnB,27
1996-08-17,Rock,29
1996-08-24,Electronic,4
1996-08-24,Folk,4
1996-08-24,HipHop,15
1996-08-24,Pop,15
1996-08-24,RnB,29
1996-08-24,Rock,27
1996-08-31,Country,1
1996-08-31,Electronic,3
1996-08-31,Folk,3
1996-08-31,HipHop,16
1996-08-31,Pop,15
1996-08-31,RnB,32
1996-08-31,Rock,27
1996-09-07,Country,1
1996-09-07,Electronic,3
1996-09-07,Folk,3
1996-09-07,HipHop,16
1996-09-07,Pop,16
1996-09-07,RnB,31
1996-09-07,Rock,28
1996-09-14,Country,1
1996-09-14,Electronic,2
1996-09-14,Folk,3
1996-09-14,HipHop,16
1996-09-14,Pop,16
1996-09-14,RnB,33
1996-09-14,Rock,27
1996-09-21,Country,1
1996-09-21,Electronic,2
1996-09-21,Folk,3
1996-09-21,HipHop,16
1996-09-21,Pop,16
1996-09-21,RnB,33
1996-09-21,Rock,25
1996-09-28,Country,1
1996-09-28,Electronic,1
1996-09-28,Folk,3
1996-09-28,HipHop,15
1996-09-28,Pop,16
1996-09-28,RnB,33
1996-09-28,Rock,24
1996-10-05,Country,2
1996-10-05,Electronic,2
1996-10-05,Folk,3
1996-10-05,HipHop,13
1996-10-05,Pop,15
1996-10-05,RnB,33
1996-10-05,Rock,25
1996-10-12,Country,2
1996-10-12,Electronic,3
1996-10-12,Folk,3
1996-10-12,HipHop,12
1996-10-12,Pop,14
1996-10-12,RnB,33
1996-10-12,Rock,25
1996-10-19,Country,2
1996-10-19,Electronic,3
1996-10-19,Folk,3
1996-10-19,HipHop,12
1996-10-19,Pop,15
1996-10-19,RnB,32
1996-10-19,Rock,23
1996-10-26,Country,2
1996-10-26,Electronic,3
1996-10-26,Folk,3
1996-10-26,HipHop,12
1996-10-26,Pop,13
1996-10-26,RnB,34
1996-10-26,Rock,22
1996-11-02,Country,1
1996-11-02,Electronic,3
1996-11-02,Folk,2
1996-11-02,HipHop,12
1996-11-02,Pop,13
1996-11-02,RnB,36
1996-11-02,Rock,23
1996-11-09,Country,1
1996-11-09,Electronic,3
1996-11-09,Folk,2
1996-11-09,HipHop,14
1996-11-09,Pop,9
1996-11-09,RnB,38
1996-11-09,Rock,23
1996-11-16,Country,1
1996-11-16,Electronic,3
1996-11-16,Folk,2
1996-11-16,Gospel,2
1996-11-16,HipHop,14
1996-11-16,Jazz,1
1996-11-16,Pop,9
1996-11-16,RnB,38
1996-11-16,Rock,23
1996-11-23,Country,2
1996-11-23,Electronic,3
1996-11-23,Folk,2
1996-11-23,Gospel,2
1996-11-23,HipHop,13
1996-11-23,Jazz,1
1996-11-23,Pop,8
1996-11-23,RnB,38
1996-11-23,Rock,23
1996-11-30,Country,2
1996-11-30,Electronic,1
1996-11-30,Folk,3
1996-11-30,Gospel,2
1996-11-30,HipHop,15
1996-11-30,Jazz,1
1996-11-30,Pop,8
1996-11-30,RnB,36
1996-11-30,Rock,24
1996-12-07,Country,2
1996-12-07,Electronic,1
1996-12-07,Folk,2
1996-12-07,Gospel,2
1996-12-07,HipHop,15
1996-12-07,Jazz,1
1996-12-07,Pop,9
1996-12-07,RnB,37
1996-12-07,Rock,23
1996-12-14,Country,1
1996-12-14,Electronic,1
1996-12-14,Folk,2
1996-12-14,Gospel,2
1996-12-14,HipHop,15
1996-12-14,Jazz,1
1996-12-14,Pop,9
1996-12-14,RnB,36
1996-12-14,Rock,23
1996-12-21,Country,1
1996-12-21,Electronic,1
1996-12-21,Folk,2
1996-12-21,Gospel,2
1996-12-21,HipHop,14
1996-12-21,Jazz,1
1996-12-21,Pop,12
1996-12-21,RnB,34
1996-12-21,Rock,24
1996-12-28,Country,3
1996-12-28,Electronic,1
1996-12-28,Folk,1
1996-12-28,Gospel,2
1996-12-28,HipHop,16
1996-12-28,Jazz,1
1996-12-28,Pop,11
1996-12-28,RnB,34
1996-12-28,Rock,23
1997-01-04,Country,3
1997-01-04,Electronic,1
1997-01-04,Folk,1
1997-01-04,Gospel,2
1997-01-04,HipHop,17
1997-01-04,Jazz,1
1997-01-04,Pop,11
1997-01-04,RnB,34
1997-01-04,Rock,22
1997-01-11,Country,3
1997-01-11,Electronic,1
1997-01-11,Folk,1
1997-01-11,Gospel,2
1997-01-11,HipHop,17
1997-01-11,Jazz,1
1997-01-11,Pop,10
1997-01-11,RnB,35
1997-01-11,Rock,22
1997-01-18,Country,3
1997-01-18,Electronic,2
1997-01-18,Folk,1
1997-01-18,Gospel,2
1997-01-18,HipHop,17
1997-01-18,Jazz,1
1997-01-18,Pop,9
1997-01-18,RnB,33
1997-01-18,Rock,22
1997-01-25,Country,3
1997-01-25,Electronic,4
1997-01-25,Folk,1
1997-01-25,HipHop,16
1997-01-25,Jazz,1
1997-01-25,Pop,10
1997-01-25,RnB,33
1997-01-25,Rock,22
1997-02-01,Country,2
1997-02-01,Electronic,5
1997-02-01,Folk,1
1997-02-01,HipHop,19
1997-02-01,Jazz,1
1997-02-01,Pop,10
1997-02-01,RnB,29
1997-02-01,Rock,22
1997-02-08,Country,3
1997-02-08,Electronic,6
1997-02-08,Folk,1
1997-02-08,HipHop,20
1997-02-08,Jazz,1
1997-02-08,Pop,9
1997-02-08,RnB,28
1997-02-08,Rock,20
1997-02-15,Country,3
1997-02-15,Electronic,5
1997-02-15,Folk,1
1997-02-15,HipHop,21
1997-02-15,Jazz,1
1997-02-15,Pop,9
1997-02-15,RnB,31
1997-02-15,Rock,18
1997-02-22,Country,2
1997-02-22,Electronic,5
1997-02-22,Folk,1
1997-02-22,HipHop,21
1997-02-22,Pop,11
1997-02-22,RnB,30
1997-02-22,Rock,18
1997-03-01,Country,2
1997-03-01,Electronic,3
1997-03-01,Folk,1
1997-03-01,HipHop,21
1997-03-01,Pop,11
1997-03-01,RnB,31
1997-03-01,Rock,22
1997-03-08,Country,2
1997-03-08,Electronic,3
1997-03-08,Folk,1
1997-03-08,HipHop,21
1997-03-08,Jazz,1
1997-03-08,Pop,10
1997-03-08,RnB,31
1997-03-08,Rock,20
1997-03-15,Country,2
1997-03-15,Electronic,5
1997-03-15,Folk,1
1997-03-15,HipHop,19
1997-03-15,Jazz,1
1997-03-15,Pop,10
1997-03-15,Reggae,1
1997-03-15,RnB,30
1997-03-15,Rock,20
1997-03-22,Country,1
1997-03-22,Electronic,5
1997-03-22,Folk,1
1997-03-22,HipHop,18
1997-03-22,Jazz,1
1997-03-22,Pop,12
1997-03-22,Reggae,1
1997-03-22,RnB,29
1997-03-22,Rock,21
1997-03-29,Country,1
1997-03-29,Electronic,6
1997-03-29,Folk,1
1997-03-29,HipHop,18
1997-03-29,Jazz,1
1997-03-29,Pop,13
1997-03-29,Reggae,1
1997-03-29,RnB,29
1997-03-29,Rock,18
1997-04-05,Country,2
1997-04-05,Electronic,6
1997-04-05,Folk,1
1997-04-05,HipHop,19
1997-04-05,Jazz,1
1997-04-05,Pop,11
1997-04-05,Reggae,1
1997-04-05,RnB,30
1997-04-05,Rock,17
1997-04-12,Country,1
1997-04-12,Electronic,6
1997-04-12,Folk,1
1997-04-12,HipHop,20
1997-04-12,Jazz,1
1997-04-12,Pop,11
1997-04-12,Reggae,1
1997-04-12,RnB,30
1997-04-12,Rock,17
1997-04-19,Country,1
1997-04-19,Electronic,6
1997-04-19,Folk,1
1997-04-19,HipHop,19
1997-04-19,Jazz,1
1997-04-19,Pop,10
1997-04-19,RnB,31
1997-04-19,Rock,17
1997-04-26,Country,1
1997-04-26,Electronic,6
1997-04-26,Folk,1
1997-04-26,HipHop,20
1997-04-26,Jazz,1
1997-04-26,Pop,10
1997-04-26,RnB,29
1997-04-26,Rock,18
1997-05-03,Country,1
1997-05-03,Electronic,7
1997-05-03,Folk,1
1997-05-03,HipHop,18
1997-05-03,Jazz,1
1997-05-03,Pop,9
1997-05-03,RnB,29
1997-05-03,Rock,19
1997-05-10,Country,1
1997-05-10,Electronic,7
1997-05-10,Folk,1
1997-05-10,HipHop,16
1997-05-10,Jazz,1
1997-05-10,Pop,8
1997-05-10,RnB,31
1997-05-10,Rock,19
1997-05-17,Country,2
1997-05-17,Electronic,6
1997-05-17,Folk,1
1997-05-17,HipHop,16
1997-05-17,Jazz,1
1997-05-17,Pop,9
1997-05-17,RnB,31
1997-05-17,Rock,18
1997-05-24,Country,2
1997-05-24,Electronic,6
1997-05-24,Folk,1
1997-05-24,HipHop,15
1997-05-24,Jazz,1
1997-05-24,Pop,11
1997-05-24,RnB,30
1997-05-24,Rock,18
1997-05-31,Country,2
1997-05-31,Electronic,6
1997-05-31,Folk,2
1997-05-31,HipHop,15
1997-05-31,Jazz,1
1997-05-31,Pop,12
1997-05-31,RnB,28
1997-05-31,Rock,19
1997-06-07,Country,2
1997-06-07,Electronic,4
1997-06-07,Folk,2
1997-06-07,HipHop,16
1997-06-07,Jazz,1
1997-06-07,Pop,11
1997-06-07,RnB,27
1997-06-07,Rock,20
1997-06-14,Country,2
1997-06-14,Electronic,3
1997-06-14,Folk,2
1997-06-14,HipHop,16
1997-06-14,Jazz,1
1997-06-14,Pop,12
1997-06-14,RnB,30
1997-06-14,Rock,17
1997-06-21,Country,3
1997-06-21,Electronic,3
1997-06-21,Folk,2
1997-06-21,HipHop,16
1997-06-21,Jazz,1
1997-06-21,Pop,12
1997-06-21,RnB,30
1997-06-21,Rock,16
1997-06-28,Country,2
1997-06-28,Electronic,2
1997-06-28,Folk,2
1997-06-28,HipHop,16
1997-06-28,Jazz,1
1997-06-28,Pop,13
1997-06-28,RnB,31
1997-06-28,Rock,17
1997-07-05,Country,2
1997-07-05,Electronic,3
1997-07-05,Folk,2
1997-07-05,HipHop,13
1997-07-05,Jazz,1
1997-07-05,Pop,12
1997-07-05,RnB,29
1997-07-05,Rock,18
1997-07-12,Country,2
1997-07-12,Electronic,3
1997-07-12,Folk,2
1997-07-12,HipHop,14
1997-07-12,Jazz,1
1997-07-12,Pop,14
1997-07-12,RnB,27
1997-07-12,Rock,18
1997-07-19,Country,2
1997-07-19,Electronic,3
1997-07-19,Folk,1
1997-07-19,HipHop,14
1997-07-19,Pop,13
1997-07-19,RnB,29
1997-07-19,Rock,21
1997-07-26,Country,2
1997-07-26,Electronic,3
1997-07-26,Folk,1
1997-07-26,HipHop,13
1997-07-26,Pop,13
1997-07-26,RnB,30
1997-07-26,Rock,22
1997-08-02,Country,2
1997-08-02,Electronic,3
1997-08-02,Folk,1
1997-08-02,HipHop,14
1997-08-02,Pop,13
1997-08-02,RnB,30
1997-08-02,Rock,21
1997-08-09,Country,3
1997-08-09,Electronic,3
1997-08-09,Folk,1
1997-08-09,HipHop,14
1997-08-09,Pop,12
1997-08-09,RnB,31
1997-08-09,Rock,21
1997-08-16,Country,3
1997-08-16,Electronic,3
1997-08-16,Folk,1
1997-08-16,HipHop,15
1997-08-16,Pop,11
1997-08-16,Reggae,1
1997-08-16,RnB,29
1997-08-16,Rock,21
1997-08-23,Country,3
1997-08-23,Electronic,2
1997-08-23,Folk,1
1997-08-23,HipHop,14
1997-08-23,Pop,11
1997-08-23,Reggae,1
1997-08-23,RnB,32
1997-08-23,Rock,24
1997-08-30,Country,3
1997-08-30,Electronic,5
1997-08-30,Folk,1
1997-08-30,HipHop,13
1997-08-30,Pop,12
1997-08-30,Reggae,2
1997-08-30,RnB,34
1997-08-30,Rock,23
1997-09-06,Country,3
1997-09-06,Electronic,5
1997-09-06,Folk,1
1997-09-06,HipHop,16
1997-09-06,Pop,12
1997-09-06,Reggae,1
1997-09-06,RnB,35
1997-09-06,Rock,22
1997-09-13,Country,2
1997-09-13,Electronic,5
1997-09-13,Folk,2
1997-09-13,HipHop,16
1997-09-13,Pop,14
1997-09-13,Reggae,1
1997-09-13,RnB,32
1997-09-13,Rock,20
1997-09-20,Country,2
1997-09-20,Electronic,4
1997-09-20,Folk,2
1997-09-20,HipHop,17
1997-09-20,Pop,14
1997-09-20,Reggae,1
1997-09-20,RnB,31
1997-09-20,Rock,20
1997-09-27,Country,1
1997-09-27,Electronic,4
1997-09-27,Folk,2
1997-09-27,HipHop,16
1997-09-27,Pop,14
1997-09-27,Reggae,1
1997-09-27,RnB,32
1997-09-27,Rock,19
1997-10-04,Country,3
1997-10-04,Electronic,3
1997-10-04,Folk,2
1997-10-04,HipHop,16
1997-10-04,Pop,14
1997-10-04,Reggae,1
1997-10-04,RnB,35
1997-10-04,Rock,18
1997-10-11,Country,4
1997-10-11,Electronic,4
1997-10-11,Folk,2
1997-10-11,HipHop,14
1997-10-11,Pop,14
1997-10-11,Reggae,1
1997-10-11,RnB,34
1997-10-11,Rock,19
1997-10-18,Country,5
1997-10-18,Electronic,4
1997-10-18,Folk,2
1997-10-18,HipHop,15
1997-10-18,Pop,13
1997-10-18,Reggae,1
1997-10-18,RnB,33
1997-10-18,Rock,17
1997-10-25,Country,5
1997-10-25,Electronic,5
1997-10-25,Folk,2
1997-10-25,HipHop,16
1997-10-25,Pop,14
1997-10-25,Reggae,1
1997-10-25,RnB,32
1997-10-25,Rock,16
1997-11-01,Country,5
1997-11-01,Electronic,5
1997-11-01,Folk,3
1997-11-01,HipHop,16
1997-11-01,Pop,14
1997-11-01,Reggae,1
1997-11-01,RnB,30
1997-11-01,Rock,17
1997-11-08,Country,5
1997-11-08,Electronic,5
1997-11-08,Folk,3
1997-11-08,HipHop,15
1997-11-08,Pop,14
1997-11-08,RnB,30
1997-11-08,Rock,17
1997-11-15,Country,4
1997-11-15,Electronic,5
1997-11-15,Folk,3
1997-11-15,HipHop,15
1997-11-15,Pop,13
1997-11-15,RnB,30
1997-11-15,Rock,17
1997-11-22,Country,5
1997-11-22,Electronic,5
1997-11-22,Folk,2
1997-11-22,Gospel,1
1997-11-22,HipHop,14
1997-11-22,Pop,14
1997-11-22,RnB,29
1997-11-22,Rock,18
1997-11-29,Country,5
1997-11-29,Electronic,5
1997-11-29,Folk,2
1997-11-29,Gospel,1
1997-11-29,HipHop,12
1997-11-29,Pop,14
1997-11-29,RnB,30
1997-11-29,Rock,20
1997-12-06,Country,7
1997-12-06,Electronic,5
1997-12-06,Folk,2
1997-12-06,Gospel,1
1997-12-06,HipHop,13
1997-12-06,Pop,14
1997-12-06,RnB,26
1997-12-06,Rock,22
1997-12-13,Country,9
1997-12-13,Electronic,4
1997-12-13,Folk,2
1997-12-13,Gospel,1
1997-12-13,HipHop,13
1997-12-13,Pop,12
1997-12-13,RnB,27
1997-12-13,Rock,20
1997-12-20,Country,9
1997-12-20,Electronic,5
1997-12-20,Folk,2
1997-12-20,Gospel,1
1997-12-20,HipHop,13
1997-12-20,Pop,13
1997-12-20,RnB,28
1997-12-20,Rock,18
1997-12-27,Country,9
1997-12-27,Electronic,5
1997-12-27,Folk,2
1997-12-27,Gospel,1
1997-12-27,HipHop,14
1997-12-27,Pop,12
1997-12-27,RnB,27
1997-12-27,Rock,19
1998-01-03,Country,10
1998-01-03,Electronic,5
1998-01-03,Folk,3
1998-01-03,Gospel,1
1998-01-03,HipHop,13
1998-01-03,Pop,13
1998-01-03,RnB,26
1998-01-03,Rock,18
1998-01-10,Country,9
1998-01-10,Electronic,6
1998-01-10,Folk,3
1998-01-10,Gospel,1
1998-01-10,HipHop,14
1998-01-10,Jazz,1
1998-01-10,Pop,13
1998-01-10,RnB,24
1998-01-10,Rock,18
1998-01-17,Country,8
1998-01-17,Electronic,5
1998-01-17,Folk,3
1998-01-17,Gospel,1
1998-01-17,HipHop,13
1998-01-17,Pop,15
1998-01-17,RnB,24
1998-01-17,Rock,18
1998-01-24,Country,7
1998-01-24,Electronic,5
1998-01-24,Folk,2
1998-01-24,Gospel,1
1998-01-24,HipHop,12
1998-01-24,Pop,15
1998-01-24,RnB,24
1998-01-24,Rock,19
1998-01-31,Country,7
1998-01-31,Electronic,5
1998-01-31,Folk,2
1998-01-31,Gospel,1
1998-01-31,HipHop,15
1998-01-31,Pop,10
1998-01-31,RnB,24
1998-01-31,Rock,19
1998-02-07,Country,6
1998-02-07,Electronic,5
1998-02-07,Folk,2
1998-02-07,Gospel,1
1998-02-07,HipHop,15
1998-02-07,Pop,11
1998-02-07,Reggae,1
1998-02-07,RnB,25
1998-02-07,Rock,18
1998-02-14,Country,9
1998-02-14,Electronic,4
1998-02-14,Folk,2
1998-02-14,HipHop,16
1998-02-14,Pop,13
1998-02-14,Reggae,1
1998-02-14,RnB,21
1998-02-14,Rock,20
1998-02-21,Country,8
1998-02-21,Electronic,4
1998-02-21,Folk,2
1998-02-21,HipHop,17
1998-02-21,Pop,12
1998-02-21,Reggae,1
1998-02-21,RnB,23
1998-02-21,Rock,19
1998-02-28,Country,10
1998-02-28,Electronic,4
1998-02-28,Folk,1
1998-02-28,HipHop,17
1998-02-28,Pop,13
1998-02-28,Reggae,1
1998-02-28,RnB,20
1998-02-28,Rock,22
1998-03-07,Country,10
1998-03-07,Electronic,4
1998-03-07,Folk,2
1998-03-07,HipHop,14
1998-03-07,Pop,13
1998-03-07,Reggae,1
1998-03-07,RnB,22
1998-03-07,Rock,22
1998-03-14,Country,9
1998-03-14,Electronic,3
1998-03-14,Folk,2
1998-03-14,HipHop,14
1998-03-14,Pop,13
1998-03-14,Reggae,2
1998-03-14,RnB,22
1998-03-14,Rock,21
1998-03-21,Country,9
1998-03-21,Electronic,3
1998-03-21,Folk,2
1998-03-21,HipHop,15
1998-03-21,Pop,14
1998-03-21,Reggae,2
1998-03-21,RnB,22
1998-03-21,Rock,21
1998-03-28,Country,7
1998-03-28,Electronic,4
1998-03-28,Folk,2
1998-03-28,HipHop,17
1998-03-28,Pop,13
1998-03-28,Reggae,2
1998-03-28,RnB,24
1998-03-28,Rock,20
1998-04-04,Country,8
1998-04-04,Electronic,3
1998-04-04,Folk,1
1998-04-04,HipHop,17
1998-04-04,Pop,13
1998-04-04,Reggae,2
1998-04-04,RnB,25
1998-04-04,Rock,20
1998-04-11,Country,7
1998-04-11,Electronic,3
1998-04-11,Folk,1
1998-04-11,HipHop,19
1998-04-11,Pop,12
1998-04-11,Reggae,2
1998-04-11,RnB,25
1998-04-11,Rock,19
1998-04-18,Country,6
1998-04-18,Electronic,3
1998-04-18,Folk,1
1998-04-18,HipHop,18
1998-04-18,Pop,14
1998-04-18,Reggae,1
1998-04-18,RnB,27
1998-04-18,Rock,18
1998-04-25,Country,7
1998-04-25,Electronic,3
1998-04-25,Folk,1
1998-04-25,Gospel,2
1998-04-25,HipHop,18
1998-04-25,Pop,12
1998-04-25,Reggae,1
1998-04-25,RnB,29
1998-04-25,Rock,17
1998-05-02,Country,8
1998-05-02,Electronic,3
1998-05-02,Folk,2
1998-05-02,Gospel,2
1998-05-02,HipHop,19
1998-05-02,Pop,11
1998-05-02,Reggae,1
1998-05-02,RnB,28
1998-05-02,Rock,16
1998-05-09,Country,10
1998-05-09,Electronic,3
1998-05-09,Folk,2
1998-05-09,Gospel,2
1998-05-09,HipHop,19
1998-05-09,Pop,11
1998-05-09,Reggae,1
1998-05-09,RnB,26
1998-05-09,Rock,16
1998-05-16,Country,10
1998-05-16,Electronic,3
1998-05-16,Folk,2
1998-05-16,Gospel,2
1998-05-16,HipHop,19
1998-05-16,Pop,11
1998-05-16,Reggae,1
1998-05-16,RnB,26
1998-05-16,Rock,15
1998-05-23,Country,11
1998-05-23,Electronic,3
1998-05-23,Folk,2
1998-05-23,Gospel,2
1998-05-23,HipHop,17
1998-05-23,Pop,13
1998-05-23,Reggae,1
1998-05-23,RnB,24
1998-05-23,Rock,15
1998-05-30,Country,11
1998-05-30,Electronic,2
1998-05-30,Folk,2
1998-05-30,Gospel,1
1998-05-30,HipHop,17
1998-05-30,Pop,13
1998-05-30,Reggae,1
1998-05-30,RnB,24
1998-05-30,Rock,14
1998-06-06,Country,11
1998-06-06,Electronic,2
1998-06-06,Folk,2
1998-06-06,Gospel,1
1998-06-06,HipHop,16
1998-06-06,Pop,15
1998-06-06,Reggae,1
1998-06-06,RnB,22
1998-06-06,Rock,13
1998-06-13,Country,10
1998-06-13,Electronic,2
1998-06-13,Folk,2
1998-06-13,Gospel,1
1998-06-13,HipHop,15
1998-06-13,Pop,14
1998-06-13,Reggae,1
1998-06-13,RnB,22
1998-06-13,Rock,12
1998-06-20,Country,10
1998-06-20,Electronic,3
1998-06-20,Folk,1
1998-06-20,Gospel,1
1998-06-20,HipHop,14
1998-06-20,Pop,15
1998-06-20,Reggae,1
1998-06-20,RnB,22
1998-06-20,Rock,12
1998-06-27,Country,9
1998-06-27,Electronic,2
1998-06-27,Folk,1
1998-06-27,Gospel,1
1998-06-27,HipHop,16
1998-06-27,Pop,16
1998-06-27,Reggae,1
1998-06-27,RnB,22
1998-06-27,Rock,12
1998-07-04,Country,10
1998-07-04,Electronic,2
1998-07-04,Folk,1
1998-07-04,HipHop,15
1998-07-04,Pop,17
1998-07-04,Reggae,1
1998-07-04,RnB,20
1998-07-04,Rock,14
1998-07-11,Country,9
1998-07-11,Electronic,2
1998-07-11,Folk,1
1998-07-11,Gospel,1
1998-07-11,HipHop,16
1998-07-11,Pop,18
1998-07-11,Reggae,1
1998-07-11,RnB,20
1998-07-11,Rock,15
1998-07-18,Country,10
1998-07-18,Electronic,2
1998-07-18,Folk,1
1998-07-18,Gospel,1
1998-07-18,HipHop,15
1998-07-18,Pop,19
1998-07-18,Reggae,1
1998-07-18,RnB,20
1998-07-18,Rock,15
1998-07-25,Country,10
1998-07-25,Electronic,2
1998-07-25,Gospel,1
1998-07-25,HipHop,14
1998-07-25,Pop,19
1998-07-25,Reggae,1
1998-07-25,RnB,20
1998-07-25,Rock,16
1998-08-01,Country,9
1998-08-01,Electronic,1
1998-08-01,Gospel,1
1998-08-01,HipHop,17
1998-08-01,Pop,20
1998-08-01,Reggae,1
1998-08-01,RnB,19
1998-08-01,Rock,15
1998-08-08,Country,7
1998-08-08,Electronic,1
1998-08-08,Gospel,1
1998-08-08,HipHop,15
1998-08-08,Pop,19
1998-08-08,Reggae,1
1998-08-08,RnB,20
1998-08-08,Rock,15
1998-08-15,Country,7
1998-08-15,Gospel,1
1998-08-15,HipHop,17
1998-08-15,Pop,18
1998-08-15,Reggae,1
1998-08-15,RnB,22
1998-08-15,Rock,14
1998-08-22,Country,6
1998-08-22,Gospel,1
1998-08-22,HipHop,17
1998-08-22,Pop,17
1998-08-22,Reggae,1
1998-08-22,RnB,23
1998-08-22,Rock,14
1998-08-29,Country,6
1998-08-29,Gospel,1
1998-08-29,HipHop,16
1998-08-29,Pop,17
1998-08-29,Reggae,1
1998-08-29,RnB,23
1998-08-29,Rock,14
1998-09-05,Country,5
1998-09-05,Gospel,1
1998-09-05,HipHop,18
1998-09-05,Pop,17
1998-09-05,Reggae,1
1998-09-05,RnB,21
1998-09-05,Rock,15
1998-09-12,Country,4
1998-09-12,Gospel,1
1998-09-12,HipHop,21
1998-09-12,Pop,18
1998-09-12,RnB,20
1998-09-12,Rock,15
1998-09-19,Country,4
1998-09-19,Gospel,1
1998-09-19,HipHop,21
1998-09-19,Pop,17
1998-09-19,RnB,19
1998-09-19,Rock,16
1998-09-26,Country,4
1998-09-26,Gospel,1
1998-09-26,HipHop,21
1998-09-26,Pop,15
1998-09-26,RnB,19
1998-09-26,Rock,18
1998-10-03,Country,2
1998-10-03,HipHop,24
1998-10-03,Pop,14
1998-10-03,RnB,20
1998-10-03,Rock,19
1998-10-10,Country,5
1998-10-10,HipHop,23
1998-10-10,Pop,13
1998-10-10,Reggae,1
1998-10-10,RnB,21
1998-10-10,Rock,18
1998-10-17,Country,6
1998-10-17,HipHop,23
1998-10-17,Pop,12
1998-10-17,Reggae,1
1998-10-17,RnB,24
1998-10-17,Rock,18
1998-10-24,Country,6
1998-10-24,HipHop,24
1998-10-24,Pop,11
1998-10-24,Reggae,1
1998-10-24,RnB,26
1998-10-24,Rock,17
1998-10-31,Country,6
1998-10-31,Electronic,1
1998-10-31,HipHop,22
1998-10-31,Pop,13
1998-10-31,Reggae,1
1998-10-31,RnB,26
1998-10-31,Rock,17
1998-11-07,Country,6
1998-11-07,Electronic,2
1998-11-07,HipHop,23
1998-11-07,Pop,12
1998-11-07,Reggae,1
1998-11-07,RnB,26
1998-11-07,Rock,17
1998-11-14,Country,5
1998-11-14,Electronic,2
1998-11-14,HipHop,21
1998-11-14,Pop,14
1998-11-14,Reggae,1
1998-11-14,RnB,28
1998-11-14,Rock,18
1998-11-21,Country,6
1998-11-21,Electronic,2
1998-11-21,HipHop,20
1998-11-21,Latin,1
1998-11-21,Pop,16
1998-11-21,Reggae,1
1998-11-21,RnB,28
1998-11-21,Rock,16
1998-11-28,Country,6
1998-11-28,Electronic,2
1998-11-28,HipHop,21
1998-11-28,Latin,1
1998-11-28,Pop,15
1998-11-28,RnB,28
1998-11-28,Rock,16
1998-12-05,Country,23
1998-12-05,Folk,1
1998-12-05,Gospel,4
1998-12-05,HipHop,7
1998-12-05,Pop,11
1998-12-05,RnB,30
1998-12-05,Rock,27
1998-12-12,Country,24
1998-12-12,Folk,1
1998-12-12,Gospel,5
1998-12-12,HipHop,6
1998-12-12,Pop,10
1998-12-12,RnB,30
1998-12-12,Rock,27
1998-12-19,Country,24
1998-12-19,Folk,1
1998-12-19,Gospel,5
1998-12-19,HipHop,6
1998-12-19,Pop,9
1998-12-19,Reggae,1
1998-12-19,RnB,30
1998-12-19,Rock,28
1998-12-26,Country,23
1998-12-26,Folk,1
1998-12-26,Gospel,5
1998-12-26,HipHop,6
1998-12-26,Pop,9
1998-12-26,Reggae,1
1998-12-26,RnB,31
1998-12-26,Rock,28
1999-01-02,Country,22
1999-01-02,Folk,1
1999-01-02,Gospel,5
1999-01-02,HipHop,6
1999-01-02,Pop,8
1999-01-02,Reggae,1
1999-01-02,RnB,32
1999-01-02,Rock,28
1999-01-09,Country,18
1999-01-09,Folk,1
1999-01-09,Gospel,4
1999-01-09,HipHop,8
1999-01-09,Pop,8
1999-01-09,Reggae,1
1999-01-09,RnB,35
1999-01-09,Rock,27
1999-01-16,Country,18
1999-01-16,Folk,1
1999-01-16,Gospel,4
1999-01-16,HipHop,8
1999-01-16,Pop,8
1999-01-16,Reggae,1
1999-01-16,RnB,35
1999-01-16,Rock,28
1999-01-23,Country,22
1999-01-23,Folk,1
1999-01-23,Gospel,4
1999-01-23,HipHop,9
1999-01-23,Pop,8
1999-01-23,Reggae,1
1999-01-23,RnB,33
1999-01-23,Rock,24
1999-01-30,Country,22
1999-01-30,Folk,1
1999-01-30,Gospel,4
1999-01-30,HipHop,8
1999-01-30,Pop,9
1999-01-30,Reggae,1
1999-01-30,RnB,32
1999-01-30,Rock,23
1999-02-06,Country,21
1999-02-06,Folk,1
1999-02-06,Gospel,4
1999-02-06,HipHop,9
1999-02-06,Pop,9
1999-02-06,Reggae,1
1999-02-06,RnB,28
1999-02-06,Rock,27
1999-02-13,Country,20
1999-02-13,Folk,1
1999-02-13,Gospel,4
1999-02-13,HipHop,10
1999-02-13,Pop,10
1999-02-13,Reggae,1
1999-02-13,RnB,25
1999-02-13,Rock,27
1999-02-20,Country,19
1999-02-20,Folk,1
1999-02-20,Gospel,4
1999-02-20,HipHop,11
1999-02-20,Pop,11
1999-02-20,Reggae,1
1999-02-20,RnB,27
1999-02-20,Rock,24
1999-02-27,Country,17
1999-02-27,Folk,1
1999-02-27,Gospel,2
1999-02-27,HipHop,11
1999-02-27,Pop,10
1999-02-27,Reggae,1
1999-02-27,RnB,25
1999-02-27,Rock,27
1999-03-06,Country,18
1999-03-06,Folk,1
1999-03-06,Gospel,2
1999-03-06,HipHop,11
1999-03-06,Pop,10
1999-03-06,Reggae,1
1999-03-06,RnB,24
1999-03-06,Rock,28
1999-03-13,Country,17
1999-03-13,Folk,1
1999-03-13,Gospel,3
1999-03-13,HipHop,11
1999-03-13,Pop,8
1999-03-13,Reggae,1
1999-03-13,RnB,25
1999-03-13,Rock,29
1999-03-20,Country,16
1999-03-20,Folk,1
1999-03-20,Gospel,3
1999-03-20,HipHop,13
1999-03-20,Pop,7
1999-03-20,Reggae,1
1999-03-20,RnB,27
1999-03-20,Rock,25
1999-03-27,Country,17
1999-03-27,Gospel,3
1999-03-27,HipHop,13
1999-03-27,Pop,8
1999-03-27,Reggae,1
1999-03-27,RnB,26
1999-03-27,Rock,25
1999-04-03,Country,22
1999-04-03,Gospel,3
1999-04-03,HipHop,14
1999-04-03,Pop,10
1999-04-03,Reggae,1
1999-04-03,RnB,23
1999-04-03,Rock,19
1999-04-10,Country,22
1999-04-10,Gospel,3
1999-04-10,HipHop,15
1999-04-10,Pop,10
1999-04-10,RnB,24
1999-04-10,Rock,20
1999-04-17,Country,21
1999-04-17,Folk,1
1999-04-17,Gospel,3
1999-04-17,HipHop,12
1999-04-17,Pop,12
1999-04-17,RnB,26
1999-04-17,Rock,19
1999-04-24,Country,22
1999-04-24,Folk,1
1999-04-24,Gospel,2
1999-04-24,HipHop,12
1999-04-24,Pop,15
1999-04-24,RnB,25
1999-04-24,Rock,18
1999-05-01,Country,22
1999-05-01,Folk,1
1999-05-01,Gospel,2
1999-05-01,HipHop,10
1999-05-01,Pop,15
1999-05-01,Reggae,1
1999-05-01,RnB,27
1999-05-01,Rock,19
1999-05-08,Country,21
1999-05-08,Folk,1
1999-05-08,Gospel,2
1999-05-08,HipHop,11
1999-05-08,Pop,13
1999-05-08,RnB,28
1999-05-08,Rock,19
1999-05-15,Country,23
1999-05-15,Electronic,1
1999-05-15,Folk,1
1999-05-15,Gospel,2
1999-05-15,HipHop,12
1999-05-15,Pop,11
1999-05-15,RnB,26
1999-05-15,Rock,18
1999-05-22,Country,21
1999-05-22,Electronic,1
1999-05-22,Folk,1
1999-05-22,Gospel,3
1999-05-22,HipHop,12
1999-05-22,Pop,11
1999-05-22,RnB,26
1999-05-22,Rock,18
1999-05-29,Country,20
1999-05-29,Electronic,1
1999-05-29,Gospel,3
1999-05-29,HipHop,11
1999-05-29,Pop,12
1999-05-29,RnB,26
1999-05-29,Rock,21
1999-06-05,Country,22
1999-06-05,Electronic,1
1999-06-05,Gospel,3
1999-06-05,HipHop,11
1999-06-05,Pop,10
1999-06-05,RnB,26
1999-06-05,Rock,23
1999-06-12,Country,22
1999-06-12,Electronic,1
1999-06-12,Gospel,1
1999-06-12,HipHop,11
1999-06-12,Pop,12
1999-06-12,RnB,25
1999-06-12,Rock,24
1999-06-19,Country,23
1999-06-19,Electronic,1
1999-06-19,HipHop,8
1999-06-19,Pop,13
1999-06-19,RnB,28
1999-06-19,Rock,23
1999-06-26,Country,23
1999-06-26,Electronic,1
1999-06-26,HipHop,10
1999-06-26,Pop,12
1999-06-26,RnB,29
1999-06-26,Rock,23
1999-07-03,Country,22
1999-07-03,Electronic,1
1999-07-03,HipHop,10
1999-07-03,Pop,12
1999-07-03,Reggae,1
1999-07-03,RnB,26
1999-07-03,Rock,25
1999-07-10,Country,23
1999-07-10,Electronic,1
1999-07-10,Gospel,2
1999-07-10,HipHop,10
1999-07-10,Pop,13
1999-07-10,Reggae,1
1999-07-10,RnB,25
1999-07-10,Rock,25
1999-07-17,Country,23
1999-07-17,Electronic,2
1999-07-17,Gospel,2
1999-07-17,HipHop,11
1999-07-17,Pop,12
1999-07-17,Reggae,1
1999-07-17,RnB,23
1999-07-17,Rock,24
1999-07-24,Country,21
1999-07-24,Electronic,2
1999-07-24,Gospel,2
1999-07-24,HipHop,12
1999-07-24,Pop,12
1999-07-24,Reggae,1
1999-07-24,RnB,25
1999-07-24,Rock,21
1999-07-31,Country,22
1999-07-31,Electronic,2
1999-07-31,Gospel,2
1999-07-31,HipHop,10
1999-07-31,Jazz,1
1999-07-31,Pop,12
1999-07-31,Reggae,1
1999-07-31,RnB,24
1999-07-31,Rock,23
1999-08-07,Country,23
1999-08-07,Electronic,2
1999-08-07,Gospel,2
1999-08-07,HipHop,10
1999-08-07,Jazz,1
1999-08-07,Pop,12
1999-08-07,Reggae,1
1999-08-07,RnB,23
1999-08-07,Rock,22
1999-08-14,Country,21
1999-08-14,Electronic,2
1999-08-14,Gospel,2
1999-08-14,HipHop,11
1999-08-14,Jazz,1
1999-08-14,Pop,12
1999-08-14,Reggae,1
1999-08-14,RnB,24
1999-08-14,Rock,21
1999-08-21,Country,19
1999-08-21,Electronic,2
1999-08-21,Gospel,2
1999-08-21,HipHop,10
1999-08-21,Jazz,2
1999-08-21,Pop,12
1999-08-21,Reggae,1
1999-08-21,RnB,25
1999-08-21,Rock,22
1999-08-28,Country,19
1999-08-28,Electronic,2
1999-08-28,Gospel,2
1999-08-28,HipHop,11
1999-08-28,Jazz,1
1999-08-28,Pop,12
1999-08-28,Reggae,1
1999-08-28,RnB,26
1999-08-28,Rock,21
1999-09-04,Country,19
1999-09-04,Electronic,2
1999-09-04,Gospel,2
1999-09-04,HipHop,11
1999-09-04,Jazz,1
1999-09-04,Pop,13
1999-09-04,Reggae,1
1999-09-04,RnB,25
1999-09-04,Rock,21
1999-09-11,Country,20
1999-09-11,Electronic,2
1999-09-11,Gospel,2
1999-09-11,HipHop,9
1999-09-11,Jazz,1
1999-09-11,Latin,1
1999-09-11,Pop,15
1999-09-11,Reggae,1
1999-09-11,RnB,23
1999-09-11,Rock,21
1999-09-18,Country,19
1999-09-18,Electronic,2
1999-09-18,Gospel,2
1999-09-18,HipHop,8
1999-09-18,Jazz,1
1999-09-18,Latin,1
1999-09-18,Pop,17
1999-09-18,Reggae,1
1999-09-18,RnB,20
1999-09-18,Rock,22
1999-09-25,Country,18
1999-09-25,Electronic,2
1999-09-25,Gospel,2
1999-09-25,HipHop,9
1999-09-25,Jazz,1
1999-09-25,Latin,1
1999-09-25,Pop,16
1999-09-25,Reggae,1
1999-09-25,RnB,22
1999-09-25,Rock,21
1999-10-02,Country,18
1999-10-02,Electronic,2
1999-10-02,Gospel,2
1999-10-02,HipHop,9
1999-10-02,Jazz,1
1999-10-02,Latin,1
1999-10-02,Pop,16
1999-10-02,Reggae,1
1999-10-02,RnB,22
1999-10-02,Rock,22
1999-10-09,Country,17
1999-10-09,Electronic,2
1999-10-09,Gospel,2
1999-10-09,HipHop,10
1999-10-09,Jazz,1
1999-10-09,Latin,1
1999-10-09,Pop,16
1999-10-09,Reggae,1
1999-10-09,RnB,21
1999-10-09,Rock,21
1999-10-16,Country,19
1999-10-16,Electronic,3
1999-10-16,Gospel,2
1999-10-16,HipHop,10
1999-10-16,Jazz,1
1999-10-16,Latin,1
1999-10-16,Pop,17
1999-10-16,Reggae,1
1999-10-16,RnB,19
1999-10-16,Rock,20
1999-10-23,Country,18
1999-10-23,Electronic,3
1999-10-23,Gospel,2
1999-10-23,HipHop,12
1999-10-23,Jazz,1
1999-10-23,Latin,1
1999-10-23,Pop,15
1999-10-23,RnB,21
1999-10-23,Rock,21
1999-10-30,Country,16
1999-10-30,Electronic,3
1999-10-30,Gospel,2
1999-10-30,HipHop,12
1999-10-30,Jazz,1
1999-10-30,Latin,1
1999-10-30,Pop,16
1999-10-30,RnB,20
1999-10-30,Rock,23
1999-11-06,Country,16
1999-11-06,Electronic,2
1999-11-06,HipHop,11
1999-11-06,Jazz,1
1999-11-06,Latin,1
1999-11-06,Pop,16
1999-11-06,RnB,21
1999-11-06,Rock,24
1999-11-13,Country,16
1999-11-13,Electronic,1
1999-11-13,Gospel,3
1999-11-13,HipHop,11
1999-11-13,Jazz,1
1999-11-13,Latin,1
1999-11-13,Pop,17
1999-11-13,RnB,21
1999-11-13,Rock,23
1999-11-20,Country,15
1999-11-20,Electronic,2
1999-11-20,Gospel,3
1999-11-20,HipHop,11
1999-11-20,Jazz,1
1999-11-20,Latin,1
1999-11-20,Pop,19
1999-11-20,RnB,20
1999-11-20,Rock,22
1999-11-27,Country,14
1999-11-27,Electronic,2
1999-11-27,Gospel,3
1999-11-27,HipHop,12
1999-11-27,Jazz,1
1999-11-27,Latin,1
1999-11-27,Pop,18
1999-11-27,RnB,19
1999-11-27,Rock,24
1999-12-04,Country,15
1999-12-04,Electronic,2
1999-12-04,Gospel,3
1999-12-04,HipHop,12
1999-12-04,Jazz,1
1999-12-04,Latin,1
1999-12-04,Pop,19
1999-12-04,RnB,18
1999-12-04,Rock,24
1999-12-11,Country,13
1999-12-11,Electronic,2
1999-12-11,Gospel,2
1999-12-11,HipHop,11
1999-12-11,Jazz,1
1999-12-11,Latin,1
1999-12-11,Pop,20
1999-12-11,RnB,20
1999-12-11,Rock,23
1999-12-18,Country,13
1999-12-18,Electronic,2
1999-12-18,Gospel,2
1999-12-18,HipHop,12
1999-12-18,Jazz,1
1999-12-18,Latin,1
1999-12-18,Pop,20
1999-12-18,RnB,20
1999-12-18,Rock,22
1999-12-25,Country,14
1999-12-25,Electronic,2
1999-12-25,Gospel,2
1999-12-25,HipHop,12
1999-12-25,Jazz,2
1999-12-25,Latin,1
1999-12-25,Pop,18
1999-12-25,RnB,21
1999-12-25,Rock,21
2000-01-01,Country,14
2000-01-01,Electronic,2
2000-01-01,Gospel,2
2000-01-01,HipHop,10
2000-01-01,Jazz,2
2000-01-01,Latin,1
2000-01-01,Pop,19
2000-01-01,RnB,22
2000-01-01,Rock,20
2000-01-08,Country,13
2000-01-08,Electronic,2
2000-01-08,Gospel,2
2000-01-08,HipHop,9
2000-01-08,Jazz,2
2000-01-08,Latin,1
2000-01-08,Pop,17
2000-01-08,RnB,23
2000-01-08,Rock,20
2000-01-15,Country,12
2000-01-15,Electronic,2
2000-01-15,Gospel,2
2000-01-15,HipHop,11
2000-01-15,Jazz,2
2000-01-15,Latin,1
2000-01-15,Pop,18
2000-01-15,RnB,23
2000-01-15,Rock,21
2000-01-22,Country,12
2000-01-22,Electronic,3
2000-01-22,Gospel,2
2000-01-22,HipHop,13
2000-01-22,Jazz,2
2000-01-22,Latin,1
2000-01-22,Pop,18
2000-01-22,RnB,21
2000-01-22,Rock,21
2000-01-29,Country,17
2000-01-29,Electronic,3
2000-01-29,Gospel,2
2000-01-29,HipHop,11
2000-01-29,Jazz,1
2000-01-29,Latin,1
2000-01-29,Pop,19
2000-01-29,RnB,22
2000-01-29,Rock,19
2000-02-05,Country,19
2000-02-05,Electronic,3
2000-02-05,Gospel,2
2000-02-05,HipHop,12
2000-02-05,Jazz,1
2000-02-05,Latin,1
2000-02-05,Pop,19
2000-02-05,RnB,21
2000-02-05,Rock,18
2000-02-12,Country,17
2000-02-12,Electronic,3
2000-02-12,Gospel,2
2000-02-12,HipHop,12
2000-02-12,Jazz,2
2000-02-12,Latin,1
2000-02-12,Pop,18
2000-02-12,RnB,22
2000-02-12,Rock,19
2000-02-19,Country,17
2000-02-19,Electronic,4
2000-02-19,Gospel,2
2000-02-19,HipHop,11
2000-02-19,Jazz,2
2000-02-19,Latin,1
2000-02-19,Pop,19
2000-02-19,RnB,22
2000-02-19,Rock,17
2000-02-26,Country,16
2000-02-26,Electronic,4
2000-02-26,Gospel,2
2000-02-26,HipHop,12
2000-02-26,Jazz,2
2000-02-26,Latin,2
2000-02-26,Pop,19
2000-02-26,RnB,22
2000-02-26,Rock,17
2000-03-04,Country,18
2000-03-04,Electronic,3
2000-03-04,HipHop,13
2000-03-04,Jazz,2
2000-03-04,Latin,3
2000-03-04,Pop,17
2000-03-04,RnB,23
2000-03-04,Rock,17
2000-03-11,Country,20
2000-03-11,Electronic,3
2000-03-11,Gospel,2
2000-03-11,HipHop,11
2000-03-11,Jazz,2
2000-03-11,Latin,3
2000-03-11,Pop,18
2000-03-11,RnB,22
2000-03-11,Rock,16
2000-03-18,Country,22
2000-03-18,Electronic,2
2000-03-18,HipHop,10
2000-03-18,Jazz,2
2000-03-18,Latin,3
2000-03-18,Pop,16
2000-03-18,RnB,25
2000-03-18,Rock,16
2000-03-25,Country,21
2000-03-25,Electronic,2
2000-03-25,HipHop,11
2000-03-25,Jazz,2
2000-03-25,Latin,3
2000-03-25,Pop,15
2000-03-25,RnB,24
2000-03-25,Rock,17
2000-04-01,Country,22
2000-04-01,Electronic,2
2000-04-01,HipHop,10
2000-04-01,Jazz,2
2000-04-01,Latin,3
2000-04-01,Pop,18
2000-04-01,RnB,22
2000-04-01,Rock,16
2000-04-08,Country,21
2000-04-08,Electronic,2
2000-04-08,HipHop,10
2000-04-08,Jazz,2
2000-04-08,Latin,4
2000-04-08,Pop,18
2000-04-08,RnB,22
2000-04-08,Rock,17
2000-04-15,Country,21
2000-04-15,Electronic,3
2000-04-15,HipHop,11
2000-04-15,Jazz,2
2000-04-15,Latin,4
2000-04-15,Pop,18
2000-04-15,RnB,23
2000-04-15,Rock,16
2000-04-22,Country,21
2000-04-22,Electronic,3
2000-04-22,HipHop,10
2000-04-22,Jazz,2
2000-04-22,Latin,4
2000-04-22,Pop,18
2000-04-22,RnB,21
2000-04-22,Rock,19
2000-04-29,Country,21
2000-04-29,Electronic,3
2000-04-29,HipHop,11
2000-04-29,Jazz,2
2000-04-29,Latin,4
2000-04-29,Pop,16
2000-04-29,RnB,21
2000-04-29,Rock,19
2000-05-06,Country,21
2000-05-06,Electronic,2
2000-05-06,HipHop,11
2000-05-06,Jazz,2
2000-05-06,Latin,4
2000-05-06,Pop,18
2000-05-06,RnB,20
2000-05-06,Rock,20
2000-05-13,Country,23
2000-05-13,Electronic,2
2000-05-13,HipHop,11
2000-05-13,Jazz,2
2000-05-13,Latin,3
2000-05-13,Pop,16
2000-05-13,RnB,18
2000-05-13,Rock,23
2000-05-20,Country,22
2000-05-20,Electronic,2
2000-05-20,HipHop,11
2000-05-20,Jazz,2
2000-05-20,Latin,3
2000-05-20,Pop,16
2000-05-20,RnB,20
2000-05-20,Rock,23
2000-05-27,Country,21
2000-05-27,Electronic,2
2000-05-27,HipHop,12
2000-05-27,Jazz,2
2000-05-27,Latin,3
2000-05-27,Pop,16
2000-05-27,RnB,21
2000-05-27,Rock,22
2000-06-03,Country,21
2000-06-03,Electronic,2
2000-06-03,HipHop,12
2000-06-03,Jazz,2
2000-06-03,Latin,3
2000-06-03,Pop,16
2000-06-03,RnB,21
2000-06-03,Rock,21
2000-06-10,Country,23
2000-06-10,Electronic,2
2000-06-10,HipHop,11
2000-06-10,Jazz,2
2000-06-10,Latin,3
2000-06-10,Pop,17
2000-06-10,RnB,19
2000-06-10,Rock,19
2000-06-17,Country,21
2000-06-17,Electronic,2
2000-06-17,HipHop,11
2000-06-17,Jazz,2
2000-06-17,Latin,2
2000-06-17,Pop,16
2000-06-17,RnB,22
2000-06-17,Rock,20
2000-06-24,Country,21
2000-06-24,Electronic,2
2000-06-24,Gospel,2
2000-06-24,HipHop,10
2000-06-24,Jazz,2
2000-06-24,Latin,2
2000-06-24,Pop,17
2000-06-24,RnB,22
2000-06-24,Rock,18
2000-07-01,Country,20
2000-07-01,Electronic,1
2000-07-01,Gospel,2
2000-07-01,HipHop,10
2000-07-01,Jazz,2
2000-07-01,Latin,2
2000-07-01,Pop,18
2000-07-01,RnB,22
2000-07-01,Rock,19
2000-07-08,Country,19
2000-07-08,Gospel,2
2000-07-08,HipHop,10
2000-07-08,Jazz,2
2000-07-08,Latin,2
2000-07-08,Pop,18
2000-07-08,RnB,22
2000-07-08,Rock,20
2000-07-15,Country,19
2000-07-15,Gospel,2
2000-07-15,HipHop,10
2000-07-15,Jazz,2
2000-07-15,Latin,2
2000-07-15,Pop,19
2000-07-15,RnB,22
2000-07-15,Rock,20
2000-07-22,Country,20
2000-07-22,Gospel,2
2000-07-22,HipHop,9
2000-07-22,Jazz,2
2000-07-22,Latin,2
2000-07-22,Pop,20
2000-07-22,RnB,21
2000-07-22,Rock,20
2000-07-29,Country,15
2000-07-29,Gospel,2
2000-07-29,HipHop,10
2000-07-29,Jazz,2
2000-07-29,Latin,2
2000-07-29,Pop,20
2000-07-29,RnB,22
2000-07-29,Rock,22
2000-08-05,Country,15
2000-08-05,Electronic,2
2000-08-05,Gospel,2
2000-08-05,HipHop,11
2000-08-05,Jazz,2
2000-08-05,Latin,2
2000-08-05,Pop,20
2000-08-05,RnB,22
2000-08-05,Rock,21
2000-08-12,Country,17
2000-08-12,Electronic,2
2000-08-12,Gospel,2
2000-08-12,HipHop,14
2000-08-12,Jazz,1
2000-08-12,Latin,2
2000-08-12,Pop,19
2000-08-12,RnB,19
2000-08-12,Rock,23
2000-08-19,Country,17
2000-08-19,Electronic,2
2000-08-19,Gospel,2
2000-08-19,HipHop,12
2000-08-19,Jazz,1
2000-08-19,Latin,2
2000-08-19,Pop,16
2000-08-19,RnB,20
2000-08-19,Rock,23
2000-08-26,Country,18
2000-08-26,Electronic,2
2000-08-26,Gospel,2
2000-08-26,HipHop,12
2000-08-26,Jazz,1
2000-08-26,Latin,2
2000-08-26,Pop,17
2000-08-26,RnB,20
2000-08-26,Rock,23
2000-09-02,Country,18
2000-09-02,Electronic,1
2000-09-02,Gospel,2
2000-09-02,HipHop,12
2000-09-02,Jazz,1
2000-09-02,Latin,2
2000-09-02,Pop,17
2000-09-02,RnB,20
2000-09-02,Rock,24
2000-09-09,Country,20
2000-09-09,Electronic,1
2000-09-09,Gospel,2
2000-09-09,HipHop,13
2000-09-09,Latin,2
2000-09-09,Pop,17
2000-09-09,RnB,18
2000-09-09,Rock,24
2000-09-16,Country,21
2000-09-16,Electronic,1
2000-09-16,Gospel,2
2000-09-16,HipHop,13
2000-09-16,Latin,3
2000-09-16,Pop,16
2000-09-16,RnB,18
2000-09-16,Rock,24
2000-09-23,Country,20
2000-09-23,Electronic,1
2000-09-23,Gospel,2
2000-09-23,HipHop,12
2000-09-23,Latin,3
2000-09-23,Pop,17
2000-09-23,RnB,20
2000-09-23,Rock,24
2000-09-30,Country,19
2000-09-30,Electronic,2
2000-09-30,Gospel,2
2000-09-30,HipHop,12
2000-09-30,Latin,3
2000-09-30,Pop,19
2000-09-30,RnB,21
2000-09-30,Rock,22
2000-10-07,Country,19
2000-10-07,Electronic,2
2000-10-07,Gospel,2
2000-10-07,HipHop,12
2000-10-07,Latin,1
2000-10-07,Pop,21
2000-10-07,RnB,21
2000-10-07,Rock,22
2000-10-14,Country,20
2000-10-14,Electronic,2
2000-10-14,Gospel,2
2000-10-14,HipHop,11
2000-10-14,Latin,1
2000-10-14,Pop,21
2000-10-14,RnB,22
2000-10-14,Rock,20
2000-10-21,Country,22
2000-10-21,Electronic,2
2000-10-21,Gospel,3
2000-10-21,HipHop,11
2000-10-21,Latin,1
2000-10-21,Pop,20
2000-10-21,Reggae,1
2000-10-21,RnB,17
2000-10-21,Rock,23
2000-10-28,Country,21
2000-10-28,Electronic,3
2000-10-28,Gospel,3
2000-10-28,HipHop,11
2000-10-28,Latin,1
2000-10-28,Pop,16
2000-10-28,Reggae,1
2000-10-28,RnB,17
2000-10-28,Rock,25
2000-11-04,Country,19
2000-11-04,Electronic,2
2000-11-04,Gospel,5
2000-11-04,HipHop,11
2000-11-04,Latin,1
2000-11-04,Pop,18
2000-11-04,Reggae,2
2000-11-04,RnB,17
2000-11-04,Rock,24
2000-11-11,Country,18
2000-11-11,Electronic,2
2000-11-11,Gospel,3
2000-11-11,HipHop,13
2000-11-11,Latin,1
2000-11-11,Pop,19
2000-11-11,Reggae,2
2000-11-11,RnB,17
2000-11-11,Rock,22
2000-11-18,Country,18
2000-11-18,Electronic,2
2000-11-18,Gospel,3
2000-11-18,HipHop,13
2000-11-18,Latin,1
2000-11-18,Pop,18
2000-11-18,Reggae,2
2000-11-18,RnB,17
2000-11-18,Rock,23
2000-11-25,Country,17
2000-11-25,Electronic,2
2000-11-25,Gospel,3
2000-11-25,HipHop,12
2000-11-25,Latin,1
2000-11-25,Pop,18
2000-11-25,Reggae,2
2000-11-25,RnB,18
2000-11-25,Rock,23
2000-12-02,Country,17
2000-12-02,Electronic,3
2000-12-02,Gospel,3
2000-12-02,HipHop,12
2000-12-02,Latin,1
2000-12-02,Pop,20
2000-12-02,Reggae,2
2000-12-02,RnB,16
2000-12-02,Rock,22
2000-12-09,Country,17
2000-12-09,Electronic,4
2000-12-09,Gospel,3
2000-12-09,HipHop,12
2000-12-09,Latin,1
2000-12-09,Pop,18
2000-12-09,Reggae,2
2000-12-09,RnB,19
2000-12-09,Rock,19
2000-12-16,Country,18
2000-12-16,Electronic,4
2000-12-16,Gospel,3
2000-12-16,HipHop,14
2000-12-16,Latin,1
2000-12-16,Pop,18
2000-12-16,Reggae,2
2000-12-16,RnB,18
2000-12-16,Rock,18
2000-12-23,Country,20
2000-12-23,Electronic,4
2000-12-23,Gospel,3
2000-12-23,HipHop,15
2000-12-23,Latin,1
2000-12-23,Pop,17
2000-12-23,Reggae,2
2000-12-23,RnB,17
2000-12-23,Rock,18
2000-12-30,Country,21
2000-12-30,Electronic,4
2000-12-30,Gospel,4
2000-12-30,HipHop,14
2000-12-30,Latin,1
2000-12-30,Pop,16
2000-12-30,Reggae,3
2000-12-30,RnB,16
2000-12-30,Rock,19
2001-01-06,Country,19
2001-01-06,Electronic,5
2001-01-06,Gospel,4
2001-01-06,HipHop,13
2001-01-06,Latin,1
2001-01-06,Pop,18
2001-01-06,Reggae,3
2001-01-06,RnB,16
2001-01-06,Rock,20
2001-01-13,Country,18
2001-01-13,Electronic,5
2001-01-13,Gospel,3
2001-01-13,HipHop,13
2001-01-13,Latin,1
2001-01-13,Pop,19
2001-01-13,Reggae,3
2001-01-13,RnB,16
2001-01-13,Rock,19
2001-01-20,Country,18
2001-01-20,Electronic,4
2001-01-20,Gospel,3
2001-01-20,HipHop,15
2001-01-20,Latin,1
2001-01-20,Pop,19
2001-01-20,Reggae,3
2001-01-20,RnB,17
2001-01-20,Rock,18
2001-01-27,Country,16
2001-01-27,Electronic,4
2001-01-27,Gospel,3
2001-01-27,HipHop,15
2001-01-27,Latin,1
2001-01-27,Pop,16
2001-01-27,Reggae,3
2001-01-27,RnB,17
2001-01-27,Rock,19
2001-02-03,Country,18
2001-02-03,Electronic,4
2001-02-03,Gospel,3
2001-02-03,HipHop,16
2001-02-03,Pop,16
2001-02-03,Reggae,2
2001-02-03,RnB,17
2001-02-03,Rock,18
2001-02-10,Country,17
2001-02-10,Electronic,5
2001-02-10,Gospel,3
2001-02-10,HipHop,15
2001-02-10,Pop,15
2001-02-10,Reggae,2
2001-02-10,RnB,18
2001-02-10,Rock,20
2001-02-17,Country,16
2001-02-17,Electronic,5
2001-02-17,Gospel,1
2001-02-17,HipHop,15
2001-02-17,Pop,16
2001-02-17,Reggae,2
2001-02-17,RnB,19
2001-02-17,Rock,21
2001-02-24,Country,16
2001-02-24,Electronic,5
2001-02-24,Gospel,1
2001-02-24,HipHop,15
2001-02-24,Pop,17
2001-02-24,Reggae,2
2001-02-24,RnB,20
2001-02-24,Rock,21
2001-03-03,Country,16
2001-03-03,Electronic,5
2001-03-03,Gospel,1
2001-03-03,HipHop,17
2001-03-03,Pop,16
2001-03-03,Reggae,2
2001-03-03,RnB,18
2001-03-03,Rock,21
2001-03-10,Country,16
2001-03-10,Electronic,5
2001-03-10,HipHop,16
2001-03-10,Pop,17
2001-03-10,Reggae,2
2001-03-10,RnB,19
2001-03-10,Rock,19
2001-03-17,Country,17
2001-03-17,Electronic,5
2001-03-17,HipHop,13
2001-03-17,Pop,17
2001-03-17,Reggae,2
2001-03-17,RnB,22
2001-03-17,Rock,19
2001-03-24,Country,16
2001-03-24,Electronic,5
2001-03-24,HipHop,13
2001-03-24,Pop,17
2001-03-24,Reggae,2
2001-03-24,RnB,22
2001-03-24,Rock,19
2001-03-31,Country,15
2001-03-31,Electronic,5
2001-03-31,HipHop,14
2001-03-31,Pop,15
2001-03-31,Reggae,2
2001-03-31,RnB,24
2001-03-31,Rock,17
2001-04-07,Country,14
2001-04-07,Electronic,6
2001-04-07,HipHop,15
2001-04-07,Latin,1
2001-04-07,Pop,15
2001-04-07,Reggae,2
2001-04-07,RnB,24
2001-04-07,Rock,16
2001-04-14,Country,15
2001-04-14,Electronic,5
2001-04-14,HipHop,15
2001-04-14,Latin,1
2001-04-14,Pop,16
2001-04-14,Reggae,2
2001-04-14,RnB,25
2001-04-14,Rock,15
2001-04-21,Country,14
2001-04-21,Electronic,5
2001-04-21,Gospel,1
2001-04-21,HipHop,15
2001-04-21,Latin,1
2001-04-21,Pop,16
2001-04-21,Reggae,2
2001-04-21,RnB,25
2001-04-21,Rock,15
2001-04-28,Country,16
2001-04-28,Electronic,5
2001-04-28,Gospel,3
2001-04-28,HipHop,15
2001-04-28,Latin,1
2001-04-28,Pop,17
2001-04-28,Reggae,1
2001-04-28,RnB,22
2001-04-28,Rock,15
2001-05-05,Country,17
2001-05-05,Electronic,4
2001-05-05,Gospel,3
2001-05-05,HipHop,15
2001-05-05,Latin,1
2001-05-05,Pop,17
2001-05-05,Reggae,1
2001-05-05,RnB,22
2001-05-05,Rock,15
2001-05-12,Country,15
2001-05-12,Electronic,5
2001-05-12,Gospel,3
2001-05-12,HipHop,14
2001-05-12,Latin,1
2001-05-12,Pop,17
2001-05-12,Reggae,1
2001-05-12,RnB,23
2001-05-12,Rock,15
2001-05-19,Country,14
2001-05-19,Electronic,4
2001-05-19,Gospel,3
2001-05-19,HipHop,15
2001-05-19,Latin,1
2001-05-19,Pop,18
2001-05-19,Reggae,1
2001-05-19,RnB,22
2001-05-19,Rock,14
2001-05-26,Country,15
2001-05-26,Electronic,4
2001-05-26,Gospel,3
2001-05-26,HipHop,14
2001-05-26,Latin,1
2001-05-26,Pop,19
2001-05-26,Reggae,1
2001-05-26,RnB,21
2001-05-26,Rock,15
2001-06-02,Country,14
2001-06-02,Electronic,3
2001-06-02,Gospel,3
2001-06-02,HipHop,12
2001-06-02,Latin,1
2001-06-02,Pop,24
2001-06-02,Reggae,1
2001-06-02,RnB,23
2001-06-02,Rock,16
2001-06-09,Country,12
2001-06-09,Electronic,3
2001-06-09,Gospel,3
2001-06-09,HipHop,11
2001-06-09,Latin,1
2001-06-09,Pop,27
2001-06-09,Reggae,1
2001-06-09,RnB,24
2001-06-09,Rock,16
2001-06-16,Country,15
2001-06-16,Electronic,3
2001-06-16,Gospel,3
2001-06-16,HipHop,11
2001-06-16,Jazz,1
2001-06-16,Latin,1
2001-06-16,Pop,25
2001-06-16,Reggae,1
2001-06-16,RnB,25
2001-06-16,Rock,12
2001-06-23,Country,15
2001-06-23,Electronic,3
2001-06-23,Gospel,3
2001-06-23,HipHop,12
2001-06-23,Jazz,1
2001-06-23,Latin,1
2001-06-23,Pop,22
2001-06-23,Reggae,1
2001-06-23,RnB,25
2001-06-23,Rock,13
2001-06-30,Country,16
2001-06-30,Electronic,3
2001-06-30,Gospel,3
2001-06-30,HipHop,12
2001-06-30,Jazz,1
2001-06-30,Latin,1
2001-06-30,Pop,21
2001-06-30,Reggae,1
2001-06-30,RnB,26
2001-06-30,Rock,12
2001-07-07,Country,17
2001-07-07,Electronic,4
2001-07-07,Gospel,3
2001-07-07,HipHop,12
2001-07-07,Jazz,1
2001-07-07,Latin,1
2001-07-07,Pop,20
2001-07-07,Reggae,1
2001-07-07,RnB,26
2001-07-07,Rock,12
2001-07-14,Country,17
2001-07-14,Electronic,3
2001-07-14,Folk,1
2001-07-14,Gospel,3
2001-07-14,HipHop,15
2001-07-14,Jazz,1
2001-07-14,Latin,1
2001-07-14,Pop,18
2001-07-14,RnB,25
2001-07-14,Rock,12
2001-07-21,Country,18
2001-07-21,Electronic,3
2001-07-21,Folk,1
2001-07-21,Gospel,3
2001-07-21,HipHop,15
2001-07-21,Jazz,1
2001-07-21,Latin,1
2001-07-21,Pop,15
2001-07-21,RnB,26
2001-07-21,Rock,13
2001-07-28,Country,17
2001-07-28,Electronic,3
2001-07-28,Folk,1
2001-07-28,Gospel,3
2001-07-28,HipHop,14
2001-07-28,Jazz,1
2001-07-28,Latin,1
2001-07-28,Pop,15
2001-07-28,RnB,26
2001-07-28,Rock,16
2001-08-04,Country,18
2001-08-04,Electronic,5
2001-08-04,Folk,1
2001-08-04,Gospel,3
2001-08-04,HipHop,12
2001-08-04,Jazz,1
2001-08-04,Latin,1
2001-08-04,Pop,15
2001-08-04,RnB,24
2001-08-04,Rock,15
2001-08-11,Country,18
2001-08-11,Electronic,5
2001-08-11,Folk,1
2001-08-11,Gospel,3
2001-08-11,HipHop,12
2001-08-11,Jazz,1
2001-08-11,Latin,1
2001-08-11,Pop,15
2001-08-11,RnB,24
2001-08-11,Rock,15
2001-08-18,Country,17
2001-08-18,Electronic,5
2001-08-18,Folk,1
2001-08-18,Gospel,3
2001-08-18,HipHop,15
2001-08-18,Jazz,1
2001-08-18,Latin,1
2001-08-18,Pop,15
2001-08-18,RnB,22
2001-08-18,Rock,15
2001-08-25,Country,16
2001-08-25,Electronic,5
2001-08-25,Folk,1
2001-08-25,Gospel,3
2001-08-25,HipHop,16
2001-08-25,Jazz,1
2001-08-25,Pop,16
2001-08-25,RnB,23
2001-08-25,Rock,16
2001-09-01,Country,14
2001-09-01,Electronic,5
2001-09-01,Folk,1
2001-09-01,Gospel,3
2001-09-01,HipHop,17
2001-09-01,Jazz,1
2001-09-01,Pop,15
2001-09-01,RnB,21
2001-09-01,Rock,18
2001-09-08,Country,13
2001-09-08,Electronic,5
2001-09-08,Folk,1
2001-09-08,Gospel,2
2001-09-08,HipHop,15
2001-09-08,Jazz,1
2001-09-08,Pop,14
2001-09-08,RnB,27
2001-09-08,Rock,19
2001-09-15,Country,15
2001-09-15,Electronic,5
2001-09-15,Folk,1
2001-09-15,Gospel,2
2001-09-15,HipHop,13
2001-09-15,Jazz,1
2001-09-15,Pop,13
2001-09-15,RnB,28
2001-09-15,Rock,19
2001-09-22,Country,13
2001-09-22,Electronic,5
2001-09-22,Folk,1
2001-09-22,Gospel,2
2001-09-22,HipHop,14
2001-09-22,Jazz,1
2001-09-22,Pop,15
2001-09-22,RnB,28
2001-09-22,Rock,19
2001-09-29,Country,11
2001-09-29,Electronic,3
2001-09-29,Folk,1
2001-09-29,Gospel,2
2001-09-29,HipHop,14
2001-09-29,Pop,17
2001-09-29,RnB,34
2001-09-29,Rock,19
2001-10-06,Country,12
2001-10-06,Electronic,4
2001-10-06,Folk,1
2001-10-06,Gospel,2
2001-10-06,HipHop,13
2001-10-06,Pop,17
2001-10-06,RnB,34
2001-10-06,Rock,18
2001-10-13,Country,11
2001-10-13,Electronic,3
2001-10-13,Folk,1
2001-10-13,Gospel,2
2001-10-13,HipHop,15
2001-10-13,Pop,15
2001-10-13,RnB,33
2001-10-13,Rock,20
2001-10-20,Country,13
2001-10-20,Electronic,3
2001-10-20,Folk,1
2001-10-20,Gospel,2
2001-10-20,HipHop,16
2001-10-20,Pop,17
2001-10-20,RnB,30
2001-10-20,Rock,21
2001-10-27,Country,17
2001-10-27,Electronic,2
2001-10-27,Folk,1
2001-10-27,Gospel,2
2001-10-27,HipHop,15
2001-10-27,Pop,14
2001-10-27,RnB,30
2001-10-27,Rock,22
2001-11-03,Country,15
2001-11-03,Electronic,2
2001-11-03,Folk,1
2001-11-03,Gospel,2
2001-11-03,HipHop,16
2001-11-03,Pop,14
2001-11-03,RnB,29
2001-11-03,Rock,23
2001-11-10,Country,15
2001-11-10,Electronic,3
2001-11-10,Folk,1
2001-11-10,Gospel,2
2001-11-10,HipHop,18
2001-11-10,Pop,13
2001-11-10,RnB,29
2001-11-10,Rock,21
2001-11-17,Country,16
2001-11-17,Electronic,2
2001-11-17,Folk,2
2001-11-17,Gospel,2
2001-11-17,HipHop,18
2001-11-17,Pop,13
2001-11-17,RnB,29
2001-11-17,Rock,20
2001-11-24,Country,15
2001-11-24,Electronic,3
2001-11-24,Folk,2
2001-11-24,Gospel,4
2001-11-24,HipHop,18
2001-11-24,Pop,13
2001-11-24,RnB,28
2001-11-24,Rock,20
2001-12-01,Country,16
2001-12-01,Electronic,2
2001-12-01,Folk,2
2001-12-01,Gospel,4
2001-12-01,HipHop,18
2001-12-01,Pop,13
2001-12-01,RnB,28
2001-12-01,Rock,20
2001-12-08,Country,16
2001-12-08,Electronic,2
2001-12-08,Folk,2
2001-12-08,Gospel,4
2001-12-08,HipHop,15
2001-12-08,Pop,14
2001-12-08,RnB,30
2001-12-08,Rock,20
2001-12-15,Country,15
2001-12-15,Electronic,2
2001-12-15,Folk,2
2001-12-15,Gospel,4
2001-12-15,HipHop,17
2001-12-15,Pop,13
2001-12-15,RnB,29
2001-12-15,Rock,21
2001-12-22,Country,14
2001-12-22,Electronic,2
2001-12-22,Folk,2
2001-12-22,Gospel,4
2001-12-22,HipHop,19
2001-12-22,Pop,13
2001-12-22,RnB,29
2001-12-22,Rock,20
2001-12-29,Country,14
2001-12-29,Electronic,2
2001-12-29,Folk,2
2001-12-29,Gospel,4
2001-12-29,HipHop,21
2001-12-29,Pop,13
2001-12-29,RnB,29
2001-12-29,Rock,17
2002-01-05,Country,13
2002-01-05,Electronic,2
2002-01-05,Folk,2
2002-01-05,Gospel,4
2002-01-05,HipHop,19
2002-01-05,Pop,12
2002-01-05,RnB,29
2002-01-05,Rock,20
2002-01-12,Country,16
2002-01-12,Electronic,2
2002-01-12,Folk,2
2002-01-12,Gospel,2
2002-01-12,HipHop,19
2002-01-12,Pop,13
2002-01-12,RnB,28
2002-01-12,Rock,19
2002-01-19,Country,17
2002-01-19,Electronic,2
2002-01-19,Folk,2
2002-01-19,Gospel,2
2002-01-19,HipHop,20
2002-01-19,Pop,13
2002-01-19,RnB,27
2002-01-19,Rock,18
2002-01-26,Country,17
2002-01-26,Electronic,2
2002-01-26,Folk,2
2002-01-26,Gospel,2
2002-01-26,HipHop,21
2002-01-26,Pop,11
2002-01-26,RnB,27
2002-01-26,Rock,18
2002-02-02,Country,18
2002-02-02,Electronic,2
2002-02-02,Folk,2
2002-02-02,Gospel,2
2002-02-02,HipHop,21
2002-02-02,Pop,11
2002-02-02,RnB,25
2002-02-02,Rock,20
2002-02-09,Country,19
2002-02-09,Electronic,1
2002-02-09,Folk,2
2002-02-09,Gospel,2
2002-02-09,HipHop,21
2002-02-09,Pop,11
2002-02-09,RnB,26
2002-02-09,Rock,20
2002-02-16,Country,20
2002-02-16,Electronic,2
2002-02-16,Folk,1
2002-02-16,Gospel,2
2002-02-16,HipHop,22
2002-02-16,Pop,11
2002-02-16,RnB,25
2002-02-16,Rock,18
2002-02-23,Country,21
2002-02-23,Electronic,2
2002-02-23,Folk,1
2002-02-23,Gospel,3
2002-02-23,HipHop,20
2002-02-23,Pop,12
2002-02-23,RnB,24
2002-02-23,Rock,18
2002-03-02,Country,20
2002-03-02,Electronic,2
2002-03-02,Folk,1
2002-03-02,Gospel,3
2002-03-02,HipHop,21
2002-03-02,Pop,13
2002-03-02,RnB,21
2002-03-02,Rock,19
2002-03-09,Country,17
2002-03-09,Electronic,2
2002-03-09,Folk,1
2002-03-09,Gospel,3
2002-03-09,HipHop,21
2002-03-09,Pop,10
2002-03-09,RnB,22
2002-03-09,Rock,21
2002-03-16,Country,15
2002-03-16,Electronic,2
2002-03-16,Folk,1
2002-03-16,Gospel,5
2002-03-16,HipHop,18
2002-03-16,Pop,12
2002-03-16,RnB,21
2002-03-16,Rock,23
2002-03-23,Country,14
2002-03-23,Electronic,2
2002-03-23,Folk,1
2002-03-23,Gospel,5
2002-03-23,HipHop,17
2002-03-23,Pop,11
2002-03-23,Reggae,1
2002-03-23,RnB,24
2002-03-23,Rock,22
2002-03-30,Country,15
2002-03-30,Electronic,2
2002-03-30,Folk,1
2002-03-30,Gospel,5
2002-03-30,HipHop,17
2002-03-30,Pop,11
2002-03-30,Reggae,1
2002-03-30,RnB,24
2002-03-30,Rock,22
2002-04-06,Country,15
2002-04-06,Electronic,2
2002-04-06,Gospel,5
2002-04-06,HipHop,16
2002-04-06,Pop,11
2002-04-06,Reggae,1
2002-04-06,RnB,24
2002-04-06,Rock,23
2002-04-13,Country,15
2002-04-13,Electronic,2
2002-04-13,Gospel,3
2002-04-13,HipHop,18
2002-04-13,Pop,10
2002-04-13,Reggae,1
2002-04-13,RnB,24
2002-04-13,Rock,23
2002-04-20,Country,14
2002-04-20,Electronic,2
2002-04-20,Gospel,3
2002-04-20,HipHop,18
2002-04-20,Pop,9
2002-04-20,Reggae,1
2002-04-20,RnB,25
2002-04-20,Rock,24
2002-04-27,Country,13
2002-04-27,Electronic,3
2002-04-27,Gospel,3
2002-04-27,HipHop,16
2002-04-27,Pop,10
2002-04-27,Reggae,1
2002-04-27,RnB,28
2002-04-27,Rock,22
2002-05-04,Country,14
2002-05-04,Electronic,3
2002-05-04,Gospel,3
2002-05-04,HipHop,17
2002-05-04,Pop,11
2002-05-04,Reggae,1
2002-05-04,RnB,26
2002-05-04,Rock,23
2002-05-11,Country,14
2002-05-11,Electronic,4
2002-05-11,Gospel,3
2002-05-11,HipHop,15
2002-05-11,Pop,10
2002-05-11,Reggae,1
2002-05-11,RnB,26
2002-05-11,Rock,23
2002-05-18,Country,15
2002-05-18,Electronic,4
2002-05-18,Gospel,3
2002-05-18,HipHop,15
2002-05-18,Pop,10
2002-05-18,Reggae,1
2002-05-18,RnB,26
2002-05-18,Rock,22
2002-05-25,Country,16
2002-05-25,Electronic,3
2002-05-25,Gospel,3
2002-05-25,HipHop,14
2002-05-25,Latin,1
2002-05-25,Pop,10
2002-05-25,Reggae,1
2002-05-25,RnB,24
2002-05-25,Rock,22
2002-06-01,Country,14
2002-06-01,Electronic,4
2002-06-01,Folk,1
2002-06-01,Gospel,3
2002-06-01,HipHop,14
2002-06-01,Latin,1
2002-06-01,Pop,9
2002-06-01,Reggae,1
2002-06-01,RnB,25
2002-06-01,Rock,23
2002-06-08,Country,16
2002-06-08,Electronic,3
2002-06-08,Folk,1
2002-06-08,Gospel,3
2002-06-08,HipHop,15
2002-06-08,Latin,1
2002-06-08,Pop,10
2002-06-08,RnB,22
2002-06-08,Rock,24
2002-06-15,Country,15
2002-06-15,Electronic,3
2002-06-15,Folk,1
2002-06-15,Gospel,3
2002-06-15,HipHop,15
2002-06-15,Latin,1
2002-06-15,Pop,9
2002-06-15,Reggae,1
2002-06-15,RnB,21
2002-06-15,Rock,25
2002-06-22,Country,15
2002-06-22,Electronic,3
2002-06-22,Folk,1
2002-06-22,Gospel,3
2002-06-22,HipHop,16
2002-06-22,Latin,1
2002-06-22,Pop,9
2002-06-22,Reggae,1
2002-06-22,RnB,19
2002-06-22,Rock,23
2002-06-29,Country,14
2002-06-29,Electronic,3
2002-06-29,Folk,1
2002-06-29,Gospel,3
2002-06-29,HipHop,17
2002-06-29,Latin,1
2002-06-29,Pop,8
2002-06-29,Reggae,1
2002-06-29,RnB,19
2002-06-29,Rock,23
2002-07-06,Country,15
2002-07-06,Electronic,2
2002-07-06,Folk,1
2002-07-06,Gospel,3
2002-07-06,HipHop,16
2002-07-06,Latin,2
2002-07-06,Pop,8
2002-07-06,Reggae,1
2002-07-06,RnB,18
2002-07-06,Rock,25
2002-07-13,Country,14
2002-07-13,Electronic,2
2002-07-13,Folk,1
2002-07-13,Gospel,2
2002-07-13,HipHop,17
2002-07-13,Latin,2
2002-07-13,Pop,10
2002-07-13,Reggae,1
2002-07-13,RnB,17
2002-07-13,Rock,24
2002-07-20,Country,15
2002-07-20,Electronic,2
2002-07-20,Folk,1
2002-07-20,Gospel,3
2002-07-20,HipHop,17
2002-07-20,Latin,2
2002-07-20,Pop,9
2002-07-20,Reggae,1
2002-07-20,RnB,15
2002-07-20,Rock,25
2002-07-27,Country,15
2002-07-27,Electronic,3
2002-07-27,Folk,1
2002-07-27,Gospel,3
2002-07-27,HipHop,16
2002-07-27,Latin,2
2002-07-27,Pop,8
2002-07-27,Reggae,1
2002-07-27,RnB,16
2002-07-27,Rock,25
2002-08-03,Country,14
2002-08-03,Electronic,3
2002-08-03,Folk,1
2002-08-03,Gospel,1
2002-08-03,HipHop,17
2002-08-03,Latin,2
2002-08-03,Pop,9
2002-08-03,Reggae,2
2002-08-03,RnB,16
2002-08-03,Rock,25
2002-08-10,Country,16
2002-08-10,Electronic,3
2002-08-10,Folk,1
2002-08-10,Gospel,1
2002-08-10,HipHop,17
2002-08-10,Latin,2
2002-08-10,Pop,9
2002-08-10,Reggae,2
2002-08-10,RnB,15
2002-08-10,Rock,24
2002-08-17,Country,16
2002-08-17,Electronic,3
2002-08-17,Folk,1
2002-08-17,Gospel,1
2002-08-17,HipHop,17
2002-08-17,Latin,2
2002-08-17,Pop,9
2002-08-17,Reggae,1
2002-08-17,RnB,15
2002-08-17,Rock,24
2002-08-24,Country,14
2002-08-24,Electronic,3
2002-08-24,Folk,1
2002-08-24,Gospel,3
2002-08-24,HipHop,17
2002-08-24,Latin,2
2002-08-24,Pop,8
2002-08-24,Reggae,1
2002-08-24,RnB,18
2002-08-24,Rock,26
2002-08-31,Country,15
2002-08-31,Electronic,3
2002-08-31,Folk,1
2002-08-31,Gospel,3
2002-08-31,HipHop,17
2002-08-31,Latin,2
2002-08-31,Pop,8
2002-08-31,Reggae,1
2002-08-31,RnB,16
2002-08-31,Rock,27
2002-09-07,Country,15
2002-09-07,Electronic,3
2002-09-07,Folk,1
2002-09-07,Gospel,3
2002-09-07,HipHop,17
2002-09-07,Latin,2
2002-09-07,Pop,10
2002-09-07,Reggae,1
2002-09-07,RnB,16
2002-09-07,Rock,25
2002-09-14,Country,15
2002-09-14,Electronic,3
2002-09-14,Folk,1
2002-09-14,Gospel,3
2002-09-14,HipHop,19
2002-09-14,Latin,2
2002-09-14,Pop,10
2002-09-14,Reggae,1
2002-09-14,RnB,16
2002-09-14,Rock,26
2002-09-21,Country,13
2002-09-21,Electronic,3
2002-09-21,Folk,1
2002-09-21,Gospel,3
2002-09-21,HipHop,19
2002-09-21,Latin,2
2002-09-21,Pop,11
2002-09-21,Reggae,1
2002-09-21,RnB,16
2002-09-21,Rock,25
2002-09-28,Country,14
2002-09-28,Electronic,2
2002-09-28,Folk,1
2002-09-28,Gospel,3
2002-09-28,HipHop,17
2002-09-28,Latin,2
2002-09-28,Pop,12
2002-09-28,Reggae,1
2002-09-28,RnB,14
2002-09-28,Rock,27
2002-10-05,Country,16
2002-10-05,Electronic,1
2002-10-05,Folk,1
2002-10-05,Gospel,3
2002-10-05,HipHop,18
2002-10-05,Jazz,1
2002-10-05,Latin,2
2002-10-05,Pop,12
2002-10-05,Reggae,1
2002-10-05,RnB,12
2002-10-05,Rock,26
2002-10-12,Country,17
2002-10-12,Electronic,2
2002-10-12,Folk,1
2002-10-12,Gospel,3
2002-10-12,HipHop,18
2002-10-12,Jazz,1
2002-10-12,Latin,1
2002-10-12,Pop,13
2002-10-12,Reggae,1
2002-10-12,RnB,10
2002-10-12,Rock,25
2002-10-19,Country,18
2002-10-19,Electronic,3
2002-10-19,Folk,1
2002-10-19,Gospel,3
2002-10-19,HipHop,20
2002-10-19,Jazz,1
2002-10-19,Latin,1
2002-10-19,Pop,12
2002-10-19,Reggae,1
2002-10-19,RnB,10
2002-10-19,Rock,23
2002-10-26,Country,14
2002-10-26,Electronic,3
2002-10-26,Folk,1
2002-10-26,Gospel,3
2002-10-26,HipHop,21
2002-10-26,Jazz,1
2002-10-26,Latin,1
2002-10-26,Pop,13
2002-10-26,RnB,12
2002-10-26,Rock,23
2002-11-02,Country,13
2002-11-02,Electronic,3
2002-11-02,Folk,2
2002-11-02,Gospel,3
2002-11-02,HipHop,20
2002-11-02,Jazz,1
2002-11-02,Latin,1
2002-11-02,Pop,14
2002-11-02,RnB,14
2002-11-02,Rock,22
2002-11-09,Country,14
2002-11-09,Electronic,3
2002-11-09,Folk,2
2002-11-09,Gospel,4
2002-11-09,HipHop,22
2002-11-09,Jazz,1
2002-11-09,Pop,11
2002-11-09,RnB,15
2002-11-09,Rock,22
2002-11-16,Country,15
2002-11-16,Electronic,3
2002-11-16,Folk,1
2002-11-16,Gospel,4
2002-11-16,HipHop,20
2002-11-16,Jazz,1
2002-11-16,Pop,10
2002-11-16,RnB,17
2002-11-16,Rock,22
2002-11-23,Country,14
2002-11-23,Electronic,3
2002-11-23,Folk,1
2002-11-23,Gospel,4
2002-11-23,HipHop,21
2002-11-23,Jazz,1
2002-11-23,Pop,11
2002-11-23,RnB,16
2002-11-23,Rock,23
2002-11-30,Country,15
2002-11-30,Electronic,3
2002-11-30,Folk,1
2002-11-30,Gospel,3
2002-11-30,HipHop,23
2002-11-30,Jazz,1
2002-11-30,Pop,11
2002-11-30,RnB,15
2002-11-30,Rock,24
2002-12-07,Country,16
2002-12-07,Electronic,3
2002-12-07,Folk,1
2002-12-07,Gospel,3
2002-12-07,HipHop,22
2002-12-07,Jazz,1
2002-12-07,Pop,13
2002-12-07,RnB,16
2002-12-07,Rock,24
2002-12-14,Country,16
2002-12-14,Electronic,2
2002-12-14,Folk,1
2002-12-14,Gospel,2
2002-12-14,HipHop,24
2002-12-14,Jazz,1
2002-12-14,Pop,12
2002-12-14,RnB,16
2002-12-14,Rock,25
2002-12-21,Country,16
2002-12-21,Electronic,1
2002-12-21,Folk,1
2002-12-21,Gospel,2
2002-12-21,HipHop,24
2002-12-21,Jazz,1
2002-12-21,Pop,13
2002-12-21,RnB,16
2002-12-21,Rock,25
2002-12-28,Country,16
2002-12-28,Electronic,3
2002-12-28,Folk,1
2002-12-28,Gospel,2
2002-12-28,HipHop,24
2002-12-28,Jazz,1
2002-12-28,Pop,13
2002-12-28,RnB,13
2002-12-28,Rock,26
2003-01-04,Country,16
2003-01-04,Electronic,3
2003-01-04,Folk,1
2003-01-04,HipHop,24
2003-01-04,Jazz,1
2003-01-04,Pop,14
2003-01-04,RnB,14
2003-01-04,Rock,25
2003-01-11,Country,15
2003-01-11,Electronic,3
2003-01-11,Folk,1
2003-01-11,HipHop,27
2003-01-11,Jazz,1
2003-01-11,Pop,13
2003-01-11,Reggae,1
2003-01-11,RnB,13
2003-01-11,Rock,24
2003-01-18,Country,17
2003-01-18,Electronic,3
2003-01-18,Folk,1
2003-01-18,HipHop,26
2003-01-18,Jazz,1
2003-01-18,Pop,13
2003-01-18,Reggae,1
2003-01-18,RnB,14
2003-01-18,Rock,23
2003-01-25,Country,19
2003-01-25,Electronic,3
2003-01-25,Folk,1
2003-01-25,HipHop,26
2003-01-25,Jazz,1
2003-01-25,Pop,12
2003-01-25,Reggae,1
2003-01-25,RnB,14
2003-01-25,Rock,23
2003-02-01,Country,20
2003-02-01,Electronic,3
2003-02-01,Folk,1
2003-02-01,HipHop,25
2003-02-01,Jazz,1
2003-02-01,Pop,11
2003-02-01,Reggae,1
2003-02-01,RnB,13
2003-02-01,Rock,23
2003-02-08,Country,20
2003-02-08,Electronic,3
2003-02-08,Folk,1
2003-02-08,Gospel,2
2003-02-08,HipHop,27
2003-02-08,Jazz,1
2003-02-08,Pop,9
2003-02-08,Reggae,1
2003-02-08,RnB,13
2003-02-08,Rock,24
2003-02-15,Country,19
2003-02-15,Electronic,3
2003-02-15,Folk,1
2003-02-15,Gospel,2
2003-02-15,HipHop,29
2003-02-15,Jazz,1
2003-02-15,Pop,8
2003-02-15,Reggae,1
2003-02-15,RnB,13
2003-02-15,Rock,23
2003-02-22,Country,17
2003-02-22,Electronic,3
2003-02-22,Folk,1
2003-02-22,Gospel,2
2003-02-22,HipHop,29
2003-02-22,Jazz,1
2003-02-22,Pop,9
2003-02-22,Reggae,1
2003-02-22,RnB,14
2003-02-22,Rock,22
2003-03-01,Country,16
2003-03-01,Electronic,2
2003-03-01,Folk,1
2003-03-01,Gospel,2
2003-03-01,HipHop,29
2003-03-01,Jazz,1
2003-03-01,Pop,9
2003-03-01,Reggae,1
2003-03-01,RnB,15
2003-03-01,Rock,23
2003-03-08,Country,15
2003-03-08,Electronic,1
2003-03-08,Gospel,2
2003-03-08,HipHop,29
2003-03-08,Jazz,1
2003-03-08,Pop,10
2003-03-08,Reggae,1
2003-03-08,RnB,15
2003-03-08,Rock,20
2003-03-15,Country,18
2003-03-15,Electronic,1
2003-03-15,Folk,1
2003-03-15,Gospel,2
2003-03-15,HipHop,30
2003-03-15,Jazz,1
2003-03-15,Pop,10
2003-03-15,Reggae,1
2003-03-15,RnB,12
2003-03-15,Rock,23
2003-03-22,Country,20
2003-03-22,Electronic,1
2003-03-22,Folk,1
2003-03-22,Gospel,2
2003-03-22,HipHop,30
2003-03-22,Jazz,1
2003-03-22,Pop,9
2003-03-22,Reggae,1
2003-03-22,RnB,13
2003-03-22,Rock,22
2003-03-29,Country,17
2003-03-29,Electronic,1
2003-03-29,Folk,1
2003-03-29,Gospel,2
2003-03-29,HipHop,28
2003-03-29,Jazz,1
2003-03-29,Pop,10
2003-03-29,Reggae,1
2003-03-29,RnB,14
2003-03-29,Rock,26
2003-04-05,Country,17
2003-04-05,Electronic,2
2003-04-05,Folk,1
2003-04-05,Gospel,3
2003-04-05,HipHop,29
2003-04-05,Jazz,1
2003-04-05,Pop,10
2003-04-05,Reggae,1
2003-04-05,RnB,13
2003-04-05,Rock,26
2003-04-12,Country,15
2003-04-12,Electronic,2
2003-04-12,Folk,1
2003-04-12,Gospel,3
2003-04-12,HipHop,29
2003-04-12,Jazz,1
2003-04-12,Pop,10
2003-04-12,Reggae,1
2003-04-12,RnB,15
2003-04-12,Rock,26
2003-04-19,Country,15
2003-04-19,Electronic,2
2003-04-19,Folk,1
2003-04-19,Gospel,3
2003-04-19,HipHop,26
2003-04-19,Jazz,1
2003-04-19,Pop,10
2003-04-19,Reggae,1
2003-04-19,RnB,16
2003-04-19,Rock,27
2003-04-26,Country,12
2003-04-26,Electronic,2
2003-04-26,Folk,1
2003-04-26,Gospel,4
2003-04-26,HipHop,24
2003-04-26,Jazz,1
2003-04-26,Pop,10
2003-04-26,Reggae,1
2003-04-26,RnB,18
2003-04-26,Rock,29
2003-05-03,Country,13
2003-05-03,Electronic,3
2003-05-03,Folk,1
2003-05-03,Gospel,4
2003-05-03,HipHop,24
2003-05-03,Jazz,1
2003-05-03,Pop,9
2003-05-03,Reggae,1
2003-05-03,RnB,19
2003-05-03,Rock,26
2003-05-10,Country,13
2003-05-10,Electronic,3
2003-05-10,Folk,2
2003-05-10,Gospel,4
2003-05-10,HipHop,25
2003-05-10,Jazz,1
2003-05-10,Pop,8
2003-05-10,Reggae,1
2003-05-10,RnB,19
2003-05-10,Rock,25
2003-05-17,Country,13
2003-05-17,Electronic,3
2003-05-17,Folk,2
2003-05-17,Gospel,5
2003-05-17,HipHop,24
2003-05-17,Jazz,1
2003-05-17,Pop,7
2003-05-17,Reggae,1
2003-05-17,RnB,19
2003-05-17,Rock,23
2003-05-24,Country,13
2003-05-24,Electronic,2
2003-05-24,Folk,1
2003-05-24,Gospel,6
2003-05-24,HipHop,23
2003-05-24,Jazz,1
2003-05-24,Pop,8
2003-05-24,Reggae,1
2003-05-24,RnB,20
2003-05-24,Rock,23
2003-05-31,Country,15
2003-05-31,Electronic,2
2003-05-31,Folk,1
2003-05-31,Gospel,6
2003-05-31,HipHop,24
2003-05-31,Jazz,1
2003-05-31,Pop,7
2003-05-31,Reggae,1
2003-05-31,RnB,20
2003-05-31,Rock,23
2003-06-07,Country,15
2003-06-07,Electronic,2
2003-06-07,Folk,1
2003-06-07,Gospel,6
2003-06-07,HipHop,24
2003-06-07,Jazz,1
2003-06-07,Pop,8
2003-06-07,Reggae,1
2003-06-07,RnB,19
2003-06-07,Rock,22
2003-06-14,Country,15
2003-06-14,Electronic,2
2003-06-14,Folk,1
2003-06-14,Gospel,6
2003-06-14,HipHop,25
2003-06-14,Jazz,1
2003-06-14,Pop,9
2003-06-14,Reggae,1
2003-06-14,RnB,21
2003-06-14,Rock,18
2003-06-21,Country,17
2003-06-21,Electronic,2
2003-06-21,Folk,1
2003-06-21,Gospel,7
2003-06-21,HipHop,25
2003-06-21,Pop,9
2003-06-21,Reggae,1
2003-06-21,RnB,22
2003-06-21,Rock,18
2003-06-28,Country,18
2003-06-28,Electronic,2
2003-06-28,Folk,1
2003-06-28,Gospel,7
2003-06-28,HipHop,22
2003-06-28,Pop,9
2003-06-28,Reggae,1
2003-06-28,RnB,20
2003-06-28,Rock,19
2003-07-05,Country,19
2003-07-05,Electronic,2
2003-07-05,Folk,1
2003-07-05,Gospel,7
2003-07-05,HipHop,22
2003-07-05,Pop,10
2003-07-05,Reggae,1
2003-07-05,RnB,22
2003-07-05,Rock,17
2003-07-12,Country,19
2003-07-12,Electronic,2
2003-07-12,Folk,1
2003-07-12,Gospel,7
2003-07-12,HipHop,22
2003-07-12,Pop,10
2003-07-12,Reggae,1
2003-07-12,RnB,21
2003-07-12,Rock,17
2003-07-19,Country,19
2003-07-19,Electronic,2
2003-07-19,Folk,1
2003-07-19,Gospel,7
2003-07-19,HipHop,21
2003-07-19,Pop,10
2003-07-19,Reggae,2
2003-07-19,RnB,22
2003-07-19,Rock,16
2003-07-26,Country,17
2003-07-26,Electronic,2
2003-07-26,Folk,1
2003-07-26,Gospel,7
2003-07-26,HipHop,21
2003-07-26,Jazz,1
2003-07-26,Pop,9
2003-07-26,Reggae,2
2003-07-26,RnB,22
2003-07-26,Rock,18
2003-08-02,Country,16
2003-08-02,Electronic,2
2003-08-02,Folk,1
2003-08-02,Gospel,6
2003-08-02,HipHop,22
2003-08-02,Jazz,1
2003-08-02,Pop,11
2003-08-02,Reggae,1
2003-08-02,RnB,22
2003-08-02,Rock,18
2003-08-09,Country,14
2003-08-09,Electronic,2
2003-08-09,Folk,1
2003-08-09,Gospel,6
2003-08-09,HipHop,21
2003-08-09,Jazz,1
2003-08-09,Pop,11
2003-08-09,Reggae,1
2003-08-09,RnB,23
2003-08-09,Rock,20
2003-08-16,Country,15
2003-08-16,Electronic,2
2003-08-16,Folk,1
2003-08-16,Gospel,5
2003-08-16,HipHop,20
2003-08-16,Jazz,1
2003-08-16,Pop,13
2003-08-16,RnB,23
2003-08-16,Rock,20
2003-08-23,Country,18
2003-08-23,Electronic,1
2003-08-23,Folk,1
2003-08-23,Gospel,4
2003-08-23,HipHop,18
2003-08-23,Jazz,1
2003-08-23,Pop,14
2003-08-23,RnB,23
2003-08-23,Rock,20
2003-08-30,Country,19
2003-08-30,Electronic,1
2003-08-30,Folk,2
2003-08-30,Gospel,4
2003-08-30,HipHop,16
2003-08-30,Jazz,1
2003-08-30,Pop,12
2003-08-30,RnB,22
2003-08-30,Rock,23
2003-09-06,Country,19
2003-09-06,Folk,2
2003-09-06,Gospel,4
2003-09-06,HipHop,18
2003-09-06,Jazz,1
2003-09-06,Pop,10
2003-09-06,Reggae,1
2003-09-06,RnB,24
2003-09-06,Rock,21
2003-09-13,Country,19
2003-09-13,Electronic,1
2003-09-13,Folk,2
2003-09-13,Gospel,3
2003-09-13,HipHop,17
2003-09-13,Jazz,1
2003-09-13,Pop,10
2003-09-13,Reggae,1
2003-09-13,RnB,24
2003-09-13,Rock,22
2003-09-20,Country,16
2003-09-20,Electronic,1
2003-09-20,Folk,2
2003-09-20,Gospel,4
2003-09-20,HipHop,17
2003-09-20,Jazz,1
2003-09-20,Pop,11
2003-09-20,Reggae,1
2003-09-20,RnB,21
2003-09-20,Rock,23
2003-09-27,Country,16
2003-09-27,Electronic,1
2003-09-27,Folk,1
2003-09-27,Gospel,4
2003-09-27,HipHop,18
2003-09-27,Jazz,1
2003-09-27,Pop,11
2003-09-27,Reggae,1
2003-09-27,RnB,20
2003-09-27,Rock,26
2003-10-04,Country,18
2003-10-04,Folk,1
2003-10-04,Gospel,4
2003-10-04,HipHop,20
2003-10-04,Jazz,1
2003-10-04,Pop,10
2003-10-04,Reggae,1
2003-10-04,RnB,20
2003-10-04,Rock,25
2003-10-11,Country,18
2003-10-11,Folk,1
2003-10-11,Gospel,4
2003-10-11,HipHop,20
2003-10-11,Jazz,1
2003-10-11,Pop,11
2003-10-11,Reggae,1
2003-10-11,RnB,21
2003-10-11,Rock,23
2003-10-18,Country,16
2003-10-18,Folk,1
2003-10-18,Gospel,4
2003-10-18,HipHop,20
2003-10-18,Jazz,1
2003-10-18,Pop,13
2003-10-18,Reggae,1
2003-10-18,RnB,23
2003-10-18,Rock,22
2003-10-25,Country,16
2003-10-25,Folk,1
2003-10-25,Gospel,4
2003-10-25,HipHop,21
2003-10-25,Jazz,1
2003-10-25,Pop,12
2003-10-25,Reggae,1
2003-10-25,RnB,22
2003-10-25,Rock,22
2003-11-01,Country,15
2003-11-01,Folk,1
2003-11-01,Gospel,4
2003-11-01,HipHop,23
2003-11-01,Jazz,1
2003-11-01,Pop,12
2003-11-01,Reggae,1
2003-11-01,RnB,18
2003-11-01,Rock,24
2003-11-08,Country,16
2003-11-08,Folk,1
2003-11-08,Gospel,3
2003-11-08,HipHop,23
2003-11-08,Jazz,1
2003-11-08,Pop,12
2003-11-08,Reggae,1
2003-11-08,RnB,18
2003-11-08,Rock,24
2003-11-15,Country,15
2003-11-15,Folk,1
2003-11-15,Gospel,1
2003-11-15,HipHop,24
2003-11-15,Jazz,1
2003-11-15,Pop,12
2003-11-15,Reggae,1
2003-11-15,RnB,19
2003-11-15,Rock,25
2003-11-22,Country,15
2003-11-22,Folk,1
2003-11-22,Gospel,1
2003-11-22,HipHop,19
2003-11-22,Jazz,1
2003-11-22,Pop,12
2003-11-22,RnB,20
2003-11-22,Rock,26
2003-11-29,Country,15
2003-11-29,Electronic,1
2003-11-29,Folk,1
2003-11-29,Gospel,2
2003-11-29,HipHop,18
2003-11-29,Jazz,1
2003-11-29,Pop,11
2003-11-29,RnB,18
2003-11-29,Rock,26
2003-12-06,Country,15
2003-12-06,Electronic,1
2003-12-06,Folk,1
2003-12-06,Gospel,2
2003-12-06,HipHop,19
2003-12-06,Jazz,1
2003-12-06,Pop,11
2003-12-06,RnB,19
2003-12-06,Rock,26
2003-12-13,Country,17
2003-12-13,Electronic,1
2003-12-13,Folk,1
2003-12-13,Gospel,5
2003-12-13,HipHop,18
2003-12-13,Jazz,1
2003-12-13,Pop,9
2003-12-13,RnB,20
2003-12-13,Rock,25
2003-12-20,Country,18
2003-12-20,Folk,1
2003-12-20,Gospel,4
2003-12-20,HipHop,20
2003-12-20,Jazz,1
2003-12-20,Pop,7
2003-12-20,RnB,19
2003-12-20,Rock,26
2003-12-27,Country,18
2003-12-27,Folk,1
2003-12-27,Gospel,4
2003-12-27,HipHop,20
2003-12-27,Jazz,1
2003-12-27,Pop,8
2003-12-27,RnB,19
2003-12-27,Rock,24
2004-01-03,Country,17
2004-01-03,Folk,1
2004-01-03,Gospel,4
2004-01-03,HipHop,22
2004-01-03,Jazz,1
2004-01-03,Pop,8
2004-01-03,RnB,20
2004-01-03,Rock,24
2004-01-10,Country,15
2004-01-10,Folk,1
2004-01-10,Gospel,3
2004-01-10,HipHop,24
2004-01-10,Jazz,1
2004-01-10,Pop,8
2004-01-10,RnB,20
2004-01-10,Rock,26
2004-01-17,Country,15
2004-01-17,Gospel,4
2004-01-17,HipHop,25
2004-01-17,Jazz,1
2004-01-17,Pop,8
2004-01-17,RnB,19
2004-01-17,Rock,26
2004-01-24,Country,15
2004-01-24,Gospel,6
2004-01-24,HipHop,25
2004-01-24,Jazz,1
2004-01-24,Pop,6
2004-01-24,RnB,18
2004-01-24,Rock,26
2004-01-31,Country,15
2004-01-31,Gospel,6
2004-01-31,HipHop,25
2004-01-31,Jazz,1
2004-01-31,Pop,8
2004-01-31,RnB,17
2004-01-31,Rock,23
2004-02-07,Country,14
2004-02-07,Gospel,6
2004-02-07,HipHop,25
2004-02-07,Jazz,1
2004-02-07,Pop,8
2004-02-07,Reggae,1
2004-02-07,RnB,17
2004-02-07,Rock,23
2004-02-14,Country,13
2004-02-14,Gospel,6
2004-02-14,HipHop,27
2004-02-14,Jazz,1
2004-02-14,Pop,9
2004-02-14,Reggae,1
2004-02-14,RnB,15
2004-02-14,Rock,23
2004-02-21,Country,14
2004-02-21,Gospel,6
2004-02-21,HipHop,28
2004-02-21,Jazz,1
2004-02-21,Pop,10
2004-02-21,Reggae,1
2004-02-21,RnB,15
2004-02-21,Rock,21
2004-02-28,Country,15
2004-02-28,Gospel,6
2004-02-28,HipHop,26
2004-02-28,Jazz,1
2004-02-28,Pop,12
2004-02-28,Reggae,1
2004-02-28,RnB,14
2004-02-28,Rock,21
2004-03-06,Country,15
2004-03-06,Gospel,6
2004-03-06,HipHop,25
2004-03-06,Jazz,1
2004-03-06,Pop,12
2004-03-06,Reggae,1
2004-03-06,RnB,13
2004-03-06,Rock,23
2004-03-13,Country,15
2004-03-13,Gospel,6
2004-03-13,HipHop,26
2004-03-13,Jazz,1
2004-03-13,Pop,11
2004-03-13,Reggae,1
2004-03-13,RnB,14
2004-03-13,Rock,22
2004-03-20,Country,15
2004-03-20,Gospel,6
2004-03-20,HipHop,24
2004-03-20,Jazz,1
2004-03-20,Pop,10
2004-03-20,Reggae,2
2004-03-20,RnB,15
2004-03-20,Rock,21
2004-03-27,Country,13
2004-03-27,Gospel,6
2004-03-27,HipHop,25
2004-03-27,Pop,11
2004-03-27,Reggae,2
2004-03-27,RnB,16
2004-03-27,Rock,21
2004-04-03,Country,14
2004-04-03,Electronic,1
2004-04-03,Gospel,6
2004-04-03,HipHop,25
2004-04-03,Pop,11
2004-04-03,Reggae,1
2004-04-03,RnB,14
2004-04-03,Rock,21
2004-04-10,Country,17
2004-04-10,Electronic,1
2004-04-10,Gospel,6
2004-04-10,HipHop,22
2004-04-10,Pop,12
2004-04-10,Reggae,1
2004-04-10,RnB,14
2004-04-10,Rock,21
2004-04-17,Country,18
2004-04-17,Electronic,1
2004-04-17,Gospel,6
2004-04-17,HipHop,23
2004-04-17,Pop,12
2004-04-17,Reggae,1
2004-04-17,RnB,14
2004-04-17,Rock,20
2004-04-24,Country,18
2004-04-24,Electronic,1
2004-04-24,Gospel,5
2004-04-24,HipHop,20
2004-04-24,Pop,13
2004-04-24,Reggae,2
2004-04-24,RnB,15
2004-04-24,Rock,20
2004-05-01,Country,16
2004-05-01,Gospel,3
2004-05-01,HipHop,20
2004-05-01,Pop,14
2004-05-01,Reggae,2
2004-05-01,RnB,15
2004-05-01,Rock,23
2004-05-08,Country,16
2004-05-08,Gospel,2
2004-05-08,HipHop,23
2004-05-08,Pop,14
2004-05-08,Reggae,2
2004-05-08,RnB,14
2004-05-08,Rock,22
2004-05-15,Country,15
2004-05-15,Gospel,2
2004-05-15,HipHop,24
2004-05-15,Pop,12
2004-05-15,Reggae,2
2004-05-15,RnB,14
2004-05-15,Rock,25
2004-05-22,Classical,1
2004-05-22,Country,16
2004-05-22,Electronic,1
2004-05-22,Gospel,2
2004-05-22,HipHop,24
2004-05-22,Pop,13
2004-05-22,Reggae,3
2004-05-22,RnB,13
2004-05-22,Rock,23
2004-05-29,Classical,1
2004-05-29,Country,16
2004-05-29,Electronic,1
2004-05-29,Gospel,2
2004-05-29,HipHop,22
2004-05-29,Pop,12
2004-05-29,Reggae,3
2004-05-29,RnB,14
2004-05-29,Rock,25
2004-06-05,Classical,1
2004-06-05,Country,16
2004-06-05,Electronic,1
2004-06-05,Gospel,1
2004-06-05,HipHop,22
2004-06-05,Pop,11
2004-06-05,Reggae,3
2004-06-05,RnB,15
2004-06-05,Rock,27
2004-06-12,Classical,1
2004-06-12,Country,19
2004-06-12,Electronic,1
2004-06-12,Gospel,1
2004-06-12,HipHop,22
2004-06-12,Pop,15
2004-06-12,Reggae,3
2004-06-12,RnB,14
2004-06-12,Rock,22
2004-06-19,Classical,1
2004-06-19,Country,20
2004-06-19,Electronic,1
2004-06-19,Gospel,1
2004-06-19,HipHop,22
2004-06-19,Pop,14
2004-06-19,Reggae,3
2004-06-19,RnB,15
2004-06-19,Rock,23
2004-06-26,Classical,1
2004-06-26,Country,19
2004-06-26,Electronic,1
2004-06-26,HipHop,24
2004-06-26,Pop,13
2004-06-26,Reggae,3
2004-06-26,RnB,15
2004-06-26,Rock,22
2004-07-03,Classical,1
2004-07-03,Country,18
2004-07-03,Electronic,1
2004-07-03,HipHop,23
2004-07-03,Pop,13
2004-07-03,Reggae,3
2004-07-03,RnB,16
2004-07-03,Rock,25
2004-07-10,Classical,1
2004-07-10,Country,16
2004-07-10,Electronic,1
2004-07-10,HipHop,26
2004-07-10,Pop,12
2004-07-10,Reggae,3
2004-07-10,RnB,17
2004-07-10,Rock,24
2004-07-17,Classical,1
2004-07-17,Country,16
2004-07-17,Electronic,1
2004-07-17,HipHop,29
2004-07-17,Pop,12
2004-07-17,Reggae,3
2004-07-17,RnB,17
2004-07-17,Rock,24
2004-07-24,Classical,1
2004-07-24,Country,16
2004-07-24,Electronic,1
2004-07-24,HipHop,29
2004-07-24,Pop,12
2004-07-24,Reggae,3
2004-07-24,RnB,15
2004-07-24,Rock,26
2004-07-31,Classical,1
2004-07-31,Country,18
2004-07-31,Electronic,1
2004-07-31,HipHop,26
2004-07-31,Pop,12
2004-07-31,Reggae,3
2004-07-31,RnB,15
2004-07-31,Rock,25
2004-08-07,Classical,1
2004-08-07,Country,18
2004-08-07,Electronic,1
2004-08-07,Gospel,3
2004-08-07,HipHop,23
2004-08-07,Pop,12
2004-08-07,Reggae,2
2004-08-07,RnB,16
2004-08-07,Rock,26
2004-08-14,Classical,1
2004-08-14,Country,19
2004-08-14,Electronic,1
2004-08-14,Gospel,3
2004-08-14,HipHop,21
2004-08-14,Pop,12
2004-08-14,Reggae,2
2004-08-14,RnB,17
2004-08-14,Rock,25
2004-08-21,Classical,1
2004-08-21,Country,21
2004-08-21,Electronic,1
2004-08-21,Gospel,3
2004-08-21,HipHop,22
2004-08-21,Pop,11
2004-08-21,Reggae,2
2004-08-21,RnB,17
2004-08-21,Rock,22
2004-08-28,Classical,1
2004-08-28,Country,21
2004-08-28,Electronic,1
2004-08-28,Gospel,3
2004-08-28,HipHop,23
2004-08-28,Latin,1
2004-08-28,Pop,11
2004-08-28,Reggae,1
2004-08-28,RnB,16
2004-08-28,Rock,22
2004-09-04,Classical,1
2004-09-04,Country,20
2004-09-04,Electronic,1
2004-09-04,Gospel,3
2004-09-04,HipHop,23
2004-09-04,Latin,1
2004-09-04,Pop,11
2004-09-04,Reggae,2
2004-09-04,RnB,16
2004-09-04,Rock,22
2004-09-11,Classical,1
2004-09-11,Country,19
2004-09-11,Gospel,3
2004-09-11,HipHop,23
2004-09-11,Latin,1
2004-09-11,Pop,10
2004-09-11,Reggae,2
2004-09-11,RnB,17
2004-09-11,Rock,24
2004-09-18,Classical,1
2004-09-18,Country,21
2004-09-18,Gospel,3
2004-09-18,HipHop,24
2004-09-18,Latin,1
2004-09-18,Pop,10
2004-09-18,Reggae,2
2004-09-18,RnB,16
2004-09-18,Rock,22
2004-09-25,Classical,1
2004-09-25,Country,21
2004-09-25,Gospel,3
2004-09-25,HipHop,24
2004-09-25,Latin,1
2004-09-25,Pop,9
2004-09-25,Reggae,2
2004-09-25,RnB,16
2004-09-25,Rock,23
2004-10-02,Classical,1
2004-10-02,Country,20
2004-10-02,Gospel,3
2004-10-02,HipHop,24
2004-10-02,Latin,1
2004-10-02,Pop,10
2004-10-02,Reggae,2
2004-10-02,RnB,17
2004-10-02,Rock,22
2004-10-09,Country,17
2004-10-09,Gospel,3
2004-10-09,HipHop,25
2004-10-09,Latin,1
2004-10-09,Pop,11
2004-10-09,Reggae,3
2004-10-09,RnB,16
2004-10-09,Rock,23
2004-10-16,Country,17
2004-10-16,Gospel,3
2004-10-16,HipHop,29
2004-10-16,Latin,1
2004-10-16,Pop,10
2004-10-16,Reggae,3
2004-10-16,RnB,14
2004-10-16,Rock,21
2004-10-23,Country,17
2004-10-23,Gospel,3
2004-10-23,HipHop,29
2004-10-23,Latin,1
2004-10-23,Pop,10
2004-10-23,Reggae,3
2004-10-23,RnB,12
2004-10-23,Rock,22
2004-10-30,Country,17
2004-10-30,Gospel,3
2004-10-30,HipHop,27
2004-10-30,Latin,1
2004-10-30,Pop,9
2004-10-30,Reggae,3
2004-10-30,RnB,14
2004-10-30,Rock,22
2004-11-06,Country,18
2004-11-06,Folk,1
2004-11-06,Gospel,1
2004-11-06,HipHop,26
2004-11-06,Latin,1
2004-11-06,Pop,10
2004-11-06,Reggae,3
2004-11-06,RnB,13
2004-11-06,Rock,22
2004-11-13,Country,19
2004-11-13,Folk,1
2004-11-13,Gospel,1
2004-11-13,HipHop,25
2004-11-13,Latin,2
2004-11-13,Pop,11
2004-11-13,Reggae,2
2004-11-13,RnB,13
2004-11-13,Rock,21
2004-11-20,Country,16
2004-11-20,Folk,1
2004-11-20,Gospel,1
2004-11-20,HipHop,29
2004-11-20,Latin,2
2004-11-20,Pop,10
2004-11-20,Reggae,2
2004-11-20,RnB,12
2004-11-20,Rock,22
2004-11-27,Country,14
2004-11-27,Folk,1
2004-11-27,Gospel,1
2004-11-27,HipHop,31
2004-11-27,Latin,2
2004-11-27,Pop,9
2004-11-27,Reggae,1
2004-11-27,RnB,12
2004-11-27,Rock,23
2004-12-04,Country,15
2004-12-04,Folk,1
2004-12-04,Gospel,3
2004-12-04,HipHop,29
2004-12-04,Latin,2
2004-12-04,Pop,9
2004-12-04,Reggae,1
2004-12-04,RnB,12
2004-12-04,Rock,23
2004-12-11,Country,16
2004-12-11,Folk,1
2004-12-11,Gospel,3
2004-12-11,HipHop,30
2004-12-11,Latin,2
2004-12-11,Pop,8
2004-12-11,Reggae,1
2004-12-11,RnB,13
2004-12-11,Rock,21
2004-12-18,Country,18
2004-12-18,Folk,1
2004-12-18,Gospel,3
2004-12-18,HipHop,28
2004-12-18,Latin,2
2004-12-18,Pop,6
2004-12-18,Reggae,1
2004-12-18,RnB,13
2004-12-18,Rock,21
2004-12-25,Country,18
2004-12-25,Folk,1
2004-12-25,Gospel,2
2004-12-25,HipHop,29
2004-12-25,Latin,3
2004-12-25,Pop,6
2004-12-25,Reggae,1
2004-12-25,RnB,12
2004-12-25,Rock,22
2005-01-01,Country,18
2005-01-01,Folk,1
2005-01-01,Gospel,2
2005-01-01,HipHop,31
2005-01-01,Latin,3
2005-01-01,Pop,6
2005-01-01,Reggae,1
2005-01-01,RnB,11
2005-01-01,Rock,21
2005-01-08,Country,18
2005-01-08,Folk,1
2005-01-08,Gospel,2
2005-01-08,HipHop,31
2005-01-08,Latin,3
2005-01-08,Pop,9
2005-01-08,Reggae,1
2005-01-08,RnB,10
2005-01-08,Rock,20
2005-01-15,Country,17
2005-01-15,Folk,1
2005-01-15,Gospel,2
2005-01-15,HipHop,31
2005-01-15,Latin,3
2005-01-15,Pop,9
2005-01-15,Reggae,1
2005-01-15,RnB,11
2005-01-15,Rock,19
2005-01-29,Country,18
2005-01-29,Electronic,1
2005-01-29,Folk,1
2005-01-29,Gospel,2
2005-01-29,HipHop,31
2005-01-29,Latin,2
2005-01-29,Pop,9
2005-01-29,Reggae,1
2005-01-29,RnB,13
2005-01-29,Rock,15
2005-02-05,Country,18
2005-02-05,Electronic,1
2005-02-05,Folk,1
2005-02-05,Gospel,2
2005-02-05,HipHop,34
2005-02-05,Latin,2
2005-02-05,Pop,9
2005-02-05,Reggae,1
2005-02-05,RnB,11
2005-02-05,Rock,17
2005-02-12,Country,18
2005-02-12,Electronic,1
2005-02-12,Folk,1
2005-02-12,Gospel,2
2005-02-12,HipHop,32
2005-02-12,Latin,1
2005-02-12,Pop,8
2005-02-12,Reggae,1
2005-02-12,RnB,11
2005-02-12,Rock,23
2005-02-19,Country,18
2005-02-19,Electronic,1
2005-02-19,Folk,1
2005-02-19,Gospel,2
2005-02-19,HipHop,29
2005-02-19,Latin,1
2005-02-19,Pop,9
2005-02-19,Reggae,1
2005-02-19,RnB,11
2005-02-19,Rock,24
2005-02-26,Country,19
2005-02-26,Electronic,1
2005-02-26,Folk,1
2005-02-26,Gospel,2
2005-02-26,HipHop,29
2005-02-26,Latin,1
2005-02-26,Pop,11
2005-02-26,RnB,11
2005-02-26,Rock,24
2005-03-05,Country,17
2005-03-05,Electronic,1
2005-03-05,Folk,1
2005-03-05,Gospel,2
2005-03-05,HipHop,29
2005-03-05,Latin,1
2005-03-05,Pop,10
2005-03-05,RnB,13
2005-03-05,Rock,23
2005-03-12,Country,18
2005-03-12,Electronic,1
2005-03-12,Folk,1
2005-03-12,Gospel,2
2005-03-12,HipHop,29
2005-03-12,Latin,1
2005-03-12,Pop,11
2005-03-12,RnB,12
2005-03-12,Rock,23
2005-03-19,Country,18
2005-03-19,Electronic,2
2005-03-19,Folk,1
2005-03-19,Gospel,2
2005-03-19,HipHop,30
2005-03-19,Latin,1
2005-03-19,Pop,9
2005-03-19,RnB,12
2005-03-19,Rock,22
2005-03-26,Country,21
2005-03-26,Electronic,2
2005-03-26,Folk,2
2005-03-26,HipHop,30
2005-03-26,Latin,1
2005-03-26,Pop,9
2005-03-26,RnB,12
2005-03-26,Rock,21
2005-04-02,Country,21
2005-04-02,Electronic,2
2005-04-02,Folk,2
2005-04-02,HipHop,27
2005-04-02,Pop,8
2005-04-02,RnB,12
2005-04-02,Rock,25
2005-04-09,Country,21
2005-04-09,Electronic,2
2005-04-09,Folk,2
2005-04-09,HipHop,25
2005-04-09,Pop,8
2005-04-09,RnB,14
2005-04-09,Rock,25
2005-04-16,Country,20
2005-04-16,Electronic,2
2005-04-16,Folk,1
2005-04-16,HipHop,24
2005-04-16,Pop,9
2005-04-16,RnB,13
2005-04-16,Rock,27
2005-04-23,Country,20
2005-04-23,Electronic,2
2005-04-23,Folk,1
2005-04-23,HipHop,23
2005-04-23,Pop,9
2005-04-23,RnB,14
2005-04-23,Rock,26
2005-04-30,Country,20
2005-04-30,Electronic,2
2005-04-30,Folk,1
2005-04-30,HipHop,21
2005-04-30,Pop,8
2005-04-30,RnB,16
2005-04-30,Rock,27
2005-05-07,Country,18
2005-05-07,Electronic,2
2005-05-07,Folk,1
2005-05-07,HipHop,22
2005-05-07,Pop,9
2005-05-07,RnB,17
2005-05-07,Rock,26
2005-05-14,Country,18
2005-05-14,Electronic,1
2005-05-14,Folk,1
2005-05-14,HipHop,22
2005-05-14,Pop,9
2005-05-14,RnB,17
2005-05-14,Rock,26
2005-05-21,Country,17
2005-05-21,Folk,1
2005-05-21,HipHop,21
2005-05-21,Jazz,1
2005-05-21,Pop,10
2005-05-21,RnB,18
2005-05-21,Rock,26
2005-05-28,Country,17
2005-05-28,Folk,1
2005-05-28,HipHop,21
2005-05-28,Jazz,1
2005-05-28,Pop,10
2005-05-28,RnB,20
2005-05-28,Rock,24
2005-06-04,Country,17
2005-06-04,Electronic,1
2005-06-04,HipHop,24
2005-06-04,Pop,10
2005-06-04,RnB,18
2005-06-04,Rock,24
2005-06-11,Country,18
2005-06-11,Electronic,1
2005-06-11,HipHop,23
2005-06-11,Pop,10
2005-06-11,RnB,17
2005-06-11,Rock,24
2005-06-18,Country,17
2005-06-18,Electronic,1
2005-06-18,HipHop,23
2005-06-18,Jazz,1
2005-06-18,Latin,1
2005-06-18,Pop,10
2005-06-18,RnB,17
2005-06-18,Rock,24
2005-06-25,Country,15
2005-06-25,Electronic,1
2005-06-25,HipHop,25
2005-06-25,Latin,1
2005-06-25,Pop,10
2005-06-25,RnB,16
2005-06-25,Rock,25
2005-07-02,Country,18
2005-07-02,Electronic,1
2005-07-02,HipHop,23
2005-07-02,Jazz,1
2005-07-02,Latin,1
2005-07-02,Pop,10
2005-07-02,RnB,14
2005-07-02,Rock,25
2005-07-09,Country,17
2005-07-09,Electronic,1
2005-07-09,Gospel,3
2005-07-09,HipHop,23
2005-07-09,Latin,1
2005-07-09,Pop,10
2005-07-09,RnB,14
2005-07-09,Rock,26
2005-07-16,Country,17
2005-07-16,Electronic,1
2005-07-16,Gospel,3
2005-07-16,HipHop,23
2005-07-16,Latin,1
2005-07-16,Pop,10
2005-07-16,RnB,13
2005-07-16,Rock,26
2005-07-23,Country,17
2005-07-23,Electronic,1
2005-07-23,Gospel,1
2005-07-23,HipHop,25
2005-07-23,Latin,1
2005-07-23,Pop,10
2005-07-23,RnB,11
2005-07-23,Rock,27
2005-07-30,Country,16
2005-07-30,Electronic,1
2005-07-30,Gospel,1
2005-07-30,HipHop,24
2005-07-30,Jazz,1
2005-07-30,Latin,1
2005-07-30,Pop,9
2005-07-30,Reggae,1
2005-07-30,RnB,12
2005-07-30,Rock,27
2005-08-06,Country,18
2005-08-06,Electronic,1
2005-08-06,Gospel,1
2005-08-06,HipHop,23
2005-08-06,Pop,9
2005-08-06,Reggae,1
2005-08-06,RnB,12
2005-08-06,Rock,28
2005-08-13,Country,16
2005-08-13,Electronic,1
2005-08-13,Gospel,1
2005-08-13,HipHop,22
2005-08-13,Jazz,1
2005-08-13,Pop,12
2005-08-13,Reggae,1
2005-08-13,RnB,13
2005-08-13,Rock,26
2005-08-20,Country,17
2005-08-20,Electronic,1
2005-08-20,Folk,1
2005-08-20,Gospel,1
2005-08-20,HipHop,20
2005-08-20,Pop,13
2005-08-20,Reggae,1
2005-08-20,RnB,11
2005-08-20,Rock,27
2005-08-27,Country,16
2005-08-27,Electronic,2
2005-08-27,Gospel,1
2005-08-27,HipHop,21
2005-08-27,Latin,1
2005-08-27,Pop,13
2005-08-27,Reggae,1
2005-08-27,RnB,12
2005-08-27,Rock,25
2005-09-03,Country,17
2005-09-03,Electronic,2
2005-09-03,Gospel,1
2005-09-03,HipHop,21
2005-09-03,Jazz,1
2005-09-03,Pop,15
2005-09-03,Reggae,1
2005-09-03,RnB,10
2005-09-03,Rock,23
2005-09-10,Country,16
2005-09-10,Electronic,2
2005-09-10,Gospel,1
2005-09-10,HipHop,22
2005-09-10,Jazz,1
2005-09-10,Pop,14
2005-09-10,Reggae,1
2005-09-10,RnB,11
2005-09-10,Rock,22
2005-09-17,Country,16
2005-09-17,Electronic,2
2005-09-17,Gospel,1
2005-09-17,HipHop,22
2005-09-17,Jazz,1
2005-09-17,Pop,15
2005-09-17,Reggae,1
2005-09-17,RnB,10
2005-09-17,Rock,22
2005-09-24,Country,17
2005-09-24,Electronic,2
2005-09-24,Gospel,1
2005-09-24,HipHop,21
2005-09-24,Jazz,1
2005-09-24,Pop,16
2005-09-24,Reggae,1
2005-09-24,RnB,10
2005-09-24,Rock,19
2005-10-01,Country,16
2005-10-01,Electronic,2
2005-10-01,Gospel,1
2005-10-01,HipHop,18
2005-10-01,Jazz,2
2005-10-01,Pop,14
2005-10-01,Reggae,1
2005-10-01,RnB,10
2005-10-01,Rock,22
2005-10-08,Country,18
2005-10-08,Electronic,2
2005-10-08,Gospel,1
2005-10-08,HipHop,17
2005-10-08,Jazz,1
2005-10-08,Pop,14
2005-10-08,Reggae,1
2005-10-08,RnB,11
2005-10-08,Rock,23
2005-10-15,Country,19
2005-10-15,Electronic,2
2005-10-15,Gospel,1
2005-10-15,HipHop,19
2005-10-15,Jazz,1
2005-10-15,Pop,14
2005-10-15,Reggae,1
2005-10-15,RnB,10
2005-10-15,Rock,22
2005-10-22,Country,20
2005-10-22,Electronic,2
2005-10-22,Gospel,1
2005-10-22,HipHop,16
2005-10-22,Jazz,1
2005-10-22,Pop,16
2005-10-22,RnB,9
2005-10-22,Rock,24
2005-10-29,Country,20
2005-10-29,Electronic,2
2005-10-29,Gospel,1
2005-10-29,HipHop,17
2005-10-29,Jazz,1
2005-10-29,Pop,18
2005-10-29,RnB,8
2005-10-29,Rock,22
2005-11-05,Country,19
2005-11-05,Electronic,2
2005-11-05,Gospel,1
2005-11-05,HipHop,21
2005-11-05,Jazz,2
2005-11-05,Pop,20
2005-11-05,RnB,8
2005-11-05,Rock,18
2005-11-12,Country,19
2005-11-12,Electronic,2
2005-11-12,Gospel,1
2005-11-12,HipHop,22
2005-11-12,Jazz,2
2005-11-12,Pop,18
2005-11-12,RnB,7
2005-11-12,Rock,21
2005-11-19,Country,20
2005-11-19,Electronic,2
2005-11-19,Gospel,1
2005-11-19,HipHop,24
2005-11-19,Jazz,2
2005-11-19,Pop,15
2005-11-19,RnB,8
2005-11-19,Rock,22
2005-11-26,Country,20
2005-11-26,Electronic,2
2005-11-26,HipHop,25
2005-11-26,Jazz,2
2005-11-26,Pop,16
2005-11-26,RnB,9
2005-11-26,Rock,20
2005-12-03,Country,24
2005-12-03,Electronic,2
2005-12-03,HipHop,22
2005-12-03,Jazz,2
2005-12-03,Latin,1
2005-12-03,Pop,16
2005-12-03,RnB,10
2005-12-03,Rock,16
2005-12-10,Country,22
2005-12-10,Electronic,1
2005-12-10,Gospel,1
2005-12-10,HipHop,20
2005-12-10,Jazz,1
2005-12-10,Latin,2
2005-12-10,Pop,16
2005-12-10,RnB,10
2005-12-10,Rock,19
2005-12-17,Country,21
2005-12-17,Electronic,1
2005-12-17,Gospel,1
2005-12-17,HipHop,22
2005-12-17,Jazz,1
2005-12-17,Latin,3
2005-12-17,Pop,16
2005-12-17,RnB,10
2005-12-17,Rock,18
2005-12-24,Country,20
2005-12-24,Electronic,1
2005-12-24,Gospel,2
2005-12-24,HipHop,22
2005-12-24,Latin,2
2005-12-24,Pop,17
2005-12-24,RnB,10
2005-12-24,Rock,19
2005-12-31,Country,21
2005-12-31,Electronic,2
2005-12-31,Gospel,2
2005-12-31,HipHop,23
2005-12-31,Latin,2
2005-12-31,Pop,16
2005-12-31,RnB,9
2005-12-31,Rock,18
2006-01-07,Country,19
2006-01-07,Electronic,2
2006-01-07,Gospel,2
2006-01-07,HipHop,23
2006-01-07,Latin,2
2006-01-07,Pop,16
2006-01-07,RnB,9
2006-01-07,Rock,19
2006-01-14,Country,18
2006-01-14,Electronic,2
2006-01-14,Gospel,1
2006-01-14,HipHop,22
2006-01-14,Latin,1
2006-01-14,Pop,17
2006-01-14,RnB,9
2006-01-14,Rock,23
2006-01-21,Country,21
2006-01-21,Electronic,2
2006-01-21,Gospel,2
2006-01-21,HipHop,22
2006-01-21,Latin,1
2006-01-21,Pop,15
2006-01-21,RnB,8
2006-01-21,Rock,20
2006-01-28,Country,21
2006-01-28,Electronic,2
2006-01-28,Gospel,3
2006-01-28,HipHop,20
2006-01-28,Latin,1
2006-01-28,Pop,15
2006-01-28,RnB,8
2006-01-28,Rock,22
2006-02-04,Country,18
2006-02-04,Electronic,2
2006-02-04,Gospel,3
2006-02-04,HipHop,20
2006-02-04,Latin,1
2006-02-04,Pop,16
2006-02-04,RnB,9
2006-02-04,Rock,22
2006-02-11,Country,16
2006-02-11,Electronic,2
2006-02-11,Gospel,3
2006-02-11,HipHop,20
2006-02-11,Latin,1
2006-02-11,Pop,14
2006-02-11,RnB,8
2006-02-11,Rock,21
2006-02-18,Country,18
2006-02-18,Electronic,2
2006-02-18,Gospel,3
2006-02-18,HipHop,20
2006-02-18,Latin,1
2006-02-18,Pop,13
2006-02-18,RnB,8
2006-02-18,Rock,21
2006-02-25,Country,17
2006-02-25,Electronic,2
2006-02-25,Gospel,3
2006-02-25,HipHop,21
2006-02-25,Latin,1
2006-02-25,Pop,13
2006-02-25,RnB,8
2006-02-25,Rock,23
2006-03-04,Country,17
2006-03-04,Electronic,2
2006-03-04,Gospel,3
2006-03-04,HipHop,22
2006-03-04,Latin,1
2006-03-04,Pop,14
2006-03-04,RnB,8
2006-03-04,Rock,22
2006-03-11,Country,14
2006-03-11,Electronic,2
2006-03-11,Gospel,3
2006-03-11,HipHop,25
2006-03-11,Latin,1
2006-03-11,Pop,14
2006-03-11,RnB,8
2006-03-11,Rock,25
2006-03-18,Country,13
2006-03-18,Electronic,2
2006-03-18,Gospel,3
2006-03-18,HipHop,26
2006-03-18,Latin,1
2006-03-18,Pop,14
2006-03-18,RnB,9
2006-03-18,Rock,25
2006-03-25,Country,12
2006-03-25,Electronic,2
2006-03-25,Folk,1
2006-03-25,Gospel,3
2006-03-25,HipHop,23
2006-03-25,Latin,1
2006-03-25,Pop,15
2006-03-25,RnB,10
2006-03-25,Rock,26
2006-04-01,Country,13
2006-04-01,Electronic,2
2006-04-01,Folk,1
2006-04-01,Gospel,3
2006-04-01,HipHop,21
2006-04-01,Latin,1
2006-04-01,Pop,14
2006-04-01,RnB,9
2006-04-01,Rock,30
2006-04-08,Country,14
2006-04-08,Electronic,2
2006-04-08,Folk,1
2006-04-08,Gospel,3
2006-04-08,HipHop,20
2006-04-08,Latin,2
2006-04-08,Pop,13
2006-04-08,RnB,8
2006-04-08,Rock,31
2006-04-15,Country,15
2006-04-15,Electronic,2
2006-04-15,Folk,1
2006-04-15,Gospel,3
2006-04-15,HipHop,19
2006-04-15,Latin,1
2006-04-15,Pop,13
2006-04-15,RnB,9
2006-04-15,Rock,29
2006-04-22,Country,15
2006-04-22,Electronic,3
2006-04-22,Folk,1
2006-04-22,Gospel,2
2006-04-22,HipHop,19
2006-04-22,Latin,1
2006-04-22,Pop,11
2006-04-22,RnB,11
2006-04-22,Rock,30
2006-04-29,Country,17
2006-04-29,Electronic,3
2006-04-29,Folk,1
2006-04-29,Gospel,1
2006-04-29,HipHop,21
2006-04-29,Jazz,1
2006-04-29,Latin,1
2006-04-29,Pop,10
2006-04-29,RnB,11
2006-04-29,Rock,26
2006-05-06,Country,17
2006-05-06,Electronic,3
2006-05-06,Folk,1
2006-05-06,Gospel,1
2006-05-06,HipHop,22
2006-05-06,Latin,1
2006-05-06,Pop,10
2006-05-06,RnB,11
2006-05-06,Rock,26
2006-05-13,Country,18
2006-05-13,Electronic,3
2006-05-13,Folk,1
2006-05-13,Gospel,1
2006-05-13,HipHop,21
2006-05-13,Latin,1
2006-05-13,Pop,11
2006-05-13,RnB,10
2006-05-13,Rock,28
2006-05-20,Country,16
2006-05-20,Electronic,2
2006-05-20,Folk,2
2006-05-20,HipHop,22
2006-05-20,Latin,1
2006-05-20,Pop,12
2006-05-20,RnB,11
2006-05-20,Rock,28
2006-05-27,Country,16
2006-05-27,Electronic,1
2006-05-27,Folk,2
2006-05-27,HipHop,23
2006-05-27,Latin,1
2006-05-27,Pop,13
2006-05-27,RnB,11
2006-05-27,Rock,27
2006-06-03,Country,19
2006-06-03,Electronic,1
2006-06-03,Folk,1
2006-06-03,HipHop,21
2006-06-03,Latin,1
2006-06-03,Pop,12
2006-06-03,RnB,10
2006-06-03,Rock,29
2006-06-10,Country,18
2006-06-10,Electronic,1
2006-06-10,Folk,1
2006-06-10,HipHop,21
2006-06-10,Latin,1
2006-06-10,Pop,14
2006-06-10,RnB,9
2006-06-10,Rock,28
2006-06-17,Country,19
2006-06-17,Electronic,1
2006-06-17,Folk,1
2006-06-17,HipHop,23
2006-06-17,Pop,14
2006-06-17,RnB,9
2006-06-17,Rock,27
2006-06-24,Country,18
2006-06-24,Electronic,1
2006-06-24,Folk,1
2006-06-24,HipHop,20
2006-06-24,Latin,2
2006-06-24,Pop,16
2006-06-24,RnB,8
2006-06-24,Rock,26
2006-07-01,Country,18
2006-07-01,Electronic,1
2006-07-01,Folk,1
2006-07-01,HipHop,20
2006-07-01,Latin,1
2006-07-01,Pop,16
2006-07-01,Reggae,1
2006-07-01,RnB,7
2006-07-01,Rock,27
2006-07-08,Country,19
2006-07-08,Electronic,1
2006-07-08,Folk,1
2006-07-08,HipHop,17
2006-07-08,Latin,1
2006-07-08,Pop,16
2006-07-08,RnB,8
2006-07-08,Rock,29
2006-07-15,Country,20
2006-07-15,Electronic,1
2006-07-15,Folk,1
2006-07-15,Gospel,1
2006-07-15,HipHop,17
2006-07-15,Pop,19
2006-07-15,RnB,6
2006-07-15,Rock,27
2006-07-22,Country,20
2006-07-22,Electronic,1
2006-07-22,Folk,1
2006-07-22,Gospel,1
2006-07-22,HipHop,13
2006-07-22,Latin,2
2006-07-22,Pop,20
2006-07-22,RnB,7
2006-07-22,Rock,28
2006-07-29,Country,21
2006-07-29,Electronic,1
2006-07-29,Folk,3
2006-07-29,Gospel,1
2006-07-29,HipHop,13
2006-07-29,Latin,1
2006-07-29,Pop,17
2006-07-29,RnB,7
2006-07-29,Rock,26
2006-08-05,Country,19
2006-08-05,Electronic,2
2006-08-05,Folk,3
2006-08-05,Gospel,1
2006-08-05,HipHop,13
2006-08-05,Pop,17
2006-08-05,RnB,7
2006-08-05,Rock,29
2006-08-12,Country,19
2006-08-12,Electronic,2
2006-08-12,Folk,3
2006-08-12,Gospel,1
2006-08-12,HipHop,12
2006-08-12,Pop,17
2006-08-12,RnB,7
2006-08-12,Rock,30
2006-08-19,Country,18
2006-08-19,Electronic,2
2006-08-19,Folk,3
2006-08-19,Gospel,1
2006-08-19,HipHop,12
2006-08-19,Pop,17
2006-08-19,RnB,8
2006-08-19,Rock,27
2006-08-26,Country,18
2006-08-26,Electronic,3
2006-08-26,Folk,3
2006-08-26,Gospel,1
2006-08-26,HipHop,12
2006-08-26,Pop,16
2006-08-26,RnB,10
2006-08-26,Rock,26
2006-09-02,Country,14
2006-09-02,Electronic,3
2006-09-02,Folk,3
2006-09-02,Gospel,1
2006-09-02,HipHop,13
2006-09-02,Pop,16
2006-09-02,Reggae,1
2006-09-02,RnB,10
2006-09-02,Rock,28
2006-09-09,Country,15
2006-09-09,Electronic,2
2006-09-09,Folk,3
2006-09-09,Gospel,1
2006-09-09,HipHop,14
2006-09-09,Pop,15
2006-09-09,Reggae,1
2006-09-09,RnB,9
2006-09-09,Rock,26
2006-09-16,Country,14
2006-09-16,Electronic,2
2006-09-16,Folk,3
2006-09-16,Gospel,1
2006-09-16,HipHop,14
2006-09-16,Pop,15
2006-09-16,Reggae,1
2006-09-16,RnB,9
2006-09-16,Rock,26
2006-09-23,Country,13
2006-09-23,Electronic,2
2006-09-23,Folk,3
2006-09-23,Gospel,1
2006-09-23,HipHop,12
2006-09-23,Pop,18
2006-09-23,Reggae,1
2006-09-23,RnB,10
2006-09-23,Rock,26
2006-09-30,Country,13
2006-09-30,Electronic,2
2006-09-30,Folk,3
2006-09-30,Gospel,1
2006-09-30,HipHop,13
2006-09-30,Pop,19
2006-09-30,Reggae,1
2006-09-30,RnB,9
2006-09-30,Rock,26
2006-10-07,Country,13
2006-10-07,Electronic,2
2006-10-07,Folk,3
2006-10-07,Gospel,3
2006-10-07,HipHop,13
2006-10-07,Pop,21
2006-10-07,Reggae,1
2006-10-07,RnB,9
2006-10-07,Rock,24
2006-10-14,Country,12
2006-10-14,Electronic,2
2006-10-14,Folk,3
2006-10-14,Gospel,3
2006-10-14,HipHop,11
2006-10-14,Pop,23
2006-10-14,RnB,10
2006-10-14,Rock,25
2006-10-21,Country,12
2006-10-21,Electronic,2
2006-10-21,Folk,2
2006-10-21,Gospel,3
2006-10-21,HipHop,13
2006-10-21,Pop,23
2006-10-21,RnB,11
2006-10-21,Rock,22
2006-10-28,Country,16
2006-10-28,Electronic,1
2006-10-28,Folk,2
2006-10-28,Gospel,3
2006-10-28,HipHop,13
2006-10-28,Pop,22
2006-10-28,RnB,9
2006-10-28,Rock,22
2006-11-04,Country,15
2006-11-04,Electronic,1
2006-11-04,Folk,2
2006-11-04,Gospel,3
2006-11-04,HipHop,13
2006-11-04,Pop,22
2006-11-04,RnB,10
2006-11-04,Rock,23
2006-11-11,Country,15
2006-11-11,Electronic,1
2006-11-11,Folk,2
2006-11-11,Gospel,1
2006-11-11,HipHop,13
2006-11-11,Pop,20
2006-11-11,RnB,11
2006-11-11,Rock,26
2006-11-18,Country,18
2006-11-18,Electronic,1
2006-11-18,Folk,2
2006-11-18,Gospel,1
2006-11-18,HipHop,12
2006-11-18,Latin,1
2006-11-18,Pop,19
2006-11-18,RnB,12
2006-11-18,Rock,23
2006-11-25,Classical,1
2006-11-25,Country,16
2006-11-25,Electronic,1
2006-11-25,Folk,2
2006-11-25,Gospel,1
2006-11-25,HipHop,12
2006-11-25,Pop,22
2006-11-25,RnB,10
2006-11-25,Rock,25
2006-12-02,Classical,1
2006-12-02,Country,16
2006-12-02,Electronic,1
2006-12-02,Folk,2
2006-12-02,HipHop,14
2006-12-02,Pop,20
2006-12-02,RnB,9
2006-12-02,Rock,26
2006-12-09,Classical,1
2006-12-09,Country,15
2006-12-09,Electronic,1
2006-12-09,Folk,2
2006-12-09,HipHop,15
2006-12-09,Pop,22
2006-12-09,RnB,8
2006-12-09,Rock,25
2006-12-16,Classical,1
2006-12-16,Country,15
2006-12-16,Electronic,2
2006-12-16,Folk,1
2006-12-16,HipHop,13
2006-12-16,Pop,24
2006-12-16,RnB,7
2006-12-16,Rock,26
2006-12-23,Classical,1
2006-12-23,Country,18
2006-12-23,Electronic,2
2006-12-23,Folk,1
2006-12-23,HipHop,16
2006-12-23,Pop,22
2006-12-23,RnB,6
2006-12-23,Rock,27
2006-12-30,Classical,1
2006-12-30,Country,16
2006-12-30,Electronic,2
2006-12-30,Folk,2
2006-12-30,HipHop,16
2006-12-30,Pop,19
2006-12-30,RnB,6
2006-12-30,Rock,30
2007-01-06,Classical,1
2007-01-06,Country,14
2007-01-06,Electronic,2
2007-01-06,Folk,3
2007-01-06,HipHop,15
2007-01-06,Pop,20
2007-01-06,RnB,8
2007-01-06,Rock,31
2007-01-13,Classical,1
2007-01-13,Country,15
2007-01-13,Electronic,2
2007-01-13,Folk,3
2007-01-13,HipHop,16
2007-01-13,Pop,17
2007-01-13,RnB,6
2007-01-13,Rock,33
2007-01-20,Classical,1
2007-01-20,Country,16
2007-01-20,Electronic,2
2007-01-20,Folk,2
2007-01-20,HipHop,18
2007-01-20,Pop,19
2007-01-20,RnB,8
2007-01-20,Rock,30
2007-01-27,Classical,1
2007-01-27,Country,15
2007-01-27,Electronic,2
2007-01-27,Folk,2
2007-01-27,HipHop,16
2007-01-27,Pop,21
2007-01-27,RnB,9
2007-01-27,Rock,29
2007-02-03,Classical,1
2007-02-03,Country,15
2007-02-03,Electronic,1
2007-02-03,Folk,3
2007-02-03,HipHop,16
2007-02-03,Pop,22
2007-02-03,RnB,8
2007-02-03,Rock,28
2007-02-10,Classical,1
2007-02-10,Country,15
2007-02-10,Electronic,1
2007-02-10,Folk,3
2007-02-10,HipHop,16
2007-02-10,Pop,21
2007-02-10,RnB,10
2007-02-10,Rock,27
2007-02-17,Classical,1
2007-02-17,Country,19
2007-02-17,Electronic,1
2007-02-17,Folk,3
2007-02-17,HipHop,13
2007-02-17,Pop,22
2007-02-17,RnB,8
2007-02-17,Rock,26
2007-02-24,Classical,1
2007-02-24,Country,16
2007-02-24,Electronic,1
2007-02-24,Folk,3
2007-02-24,HipHop,16
2007-02-24,Pop,24
2007-02-24,RnB,8
2007-02-24,Rock,25
2007-03-03,Classical,1
2007-03-03,Country,17
2007-03-03,Electronic,1
2007-03-03,Folk,4
2007-03-03,HipHop,15
2007-03-03,Pop,22
2007-03-03,RnB,10
2007-03-03,Rock,23
2007-03-10,Classical,1
2007-03-10,Country,17
2007-03-10,Electronic,1
2007-03-10,Folk,4
2007-03-10,HipHop,17
2007-03-10,Pop,22
2007-03-10,RnB,10
2007-03-10,Rock,21
2007-03-17,Classical,1
2007-03-17,Country,17
2007-03-17,Electronic,1
2007-03-17,Folk,2
2007-03-17,HipHop,16
2007-03-17,Pop,22
2007-03-17,RnB,9
2007-03-17,Rock,26
2007-03-24,Classical,1
2007-03-24,Country,18
2007-03-24,Electronic,1
2007-03-24,Folk,2
2007-03-24,HipHop,14
2007-03-24,Pop,24
2007-03-24,RnB,11
2007-03-24,Rock,25
2007-03-31,Classical,2
2007-03-31,Country,16
2007-03-31,Electronic,1
2007-03-31,Folk,2
2007-03-31,HipHop,15
2007-03-31,Pop,24
2007-03-31,RnB,13
2007-03-31,Rock,24
2007-04-07,Classical,2
2007-04-07,Country,16
2007-04-07,Electronic,1
2007-04-07,Folk,2
2007-04-07,HipHop,15
2007-04-07,Jazz,1
2007-04-07,Pop,24
2007-04-07,RnB,12
2007-04-07,Rock,24
2007-04-14,Classical,2
2007-04-14,Country,17
2007-04-14,Electronic,1
2007-04-14,Folk,1
2007-04-14,Gospel,2
2007-04-14,HipHop,17
2007-04-14,Jazz,1
2007-04-14,Pop,22
2007-04-14,RnB,12
2007-04-14,Rock,24
2007-04-21,Classical,2
2007-04-21,Country,17
2007-04-21,Electronic,1
2007-04-21,Folk,1
2007-04-21,Gospel,2
2007-04-21,HipHop,16
2007-04-21,Pop,25
2007-04-21,RnB,12
2007-04-21,Rock,24
2007-04-28,Classical,2
2007-04-28,Country,18
2007-04-28,Electronic,3
2007-04-28,Folk,1
2007-04-28,Gospel,2
2007-04-28,HipHop,15
2007-04-28,Pop,25
2007-04-28,RnB,10
2007-04-28,Rock,24
2007-05-05,Classical,2
2007-05-05,Country,23
2007-05-05,Gospel,3
2007-05-05,HipHop,16
2007-05-05,Pop,20
2007-05-05,RnB,11
2007-05-05,Rock,23
2007-05-12,Classical,1
2007-05-12,Country,20
2007-05-12,Folk,1
2007-05-12,Gospel,3
2007-05-12,HipHop,14
2007-05-12,Pop,21
2007-05-12,RnB,11
2007-05-12,Rock,22
2007-05-19,Classical,1
2007-05-19,Country,20
2007-05-19,Folk,1
2007-05-19,Gospel,2
2007-05-19,HipHop,13
2007-05-19,Jazz,1
2007-05-19,Pop,20
2007-05-19,RnB,10
2007-05-19,Rock,24
2007-05-26,Classical,1
2007-05-26,Country,21
2007-05-26,Gospel,2
2007-05-26,HipHop,14
2007-05-26,Jazz,1
2007-05-26,Latin,1
2007-05-26,Pop,20
2007-05-26,RnB,10
2007-05-26,Rock,23
2007-06-02,Classical,1
2007-06-02,Country,21
2007-06-02,Gospel,2
2007-06-02,HipHop,12
2007-06-02,Latin,1
2007-06-02,Pop,20
2007-06-02,RnB,11
2007-06-02,Rock,25
2007-06-09,Classical,1
2007-06-09,Country,19
2007-06-09,Gospel,2
2007-06-09,HipHop,15
2007-06-09,Latin,1
2007-06-09,Pop,21
2007-06-09,RnB,12
2007-06-09,Rock,23
2007-06-16,Classical,1
2007-06-16,Country,18
2007-06-16,Electronic,1
2007-06-16,Gospel,2
2007-06-16,HipHop,13
2007-06-16,Latin,1
2007-06-16,Pop,23
2007-06-16,RnB,11
2007-06-16,Rock,23
2007-06-23,Classical,1
2007-06-23,Country,18
2007-06-23,Electronic,1
2007-06-23,Gospel,2
2007-06-23,HipHop,15
2007-06-23,Jazz,1
2007-06-23,Latin,1
2007-06-23,Pop,23
2007-06-23,RnB,10
2007-06-23,Rock,22
2007-06-30,Classical,1
2007-06-30,Country,18
2007-06-30,Electronic,1
2007-06-30,Gospel,2
2007-06-30,HipHop,15
2007-06-30,Jazz,1
2007-06-30,Latin,1
2007-06-30,Pop,23
2007-06-30,RnB,10
2007-06-30,Rock,23
2007-07-07,Classical,1
2007-07-07,Country,18
2007-07-07,Electronic,1
2007-07-07,HipHop,13
2007-07-07,Jazz,1
2007-07-07,Latin,1
2007-07-07,Pop,21
2007-07-07,RnB,10
2007-07-07,Rock,27
2007-07-14,Classical,1
2007-07-14,Country,19
2007-07-14,Electronic,1
2007-07-14,HipHop,11
2007-07-14,Jazz,1
2007-07-14,Pop,20
2007-07-14,RnB,10
2007-07-14,Rock,28
2007-07-21,Classical,1
2007-07-21,Country,20
2007-07-21,Electronic,1
2007-07-21,HipHop,11
2007-07-21,Jazz,1
2007-07-21,Pop,20
2007-07-21,RnB,10
2007-07-21,Rock,27
2007-07-28,Classical,1
2007-07-28,Country,20
2007-07-28,HipHop,11
2007-07-28,Jazz,1
2007-07-28,Pop,21
2007-07-28,RnB,9
2007-07-28,Rock,27
2007-08-04,Classical,1
2007-08-04,Country,20
2007-08-04,HipHop,12
2007-08-04,Jazz,1
2007-08-04,Pop,24
2007-08-04,RnB,8
2007-08-04,Rock,23
2007-08-11,Classical,1
2007-08-11,Country,22
2007-08-11,Electronic,1
2007-08-11,HipHop,14
2007-08-11,Jazz,1
2007-08-11,Pop,23
2007-08-11,RnB,7
2007-08-11,Rock,20
2007-08-18,Classical,1
2007-08-18,Country,23
2007-08-18,Electronic,1
2007-08-18,HipHop,13
2007-08-18,Jazz,1
2007-08-18,Pop,23
2007-08-18,RnB,8
2007-08-18,Rock,22
2007-08-25,Classical,1
2007-08-25,Country,20
2007-08-25,Electronic,1
2007-08-25,HipHop,17
2007-08-25,Jazz,1
2007-08-25,Pop,21
2007-08-25,RnB,7
2007-08-25,Rock,25
2007-09-01,Country,18
2007-09-01,HipHop,17
2007-09-01,Jazz,1
2007-09-01,Pop,23
2007-09-01,RnB,7
2007-09-01,Rock,23
2007-09-08,Country,17
2007-09-08,HipHop,19
2007-09-08,Jazz,1
2007-09-08,Pop,23
2007-09-08,RnB,6
2007-09-08,Rock,24
2007-09-15,Country,17
2007-09-15,HipHop,23
2007-09-15,Jazz,1
2007-09-15,Pop,21
2007-09-15,RnB,7
2007-09-15,Rock,24
2007-09-22,Country,18
2007-09-22,HipHop,22
2007-09-22,Jazz,1
2007-09-22,Pop,21
2007-09-22,RnB,9
2007-09-22,Rock,25
2007-09-29,Country,17
2007-09-29,Electronic,1
2007-09-29,Gospel,1
2007-09-29,HipHop,25
2007-09-29,Jazz,1
2007-09-29,Pop,25
2007-09-29,RnB,7
2007-09-29,Rock,23
2007-10-06,Country,18
2007-10-06,Electronic,2
2007-10-06,Gospel,1
2007-10-06,HipHop,25
2007-10-06,Jazz,1
2007-10-06,Pop,24
2007-10-06,RnB,7
2007-10-06,Rock,22
2007-10-13,Country,18
2007-10-13,Electronic,2
2007-10-13,Gospel,1
2007-10-13,HipHop,23
2007-10-13,Pop,26
2007-10-13,RnB,6
2007-10-13,Rock,23
2007-10-20,Country,20
2007-10-20,Electronic,2
2007-10-20,Gospel,1
2007-10-20,HipHop,23
2007-10-20,Jazz,1
2007-10-20,Pop,24
2007-10-20,RnB,6
2007-10-20,Rock,22
2007-10-27,Country,20
2007-10-27,Electronic,2
2007-10-27,Gospel,2
2007-10-27,HipHop,20
2007-10-27,Jazz,1
2007-10-27,Pop,26
2007-10-27,RnB,6
2007-10-27,Rock,21
2007-11-03,Country,20
2007-11-03,Electronic,2
2007-11-03,Gospel,2
2007-11-03,HipHop,20
2007-11-03,Jazz,1
2007-11-03,Pop,24
2007-11-03,RnB,7
2007-11-03,Rock,22
2007-11-10,Country,22
2007-11-10,Electronic,2
2007-11-10,Folk,1
2007-11-10,Gospel,2
2007-11-10,HipHop,20
2007-11-10,Jazz,1
2007-11-10,Pop,20
2007-11-10,RnB,7
2007-11-10,Rock,23
2007-11-17,Country,21
2007-11-17,Electronic,2
2007-11-17,Gospel,2
2007-11-17,HipHop,22
2007-11-17,Jazz,1
2007-11-17,Pop,21
2007-11-17,RnB,8
2007-11-17,Rock,21
2007-11-24,Country,18
2007-11-24,Electronic,3
2007-11-24,Gospel,2
2007-11-24,HipHop,21
2007-11-24,Jazz,1
2007-11-24,Latin,1
2007-11-24,Pop,22
2007-11-24,RnB,10
2007-11-24,Rock,20
2007-12-01,Country,19
2007-12-01,Electronic,3
2007-12-01,Folk,1
2007-12-01,Gospel,2
2007-12-01,HipHop,19
2007-12-01,Jazz,1
2007-12-01,Latin,1
2007-12-01,Pop,23
2007-12-01,RnB,11
2007-12-01,Rock,19
2007-12-08,Country,18
2007-12-08,Electronic,4
2007-12-08,Gospel,2
2007-12-08,HipHop,21
2007-12-08,Jazz,1
2007-12-08,Pop,22
2007-12-08,RnB,11
2007-12-08,Rock,20
2007-12-15,Country,19
2007-12-15,Electronic,3
2007-12-15,Folk,1
2007-12-15,Gospel,2
2007-12-15,HipHop,21
2007-12-15,Jazz,1
2007-12-15,Latin,1
2007-12-15,Pop,20
2007-12-15,RnB,11
2007-12-15,Rock,18
2007-12-22,Country,18
2007-12-22,Electronic,3
2007-12-22,Folk,1
2007-12-22,Gospel,2
2007-12-22,HipHop,19
2007-12-22,Jazz,1
2007-12-22,Pop,20
2007-12-22,RnB,12
2007-12-22,Rock,20
2007-12-29,Country,16
2007-12-29,Electronic,3
2007-12-29,Gospel,2
2007-12-29,HipHop,19
2007-12-29,Jazz,1
2007-12-29,Pop,21
2007-12-29,RnB,12
2007-12-29,Rock,22
2008-01-05,Country,14
2008-01-05,Electronic,3
2008-01-05,Gospel,1
2008-01-05,HipHop,19
2008-01-05,Jazz,1
2008-01-05,Pop,24
2008-01-05,RnB,12
2008-01-05,Rock,20
2008-01-12,Country,14
2008-01-12,Electronic,2
2008-01-12,Gospel,1
2008-01-12,HipHop,16
2008-01-12,Jazz,1
2008-01-12,Pop,24
2008-01-12,RnB,12
2008-01-12,Rock,21
2008-01-19,Country,14
2008-01-19,Electronic,2
2008-01-19,Gospel,3
2008-01-19,HipHop,17
2008-01-19,Jazz,1
2008-01-19,Pop,21
2008-01-19,RnB,14
2008-01-19,Rock,22
2008-01-26,Country,15
2008-01-26,Electronic,2
2008-01-26,Folk,1
2008-01-26,Gospel,3
2008-01-26,HipHop,19
2008-01-26,Jazz,1
2008-01-26,Pop,21
2008-01-26,RnB,15
2008-01-26,Rock,18
2008-02-02,Country,18
2008-02-02,Electronic,2
2008-02-02,Folk,1
2008-02-02,Gospel,3
2008-02-02,HipHop,17
2008-02-02,Jazz,1
2008-02-02,Pop,20
2008-02-02,RnB,15
2008-02-02,Rock,20
2008-02-09,Country,16
2008-02-09,Electronic,2
2008-02-09,Folk,1
2008-02-09,Gospel,3
2008-02-09,HipHop,17
2008-02-09,Jazz,1
2008-02-09,Pop,20
2008-02-09,RnB,15
2008-02-09,Rock,22
2008-02-16,Country,17
2008-02-16,Electronic,2
2008-02-16,Folk,1
2008-02-16,Gospel,2
2008-02-16,HipHop,16
2008-02-16,Jazz,1
2008-02-16,Pop,20
2008-02-16,RnB,15
2008-02-16,Rock,22
2008-02-23,Country,17
2008-02-23,Electronic,2
2008-02-23,Folk,2
2008-02-23,Gospel,2
2008-02-23,HipHop,14
2008-02-23,Jazz,1
2008-02-23,Pop,19
2008-02-23,RnB,15
2008-02-23,Rock,24
2008-03-01,Country,14
2008-03-01,Electronic,2
2008-03-01,Folk,1
2008-03-01,Gospel,2
2008-03-01,HipHop,16
2008-03-01,Jazz,1
2008-03-01,Pop,22
2008-03-01,RnB,15
2008-03-01,Rock,23
2008-03-08,Country,17
2008-03-08,Electronic,2
2008-03-08,Folk,1
2008-03-08,Gospel,2
2008-03-08,HipHop,17
2008-03-08,Jazz,1
2008-03-08,Latin,1
2008-03-08,Pop,21
2008-03-08,RnB,14
2008-03-08,Rock,22
2008-03-15,Country,16
2008-03-15,Electronic,2
2008-03-15,Folk,1
2008-03-15,Gospel,2
2008-03-15,HipHop,16
2008-03-15,Pop,22
2008-03-15,RnB,16
2008-03-15,Rock,20
2008-03-22,Country,17
2008-03-22,Electronic,2
2008-03-22,Folk,1
2008-03-22,Gospel,2
2008-03-22,HipHop,15
2008-03-22,Pop,21
2008-03-22,RnB,16
2008-03-22,Rock,21
2008-03-29,Country,16
2008-03-29,Electronic,1
2008-03-29,Folk,1
2008-03-29,Gospel,2
2008-03-29,HipHop,16
2008-03-29,Pop,20
2008-03-29,RnB,16
2008-03-29,Rock,22
2008-04-05,Country,16
2008-04-05,Electronic,1
2008-04-05,Folk,2
2008-04-05,Gospel,2
2008-04-05,HipHop,15
2008-04-05,Latin,1
2008-04-05,Pop,20
2008-04-05,RnB,14
2008-04-05,Rock,23
2008-04-12,Country,16
2008-04-12,Electronic,1
2008-04-12,Folk,2
2008-04-12,Gospel,2
2008-04-12,HipHop,17
2008-04-12,Latin,1
2008-04-12,Pop,19
2008-04-12,RnB,13
2008-04-12,Rock,22
2008-04-19,Country,17
2008-04-19,Electronic,1
2008-04-19,Folk,2
2008-04-19,Gospel,2
2008-04-19,HipHop,14
2008-04-19,Jazz,1
2008-04-19,Latin,1
2008-04-19,Pop,16
2008-04-19,RnB,14
2008-04-19,Rock,24
2008-04-26,Country,19
2008-04-26,Electronic,1
2008-04-26,Folk,2
2008-04-26,Gospel,2
2008-04-26,HipHop,14
2008-04-26,Latin,1
2008-04-26,Pop,18
2008-04-26,RnB,14
2008-04-26,Rock,20
2008-05-03,Country,18
2008-05-03,Electronic,2
2008-05-03,Folk,2
2008-05-03,Gospel,2
2008-05-03,HipHop,13
2008-05-03,Jazz,1
2008-05-03,Latin,1
2008-05-03,Pop,18
2008-05-03,RnB,14
2008-05-03,Rock,21
2008-05-10,Country,16
2008-05-10,Electronic,3
2008-05-10,Folk,2
2008-05-10,Gospel,2
2008-05-10,HipHop,14
2008-05-10,Jazz,1
2008-05-10,Latin,1
2008-05-10,Pop,21
2008-05-10,RnB,12
2008-05-10,Rock,21
2008-05-17,Country,17
2008-05-17,Electronic,3
2008-05-17,Folk,2
2008-05-17,Gospel,2
2008-05-17,HipHop,12
2008-05-17,Jazz,1
2008-05-17,Latin,1
2008-05-17,Pop,21
2008-05-17,RnB,11
2008-05-17,Rock,23
2008-05-24,Country,14
2008-05-24,Electronic,3
2008-05-24,Folk,2
2008-05-24,Gospel,4
2008-05-24,HipHop,14
2008-05-24,Jazz,1
2008-05-24,Latin,1
2008-05-24,Pop,20
2008-05-24,RnB,12
2008-05-24,Rock,23
2008-05-31,Country,15
2008-05-31,Electronic,3
2008-05-31,Folk,2
2008-05-31,Gospel,4
2008-05-31,HipHop,12
2008-05-31,Jazz,1
2008-05-31,Latin,1
2008-05-31,Pop,22
2008-05-31,RnB,12
2008-05-31,Rock,23
2008-06-07,Classical,1
2008-06-07,Country,14
2008-06-07,Electronic,3
2008-06-07,Folk,1
2008-06-07,Gospel,2
2008-06-07,HipHop,12
2008-06-07,Jazz,1
2008-06-07,Latin,1
2008-06-07,Pop,24
2008-06-07,RnB,10
2008-06-07,Rock,25
2008-06-14,Classical,1
2008-06-14,Country,15
2008-06-14,Electronic,4
2008-06-14,Folk,1
2008-06-14,Gospel,3
2008-06-14,HipHop,14
2008-06-14,Jazz,1
2008-06-14,Latin,1
2008-06-14,Pop,22
2008-06-14,RnB,12
2008-06-14,Rock,21
2008-06-21,Classical,1
2008-06-21,Country,14
2008-06-21,Electronic,3
2008-06-21,Folk,1
2008-06-21,Gospel,3
2008-06-21,HipHop,16
2008-06-21,Jazz,1
2008-06-21,Latin,1
2008-06-21,Pop,21
2008-06-21,RnB,11
2008-06-21,Rock,21
2008-06-28,Classical,1
2008-06-28,Country,15
2008-06-28,Electronic,3
2008-06-28,Folk,1
2008-06-28,Gospel,4
2008-06-28,HipHop,16
2008-06-28,Jazz,1
2008-06-28,Latin,1
2008-06-28,Pop,21
2008-06-28,RnB,11
2008-06-28,Rock,19
2008-07-05,Classical,1
2008-07-05,Country,15
2008-07-05,Electronic,2
2008-07-05,Folk,1
2008-07-05,Gospel,3
2008-07-05,HipHop,15
2008-07-05,Jazz,1
2008-07-05,Pop,23
2008-07-05,RnB,10
2008-07-05,Rock,20
2008-07-12,Classical,1
2008-07-12,Country,15
2008-07-12,Electronic,2
2008-07-12,Folk,1
2008-07-12,Gospel,3
2008-07-12,HipHop,16
2008-07-12,Jazz,1
2008-07-12,Pop,20
2008-07-12,RnB,11
2008-07-12,Rock,21
2008-07-19,Classical,1
2008-07-19,Country,17
2008-07-19,Electronic,2
2008-07-19,Folk,2
2008-07-19,Gospel,3
2008-07-19,HipHop,16
2008-07-19,Jazz,1
2008-07-19,Pop,19
2008-07-19,RnB,11
2008-07-19,Rock,22
2008-07-26,Classical,1
2008-07-26,Country,19
2008-07-26,Electronic,2
2008-07-26,Folk,2
2008-07-26,Gospel,3
2008-07-26,HipHop,16
2008-07-26,Jazz,1
2008-07-26,Pop,18
2008-07-26,RnB,10
2008-07-26,Rock,22
2008-08-02,Classical,1
2008-08-02,Country,17
2008-08-02,Electronic,3
2008-08-02,Folk,2
2008-08-02,Gospel,4
2008-08-02,HipHop,16
2008-08-02,Jazz,1
2008-08-02,Latin,1
2008-08-02,Pop,18
2008-08-02,RnB,11
2008-08-02,Rock,21
2008-08-09,Classical,1
2008-08-09,Country,16
2008-08-09,Electronic,3
2008-08-09,Gospel,4
2008-08-09,HipHop,19
2008-08-09,Jazz,1
2008-08-09,Latin,1
2008-08-09,Pop,18
2008-08-09,RnB,12
2008-08-09,Rock,19
2008-08-16,Classical,1
2008-08-16,Country,15
2008-08-16,Electronic,3
2008-08-16,Folk,1
2008-08-16,Gospel,4
2008-08-16,HipHop,18
2008-08-16,Jazz,1
2008-08-16,Latin,1
2008-08-16,Pop,20
2008-08-16,RnB,9
2008-08-16,Rock,20
2008-08-23,Classical,1
2008-08-23,Country,15
2008-08-23,Electronic,3
2008-08-23,Folk,1
2008-08-23,Gospel,4
2008-08-23,HipHop,19
2008-08-23,Jazz,1
2008-08-23,Pop,20
2008-08-23,RnB,9
2008-08-23,Rock,21
2008-08-30,Classical,1
2008-08-30,Country,14
2008-08-30,Electronic,4
2008-08-30,Folk,1
2008-08-30,Gospel,4
2008-08-30,HipHop,20
2008-08-30,Jazz,1
2008-08-30,Pop,21
2008-08-30,RnB,9
2008-08-30,Rock,19
2008-09-06,Classical,1
2008-09-06,Country,13
2008-09-06,Electronic,4
2008-09-06,Folk,1
2008-09-06,Gospel,4
2008-09-06,HipHop,20
2008-09-06,Jazz,1
2008-09-06,Pop,22
2008-09-06,RnB,9
2008-09-06,Rock,19
2008-09-13,Country,11
2008-09-13,Electronic,3
2008-09-13,Folk,1
2008-09-13,Gospel,4
2008-09-13,HipHop,21
2008-09-13,Jazz,1
2008-09-13,Pop,22
2008-09-13,RnB,7
2008-09-13,Rock,22
2008-09-20,Country,11
2008-09-20,Electronic,2
2008-09-20,Folk,1
2008-09-20,Gospel,4
2008-09-20,HipHop,22
2008-09-20,Jazz,1
2008-09-20,Latin,1
2008-09-20,Pop,22
2008-09-20,RnB,7
2008-09-20,Rock,21
2008-09-27,Country,13
2008-09-27,Electronic,2
2008-09-27,Folk,1
2008-09-27,Gospel,3
2008-09-27,HipHop,21
2008-09-27,Jazz,1
2008-09-27,Latin,1
2008-09-27,Pop,22
2008-09-27,RnB,8
2008-09-27,Rock,21
2008-10-04,Country,14
2008-10-04,Electronic,2
2008-10-04,Gospel,3
2008-10-04,HipHop,22
2008-10-04,Jazz,1
2008-10-04,Latin,1
2008-10-04,Pop,23
2008-10-04,RnB,7
2008-10-04,Rock,20
2008-10-11,Country,15
2008-10-11,Electronic,2
2008-10-11,Gospel,1
2008-10-11,HipHop,22
2008-10-11,Jazz,1
2008-10-11,Pop,26
2008-10-11,RnB,7
2008-10-11,Rock,20
2008-10-18,Country,18
2008-10-18,Electronic,2
2008-10-18,Gospel,1
2008-10-18,HipHop,16
2008-10-18,Jazz,1
2008-10-18,Latin,1
2008-10-18,Pop,28
2008-10-18,RnB,7
2008-10-18,Rock,21
2008-10-25,Country,18
2008-10-25,Electronic,2
2008-10-25,Gospel,1
2008-10-25,HipHop,14
2008-10-25,Jazz,1
2008-10-25,Latin,1
2008-10-25,Pop,27
2008-10-25,RnB,9
2008-10-25,Rock,22
2008-11-01,Country,19
2008-11-01,Electronic,2
2008-11-01,Gospel,1
2008-11-01,HipHop,16
2008-11-01,Jazz,1
2008-11-01,Latin,1
2008-11-01,Pop,26
2008-11-01,RnB,10
2008-11-01,Rock,21
2008-11-08,Country,19
2008-11-08,Electronic,2
2008-11-08,Gospel,1
2008-11-08,HipHop,16
2008-11-08,Jazz,1
2008-11-08,Pop,27
2008-11-08,RnB,10
2008-11-08,Rock,22
2008-11-15,Country,18
2008-11-15,Electronic,2
2008-11-15,Gospel,3
2008-11-15,HipHop,15
2008-11-15,Jazz,1
2008-11-15,Pop,26
2008-11-15,RnB,10
2008-11-15,Rock,22
2008-11-22,Country,17
2008-11-22,Electronic,2
2008-11-22,Gospel,3
2008-11-22,HipHop,16
2008-11-22,Jazz,1
2008-11-22,Pop,25
2008-11-22,RnB,10
2008-11-22,Rock,24
2008-11-29,Country,20
2008-11-29,Electronic,2
2008-11-29,Gospel,3
2008-11-29,HipHop,12
2008-11-29,Pop,28
2008-11-29,RnB,10
2008-11-29,Rock,25
2008-12-06,Country,21
2008-12-06,Electronic,2
2008-12-06,Gospel,3
2008-12-06,HipHop,15
2008-12-06,Latin,1
2008-12-06,Pop,21
2008-12-06,RnB,11
2008-12-06,Rock,26
2008-12-13,Country,17
2008-12-13,Electronic,2
2008-12-13,Gospel,3
2008-12-13,HipHop,15
2008-12-13,Pop,22
2008-12-13,RnB,10
2008-12-13,Rock,29
2008-12-20,Country,19
2008-12-20,Electronic,1
2008-12-20,Gospel,2
2008-12-20,HipHop,15
2008-12-20,Latin,1
2008-12-20,Pop,30
2008-12-20,RnB,9
2008-12-20,Rock,25
2008-12-27,Country,19
2008-12-27,Gospel,2
2008-12-27,HipHop,15
2008-12-27,Latin,1
2008-12-27,Pop,29
2008-12-27,RnB,11
2008-12-27,Rock,26
2009-01-03,Country,19
2009-01-03,Gospel,2
2009-01-03,HipHop,12
2009-01-03,Pop,31
2009-01-03,RnB,13
2009-01-03,Rock,26
2009-01-10,Country,13
2009-01-10,Gospel,2
2009-01-10,HipHop,12
2009-01-10,Pop,36
2009-01-10,RnB,9
2009-01-10,Rock,28
2009-01-17,Country,15
2009-01-17,Gospel,2
2009-01-17,HipHop,11
2009-01-17,Pop,33
2009-01-17,RnB,11
2009-01-17,Rock,28
2009-01-24,Country,15
2009-01-24,Gospel,2
2009-01-24,HipHop,13
2009-01-24,Pop,32
2009-01-24,RnB,13
2009-01-24,Rock,24
2009-01-31,Country,17
2009-01-31,Gospel,2
2009-01-31,HipHop,12
2009-01-31,Pop,33
2009-01-31,RnB,12
2009-01-31,Rock,23
2009-02-07,Country,19
2009-02-07,Gospel,2
2009-02-07,HipHop,13
2009-02-07,Pop,31
2009-02-07,RnB,13
2009-02-07,Rock,22
2009-02-14,Country,18
2009-02-14,Gospel,2
2009-02-14,HipHop,14
2009-02-14,Pop,33
2009-02-14,RnB,12
2009-02-14,Rock,20
2009-02-21,Country,14
2009-02-21,Gospel,2
2009-02-21,HipHop,14
2009-02-21,Pop,34
2009-02-21,RnB,14
2009-02-21,Rock,21
2009-02-28,Country,16
2009-02-28,Gospel,2
2009-02-28,HipHop,17
2009-02-28,Pop,35
2009-02-28,RnB,13
2009-02-28,Rock,16
2009-03-07,Country,17
2009-03-07,Gospel,2
2009-03-07,HipHop,16
2009-03-07,Pop,35
2009-03-07,RnB,12
2009-03-07,Rock,16
2009-03-14,Country,19
2009-03-14,Electronic,1
2009-03-14,Gospel,3
2009-03-14,HipHop,15
2009-03-14,Pop,29
2009-03-14,RnB,11
2009-03-14,Rock,16
2009-03-21,Country,20
2009-03-21,Gospel,3
2009-03-21,HipHop,15
2009-03-21,Pop,28
2009-03-21,RnB,12
2009-03-21,Rock,15
2009-03-28,Country,20
2009-03-28,Gospel,1
2009-03-28,HipHop,15
2009-03-28,Pop,26
2009-03-28,RnB,13
2009-03-28,Rock,15
2009-04-04,Country,22
2009-04-04,Gospel,1
2009-04-04,HipHop,17
2009-04-04,Pop,24
2009-04-04,RnB,13
2009-04-04,Rock,14
2009-04-11,Country,21
2009-04-11,Gospel,1
2009-04-11,HipHop,16
2009-04-11,Pop,26
2009-04-11,RnB,11
2009-04-11,Rock,16
2009-04-18,Country,19
2009-04-18,Gospel,1
2009-04-18,HipHop,17
2009-04-18,Pop,26
2009-04-18,RnB,12
2009-04-18,Rock,16
2009-04-25,Country,20
2009-04-25,Gospel,3
2009-04-25,HipHop,13
2009-04-25,Pop,26
2009-04-25,RnB,13
2009-04-25,Rock,16
2009-05-02,Country,19
2009-05-02,Gospel,3
2009-05-02,HipHop,14
2009-05-02,Pop,24
2009-05-02,RnB,10
2009-05-02,Rock,21
2009-05-09,Country,18
2009-05-09,Gospel,2
2009-05-09,HipHop,16
2009-05-09,Pop,26
2009-05-09,RnB,9
2009-05-09,Rock,18
2009-05-16,Country,18
2009-05-16,Gospel,2
2009-05-16,HipHop,18
2009-05-16,Pop,26
2009-05-16,RnB,11
2009-05-16,Rock,16
2009-05-23,Country,18
2009-05-23,Gospel,2
2009-05-23,HipHop,21
2009-05-23,Pop,22
2009-05-23,RnB,10
2009-05-23,Rock,16
2009-05-30,Country,18
2009-05-30,Electronic,1
2009-05-30,Gospel,2
2009-05-30,HipHop,19
2009-05-30,Pop,22
2009-05-30,RnB,9
2009-05-30,Rock,18
2009-06-06,Country,18
2009-06-06,Gospel,2
2009-06-06,HipHop,17
2009-06-06,Pop,22
2009-06-06,RnB,6
2009-06-06,Rock,27
2009-06-13,Country,20
2009-06-13,Gospel,2
2009-06-13,HipHop,17
2009-06-13,Pop,20
2009-06-13,RnB,10
2009-06-13,Rock,24
2009-06-20,Country,19
2009-06-20,Electronic,1
2009-06-20,Gospel,2
2009-06-20,HipHop,16
2009-06-20,Pop,18
2009-06-20,RnB,11
2009-06-20,Rock,23
2009-06-27,Country,21
2009-06-27,Electronic,1
2009-06-27,Gospel,2
2009-06-27,HipHop,16
2009-06-27,Pop,18
2009-06-27,RnB,11
2009-06-27,Rock,19
2009-07-04,Country,19
2009-07-04,Electronic,2
2009-07-04,Gospel,2
2009-07-04,HipHop,17
2009-07-04,Pop,17
2009-07-04,RnB,10
2009-07-04,Rock,20
2009-07-11,Country,20
2009-07-11,Electronic,2
2009-07-11,Gospel,2
2009-07-11,HipHop,15
2009-07-11,Pop,17
2009-07-11,RnB,11
2009-07-11,Rock,21
2009-07-18,Country,21
2009-07-18,Electronic,2
2009-07-18,Gospel,2
2009-07-18,HipHop,13
2009-07-18,Pop,20
2009-07-18,RnB,12
2009-07-18,Rock,21
2009-07-25,Country,18
2009-07-25,Electronic,2
2009-07-25,HipHop,13
2009-07-25,Pop,20
2009-07-25,RnB,12
2009-07-25,Rock,24
2009-08-01,Country,19
2009-08-01,Electronic,2
2009-08-01,HipHop,13
2009-08-01,Pop,21
2009-08-01,RnB,12
2009-08-01,Rock,22
2009-08-08,Country,20
2009-08-08,Electronic,2
2009-08-08,HipHop,14
2009-08-08,Pop,21
2009-08-08,RnB,13
2009-08-08,Rock,21
2009-08-15,Country,20
2009-08-15,Electronic,3
2009-08-15,HipHop,13
2009-08-15,Pop,21
2009-08-15,RnB,12
2009-08-15,Rock,21
2009-08-22,Country,19
2009-08-22,Electronic,3
2009-08-22,HipHop,12
2009-08-22,Pop,22
2009-08-22,RnB,14
2009-08-22,Rock,19
2009-08-29,Country,21
2009-08-29,Electronic,2
2009-08-29,HipHop,10
2009-08-29,Pop,26
2009-08-29,RnB,12
2009-08-29,Rock,19
2009-09-05,Country,22
2009-09-05,Electronic,4
2009-09-05,HipHop,10
2009-09-05,Pop,26
2009-09-05,RnB,14
2009-09-05,Rock,16
2009-09-12,Country,21
2009-09-12,Electronic,3
2009-09-12,HipHop,10
2009-09-12,Pop,24
2009-09-12,RnB,15
2009-09-12,Rock,19
2009-09-19,Country,22
2009-09-19,Electronic,3
2009-09-19,HipHop,11
2009-09-19,Jazz,1
2009-09-19,Pop,23
2009-09-19,RnB,16
2009-09-19,Rock,16
2009-09-26,Country,21
2009-09-26,Electronic,3
2009-09-26,HipHop,13
2009-09-26,Pop,22
2009-09-26,RnB,14
2009-09-26,Rock,16
2009-10-03,Country,18
2009-10-03,Electronic,3
2009-10-03,HipHop,14
2009-10-03,Pop,23
2009-10-03,RnB,14
2009-10-03,Rock,19
2009-10-10,Country,20
2009-10-10,Electronic,3
2009-10-10,HipHop,12
2009-10-10,Pop,23
2009-10-10,RnB,14
2009-10-10,Rock,17
2009-10-17,Country,19
2009-10-17,Electronic,3
2009-10-17,HipHop,12
2009-10-17,Pop,23
2009-10-17,RnB,12
2009-10-17,Rock,18
2009-10-24,Country,17
2009-10-24,Electronic,4
2009-10-24,HipHop,13
2009-10-24,Jazz,1
2009-10-24,Pop,26
2009-10-24,RnB,10
2009-10-24,Rock,16
2009-10-31,Country,17
2009-10-31,Electronic,4
2009-10-31,Folk,1
2009-10-31,HipHop,15
2009-10-31,Jazz,1
2009-10-31,Pop,25
2009-10-31,RnB,10
2009-10-31,Rock,14
2009-11-07,Country,18
2009-11-07,Electronic,5
2009-11-07,Folk,1
2009-11-07,HipHop,14
2009-11-07,Jazz,1
2009-11-07,Pop,27
2009-11-07,RnB,11
2009-11-07,Rock,14
2009-11-14,Country,15
2009-11-14,Electronic,4
2009-11-14,Folk,1
2009-11-14,HipHop,17
2009-11-14,Jazz,1
2009-11-14,Pop,33
2009-11-14,RnB,11
2009-11-14,Rock,13
2009-11-21,Country,17
2009-11-21,Electronic,4
2009-11-21,Folk,1
2009-11-21,HipHop,14
2009-11-21,Jazz,1
2009-11-21,Pop,32
2009-11-21,RnB,9
2009-11-21,Rock,16
2009-11-28,Country,16
2009-11-28,Electronic,4
2009-11-28,Folk,1
2009-11-28,Gospel,1
2009-11-28,HipHop,14
2009-11-28,Jazz,1
2009-11-28,Pop,30
2009-11-28,RnB,10
2009-11-28,Rock,17
2009-12-05,Country,15
2009-12-05,Electronic,3
2009-12-05,Folk,3
2009-12-05,Gospel,1
2009-12-05,HipHop,15
2009-12-05,Jazz,1
2009-12-05,Pop,27
2009-12-05,RnB,11
2009-12-05,Rock,14
2009-12-12,Country,15
2009-12-12,Electronic,4
2009-12-12,Folk,2
2009-12-12,Gospel,1
2009-12-12,HipHop,13
2009-12-12,Jazz,1
2009-12-12,Pop,27
2009-12-12,RnB,12
2009-12-12,Rock,17
2009-12-19,Country,17
2009-12-19,Electronic,4
2009-12-19,Folk,1
2009-12-19,Gospel,1
2009-12-19,HipHop,13
2009-12-19,Jazz,1
2009-12-19,Pop,29
2009-12-19,RnB,11
2009-12-19,Rock,17
2009-12-26,Country,15
2009-12-26,Electronic,5
2009-12-26,Gospel,1
2009-12-26,HipHop,15
2009-12-26,Jazz,1
2009-12-26,Pop,25
2009-12-26,RnB,11
2009-12-26,Rock,17
2010-01-02,Country,14
2010-01-02,Electronic,4
2010-01-02,Folk,1
2010-01-02,Gospel,1
2010-01-02,HipHop,17
2010-01-02,Jazz,1
2010-01-02,Pop,25
2010-01-02,RnB,14
2010-01-02,Rock,18
2010-01-09,Country,11
2010-01-09,Electronic,6
2010-01-09,Folk,1
2010-01-09,Gospel,1
2010-01-09,HipHop,16
2010-01-09,Jazz,1
2010-01-09,Pop,29
2010-01-09,RnB,10
2010-01-09,Rock,19
2010-01-16,Country,15
2010-01-16,Electronic,6
2010-01-16,Folk,1
2010-01-16,Gospel,1
2010-01-16,HipHop,16
2010-01-16,Jazz,1
2010-01-16,Pop,27
2010-01-16,RnB,9
2010-01-16,Rock,18
2010-01-23,Country,15
2010-01-23,Electronic,5
2010-01-23,Folk,1
2010-01-23,Gospel,1
2010-01-23,HipHop,15
2010-01-23,Jazz,1
2010-01-23,Pop,31
2010-01-23,RnB,10
2010-01-23,Rock,16
2010-01-30,Country,16
2010-01-30,Electronic,5
2010-01-30,Folk,1
2010-01-30,Gospel,1
2010-01-30,HipHop,13
2010-01-30,Jazz,1
2010-01-30,Pop,28
2010-01-30,RnB,11
2010-01-30,Rock,19
2010-02-06,Country,15
2010-02-06,Electronic,4
2010-02-06,Folk,1
2010-02-06,Gospel,1
2010-02-06,HipHop,14
2010-02-06,Jazz,1
2010-02-06,Pop,31
2010-02-06,RnB,10
2010-02-06,Rock,17
2010-02-13,Country,16
2010-02-13,Electronic,3
2010-02-13,Folk,2
2010-02-13,Gospel,1
2010-02-13,HipHop,14
2010-02-13,Jazz,1
2010-02-13,Pop,28
2010-02-13,RnB,13
2010-02-13,Rock,17
2010-02-20,Country,13
2010-02-20,Electronic,3
2010-02-20,Folk,1
2010-02-20,Gospel,1
2010-02-20,HipHop,17
2010-02-20,Jazz,1
2010-02-20,Pop,27
2010-02-20,RnB,12
2010-02-20,Rock,18
2010-02-27,Country,15
2010-02-27,Electronic,3
2010-02-27,Folk,1
2010-02-27,Gospel,1
2010-02-27,HipHop,17
2010-02-27,Jazz,1
2010-02-27,Pop,25
2010-02-27,RnB,12
2010-02-27,Rock,17
2010-03-06,Country,13
2010-03-06,Electronic,2
2010-03-06,Folk,1
2010-03-06,Gospel,1
2010-03-06,HipHop,16
2010-03-06,Jazz,1
2010-03-06,Pop,25
2010-03-06,RnB,11
2010-03-06,Rock,14
2010-03-13,Country,14
2010-03-13,Electronic,3
2010-03-13,Folk,1
2010-03-13,Gospel,1
2010-03-13,HipHop,18
2010-03-13,Jazz,1
2010-03-13,Pop,25
2010-03-13,RnB,11
2010-03-13,Rock,16
2010-03-20,Country,14
2010-03-20,Electronic,3
2010-03-20,Folk,1
2010-03-20,Gospel,1
2010-03-20,HipHop,16
2010-03-20,Jazz,1
2010-03-20,Pop,29
2010-03-20,RnB,12
2010-03-20,Rock,16
2010-03-27,Country,15
2010-03-27,Electronic,4
2010-03-27,Folk,1
2010-03-27,Gospel,1
2010-03-27,HipHop,17
2010-03-27,Jazz,1
2010-03-27,Pop,24
2010-03-27,RnB,12
2010-03-27,Rock,16
2010-04-03,Country,15
2010-04-03,Electronic,3
2010-04-03,Folk,1
2010-04-03,Gospel,1
2010-04-03,HipHop,17
2010-04-03,Jazz,1
2010-04-03,Pop,25
2010-04-03,RnB,16
2010-04-03,Rock,14
2010-04-10,Country,16
2010-04-10,Electronic,2
2010-04-10,Folk,1
2010-04-10,Gospel,1
2010-04-10,HipHop,20
2010-04-10,Jazz,1
2010-04-10,Pop,26
2010-04-10,RnB,14
2010-04-10,Rock,13
2010-04-17,Country,17
2010-04-17,Electronic,2
2010-04-17,Folk,1
2010-04-17,HipHop,20
2010-04-17,Jazz,1
2010-04-17,Pop,25
2010-04-17,RnB,15
2010-04-17,Rock,13
2010-04-24,Country,17
2010-04-24,Electronic,2
2010-04-24,Folk,1
2010-04-24,HipHop,20
2010-04-24,Jazz,1
2010-04-24,Pop,23
2010-04-24,RnB,14
2010-04-24,Rock,15
2010-05-01,Country,19
2010-05-01,Electronic,2
2010-05-01,Folk,1
2010-05-01,HipHop,17
2010-05-01,Jazz,1
2010-05-01,Pop,22
2010-05-01,RnB,12
2010-05-01,Rock,15
2010-05-08,Country,19
2010-05-08,Electronic,2
2010-05-08,Folk,1
2010-05-08,HipHop,15
2010-05-08,Jazz,1
2010-05-08,Pop,24
2010-05-08,RnB,13
2010-05-08,Rock,13
2010-05-15,Country,19
2010-05-15,Electronic,3
2010-05-15,HipHop,13
2010-05-15,Jazz,1
2010-05-15,Pop,27
2010-05-15,RnB,11
2010-05-15,Rock,11
2010-05-22,Country,20
2010-05-22,Electronic,3
2010-05-22,HipHop,14
2010-05-22,Jazz,1
2010-05-22,Pop,28
2010-05-22,RnB,10
2010-05-22,Rock,11
2010-05-29,Country,18
2010-05-29,Electronic,2
2010-05-29,HipHop,15
2010-05-29,Jazz,1
2010-05-29,Pop,30
2010-05-29,RnB,11
2010-05-29,Rock,8
2010-06-05,Country,19
2010-06-05,Electronic,2
2010-06-05,HipHop,12
2010-06-05,Jazz,1
2010-06-05,Pop,31
2010-06-05,Reggae,1
2010-06-05,RnB,11
2010-06-05,Rock,11
2010-06-12,Country,16
2010-06-12,Electronic,2
2010-06-12,HipHop,15
2010-06-12,Jazz,1
2010-06-12,Pop,28
2010-06-12,RnB,10
2010-06-12,Rock,17
2010-06-19,Country,17
2010-06-19,Electronic,2
2010-06-19,HipHop,17
2010-06-19,Jazz,1
2010-06-19,Pop,26
2010-06-19,Reggae,1
2010-06-19,RnB,9
2010-06-19,Rock,15
2010-06-26,Country,16
2010-06-26,Electronic,2
2010-06-26,Folk,1
2010-06-26,HipHop,16
2010-06-26,Jazz,1
2010-06-26,Pop,30
2010-06-26,Reggae,1
2010-06-26,RnB,7
2010-06-26,Rock,11
2010-07-03,Country,18
2010-07-03,Electronic,2
2010-07-03,Folk,1
2010-07-03,HipHop,18
2010-07-03,Jazz,1
2010-07-03,Pop,28
2010-07-03,Reggae,1
2010-07-03,RnB,8
2010-07-03,Rock,13
2010-07-10,Country,18
2010-07-10,Electronic,2
2010-07-10,Folk,1
2010-07-10,HipHop,21
2010-07-10,Jazz,1
2010-07-10,Pop,28
2010-07-10,Reggae,1
2010-07-10,RnB,4
2010-07-10,Rock,15
2010-07-17,Country,18
2010-07-17,Electronic,3
2010-07-17,Folk,1
2010-07-17,Gospel,1
2010-07-17,HipHop,17
2010-07-17,Jazz,1
2010-07-17,Pop,31
2010-07-17,Reggae,1
2010-07-17,RnB,4
2010-07-17,Rock,15
2010-07-24,Country,19
2010-07-24,Electronic,3
2010-07-24,Folk,1
2010-07-24,Gospel,1
2010-07-24,HipHop,17
2010-07-24,Jazz,1
2010-07-24,Pop,29
2010-07-24,Reggae,1
2010-07-24,RnB,5
2010-07-24,Rock,15
2010-07-31,Country,19
2010-07-31,Electronic,3
2010-07-31,Folk,1
2010-07-31,Gospel,1
2010-07-31,HipHop,17
2010-07-31,Jazz,1
2010-07-31,Pop,26
2010-07-31,Reggae,1
2010-07-31,RnB,6
2010-07-31,Rock,15
2010-08-07,Country,18
2010-08-07,Electronic,3
2010-08-07,Folk,1
2010-08-07,Gospel,1
2010-08-07,HipHop,17
2010-08-07,Jazz,1
2010-08-07,Pop,29
2010-08-07,Reggae,1
2010-08-07,RnB,7
2010-08-07,Rock,14
2010-08-14,Country,20
2010-08-14,Electronic,3
2010-08-14,Folk,1
2010-08-14,Gospel,1
2010-08-14,HipHop,16
2010-08-14,Jazz,1
2010-08-14,Pop,28
2010-08-14,Reggae,1
2010-08-14,RnB,7
2010-08-14,Rock,14
2010-08-21,Country,19
2010-08-21,Electronic,3
2010-08-21,Folk,1
2010-08-21,Gospel,1
2010-08-21,HipHop,15
2010-08-21,Pop,30
2010-08-21,Reggae,1
2010-08-21,RnB,7
2010-08-21,Rock,15
2010-08-28,Country,17
2010-08-28,Electronic,3
2010-08-28,Folk,1
2010-08-28,Gospel,1
2010-08-28,HipHop,14
2010-08-28,Pop,29
2010-08-28,Reggae,1
2010-08-28,RnB,9
2010-08-28,Rock,15
2010-09-04,Country,18
2010-09-04,Electronic,3
2010-09-04,Folk,1
2010-09-04,Gospel,1
2010-09-04,HipHop,15
2010-09-04,Pop,30
2010-09-04,Reggae,1
2010-09-04,RnB,9
2010-09-04,Rock,15
2010-09-11,Country,20
2010-09-11,Electronic,3
2010-09-11,Folk,1
2010-09-11,Gospel,1
2010-09-11,HipHop,17
2010-09-11,Pop,27
2010-09-11,RnB,10
2010-09-11,Rock,13
2010-09-18,Country,23
2010-09-18,Electronic,3
2010-09-18,Folk,1
2010-09-18,Gospel,1
2010-09-18,HipHop,17
2010-09-18,Pop,26
2010-09-18,Reggae,1
2010-09-18,RnB,10
2010-09-18,Rock,12
2010-09-25,Country,23
2010-09-25,Electronic,2
2010-09-25,Folk,1
2010-09-25,Gospel,1
2010-09-25,HipHop,19
2010-09-25,Jazz,1
2010-09-25,Pop,25
2010-09-25,RnB,9
2010-09-25,Rock,13
2010-10-02,Country,21
2010-10-02,Electronic,1
2010-10-02,Folk,1
2010-10-02,Gospel,1
2010-10-02,HipHop,20
2010-10-02,Pop,23
2010-10-02,Reggae,1
2010-10-02,RnB,11
2010-10-02,Rock,14
2010-10-09,Country,19
2010-10-09,Electronic,1
2010-10-09,Folk,1
2010-10-09,Gospel,1
2010-10-09,HipHop,20
2010-10-09,Pop,25
2010-10-09,RnB,11
2010-10-09,Rock,11
2010-10-16,Country,18
2010-10-16,Electronic,1
2010-10-16,Folk,1
2010-10-16,Gospel,1
2010-10-16,HipHop,22
2010-10-16,Pop,21
2010-10-16,RnB,12
2010-10-16,Rock,10
2010-10-23,Country,18
2010-10-23,Electronic,3
2010-10-23,Folk,1
2010-10-23,Gospel,1
2010-10-23,HipHop,20
2010-10-23,Pop,21
2010-10-23,RnB,12
2010-10-23,Rock,13
2010-10-30,Country,22
2010-10-30,Electronic,3
2010-10-30,Gospel,1
2010-10-30,HipHop,20
2010-10-30,Pop,24
2010-10-30,RnB,11
2010-10-30,Rock,10
2010-11-06,Classical,1
2010-11-06,Country,18
2010-11-06,Electronic,3
2010-11-06,Gospel,1
2010-11-06,HipHop,17
2010-11-06,Pop,31
2010-11-06,RnB,11
2010-11-06,Rock,16
2010-11-13,Classical,1
2010-11-13,Country,18
2010-11-13,Electronic,4
2010-11-13,Gospel,1
2010-11-13,HipHop,15
2010-11-13,Jazz,1
2010-11-13,Pop,35
2010-11-13,RnB,10
2010-11-13,Rock,12
2010-11-20,Classical,1
2010-11-20,Country,23
2010-11-20,Electronic,4
2010-11-20,HipHop,16
2010-11-20,Pop,31
2010-11-20,RnB,10
2010-11-20,Rock,13
2010-11-27,Classical,1
2010-11-27,Country,22
2010-11-27,Electronic,4
2010-11-27,HipHop,17
2010-11-27,Pop,28
2010-11-27,RnB,10
2010-11-27,Rock,9
2010-12-04,Classical,1
2010-12-04,Country,22
2010-12-04,Electronic,4
2010-12-04,HipHop,18
2010-12-04,Pop,28
2010-12-04,RnB,10
2010-12-04,Rock,9
2010-12-11,Classical,1
2010-12-11,Country,21
2010-12-11,Electronic,5
2010-12-11,HipHop,18
2010-12-11,Pop,26
2010-12-11,RnB,11
2010-12-11,Rock,7
2010-12-18,Classical,1
2010-12-18,Country,19
2010-12-18,Electronic,4
2010-12-18,HipHop,18
2010-12-18,Pop,24
2010-12-18,RnB,10
2010-12-18,Rock,10
2010-12-25,Classical,1
2010-12-25,Country,19
2010-12-25,Electronic,5
2010-12-25,HipHop,18
2010-12-25,Pop,29
2010-12-25,RnB,11
2010-12-25,Rock,9
2011-01-01,Classical,1
2011-01-01,Country,21
2011-01-01,Electronic,5
2011-01-01,HipHop,20
2011-01-01,Pop,22
2011-01-01,RnB,12
2011-01-01,Rock,10
2011-01-08,Classical,1
2011-01-08,Country,21
2011-01-08,Electronic,5
2011-01-08,HipHop,22
2011-01-08,Pop,24
2011-01-08,RnB,11
2011-01-08,Rock,8
2011-01-15,Classical,1
2011-01-15,Country,21
2011-01-15,Electronic,5
2011-01-15,Gospel,1
2011-01-15,HipHop,21
2011-01-15,Pop,23
2011-01-15,RnB,11
2011-01-15,Rock,7
2011-01-22,Classical,1
2011-01-22,Country,22
2011-01-22,Electronic,5
2011-01-22,Gospel,1
2011-01-22,HipHop,21
2011-01-22,Pop,20
2011-01-22,RnB,11
2011-01-22,Rock,10
2011-01-29,Classical,1
2011-01-29,Country,18
2011-01-29,Electronic,5
2011-01-29,Gospel,1
2011-01-29,HipHop,19
2011-01-29,Pop,23
2011-01-29,RnB,11
2011-01-29,Rock,12
2011-02-05,Classical,1
2011-02-05,Country,18
2011-02-05,Electronic,5
2011-02-05,Gospel,1
2011-02-05,HipHop,18
2011-02-05,Pop,24
2011-02-05,RnB,10
2011-02-05,Rock,14
2011-02-12,Classical,1
2011-02-12,Country,18
2011-02-12,Electronic,5
2011-02-12,Gospel,1
2011-02-12,HipHop,18
2011-02-12,Pop,26
2011-02-12,RnB,11
2011-02-12,Rock,12
2011-02-19,Classical,1
2011-02-19,Country,17
2011-02-19,Electronic,6
2011-02-19,Gospel,1
2011-02-19,HipHop,17
2011-02-19,Pop,24
2011-02-19,RnB,10
2011-02-19,Rock,14
2011-02-26,Classical,1
2011-02-26,Country,19
2011-02-26,Electronic,5
2011-02-26,Gospel,1
2011-02-26,HipHop,17
2011-02-26,Pop,24
2011-02-26,RnB,9
2011-02-26,Rock,11
2011-03-05,Classical,1
2011-03-05,Country,18
2011-03-05,Electronic,6
2011-03-05,Gospel,1
2011-03-05,HipHop,14
2011-03-05,Pop,27
2011-03-05,RnB,9
2011-03-05,Rock,12
2011-03-12,Classical,1
2011-03-12,Country,20
2011-03-12,Electronic,7
2011-03-12,Gospel,2
2011-03-12,HipHop,16
2011-03-12,Pop,31
2011-03-12,RnB,9
2011-03-12,Rock,9
2011-03-19,Country,21
2011-03-19,Electronic,6
2011-03-19,Gospel,1
2011-03-19,HipHop,18
2011-03-19,Pop,28
2011-03-19,RnB,11
2011-03-19,Rock,12
2011-03-26,Country,23
2011-03-26,Electronic,6
2011-03-26,Gospel,1
2011-03-26,HipHop,18
2011-03-26,Pop,22
2011-03-26,RnB,12
2011-03-26,Rock,11
2011-04-02,Country,22
2011-04-02,Electronic,6
2011-04-02,Gospel,2
2011-04-02,HipHop,16
2011-04-02,Pop,23
2011-04-02,RnB,12
2011-04-02,Rock,8
2011-04-09,Country,21
2011-04-09,Electronic,7
2011-04-09,Gospel,2
2011-04-09,HipHop,17
2011-04-09,Pop,24
2011-04-09,RnB,13
2011-04-09,Rock,11
2011-04-16,Country,20
2011-04-16,Electronic,7
2011-04-16,Gospel,2
2011-04-16,HipHop,20
2011-04-16,Pop,25
2011-04-16,RnB,13
2011-04-16,Rock,10
2011-04-23,Country,23
2011-04-23,Electronic,6
2011-04-23,Gospel,2
2011-04-23,HipHop,21
2011-04-23,Pop,24
2011-04-23,RnB,13
2011-04-23,Rock,10
2011-04-30,Country,23
2011-04-30,Electronic,5
2011-04-30,Gospel,2
2011-04-30,HipHop,19
2011-04-30,Pop,28
2011-04-30,RnB,11
2011-04-30,Rock,10
2011-05-07,Country,21
2011-05-07,Electronic,5
2011-05-07,Gospel,1
2011-05-07,HipHop,18
2011-05-07,Pop,34
2011-05-07,RnB,11
2011-05-07,Rock,10
2011-05-14,Country,22
2011-05-14,Electronic,5
2011-05-14,Gospel,1
2011-05-14,HipHop,19
2011-05-14,Pop,30
2011-05-14,RnB,12
2011-05-14,Rock,9
2011-05-21,Country,21
2011-05-21,Electronic,6
2011-05-21,Gospel,2
2011-05-21,HipHop,19
2011-05-21,Latin,1
2011-05-21,Pop,23
2011-05-21,RnB,11
2011-05-21,Rock,10
2011-05-28,Country,21
2011-05-28,Electronic,6
2011-05-28,Gospel,2
2011-05-28,HipHop,17
2011-05-28,Latin,1
2011-05-28,Pop,27
2011-05-28,RnB,10
2011-05-28,Rock,9
2011-06-04,Country,20
2011-06-04,Electronic,5
2011-06-04,Gospel,2
2011-06-04,HipHop,17
2011-06-04,Latin,1
2011-06-04,Pop,27
2011-06-04,RnB,10
2011-06-04,Rock,9
2011-06-11,Country,22
2011-06-11,Electronic,5
2011-06-11,Gospel,1
2011-06-11,HipHop,17
2011-06-11,Latin,1
2011-06-11,Pop,27
2011-06-11,RnB,10
2011-06-11,Rock,9
2011-06-18,Country,23
2011-06-18,Electronic,6
2011-06-18,Gospel,1
2011-06-18,HipHop,17
2011-06-18,Latin,1
2011-06-18,Pop,28
2011-06-18,RnB,12
2011-06-18,Rock,10
2011-06-25,Country,25
2011-06-25,Electronic,7
2011-06-25,Gospel,1
2011-06-25,HipHop,17
2011-06-25,Latin,1
2011-06-25,Pop,29
2011-06-25,RnB,10
2011-06-25,Rock,9
2011-07-02,Country,23
2011-07-02,Electronic,9
2011-07-02,Gospel,1
2011-07-02,HipHop,17
2011-07-02,Pop,27
2011-07-02,RnB,12
2011-07-02,Rock,8
2011-07-09,Country,22
2011-07-09,Electronic,11
2011-07-09,Gospel,1
2011-07-09,HipHop,16
2011-07-09,Pop,31
2011-07-09,RnB,11
2011-07-09,Rock,7
2011-07-16,Country,23
2011-07-16,Electronic,12
2011-07-16,HipHop,16
2011-07-16,Pop,30
2011-07-16,RnB,9
2011-07-16,Rock,10
2011-07-23,Country,22
2011-07-23,Electronic,7
2011-07-23,Gospel,2
2011-07-23,HipHop,18
2011-07-23,Latin,1
2011-07-23,Pop,30
2011-07-23,RnB,10
2011-07-23,Rock,9
2011-07-30,Country,24
2011-07-30,Electronic,8
2011-07-30,Gospel,1
2011-07-30,HipHop,15
2011-07-30,Pop,34
2011-07-30,RnB,8
2011-07-30,Rock,10
2011-08-06,Country,23
2011-08-06,Electronic,8
2011-08-06,Gospel,1
2011-08-06,HipHop,20
2011-08-06,Pop,31
2011-08-06,RnB,9
2011-08-06,Rock,8
2011-08-13,Country,26
2011-08-13,Electronic,8
2011-08-13,Gospel,1
2011-08-13,HipHop,16
2011-08-13,Pop,35
2011-08-13,RnB,7
2011-08-13,Rock,7
2011-08-20,Country,25
2011-08-20,Electronic,9
2011-08-20,HipHop,17
2011-08-20,Pop,34
2011-08-20,RnB,6
2011-08-20,Rock,9
2011-08-27,Country,23
2011-08-27,Electronic,9
2011-08-27,HipHop,16
2011-08-27,Pop,33
2011-08-27,RnB,6
2011-08-27,Rock,9
2011-09-03,Country,25
2011-09-03,Electronic,8
2011-09-03,HipHop,17
2011-09-03,Pop,30
2011-09-03,RnB,4
2011-09-03,Rock,12
2011-09-10,Country,26
2011-09-10,Electronic,9
2011-09-10,HipHop,15
2011-09-10,Pop,33
2011-09-10,RnB,5
2011-09-10,Rock,11
2011-09-17,Country,24
2011-09-17,Electronic,8
2011-09-17,HipHop,23
2011-09-17,Pop,28
2011-09-17,RnB,4
2011-09-17,Rock,12
2011-09-24,Country,26
2011-09-24,Electronic,9
2011-09-24,HipHop,18
2011-09-24,Jazz,1
2011-09-24,Pop,27
2011-09-24,RnB,5
2011-09-24,Rock,11
2011-10-01,Country,25
2011-10-01,Electronic,7
2011-10-01,HipHop,20
2011-10-01,Jazz,2
2011-10-01,Pop,27
2011-10-01,RnB,5
2011-10-01,Rock,13
2011-10-08,Country,26
2011-10-08,Electronic,6
2011-10-08,HipHop,19
2011-10-08,Pop,30
2011-10-08,RnB,4
2011-10-08,Rock,12
2011-10-15,Classical,1
2011-10-15,Country,25
2011-10-15,Electronic,5
2011-10-15,HipHop,17
2011-10-15,Pop,30
2011-10-15,RnB,5
2011-10-15,Rock,15
2011-10-22,Classical,1
2011-10-22,Country,24
2011-10-22,Electronic,6
2011-10-22,HipHop,18
2011-10-22,Pop,29
2011-10-22,RnB,6
2011-10-22,Rock,13
2011-10-29,Classical,1
2011-10-29,Country,20
2011-10-29,Electronic,6
2011-10-29,HipHop,20
2011-10-29,Pop,29
2011-10-29,RnB,7
2011-10-29,Rock,15
2011-11-05,Classical,1
2011-11-05,Country,22
2011-11-05,Electronic,5
2011-11-05,HipHop,19
2011-11-05,Latin,1
2011-11-05,Pop,33
2011-11-05,RnB,7
2011-11-05,Rock,12
2011-11-12,Classical,1
2011-11-12,Country,23
2011-11-12,Electronic,6
2011-11-12,HipHop,18
2011-11-12,Latin,1
2011-11-12,Pop,29
2011-11-12,RnB,7
2011-11-12,Rock,13
2011-11-19,Country,24
2011-11-19,Electronic,4
2011-11-19,HipHop,19
2011-11-19,Latin,1
2011-11-19,Pop,29
2011-11-19,RnB,7
2011-11-19,Rock,13
2011-11-26,Country,24
2011-11-26,Electronic,3
2011-11-26,HipHop,18
2011-11-26,Latin,1
2011-11-26,Pop,34
2011-11-26,RnB,6
2011-11-26,Rock,13
2011-12-03,Country,20
2011-12-03,Electronic,3
2011-12-03,HipHop,20
2011-12-03,Latin,1
2011-12-03,Pop,35
2011-12-03,RnB,6
2011-12-03,Rock,11
2011-12-10,Country,20
2011-12-10,Electronic,4
2011-12-10,HipHop,18
2011-12-10,Latin,1
2011-12-10,Pop,37
2011-12-10,RnB,6
2011-12-10,Rock,13
2011-12-17,Country,18
2011-12-17,Electronic,3
2011-12-17,HipHop,21
2011-12-17,Jazz,1
2011-12-17,Latin,1
2011-12-17,Pop,32
2011-12-17,RnB,6
2011-12-17,Rock,12
2011-12-24,Country,21
2011-12-24,Electronic,3
2011-12-24,HipHop,19
2011-12-24,Latin,1
2011-12-24,Pop,29
2011-12-24,RnB,6
2011-12-24,Rock,13
2011-12-31,Country,23
2011-12-31,Electronic,4
2011-12-31,HipHop,18
2011-12-31,Jazz,1
2011-12-31,Latin,1
2011-12-31,Pop,29
2011-12-31,RnB,7
2011-12-31,Rock,12
2012-01-07,Country,18
2012-01-07,Electronic,7
2012-01-07,HipHop,24
2012-01-07,Pop,30
2012-01-07,RnB,7
2012-01-07,Rock,14
2012-01-14,Country,20
2012-01-14,Electronic,7
2012-01-14,HipHop,24
2012-01-14,Pop,30
2012-01-14,RnB,6
2012-01-14,Rock,12
2012-01-21,Country,19
2012-01-21,Electronic,7
2012-01-21,HipHop,22
2012-01-21,Pop,31
2012-01-21,RnB,7
2012-01-21,Rock,11
2012-01-28,Country,19
2012-01-28,Electronic,7
2012-01-28,HipHop,18
2012-01-28,Pop,31
2012-01-28,RnB,6
2012-01-28,Rock,14
2012-02-04,Country,20
2012-02-04,Electronic,6
2012-02-04,HipHop,17
2012-02-04,Pop,30
2012-02-04,RnB,7
2012-02-04,Rock,8
2012-02-11,Country,23
2012-02-11,Electronic,6
2012-02-11,HipHop,18
2012-02-11,Pop,30
2012-02-11,RnB,7
2012-02-11,Rock,9
2012-02-18,Country,21
2012-02-18,Electronic,4
2012-02-18,HipHop,18
2012-02-18,Pop,29
2012-02-18,RnB,7
2012-02-18,Rock,9
2012-02-25,Country,18
2012-02-25,Electronic,5
2012-02-25,HipHop,19
2012-02-25,Pop,28
2012-02-25,RnB,9
2012-02-25,Rock,9
2012-03-03,Country,17
2012-03-03,Electronic,10
2012-03-03,HipHop,19
2012-03-03,Pop,30
2012-03-03,RnB,9
2012-03-03,Rock,9
2012-03-10,Country,18
2012-03-10,Electronic,7
2012-03-10,HipHop,19
2012-03-10,Pop,32
2012-03-10,RnB,6
2012-03-10,Rock,10
2012-03-17,Country,19
2012-03-17,Electronic,7
2012-03-17,HipHop,19
2012-03-17,Jazz,1
2012-03-17,Pop,31
2012-03-17,RnB,7
2012-03-17,Rock,10
2012-03-24,Country,19
2012-03-24,Electronic,8
2012-03-24,Folk,1
2012-03-24,HipHop,16
2012-03-24,Pop,31
2012-03-24,RnB,8
2012-03-24,Rock,11
2012-03-31,Country,19
2012-03-31,Electronic,8
2012-03-31,HipHop,16
2012-03-31,Pop,31
2012-03-31,RnB,7
2012-03-31,Rock,11
2012-04-07,Country,19
2012-04-07,Electronic,10
2012-04-07,HipHop,16
2012-04-07,Pop,30
2012-04-07,RnB,7
2012-04-07,Rock,11
2012-04-14,Country,18
2012-04-14,Electronic,9
2012-04-14,Gospel,1
2012-04-14,HipHop,17
2012-04-14,Pop,31
2012-04-14,RnB,8
2012-04-14,Rock,9
2012-04-21,Country,19
2012-04-21,Electronic,8
2012-04-21,Gospel,1
2012-04-21,HipHop,23
2012-04-21,Pop,25
2012-04-21,RnB,5
2012-04-21,Rock,11
2012-04-28,Country,19
2012-04-28,Electronic,9
2012-04-28,Gospel,1
2012-04-28,HipHop,21
2012-04-28,Pop,25
2012-04-28,RnB,6
2012-04-28,Rock,8
2012-05-05,Country,18
2012-05-05,Electronic,11
2012-05-05,Gospel,1
2012-05-05,HipHop,23
2012-05-05,Pop,25
2012-05-05,RnB,5
2012-05-05,Rock,9
2012-05-12,Country,18
2012-05-12,Electronic,10
2012-05-12,Gospel,1
2012-05-12,HipHop,23
2012-05-12,Pop,26
2012-05-12,RnB,5
2012-05-12,Rock,8
2012-05-19,Country,21
2012-05-19,Electronic,9
2012-05-19,Gospel,1
2012-05-19,HipHop,21
2012-05-19,Pop,25
2012-05-19,RnB,4
2012-05-19,Rock,11
2012-05-26,Country,20
2012-05-26,Electronic,8
2012-05-26,Gospel,1
2012-05-26,HipHop,22
2012-05-26,Pop,26
2012-05-26,RnB,5
2012-05-26,Rock,12
2012-06-02,Country,23
2012-06-02,Electronic,9
2012-06-02,Gospel,1
2012-06-02,HipHop,23
2012-06-02,Pop,23
2012-06-02,RnB,4
2012-06-02,Rock,10
2012-06-09,Country,21
2012-06-09,Electronic,10
2012-06-09,Gospel,1
2012-06-09,HipHop,21
2012-06-09,Pop,27
2012-06-09,RnB,4
2012-06-09,Rock,10
2012-06-16,Country,21
2012-06-16,Electronic,9
2012-06-16,Folk,1
2012-06-16,Gospel,1
2012-06-16,HipHop,20
2012-06-16,Pop,27
2012-06-16,RnB,5
2012-06-16,Rock,10
2012-06-23,Country,20
2012-06-23,Electronic,7
2012-06-23,Folk,1
2012-06-23,Gospel,1
2012-06-23,HipHop,22
2012-06-23,Pop,28
2012-06-23,RnB,4
2012-06-23,Rock,11
2012-06-30,Country,21
2012-06-30,Electronic,7
2012-06-30,Gospel,1
2012-06-30,HipHop,21
2012-06-30,Pop,29
2012-06-30,RnB,4
2012-06-30,Rock,11
2012-07-07,Country,22
2012-07-07,Electronic,8
2012-07-07,Gospel,1
2012-07-07,HipHop,21
2012-07-07,Pop,26
2012-07-07,RnB,4
2012-07-07,Rock,10
2012-07-14,Country,20
2012-07-14,Electronic,10
2012-07-14,Gospel,1
2012-07-14,HipHop,21
2012-07-14,Pop,25
2012-07-14,RnB,5
2012-07-14,Rock,9
2012-07-21,Country,21
2012-07-21,Electronic,9
2012-07-21,Gospel,1
2012-07-21,HipHop,22
2012-07-21,Pop,22
2012-07-21,RnB,6
2012-07-21,Rock,10
2012-07-28,Country,21
2012-07-28,Electronic,10
2012-07-28,Gospel,1
2012-07-28,HipHop,19
2012-07-28,Pop,24
2012-07-28,RnB,6
2012-07-28,Rock,10
2012-08-04,Country,23
2012-08-04,Electronic,10
2012-08-04,Gospel,1
2012-08-04,HipHop,18
2012-08-04,Pop,21
2012-08-04,RnB,6
2012-08-04,Rock,12
2012-08-11,Country,26
2012-08-11,Electronic,9
2012-08-11,Gospel,1
2012-08-11,HipHop,19
2012-08-11,Pop,22
2012-08-11,RnB,6
2012-08-11,Rock,9
2012-08-18,Country,23
2012-08-18,Electronic,9
2012-08-18,Gospel,1
2012-08-18,HipHop,21
2012-08-18,Pop,24
2012-08-18,RnB,8
2012-08-18,Rock,8
2012-08-25,Country,24
2012-08-25,Electronic,7
2012-08-25,Gospel,1
2012-08-25,HipHop,18
2012-08-25,Pop,24
2012-08-25,RnB,8
2012-08-25,Rock,11
2012-09-01,Country,23
2012-09-01,Electronic,8
2012-09-01,Gospel,1
2012-09-01,HipHop,22
2012-09-01,Pop,23
2012-09-01,RnB,9
2012-09-01,Rock,9
2012-09-08,Country,22
2012-09-08,Electronic,8
2012-09-08,Gospel,1
2012-09-08,HipHop,20
2012-09-08,Pop,22
2012-09-08,RnB,10
2012-09-08,Rock,11
2012-09-15,Country,23
2012-09-15,Electronic,7
2012-09-15,Gospel,1
2012-09-15,HipHop,19
2012-09-15,Pop,24
2012-09-15,RnB,10
2012-09-15,Rock,9
2012-09-22,Country,22
2012-09-22,Electronic,7
2012-09-22,Gospel,1
2012-09-22,HipHop,18
2012-09-22,Pop,25
2012-09-22,RnB,13
2012-09-22,Rock,9
2012-09-29,Country,22
2012-09-29,Electronic,6
2012-09-29,Gospel,1
2012-09-29,HipHop,15
2012-09-29,Pop,28
2012-09-29,RnB,13
2012-09-29,Rock,9
2012-10-06,Country,23
2012-10-06,Electronic,7
2012-10-06,HipHop,16
2012-10-06,Pop,27
2012-10-06,RnB,13
2012-10-06,Rock,8
2012-10-13,Country,22
2012-10-13,Electronic,6
2012-10-13,HipHop,16
2012-10-13,Pop,28
2012-10-13,RnB,12
2012-10-13,Rock,11
2012-10-20,Country,21
2012-10-20,Electronic,6
2012-10-20,HipHop,16
2012-10-20,Pop,29
2012-10-20,RnB,10
2012-10-20,Rock,14
2012-10-27,Country,23
2012-10-27,Electronic,6
2012-10-27,HipHop,18
2012-10-27,Pop,31
2012-10-27,RnB,9
2012-10-27,Rock,11
2012-11-03,Country,21
2012-11-03,Electronic,7
2012-11-03,HipHop,18
2012-11-03,Pop,33
2012-11-03,RnB,9
2012-11-03,Rock,9
2012-11-10,Country,18
2012-11-10,Electronic,6
2012-11-10,HipHop,21
2012-11-10,Pop,36
2012-11-10,RnB,9
2012-11-10,Rock,7
2012-11-17,Country,21
2012-11-17,Electronic,7
2012-11-17,HipHop,21
2012-11-17,Pop,34
2012-11-17,RnB,9
2012-11-17,Rock,7
2012-11-24,Country,21
2012-11-24,Electronic,7
2012-11-24,HipHop,21
2012-11-24,Pop,33
2012-11-24,RnB,8
2012-11-24,Rock,7
2012-12-01,Country,21
2012-12-01,Electronic,7
2012-12-01,HipHop,20
2012-12-01,Pop,33
2012-12-01,RnB,8
2012-12-01,Rock,9
2012-12-08,Country,21
2012-12-08,Electronic,7
2012-12-08,HipHop,21
2012-12-08,Pop,33
2012-12-08,RnB,5
2012-12-08,Rock,9
2012-12-15,Country,23
2012-12-15,Electronic,6
2012-12-15,HipHop,25
2012-12-15,Pop,31
2012-12-15,RnB,5
2012-12-15,Rock,9
2012-12-22,Country,19
2012-12-22,Electronic,6
2012-12-22,HipHop,26
2012-12-22,Pop,30
2012-12-22,RnB,8
2012-12-22,Rock,8
2012-12-29,Country,20
2012-12-29,Electronic,5
2012-12-29,HipHop,27
2012-12-29,Pop,30
2012-12-29,RnB,7
2012-12-29,Rock,9
2013-01-05,Country,20
2013-01-05,Electronic,5
2013-01-05,HipHop,26
2013-01-05,Pop,30
2013-01-05,RnB,6
2013-01-05,Rock,10
2013-01-12,Country,19
2013-01-12,Electronic,5
2013-01-12,HipHop,23
2013-01-12,Pop,32
2013-01-12,RnB,6
2013-01-12,Rock,10
2013-01-19,Country,20
2013-01-19,Electronic,5
2013-01-19,HipHop,22
2013-01-19,Pop,31
2013-01-19,RnB,5
2013-01-19,Rock,8
2013-01-26,Country,18
2013-01-26,Electronic,4
2013-01-26,HipHop,22
2013-01-26,Pop,33
2013-01-26,RnB,6
2013-01-26,Rock,9
2013-02-02,Country,20
2013-02-02,Electronic,4
2013-02-02,HipHop,26
2013-02-02,Pop,30
2013-02-02,RnB,6
2013-02-02,Rock,9
2013-02-09,Country,21
2013-02-09,Electronic,4
2013-02-09,HipHop,26
2013-02-09,Pop,30
2013-02-09,RnB,5
2013-02-09,Rock,9
2013-02-16,Country,20
2013-02-16,Electronic,4
2013-02-16,HipHop,24
2013-02-16,Pop,31
2013-02-16,RnB,5
2013-02-16,Rock,9
2013-02-23,Country,22
2013-02-23,Electronic,4
2013-02-23,HipHop,23
2013-02-23,Pop,30
2013-02-23,RnB,7
2013-02-23,Rock,10
2013-03-02,Country,21
2013-03-02,Electronic,5
2013-03-02,HipHop,25
2013-03-02,Pop,29
2013-03-02,RnB,6
2013-03-02,Rock,13
2013-03-09,Country,19
2013-03-09,Electronic,7
2013-03-09,HipHop,26
2013-03-09,Pop,28
2013-03-09,RnB,8
2013-03-09,Rock,13
2013-03-16,Country,19
2013-03-16,Electronic,7
2013-03-16,HipHop,25
2013-03-16,Jazz,1
2013-03-16,Pop,26
2013-03-16,RnB,8
2013-03-16,Rock,13
2013-03-23,Country,22
2013-03-23,Electronic,7
2013-03-23,HipHop,22
2013-03-23,Pop,25
2013-03-23,RnB,8
2013-03-23,Rock,13
2013-03-30,Country,21
2013-03-30,Electronic,5
2013-03-30,HipHop,22
2013-03-30,Pop,26
2013-03-30,RnB,8
2013-03-30,Rock,14
2013-04-06,Country,22
2013-04-06,Electronic,5
2013-04-06,HipHop,24
2013-04-06,Pop,27
2013-04-06,RnB,7
2013-04-06,Rock,11
2013-04-13,Country,20
2013-04-13,Electronic,5
2013-04-13,HipHop,27
2013-04-13,Pop,27
2013-04-13,RnB,6
2013-04-13,Rock,12
2013-04-20,Country,21
2013-04-20,Electronic,6
2013-04-20,HipHop,25
2013-04-20,Pop,27
2013-04-20,RnB,5
2013-04-20,Rock,12
2013-04-27,Country,23
2013-04-27,Electronic,6
2013-04-27,HipHop,25
2013-04-27,Pop,26
2013-04-27,RnB,6
2013-04-27,Rock,11
2013-05-04,Country,19
2013-05-04,Electronic,8
2013-05-04,HipHop,27
2013-05-04,Pop,28
2013-05-04,RnB,8
2013-05-04,Rock,8
2013-05-11,Country,20
2013-05-11,Electronic,8
2013-05-11,HipHop,26
2013-05-11,Pop,28
2013-05-11,RnB,7
2013-05-11,Rock,9
2013-05-18,Country,20
2013-05-18,Electronic,8
2013-05-18,HipHop,26
2013-05-18,Pop,28
2013-05-18,RnB,8
2013-05-18,Rock,8
2013-05-25,Country,23
2013-05-25,Electronic,8
2013-05-25,HipHop,22
2013-05-25,Pop,29
2013-05-25,RnB,7
2013-05-25,Rock,7
2013-06-01,Country,23
2013-06-01,Electronic,7
2013-06-01,HipHop,20
2013-06-01,Pop,30
2013-06-01,RnB,9
2013-06-01,Rock,7
2013-06-08,Country,20
2013-06-08,Electronic,8
2013-06-08,HipHop,25
2013-06-08,Pop,29
2013-06-08,RnB,8
2013-06-08,Rock,8
2013-06-15,Country,23
2013-06-15,Electronic,8
2013-06-15,HipHop,22
2013-06-15,Pop,28
2013-06-15,RnB,8
2013-06-15,Rock,8
2013-06-22,Country,22
2013-06-22,Electronic,8
2013-06-22,HipHop,23
2013-06-22,Pop,28
2013-06-22,RnB,8
2013-06-22,Rock,9
2013-06-29,Country,21
2013-06-29,Electronic,8
2013-06-29,Gospel,2
2013-06-29,HipHop,21
2013-06-29,Pop,29
2013-06-29,RnB,6
2013-06-29,Rock,10
2013-07-06,Country,20
2013-07-06,Electronic,6
2013-07-06,Folk,1
2013-07-06,Gospel,2
2013-07-06,HipHop,23
2013-07-06,Pop,29
2013-07-06,RnB,7
2013-07-06,Rock,9
2013-07-13,Country,20
2013-07-13,Electronic,9
2013-07-13,HipHop,24
2013-07-13,Pop,29
2013-07-13,RnB,6
2013-07-13,Rock,9
2013-07-20,Country,19
2013-07-20,Electronic,9
2013-07-20,HipHop,19
2013-07-20,Pop,31
2013-07-20,RnB,8
2013-07-20,Rock,10
2013-07-27,Country,20
2013-07-27,Electronic,7
2013-07-27,HipHop,18
2013-07-27,Pop,30
2013-07-27,RnB,6
2013-07-27,Rock,8
2013-08-03,Country,21
2013-08-03,Electronic,7
2013-08-03,Folk,1
2013-08-03,HipHop,15
2013-08-03,Pop,29
2013-08-03,RnB,6
2013-08-03,Rock,11
2013-08-10,Country,22
2013-08-10,Electronic,7
2013-08-10,HipHop,15
2013-08-10,Latin,1
2013-08-10,Pop,28
2013-08-10,RnB,6
2013-08-10,Rock,9
2013-08-17,Country,21
2013-08-17,Electronic,6
2013-08-17,HipHop,16
2013-08-17,Latin,1
2013-08-17,Pop,27
2013-08-17,RnB,6
2013-08-17,Rock,11
2013-08-24,Country,17
2013-08-24,Electronic,6
2013-08-24,HipHop,16
2013-08-24,Latin,1
2013-08-24,Pop,31
2013-08-24,RnB,6
2013-08-24,Rock,11
2013-08-31,Country,19
2013-08-31,Electronic,6
2013-08-31,Folk,1
2013-08-31,HipHop,16
2013-08-31,Latin,1
2013-08-31,Pop,31
2013-08-31,RnB,6
2013-08-31,Rock,11
2013-09-07,Country,17
2013-09-07,Electronic,5
2013-09-07,Folk,1
2013-09-07,HipHop,17
2013-09-07,Latin,1
2013-09-07,Pop,32
2013-09-07,RnB,5
2013-09-07,Rock,12
2013-09-14,Country,17
2013-09-14,Electronic,5
2013-09-14,HipHop,17
2013-09-14,Latin,1
2013-09-14,Pop,31
2013-09-14,RnB,5
2013-09-14,Rock,13
2013-09-21,Country,16
2013-09-21,Electronic,5
2013-09-21,HipHop,17
2013-09-21,Latin,1
2013-09-21,Pop,33
2013-09-21,RnB,6
2013-09-21,Rock,12
2013-09-28,Country,18
2013-09-28,Electronic,6
2013-09-28,Gospel,1
2013-09-28,HipHop,18
2013-09-28,Latin,3
2013-09-28,Pop,28
2013-09-28,RnB,5
2013-09-28,Rock,14
2013-10-05,Country,18
2013-10-05,Electronic,8
2013-10-05,Gospel,1
2013-10-05,HipHop,14
2013-10-05,Latin,2
2013-10-05,Pop,30
2013-10-05,RnB,5
2013-10-05,Rock,14
2013-10-12,Country,16
2013-10-12,Electronic,7
2013-10-12,HipHop,24
2013-10-12,Latin,1
2013-10-12,Pop,28
2013-10-12,RnB,5
2013-10-12,Rock,12
2013-10-19,Country,17
2013-10-19,Electronic,7
2013-10-19,HipHop,17
2013-10-19,Latin,2
2013-10-19,Pop,30
2013-10-19,RnB,6
2013-10-19,Rock,12
2013-10-26,Country,17
2013-10-26,Electronic,6
2013-10-26,HipHop,14
2013-10-26,Latin,2
2013-10-26,Pop,29
2013-10-26,RnB,8
2013-10-26,Rock,15
2013-11-02,Country,19
2013-11-02,Electronic,6
2013-11-02,HipHop,15
2013-11-02,Latin,1
2013-11-02,Pop,27
2013-11-02,RnB,8
2013-11-02,Rock,15
2013-11-09,Country,19
2013-11-09,Electronic,6
2013-11-09,HipHop,16
2013-11-09,Latin,2
2013-11-09,Pop,31
2013-11-09,RnB,6
2013-11-09,Rock,12
2013-11-16,Country,19
2013-11-16,Electronic,6
2013-11-16,HipHop,17
2013-11-16,Latin,1
2013-11-16,Pop,30
2013-11-16,RnB,8
2013-11-16,Rock,12
2013-11-23,Country,21
2013-11-23,Electronic,4
2013-11-23,HipHop,15
2013-11-23,Latin,1
2013-11-23,Pop,33
2013-11-23,RnB,7
2013-11-23,Rock,11
2013-11-30,Country,20
2013-11-30,Electronic,4
2013-11-30,HipHop,17
2013-11-30,Latin,2
2013-11-30,Pop,31
2013-11-30,RnB,5
2013-11-30,Rock,13
2013-12-07,Country,19
2013-12-07,Electronic,4
2013-12-07,Folk,1
2013-12-07,HipHop,17
2013-12-07,Pop,32
2013-12-07,RnB,5
2013-12-07,Rock,14
2013-12-14,Country,21
2013-12-14,Electronic,4
2013-12-14,HipHop,16
2013-12-14,Pop,32
2013-12-14,RnB,5
2013-12-14,Rock,13
2013-12-21,Country,20
2013-12-21,Electronic,5
2013-12-21,Folk,1
2013-12-21,HipHop,15
2013-12-21,Pop,31
2013-12-21,RnB,7
2013-12-21,Rock,11
2013-12-28,Country,19
2013-12-28,Electronic,5
2013-12-28,HipHop,14
2013-12-28,Pop,31
2013-12-28,RnB,7
2013-12-28,Rock,12
2014-01-04,Country,18
2014-01-04,Electronic,5
2014-01-04,Folk,1
2014-01-04,HipHop,15
2014-01-04,Jazz,1
2014-01-04,Pop,28
2014-01-04,RnB,7
2014-01-04,Rock,15
2014-01-11,Country,19
2014-01-11,Electronic,5
2014-01-11,HipHop,15
2014-01-11,Pop,30
2014-01-11,RnB,8
2014-01-11,Rock,14
2014-01-18,Country,21
2014-01-18,Electronic,5
2014-01-18,HipHop,15
2014-01-18,Pop,30
2014-01-18,RnB,8
2014-01-18,Rock,13
2014-01-25,Country,21
2014-01-25,Electronic,5
2014-01-25,HipHop,15
2014-01-25,Pop,29
2014-01-25,RnB,10
2014-01-25,Rock,13
2014-02-01,Country,23
2014-02-01,Electronic,8
2014-02-01,HipHop,13
2014-02-01,Pop,30
2014-02-01,RnB,10
2014-02-01,Rock,13
2014-02-08,Country,23
2014-02-08,Electronic,7
2014-02-08,HipHop,14
2014-02-08,Pop,31
2014-02-08,RnB,10
2014-02-08,Rock,12
2014-02-15,Country,23
2014-02-15,Electronic,7
2014-02-15,HipHop,13
2014-02-15,Latin,1
2014-02-15,Pop,30
2014-02-15,RnB,11
2014-02-15,Rock,12
2014-02-22,Country,21
2014-02-22,Electronic,7
2014-02-22,HipHop,12
2014-02-22,Latin,1
2014-02-22,Pop,31
2014-02-22,RnB,12
2014-02-22,Rock,13
2014-03-01,Country,19
2014-03-01,Electronic,7
2014-03-01,HipHop,11
2014-03-01,Latin,1
2014-03-01,Pop,31
2014-03-01,RnB,11
2014-03-01,Rock,13
2014-03-08,Country,19
2014-03-08,Electronic,6
2014-03-08,HipHop,11
2014-03-08,Latin,1
2014-03-08,Pop,32
2014-03-08,RnB,11
2014-03-08,Rock,14
2014-03-15,Country,19
2014-03-15,Electronic,6
2014-03-15,HipHop,10
2014-03-15,Latin,1
2014-03-15,Pop,33
2014-03-15,RnB,10
2014-03-15,Rock,14
2014-03-22,Country,16
2014-03-22,Electronic,6
2014-03-22,HipHop,12
2014-03-22,Latin,2
2014-03-22,Pop,33
2014-03-22,RnB,10
2014-03-22,Rock,14
2014-03-29,Country,18
2014-03-29,Electronic,9
2014-03-29,Gospel,1
2014-03-29,HipHop,12
2014-03-29,Latin,1
2014-03-29,Pop,30
2014-03-29,RnB,10
2014-03-29,Rock,9
2014-04-05,Country,19
2014-04-05,Electronic,10
2014-04-05,HipHop,12
2014-04-05,Latin,1
2014-04-05,Pop,30
2014-04-05,RnB,9
2014-04-05,Rock,9
2014-04-12,Country,20
2014-04-12,Electronic,8
2014-04-12,Gospel,1
2014-04-12,HipHop,10
2014-04-12,Latin,1
2014-04-12,Pop,32
2014-04-12,RnB,8
2014-04-12,Rock,11
2014-04-19,Country,19
2014-04-19,Electronic,9
2014-04-19,Gospel,1
2014-04-19,HipHop,11
2014-04-19,Jazz,1
2014-04-19,Latin,1
2014-04-19,Pop,31
2014-04-19,RnB,8
2014-04-19,Rock,11
2014-04-26,Country,18
2014-04-26,Electronic,9
2014-04-26,Gospel,1
2014-04-26,HipHop,12
2014-04-26,Latin,1
2014-04-26,Pop,33
2014-04-26,RnB,7
2014-04-26,Rock,11
2014-05-03,Afrobeat,1
2014-05-03,Country,18
2014-05-03,Electronic,8
2014-05-03,Gospel,1
2014-05-03,HipHop,13
2014-05-03,Jazz,1
2014-05-03,Pop,32
2014-05-03,RnB,7
2014-05-03,Rock,12
2014-05-10,Afrobeat,1
2014-05-10,Country,20
2014-05-10,Electronic,8
2014-05-10,HipHop,13
2014-05-10,Jazz,1
2014-05-10,Pop,31
2014-05-10,RnB,6
2014-05-10,Rock,12
2014-05-17,Afrobeat,1
2014-05-17,Country,19
2014-05-17,Electronic,8
2014-05-17,HipHop,12
2014-05-17,Jazz,1
2014-05-17,Pop,35
2014-05-17,RnB,7
2014-05-17,Rock,11
2014-05-24,Afrobeat,1
2014-05-24,Country,19
2014-05-24,Electronic,8
2014-05-24,HipHop,12
2014-05-24,Jazz,1
2014-05-24,Pop,31
2014-05-24,RnB,8
2014-05-24,Rock,13
2014-05-31,Afrobeat,1
2014-05-31,Country,22
2014-05-31,Electronic,5
2014-05-31,HipHop,13
2014-05-31,Jazz,1
2014-05-31,Pop,31
2014-05-31,RnB,7
2014-05-31,Rock,15
2014-06-07,Afrobeat,1
2014-06-07,Country,20
2014-06-07,Electronic,5
2014-06-07,HipHop,11
2014-06-07,Jazz,2
2014-06-07,Pop,34
2014-06-07,RnB,9
2014-06-07,Rock,12
2014-06-14,Afrobeat,1
2014-06-14,Country,21
2014-06-14,Electronic,5
2014-06-14,Folk,1
2014-06-14,HipHop,13
2014-06-14,Jazz,1
2014-06-14,Pop,31
2014-06-14,RnB,7
2014-06-14,Rock,15
2014-06-21,Afrobeat,1
2014-06-21,Country,22
2014-06-21,Electronic,6
2014-06-21,HipHop,13
2014-06-21,Jazz,2
2014-06-21,Latin,1
2014-06-21,Pop,33
2014-06-21,RnB,6
2014-06-21,Rock,11
2014-06-28,Afrobeat,1
2014-06-28,Country,22
2014-06-28,Electronic,6
2014-06-28,HipHop,12
2014-06-28,Jazz,1
2014-06-28,Latin,1
2014-06-28,Pop,35
2014-06-28,RnB,7
2014-06-28,Rock,9
2014-07-05,Afrobeat,1
2014-07-05,Country,22
2014-07-05,Electronic,7
2014-07-05,HipHop,13
2014-07-05,Jazz,1
2014-07-05,Latin,1
2014-07-05,Pop,35
2014-07-05,RnB,7
2014-07-05,Rock,10
2014-07-12,Afrobeat,1
2014-07-12,Country,22
2014-07-12,Electronic,7
2014-07-12,HipHop,13
2014-07-12,Jazz,1
2014-07-12,Latin,1
2014-07-12,Pop,32
2014-07-12,RnB,8
2014-07-12,Rock,9
2014-07-19,Afrobeat,1
2014-07-19,Country,21
2014-07-19,Electronic,9
2014-07-19,HipHop,15
2014-07-19,Jazz,1
2014-07-19,Latin,1
2014-07-19,Pop,32
2014-07-19,RnB,8
2014-07-19,Rock,10
2014-07-26,Afrobeat,1
2014-07-26,Country,21
2014-07-26,Electronic,5
2014-07-26,HipHop,15
2014-07-26,Jazz,1
2014-07-26,Latin,1
2014-07-26,Pop,33
2014-07-26,RnB,9
2014-07-26,Rock,10
2014-08-02,Afrobeat,1
2014-08-02,Country,19
2014-08-02,Electronic,6
2014-08-02,HipHop,14
2014-08-02,Jazz,1
2014-08-02,Latin,1
2014-08-02,Pop,33
2014-08-02,RnB,9
2014-08-02,Rock,12
2014-08-09,Afrobeat,1
2014-08-09,Country,21
2014-08-09,Electronic,7
2014-08-09,HipHop,14
2014-08-09,Jazz,1
2014-08-09,Latin,1
2014-08-09,Pop,35
2014-08-09,RnB,8
2014-08-09,Rock,8
2014-08-16,Afrobeat,1
2014-08-16,Country,20
2014-08-16,Electronic,7
2014-08-16,HipHop,16
2014-08-16,Jazz,1
2014-08-16,Latin,1
2014-08-16,Pop,34
2014-08-16,RnB,9
2014-08-16,Rock,9
2014-08-23,Afrobeat,1
2014-08-23,Country,21
2014-08-23,Electronic,7
2014-08-23,HipHop,17
2014-08-23,Jazz,1
2014-08-23,Latin,1
2014-08-23,Pop,33
2014-08-23,RnB,8
2014-08-23,Rock,9
2014-08-30,Afrobeat,1
2014-08-30,Country,20
2014-08-30,Electronic,7
2014-08-30,Gospel,1
2014-08-30,HipHop,18
2014-08-30,Jazz,1
2014-08-30,Latin,1
2014-08-30,Pop,31
2014-08-30,RnB,8
2014-08-30,Rock,9
2014-09-06,Afrobeat,1
2014-09-06,Country,20
2014-09-06,Electronic,8
2014-09-06,Gospel,1
2014-09-06,HipHop,19
2014-09-06,Jazz,1
2014-09-06,Latin,1
2014-09-06,Pop,31
2014-09-06,RnB,8
2014-09-06,Rock,7
2014-09-13,Afrobeat,1
2014-09-13,Country,21
2014-09-13,Electronic,7
2014-09-13,Gospel,1
2014-09-13,HipHop,21
2014-09-13,Jazz,1
2014-09-13,Latin,1
2014-09-13,Pop,30
2014-09-13,RnB,10
2014-09-13,Rock,6
2014-09-20,Afrobeat,1
2014-09-20,Country,20
2014-09-20,Electronic,7
2014-09-20,Gospel,1
2014-09-20,HipHop,21
2014-09-20,Jazz,1
2014-09-20,Latin,1
2014-09-20,Pop,30
2014-09-20,RnB,10
2014-09-20,Rock,7
2014-09-27,Afrobeat,1
2014-09-27,Country,19
2014-09-27,Electronic,7
2014-09-27,Gospel,1
2014-09-27,HipHop,20
2014-09-27,Jazz,2
2014-09-27,Latin,1
2014-09-27,Pop,31
2014-09-27,RnB,9
2014-09-27,Rock,7
2014-10-04,Afrobeat,1
2014-10-04,Country,17
2014-10-04,Electronic,8
2014-10-04,Gospel,1
2014-10-04,HipHop,19
2014-10-04,Jazz,2
2014-10-04,Latin,1
2014-10-04,Pop,32
2014-10-04,RnB,9
2014-10-04,Rock,8
2014-10-11,Afrobeat,1
2014-10-11,Country,17
2014-10-11,Electronic,6
2014-10-11,Gospel,1
2014-10-11,HipHop,22
2014-10-11,Jazz,2
2014-10-11,Latin,1
2014-10-11,Pop,30
2014-10-11,RnB,8
2014-10-11,Rock,9
2014-10-18,Afrobeat,1
2014-10-18,Country,18
2014-10-18,Electronic,7
2014-10-18,Gospel,1
2014-10-18,HipHop,22
2014-10-18,Jazz,2
2014-10-18,Latin,1
2014-10-18,Pop,29
2014-10-18,RnB,8
2014-10-18,Rock,9
2014-10-25,Afrobeat,1
2014-10-25,Country,16
2014-10-25,Electronic,8
2014-10-25,Gospel,1
2014-10-25,HipHop,23
2014-10-25,Jazz,2
2014-10-25,Latin,1
2014-10-25,Pop,29
2014-10-25,RnB,8
2014-10-25,Rock,9
2014-11-01,Afrobeat,2
2014-11-01,Country,18
2014-11-01,Electronic,6
2014-11-01,HipHop,21
2014-11-01,Jazz,2
2014-11-01,Latin,1
2014-11-01,Pop,30
2014-11-01,RnB,9
2014-11-01,Rock,9
2014-11-08,Afrobeat,2
2014-11-08,Country,18
2014-11-08,Electronic,9
2014-11-08,HipHop,22
2014-11-08,Jazz,2
2014-11-08,Pop,29
2014-11-08,RnB,6
2014-11-08,Rock,10
2014-11-15,Afrobeat,2
2014-11-15,Country,19
2014-11-15,Electronic,6
2014-11-15,HipHop,19
2014-11-15,Jazz,2
2014-11-15,Pop,34
2014-11-15,RnB,6
2014-11-15,Rock,10
2014-11-22,Afrobeat,2
2014-11-22,Country,19
2014-11-22,Electronic,7
2014-11-22,HipHop,19
2014-11-22,Jazz,2
2014-11-22,Pop,32
2014-11-22,RnB,5
2014-11-22,Rock,12
2014-11-29,Afrobeat,2
2014-11-29,Country,19
2014-11-29,Electronic,6
2014-11-29,HipHop,19
2014-11-29,Jazz,2
2014-11-29,Pop,33
2014-11-29,RnB,5
2014-11-29,Rock,12
2014-12-06,Afrobeat,1
2014-12-06,Country,18
2014-12-06,Electronic,6
2014-12-06,HipHop,18
2014-12-06,Jazz,2
2014-12-06,Pop,31
2014-12-06,RnB,7
2014-12-06,Rock,10
2014-12-13,Afrobeat,1
2014-12-13,Country,18
2014-12-13,Electronic,6
2014-12-13,HipHop,16
2014-12-13,Jazz,2
2014-12-13,Pop,34
2014-12-13,RnB,8
2014-12-13,Rock,8
2014-12-20,Afrobeat,1
2014-12-20,Country,20
2014-12-20,Electronic,5
2014-12-20,HipHop,15
2014-12-20,Jazz,2
2014-12-20,Pop,32
2014-12-20,RnB,8
2014-12-20,Rock,7
2014-12-27,Afrobeat,1
2014-12-27,Country,17
2014-12-27,Electronic,5
2014-12-27,HipHop,14
2014-12-27,Jazz,3
2014-12-27,Pop,33
2014-12-27,RnB,8
2014-12-27,Rock,7
2015-01-03,Afrobeat,1
2015-01-03,Country,17
2015-01-03,Electronic,4
2015-01-03,HipHop,16
2015-01-03,Jazz,2
2015-01-03,Pop,31
2015-01-03,RnB,8
2015-01-03,Rock,8
2015-01-10,Afrobeat,1
2015-01-10,Country,17
2015-01-10,Electronic,4
2015-01-10,HipHop,14
2015-01-10,Jazz,2
2015-01-10,Latin,2
2015-01-10,Pop,35
2015-01-10,RnB,9
2015-01-10,Rock,8
2015-01-17,Afrobeat,1
2015-01-17,Country,21
2015-01-17,Electronic,5
2015-01-17,HipHop,16
2015-01-17,Jazz,2
2015-01-17,Latin,1
2015-01-17,Pop,33
2015-01-17,RnB,7
2015-01-17,Rock,8
2015-01-24,Country,21
2015-01-24,Electronic,6
2015-01-24,HipHop,13
2015-01-24,Jazz,2
2015-01-24,Latin,1
2015-01-24,Pop,34
2015-01-24,RnB,8
2015-01-24,Rock,9
2015-01-31,Country,20
2015-01-31,Electronic,5
2015-01-31,HipHop,15
2015-01-31,Jazz,2
2015-01-31,Latin,1
2015-01-31,Pop,34
2015-01-31,RnB,9
2015-01-31,Rock,8
2015-02-07,Country,20
2015-02-07,Electronic,5
2015-02-07,HipHop,12
2015-02-07,Jazz,2
2015-02-07,Latin,2
2015-02-07,Pop,35
2015-02-07,RnB,9
2015-02-07,Rock,9
2015-02-14,Country,20
2015-02-14,Electronic,4
2015-02-14,HipHop,13
2015-02-14,Jazz,2
2015-02-14,Latin,2
2015-02-14,Pop,38
2015-02-14,RnB,7
2015-02-14,Rock,8
2015-02-21,Country,19
2015-02-21,Electronic,5
2015-02-21,HipHop,17
2015-02-21,Jazz,3
2015-02-21,Latin,1
2015-02-21,Pop,35
2015-02-21,RnB,7
2015-02-21,Rock,8
2015-02-28,Country,18
2015-02-28,Electronic,3
2015-02-28,HipHop,17
2015-02-28,Jazz,3
2015-02-28,Latin,1
2015-02-28,Pop,37
2015-02-28,RnB,6
2015-02-28,Rock,9
2015-03-07,Country,16
2015-03-07,Electronic,2
2015-03-07,HipHop,23
2015-03-07,Jazz,3
2015-03-07,Latin,1
2015-03-07,Pop,35
2015-03-07,RnB,7
2015-03-07,Rock,7
2015-03-14,Country,17
2015-03-14,Electronic,3
2015-03-14,HipHop,21
2015-03-14,Jazz,3
2015-03-14,Latin,1
2015-03-14,Pop,32
2015-03-14,RnB,7
2015-03-14,Rock,11
2015-03-21,Country,18
2015-03-21,Electronic,5
2015-03-21,HipHop,18
2015-03-21,Jazz,3
2015-03-21,Pop,34
2015-03-21,RnB,6
2015-03-21,Rock,11
2015-03-28,Country,20
2015-03-28,Electronic,4
2015-03-28,HipHop,18
2015-03-28,Jazz,3
2015-03-28,Pop,33
2015-03-28,RnB,7
2015-03-28,Rock,11
2015-04-04,Country,15
2015-04-04,Electronic,4
2015-04-04,HipHop,23
2015-04-04,Jazz,3
2015-04-04,Pop,35
2015-04-04,RnB,6
2015-04-04,Rock,10
2015-04-11,Country,19
2015-04-11,Electronic,5
2015-04-11,HipHop,19
2015-04-11,Jazz,3
2015-04-11,Latin,1
2015-04-11,Pop,34
2015-04-11,RnB,6
2015-04-11,Rock,11
2015-04-18,Country,17
2015-04-18,Electronic,6
2015-04-18,HipHop,19
2015-04-18,Jazz,3
2015-04-18,Latin,1
2015-04-18,Pop,34
2015-04-18,RnB,7
2015-04-18,Rock,10
2015-04-25,Country,17
2015-04-25,Electronic,6
2015-04-25,HipHop,20
2015-04-25,Jazz,3
2015-04-25,Latin,1
2015-04-25,Pop,33
2015-04-25,RnB,7
2015-04-25,Rock,9
2015-05-02,Country,18
2015-05-02,Electronic,6
2015-05-02,HipHop,18
2015-05-02,Jazz,3
2015-05-02,Latin,1
2015-05-02,Pop,34
2015-05-02,RnB,6
2015-05-02,Rock,9
2015-05-09,Afrobeat,1
2015-05-09,Country,17
2015-05-09,Electronic,6
2015-05-09,Gospel,1
2015-05-09,HipHop,19
2015-05-09,Jazz,2
2015-05-09,Latin,1
2015-05-09,Pop,33
2015-05-09,RnB,6
2015-05-09,Rock,10
2015-05-16,Afrobeat,1
2015-05-16,Country,18
2015-05-16,Electronic,5
2015-05-16,HipHop,18
2015-05-16,Jazz,2
2015-05-16,Latin,1
2015-05-16,Pop,33
2015-05-16,RnB,5
2015-05-16,Rock,11
2015-05-23,Afrobeat,1
2015-05-23,Country,18
2015-05-23,Electronic,5
2015-05-23,HipHop,17
2015-05-23,Jazz,2
2015-05-23,Latin,1
2015-05-23,Pop,34
2015-05-23,Reggae,1
2015-05-23,RnB,6
2015-05-23,Rock,10
2015-05-30,Afrobeat,1
2015-05-30,Country,18
2015-05-30,Electronic,5
2015-05-30,HipHop,17
2015-05-30,Jazz,2
2015-05-30,Latin,1
2015-05-30,Pop,36
2015-05-30,Reggae,1
2015-05-30,RnB,4
2015-05-30,Rock,10
2015-06-06,Afrobeat,1
2015-06-06,Country,16
2015-06-06,Electronic,6
2015-06-06,HipHop,17
2015-06-06,Jazz,1
2015-06-06,Latin,1
2015-06-06,Pop,38
2015-06-06,Reggae,1
2015-06-06,RnB,5
2015-06-06,Rock,10
2015-06-13,Afrobeat,1
2015-06-13,Country,18
2015-06-13,Electronic,3
2015-06-13,HipHop,20
2015-06-13,Jazz,1
2015-06-13,Latin,1
2015-06-13,Pop,35
2015-06-13,Reggae,1
2015-06-13,RnB,7
2015-06-13,Rock,10
2015-06-20,Afrobeat,1
2015-06-20,Country,17
2015-06-20,Electronic,4
2015-06-20,HipHop,22
2015-06-20,Jazz,1
2015-06-20,Latin,1
2015-06-20,Pop,34
2015-06-20,Reggae,1
2015-06-20,RnB,7
2015-06-20,Rock,10
2015-06-27,Afrobeat,1
2015-06-27,Country,19
2015-06-27,Electronic,3
2015-06-27,HipHop,19
2015-06-27,Jazz,1
2015-06-27,Latin,2
2015-06-27,Pop,35
2015-06-27,Reggae,1
2015-06-27,RnB,6
2015-06-27,Rock,10
2015-07-04,Afrobeat,1
2015-07-04,Country,19
2015-07-04,Electronic,3
2015-07-04,HipHop,14
2015-07-04,Jazz,1
2015-07-04,Latin,1
2015-07-04,Pop,36
2015-07-04,Reggae,1
2015-07-04,RnB,7
2015-07-04,Rock,12
2015-07-11,Afrobeat,1
2015-07-11,Country,20
2015-07-11,Electronic,3
2015-07-11,HipHop,15
2015-07-11,Jazz,1
2015-07-11,Latin,1
2015-07-11,Pop,36
2015-07-11,Reggae,1
2015-07-11,RnB,7
2015-07-11,Rock,11
2015-07-18,Afrobeat,1
2015-07-18,Country,19
2015-07-18,Electronic,3
2015-07-18,HipHop,19
2015-07-18,Latin,1
2015-07-18,Pop,34
2015-07-18,RnB,7
2015-07-18,Rock,12
2015-07-25,Afrobeat,1
2015-07-25,Country,21
2015-07-25,Electronic,3
2015-07-25,HipHop,18
2015-07-25,Latin,1
2015-07-25,Pop,34
2015-07-25,RnB,5
2015-07-25,Rock,13
2015-08-01,Afrobeat,1
2015-08-01,Country,22
2015-08-01,Electronic,3
2015-08-01,HipHop,19
2015-08-01,Latin,1
2015-08-01,Pop,34
2015-08-01,RnB,6
2015-08-01,Rock,9
2015-08-08,Afrobeat,1
2015-08-08,Country,22
2015-08-08,Electronic,4
2015-08-08,HipHop,18
2015-08-08,Latin,1
2015-08-08,Pop,34
2015-08-08,RnB,5
2015-08-08,Rock,11
2015-08-15,Afrobeat,1
2015-08-15,Country,20
2015-08-15,Electronic,4
2015-08-15,HipHop,18
2015-08-15,Jazz,1
2015-08-15,Latin,2
2015-08-15,Pop,32
2015-08-15,RnB,6
2015-08-15,Rock,12
2015-08-22,Afrobeat,1
2015-08-22,Country,20
2015-08-22,Electronic,5
2015-08-22,HipHop,22
2015-08-22,Latin,1
2015-08-22,Pop,30
2015-08-22,RnB,6
2015-08-22,Rock,12
2015-08-29,Afrobeat,1
2015-08-29,Country,21
2015-08-29,Electronic,5
2015-08-29,HipHop,23
2015-08-29,Latin,1
2015-08-29,Pop,31
2015-08-29,RnB,4
2015-08-29,Rock,12
2015-09-05,Afrobeat,1
2015-09-05,Country,21
2015-09-05,Electronic,5
2015-09-05,HipHop,23
2015-09-05,Latin,1
2015-09-05,Pop,29
2015-09-05,RnB,4
2015-09-05,Rock,14
2015-09-12,Afrobeat,1
2015-09-12,Country,21
2015-09-12,Electronic,6
2015-09-12,HipHop,22
2015-09-12,Latin,1
2015-09-12,Pop,28
2015-09-12,RnB,5
2015-09-12,Rock,12
2015-09-19,Afrobeat,1
2015-09-19,Country,18
2015-09-19,Electronic,5
2015-09-19,HipHop,20
2015-09-19,Latin,1
2015-09-19,Pop,37
2015-09-19,RnB,4
2015-09-19,Rock,13
2015-09-26,Afrobeat,1
2015-09-26,Country,17
2015-09-26,Electronic,5
2015-09-26,HipHop,23
2015-09-26,Latin,2
2015-09-26,Pop,34
2015-09-26,RnB,5
2015-09-26,Rock,11
2015-10-03,Afrobeat,1
2015-10-03,Country,18
2015-10-03,Electronic,4
2015-10-03,HipHop,24
2015-10-03,Latin,2
2015-10-03,Pop,31
2015-10-03,RnB,6
2015-10-03,Rock,11
2015-10-10,Afrobeat,1
2015-10-10,Country,15
2015-10-10,Electronic,3
2015-10-10,HipHop,33
2015-10-10,Latin,2
2015-10-10,Pop,31
2015-10-10,RnB,2
2015-10-10,Rock,10
2015-10-17,Afrobeat,1
2015-10-17,Country,15
2015-10-17,Electronic,4
2015-10-17,HipHop,34
2015-10-17,Jazz,1
2015-10-17,Latin,2
2015-10-17,Pop,28
2015-10-17,RnB,2
2015-10-17,Rock,9
2015-10-24,Afrobeat,1
2015-10-24,Country,14
2015-10-24,Electronic,3
2015-10-24,HipHop,34
2015-10-24,Latin,2
2015-10-24,Pop,30
2015-10-24,RnB,2
2015-10-24,Rock,9
2015-10-31,Afrobeat,1
2015-10-31,Country,15
2015-10-31,Electronic,4
2015-10-31,HipHop,34
2015-10-31,Latin,2
2015-10-31,Pop,29
2015-10-31,RnB,2
2015-10-31,Rock,7
2015-11-07,Afrobeat,1
2015-11-07,Country,15
2015-11-07,Electronic,5
2015-11-07,HipHop,33
2015-11-07,Latin,1
2015-11-07,Pop,26
2015-11-07,RnB,2
2015-11-07,Rock,9
2015-11-14,Afrobeat,1
2015-11-14,Country,13
2015-11-14,Electronic,5
2015-11-14,HipHop,32
2015-11-14,Latin,1
2015-11-14,Pop,30
2015-11-14,RnB,2
2015-11-14,Rock,10
2015-11-21,Afrobeat,1
2015-11-21,Country,16
2015-11-21,Electronic,5
2015-11-21,HipHop,32
2015-11-21,Latin,1
2015-11-21,Pop,29
2015-11-21,RnB,3
2015-11-21,Rock,8
2015-11-28,Afrobeat,1
2015-11-28,Country,15
2015-11-28,Electronic,5
2015-11-28,HipHop,30
2015-11-28,Jazz,1
2015-11-28,Latin,1
2015-11-28,Pop,31
2015-11-28,RnB,2
2015-11-28,Rock,9
2015-12-05,Afrobeat,1
2015-12-05,Country,12
2015-12-05,Electronic,5
2015-12-05,HipHop,26
2015-12-05,Pop,37
2015-12-05,RnB,1
2015-12-05,Rock,13
2015-12-12,Afrobeat,1
2015-12-12,Country,12
2015-12-12,Electronic,5
2015-12-12,HipHop,29
2015-12-12,Latin,1
2015-12-12,Pop,41
2015-12-12,RnB,1
2015-12-12,Rock,9
2015-12-19,Afrobeat,1
2015-12-19,Country,12
2015-12-19,Electronic,5
2015-12-19,HipHop,28
2015-12-19,Pop,36
2015-12-19,RnB,1
2015-12-19,Rock,10
2015-12-26,Afrobeat,1
2015-12-26,Country,11
2015-12-26,Electronic,4
2015-12-26,HipHop,32
2015-12-26,Pop,34
2015-12-26,RnB,1
2015-12-26,Rock,10
2016-01-02,Afrobeat,1
2016-01-02,Country,12
2016-01-02,Electronic,4
2016-01-02,HipHop,30
2016-01-02,Pop,34
2016-01-02,RnB,2
2016-01-02,Rock,10
2016-01-09,Country,8
2016-01-09,Electronic,8
2016-01-09,HipHop,32
2016-01-09,Jazz,1
2016-01-09,Latin,1
2016-01-09,Pop,31
2016-01-09,RnB,2
2016-01-09,Rock,9
2016-01-16,Country,12
2016-01-16,Electronic,6
2016-01-16,HipHop,35
2016-01-16,Pop,32
2016-01-16,RnB,2
2016-01-16,Rock,9
2016-01-23,Country,14
2016-01-23,Electronic,5
2016-01-23,HipHop,34
2016-01-23,Latin,1
2016-01-23,Pop,31
2016-01-23,RnB,3
2016-01-23,Rock,9
2016-01-30,Country,12
2016-01-30,Electronic,5
2016-01-30,HipHop,32
2016-01-30,Latin,1
2016-01-30,Pop,31
2016-01-30,RnB,3
2016-01-30,Rock,13
2016-02-06,Country,11
2016-02-06,Electronic,5
2016-02-06,HipHop,29
2016-02-06,Latin,1
2016-02-06,Pop,36
2016-02-06,RnB,3
2016-02-06,Rock,11
2016-02-13,Country,17
2016-02-13,Electronic,4
2016-02-13,HipHop,29
2016-02-13,Pop,36
2016-02-13,RnB,3
2016-02-13,Rock,9
2016-02-20,Country,12
2016-02-20,Electronic,4
2016-02-20,HipHop,29
2016-02-20,Pop,40
2016-02-20,RnB,3
2016-02-20,Rock,10
2016-02-27,Country,14
2016-02-27,Electronic,5
2016-02-27,HipHop,29
2016-02-27,Pop,38
2016-02-27,RnB,3
2016-02-27,Rock,10
2016-03-05,Country,16
2016-03-05,Electronic,4
2016-03-05,HipHop,25
2016-03-05,Pop,42
2016-03-05,RnB,3
2016-03-05,Rock,10
2016-03-12,Country,17
2016-03-12,Electronic,4
2016-03-12,HipHop,28
2016-03-12,Pop,36
2016-03-12,RnB,4
2016-03-12,Rock,9
2016-03-19,Country,18
2016-03-19,Electronic,4
2016-03-19,HipHop,27
2016-03-19,Pop,37
2016-03-19,RnB,3
2016-03-19,Rock,8
2016-03-26,Country,20
2016-03-26,Electronic,4
2016-03-26,HipHop,27
2016-03-26,Pop,38
2016-03-26,RnB,3
2016-03-26,Rock,6
2016-04-02,Country,19
2016-04-02,Electronic,5
2016-04-02,HipHop,21
2016-04-02,Pop,40
2016-04-02,RnB,3
2016-04-02,Rock,7
2016-04-09,Country,17
2016-04-09,Electronic,5
2016-04-09,HipHop,23
2016-04-09,Pop,40
2016-04-09,RnB,3
2016-04-09,Rock,7
2016-04-16,Country,19
2016-04-16,Electronic,5
2016-04-16,HipHop,28
2016-04-16,Pop,37
2016-04-16,RnB,2
2016-04-16,Rock,6
2016-04-23,Country,22
2016-04-23,Electronic,5
2016-04-23,HipHop,30
2016-04-23,Pop,33
2016-04-23,RnB,2
2016-04-23,Rock,4
2016-04-30,Country,18
2016-04-30,Electronic,9
2016-04-30,HipHop,30
2016-04-30,Pop,34
2016-04-30,RnB,2
2016-04-30,Rock,4
2016-05-07,Country,17
2016-05-07,Electronic,7
2016-05-07,HipHop,26
2016-05-07,Pop,32
2016-05-07,RnB,3
2016-05-07,Rock,10
2016-05-14,Country,14
2016-05-14,Electronic,4
2016-05-14,HipHop,26
2016-05-14,Pop,25
2016-05-14,RnB,15
2016-05-14,Rock,12
2016-05-21,Country,10
2016-05-21,Electronic,5
2016-05-21,HipHop,36
2016-05-21,Pop,25
2016-05-21,RnB,14
2016-05-21,Rock,4
2016-05-28,Country,16
2016-05-28,Electronic,7
2016-05-28,HipHop,31
2016-05-28,Pop,29
2016-05-28,RnB,7
2016-05-28,Rock,4
2016-06-04,Country,15
2016-06-04,Electronic,6
2016-06-04,HipHop,34
2016-06-04,Pop,27
2016-06-04,RnB,6
2016-06-04,Rock,5
2016-06-11,Country,15
2016-06-11,Electronic,5
2016-06-11,HipHop,27
2016-06-11,Latin,1
2016-06-11,Pop,34
2016-06-11,RnB,6
2016-06-11,Rock,4
2016-06-18,Country,18
2016-06-18,Electronic,5
2016-06-18,HipHop,26
2016-06-18,Latin,1
2016-06-18,Pop,36
2016-06-18,RnB,5
2016-06-18,Rock,4
2016-06-25,Country,17
2016-06-25,Electronic,5
2016-06-25,HipHop,28
2016-06-25,Latin,1
2016-06-25,Pop,35
2016-06-25,RnB,5
2016-06-25,Rock,5
2016-07-02,Country,15
2016-07-02,Electronic,5
2016-07-02,HipHop,28
2016-07-02,Latin,1
2016-07-02,Pop,36
2016-07-02,RnB,5
2016-07-02,Rock,6
2016-07-09,Country,15
2016-07-09,Electronic,3
2016-07-09,HipHop,26
2016-07-09,Latin,1
2016-07-09,Pop,37
2016-07-09,RnB,5
2016-07-09,Rock,7
2016-07-16,Country,15
2016-07-16,Electronic,3
2016-07-16,HipHop,29
2016-07-16,Latin,1
2016-07-16,Pop,34
2016-07-16,RnB,6
2016-07-16,Rock,7
2016-07-23,Country,14
2016-07-23,Electronic,3
2016-07-23,HipHop,27
2016-07-23,Latin,1
2016-07-23,Pop,36
2016-07-23,RnB,6
2016-07-23,Rock,8
2016-07-30,Country,14
2016-07-30,Electronic,5
2016-07-30,HipHop,26
2016-07-30,Latin,2
2016-07-30,Pop,37
2016-07-30,RnB,4
2016-07-30,Rock,7
2016-08-06,Country,14
2016-08-06,Electronic,3
2016-08-06,HipHop,27
2016-08-06,Latin,1
2016-08-06,Pop,40
2016-08-06,RnB,4
2016-08-06,Rock,8
2016-08-13,Country,15
2016-08-13,Electronic,5
2016-08-13,HipHop,30
2016-08-13,Latin,1
2016-08-13,Pop,34
2016-08-13,RnB,4
2016-08-13,Rock,5
2016-08-20,Country,15
2016-08-20,Electronic,6
2016-08-20,HipHop,28
2016-08-20,Latin,1
2016-08-20,Pop,35
2016-08-20,RnB,4
2016-08-20,Rock,5
2016-08-27,Country,16
2016-08-27,Electronic,6
2016-08-27,HipHop,26
2016-08-27,Latin,1
2016-08-27,Pop,34
2016-08-27,RnB,5
2016-08-27,Rock,5
2016-09-03,Country,15
2016-09-03,Electronic,7
2016-09-03,HipHop,28
2016-09-03,Latin,1
2016-09-03,Pop,32
2016-09-03,RnB,5
2016-09-03,Rock,4
2016-09-10,Country,13
2016-09-10,Electronic,6
2016-09-10,HipHop,26
2016-09-10,Latin,1
2016-09-10,Pop,31
2016-09-10,RnB,10
2016-09-10,Rock,5
2016-09-17,Country,13
2016-09-17,Electronic,7
2016-09-17,HipHop,29
2016-09-17,Latin,1
2016-09-17,Pop,32
2016-09-17,RnB,6
2016-09-17,Rock,4
2016-09-24,Country,11
2016-09-24,Electronic,7
2016-09-24,HipHop,30
2016-09-24,Latin,1
2016-09-24,Pop,32
2016-09-24,RnB,8
2016-09-24,Rock,4
2016-10-01,Country,13
2016-10-01,Electronic,7
2016-10-01,HipHop,31
2016-10-01,Latin,1
2016-10-01,Pop,31
2016-10-01,RnB,7
2016-10-01,Rock,4
2016-10-08,Country,12
2016-10-08,Electronic,8
2016-10-08,HipHop,31
2016-10-08,Latin,1
2016-10-08,Pop,29
2016-10-08,RnB,7
2016-10-08,Rock,4
2016-10-15,Country,13
2016-10-15,Electronic,7
2016-10-15,HipHop,30
2016-10-15,Latin,1
2016-10-15,Pop,31
2016-10-15,RnB,7
2016-10-15,Rock,5
2016-10-22,Country,13
2016-10-22,Electronic,7
2016-10-22,HipHop,30
2016-10-22,Pop,27
2016-10-22,RnB,9
2016-10-22,Rock,6
2016-10-29,Country,14
2016-10-29,Electronic,6
2016-10-29,HipHop,27
2016-10-29,Pop,29
2016-10-29,RnB,10
2016-10-29,Rock,6
2016-11-05,Country,15
2016-11-05,Electronic,7
2016-11-05,HipHop,31
2016-11-05,Pop,27
2016-11-05,RnB,8
2016-11-05,Rock,6
2016-11-12,Country,13
2016-11-12,Electronic,7
2016-11-12,HipHop,32
2016-11-12,Pop,30
2016-11-12,RnB,8
2016-11-12,Rock,5
2016-11-19,Country,14
2016-11-19,Electronic,6
2016-11-19,HipHop,37
2016-11-19,Pop,29
2016-11-19,RnB,7
2016-11-19,Rock,5
2016-11-26,Country,15
2016-11-26,Electronic,7
2016-11-26,HipHop,34
2016-11-26,Pop,27
2016-11-26,RnB,9
2016-11-26,Rock,5
2016-12-03,Country,15
2016-12-03,Electronic,7
2016-12-03,Folk,1
2016-12-03,HipHop,34
2016-12-03,Pop,29
2016-12-03,RnB,7
2016-12-03,Rock,5
2016-12-10,Country,16
2016-12-10,Electronic,6
2016-12-10,Folk,1
2016-12-10,HipHop,29
2016-12-10,Pop,31
2016-12-10,RnB,9
2016-12-10,Rock,5
2016-12-17,Country,11
2016-12-17,Electronic,5
2016-12-17,HipHop,24
2016-12-17,Pop,42
2016-12-17,RnB,8
2016-12-17,Rock,5
2016-12-24,Country,11
2016-12-24,Electronic,7
2016-12-24,HipHop,24
2016-12-24,Pop,38
2016-12-24,RnB,9
2016-12-24,Rock,5
2016-12-31,Country,12
2016-12-31,Electronic,7
2016-12-31,HipHop,34
2016-12-31,Pop,29
2016-12-31,RnB,7
2016-12-31,Rock,5
2017-01-07,Country,9
2017-01-07,Electronic,8
2017-01-07,HipHop,29
2017-01-07,Jazz,1
2017-01-07,Pop,29
2017-01-07,RnB,8
2017-01-07,Rock,5
2017-01-14,Country,14
2017-01-14,Electronic,8
2017-01-14,HipHop,31
2017-01-14,Latin,1
2017-01-14,Pop,26
2017-01-14,RnB,7
2017-01-14,Rock,7
2017-01-21,Country,15
2017-01-21,Electronic,8
2017-01-21,HipHop,30
2017-01-21,Latin,1
2017-01-21,Pop,27
2017-01-21,RnB,7
2017-01-21,Rock,7
2017-01-28,Country,15
2017-01-28,Electronic,8
2017-01-28,HipHop,29
2017-01-28,Pop,31
2017-01-28,RnB,8
2017-01-28,Rock,6
2017-02-04,Country,15
2017-02-04,Electronic,10
2017-02-04,HipHop,30
2017-02-04,Latin,1
2017-02-04,Pop,30
2017-02-04,RnB,6
2017-02-04,Rock,6
2017-02-11,Country,17
2017-02-11,Electronic,7
2017-02-11,Folk,1
2017-02-11,HipHop,24
2017-02-11,Latin,1
2017-02-11,Pop,32
2017-02-11,RnB,8
2017-02-11,Rock,6
2017-02-18,Country,16
2017-02-18,Electronic,7
2017-02-18,HipHop,28
2017-02-18,Latin,2
2017-02-18,Pop,31
2017-02-18,RnB,7
2017-02-18,Rock,6
2017-02-25,Country,15
2017-02-25,Electronic,5
2017-02-25,HipHop,27
2017-02-25,Latin,1
2017-02-25,Pop,34
2017-02-25,RnB,7
2017-02-25,Rock,6
2017-03-04,Country,16
2017-03-04,Electronic,6
2017-03-04,HipHop,23
2017-03-04,Latin,3
2017-03-04,Pop,36
2017-03-04,RnB,7
2017-03-04,Rock,6
2017-03-11,Country,15
2017-03-11,Electronic,6
2017-03-11,HipHop,27
2017-03-11,Latin,2
2017-03-11,Pop,36
2017-03-11,RnB,6
2017-03-11,Rock,6
2017-03-18,Country,14
2017-03-18,Electronic,8
2017-03-18,Gospel,1
2017-03-18,HipHop,25
2017-03-18,Latin,2
2017-03-18,Pop,34
2017-03-18,RnB,8
2017-03-18,Rock,6
2017-03-25,Country,13
2017-03-25,Electronic,8
2017-03-25,Gospel,1
2017-03-25,HipHop,20
2017-03-25,Latin,1
2017-03-25,Pop,43
2017-03-25,RnB,7
2017-03-25,Rock,5
2017-04-01,Country,13
2017-04-01,Electronic,9
2017-04-01,Gospel,1
2017-04-01,HipHop,25
2017-04-01,Latin,2
2017-04-01,Pop,34
2017-04-01,RnB,10
2017-04-01,Rock,5
2017-04-08,Country,9
2017-04-08,Electronic,8
2017-04-08,Gospel,1
2017-04-08,HipHop,39
2017-04-08,Latin,1
2017-04-08,Pop,28
2017-04-08,RnB,6
2017-04-08,Rock,6
2017-04-15,Country,10
2017-04-15,Electronic,9
2017-04-15,Gospel,1
2017-04-15,HipHop,38
2017-04-15,Latin,1
2017-04-15,Pop,27
2017-04-15,RnB,8
2017-04-15,Rock,5
2017-04-22,Country,12
2017-04-22,Electronic,11
2017-04-22,Gospel,1
2017-04-22,HipHop,34
2017-04-22,Latin,1
2017-04-22,Pop,26
2017-04-22,RnB,9
2017-04-22,Rock,5
2017-04-29,Country,13
2017-04-29,Electronic,10
2017-04-29,Gospel,1
2017-04-29,HipHop,32
2017-04-29,Latin,1
2017-04-29,Pop,27
2017-04-29,RnB,8
2017-04-29,Rock,6
2017-05-06,Country,9
2017-05-06,Electronic,9
2017-05-06,Gospel,1
2017-05-06,HipHop,43
2017-05-06,Latin,1
2017-05-06,Pop,23
2017-05-06,RnB,5
2017-05-06,Rock,7
2017-05-13,Country,8
2017-05-13,Electronic,9
2017-05-13,Gospel,1
2017-05-13,HipHop,40
2017-05-13,Latin,1
2017-05-13,Pop,24
2017-05-13,RnB,7
2017-05-13,Rock,9
2017-05-20,Country,9
2017-05-20,Electronic,11
2017-05-20,Gospel,1
2017-05-20,HipHop,35
2017-05-20,Latin,2
2017-05-20,Pop,24
2017-05-20,RnB,8
2017-05-20,Rock,8
2017-05-27,Country,12
2017-05-27,Electronic,9
2017-05-27,Gospel,1
2017-05-27,HipHop,37
2017-05-27,Latin,2
2017-05-27,Pop,23
2017-05-27,RnB,8
2017-05-27,Rock,8
2017-06-03,Country,12
2017-06-03,Electronic,11
2017-06-03,Gospel,1
2017-06-03,HipHop,32
2017-06-03,Latin,3
2017-06-03,Pop,25
2017-06-03,RnB,8
2017-06-03,Rock,7
2017-06-10,Country,15
2017-06-10,Electronic,11
2017-06-10,Gospel,1
2017-06-10,HipHop,29
2017-06-10,Latin,3
2017-06-10,Pop,26
2017-06-10,RnB,6
2017-06-10,Rock,6
2017-06-17,Country,12
2017-06-17,Electronic,11
2017-06-17,Gospel,1
2017-06-17,HipHop,37
2017-06-17,Latin,2
2017-06-17,Pop,26
2017-06-17,RnB,6
2017-06-17,Rock,5
2017-06-24,Country,14
2017-06-24,Electronic,9
2017-06-24,Gospel,1
2017-06-24,HipHop,35
2017-06-24,Latin,2
2017-06-24,Pop,26
2017-06-24,RnB,7
2017-06-24,Rock,5
2017-07-01,Country,15
2017-07-01,Electronic,8
2017-07-01,Gospel,1
2017-07-01,HipHop,33
2017-07-01,Latin,3
2017-07-01,Pop,28
2017-07-01,RnB,7
2017-07-01,Rock,6
2017-07-08,Country,15
2017-07-08,Electronic,9
2017-07-08,HipHop,35
2017-07-08,Latin,3
2017-07-08,Pop,27
2017-07-08,RnB,7
2017-07-08,Rock,6
2017-07-15,Country,14
2017-07-15,Electronic,9
2017-07-15,HipHop,39
2017-07-15,Latin,3
2017-07-15,Pop,26
2017-07-15,RnB,6
2017-07-15,Rock,5
2017-07-22,Country,14
2017-07-22,Electronic,10
2017-07-22,HipHop,35
2017-07-22,Latin,5
2017-07-22,Pop,26
2017-07-22,RnB,6
2017-07-22,Rock,5
2017-07-29,Country,12
2017-07-29,Electronic,10
2017-07-29,HipHop,42
2017-07-29,Latin,4
2017-07-29,Pop,27
2017-07-29,RnB,5
2017-07-29,Rock,3
2017-08-05,Country,11
2017-08-05,Electronic,9
2017-08-05,HipHop,36
2017-08-05,Latin,5
2017-08-05,Pop,31
2017-08-05,RnB,5
2017-08-05,Rock,4
2017-08-12,Country,11
2017-08-12,Electronic,8
2017-08-12,HipHop,36
2017-08-12,Latin,6
2017-08-12,Pop,26
2017-08-12,RnB,4
2017-08-12,Rock,7
2017-08-19,Country,14
2017-08-19,Electronic,8
2017-08-19,HipHop,31
2017-08-19,Latin,5
2017-08-19,Pop,29
2017-08-19,RnB,5
2017-08-19,Rock,5
2017-08-26,Country,14
2017-08-26,Electronic,8
2017-08-26,HipHop,32
2017-08-26,Latin,5
2017-08-26,Pop,28
2017-08-26,RnB,5
2017-08-26,Rock,5
2017-09-02,Country,17
2017-09-02,Electronic,9
2017-09-02,HipHop,34
2017-09-02,Latin,5
2017-09-02,Pop,23
2017-09-02,RnB,5
2017-09-02,Rock,5
2017-09-09,Country,15
2017-09-09,Electronic,10
2017-09-09,HipHop,34
2017-09-09,Latin,4
2017-09-09,Pop,24
2017-09-09,RnB,5
2017-09-09,Rock,5
2017-09-16,Country,12
2017-09-16,Electronic,6
2017-09-16,HipHop,36
2017-09-16,Latin,4
2017-09-16,Pop,25
2017-09-16,RnB,5
2017-09-16,Rock,11
2017-09-23,Country,16
2017-09-23,Electronic,6
2017-09-23,HipHop,32
2017-09-23,Latin,4
2017-09-23,Pop,26
2017-09-23,RnB,6
2017-09-23,Rock,8
2017-09-30,Country,15
2017-09-30,Electronic,7
2017-09-30,HipHop,32
2017-09-30,Jazz,1
2017-09-30,Latin,4
2017-09-30,Pop,27
2017-09-30,RnB,5
2017-09-30,Rock,7
2017-10-07,Country,15
2017-10-07,Electronic,7
2017-10-07,HipHop,32
2017-10-07,Jazz,1
2017-10-07,Latin,4
2017-10-07,Pop,28
2017-10-07,RnB,4
2017-10-07,Rock,7
2017-10-14,Country,17
2017-10-14,Electronic,7
2017-10-14,HipHop,34
2017-10-14,Jazz,1
2017-10-14,Latin,4
2017-10-14,Pop,26
2017-10-14,RnB,4
2017-10-14,Rock,6
2017-10-21,Country,17
2017-10-21,Electronic,6
2017-10-21,HipHop,40
2017-10-21,Jazz,1
2017-10-21,Latin,3
2017-10-21,Pop,27
2017-10-21,RnB,5
2017-10-21,Rock,6
2017-10-28,Classical,1
2017-10-28,Country,17
2017-10-28,Electronic,6
2017-10-28,HipHop,35
2017-10-28,Jazz,2
2017-10-28,Latin,3
2017-10-28,Pop,29
2017-10-28,RnB,4
2017-10-28,Rock,5
2017-11-04,Classical,1
2017-11-04,Country,18
2017-11-04,Electronic,7
2017-11-04,HipHop,33
2017-11-04,Jazz,1
2017-11-04,Latin,4
2017-11-04,Pop,28
2017-11-04,RnB,4
2017-11-04,Rock,5
2017-11-11,Classical,1
2017-11-11,Country,13
2017-11-11,Electronic,4
2017-11-11,HipHop,38
2017-11-11,Jazz,1
2017-11-11,Latin,3
2017-11-11,Pop,32
2017-11-11,RnB,4
2017-11-11,Rock,5
2017-11-18,Classical,1
2017-11-18,Country,16
2017-11-18,Electronic,5
2017-11-18,HipHop,39
2017-11-18,Jazz,1
2017-11-18,Latin,3
2017-11-18,Pop,30
2017-11-18,RnB,3
2017-11-18,Rock,5
2017-11-25,Classical,1
2017-11-25,Country,13
2017-11-25,Electronic,4
2017-11-25,HipHop,42
2017-11-25,Jazz,2
2017-11-25,Latin,3
2017-11-25,Pop,30
2017-11-25,RnB,3
2017-11-25,Rock,5
2017-12-02,Classical,1
2017-12-02,Country,14
2017-12-02,Electronic,4
2017-12-02,HipHop,42
2017-12-02,Jazz,1
2017-12-02,Latin,3
2017-12-02,Pop,29
2017-12-02,RnB,3
2017-12-02,Rock,5
2017-12-09,Classical,1
2017-12-09,Country,15
2017-12-09,Electronic,4
2017-12-09,HipHop,39
2017-12-09,Jazz,1
2017-12-09,Latin,4
2017-12-09,Pop,26
2017-12-09,RnB,4
2017-12-09,Rock,7
2017-12-16,Classical,1
2017-12-16,Country,13
2017-12-16,Electronic,3
2017-12-16,HipHop,36
2017-12-16,Jazz,1
2017-12-16,Latin,5
2017-12-16,Pop,29
2017-12-16,RnB,4
2017-12-16,Rock,6
2017-12-23,Classical,1
2017-12-23,Country,14
2017-12-23,Electronic,3
2017-12-23,HipHop,36
2017-12-23,Jazz,2
2017-12-23,Latin,7
2017-12-23,Pop,26
2017-12-23,RnB,4
2017-12-23,Rock,5
2017-12-30,Classical,1
2017-12-30,Country,12
2017-12-30,Electronic,3
2017-12-30,HipHop,40
2017-12-30,Jazz,2
2017-12-30,Latin,4
2017-12-30,Pop,28
2017-12-30,RnB,4
2017-12-30,Rock,5
2018-01-06,Classical,1
2018-01-06,Country,10
2018-01-06,Electronic,2
2018-01-06,HipHop,35
2018-01-06,Jazz,2
2018-01-06,Latin,6
2018-01-06,Pop,28
2018-01-06,RnB,3
2018-01-06,Rock,4
2018-01-13,Classical,1
2018-01-13,Country,13
2018-01-13,Electronic,3
2018-01-13,HipHop,35
2018-01-13,Jazz,1
2018-01-13,Latin,7
2018-01-13,Pop,29
2018-01-13,RnB,5
2018-01-13,Rock,5
2018-01-20,Classical,1
2018-01-20,Country,12
2018-01-20,Electronic,4
2018-01-20,HipHop,37
2018-01-20,Jazz,1
2018-01-20,Latin,7
2018-01-20,Pop,29
2018-01-20,RnB,4
2018-01-20,Rock,4
2018-01-27,Classical,1
2018-01-27,Country,13
2018-01-27,Electronic,3
2018-01-27,HipHop,40
2018-01-27,Jazz,1
2018-01-27,Latin,6
2018-01-27,Pop,30
2018-01-27,RnB,3
2018-01-27,Rock,3
2018-02-03,Classical,1
2018-02-03,Country,11
2018-02-03,Electronic,3
2018-02-03,HipHop,44
2018-02-03,Jazz,1
2018-02-03,Latin,5
2018-02-03,Pop,30
2018-02-03,RnB,2
2018-02-03,Rock,3
2018-02-10,Classical,1
2018-02-10,Country,10
2018-02-10,Electronic,3
2018-02-10,HipHop,47
2018-02-10,Jazz,1
2018-02-10,Latin,5
2018-02-10,Pop,28
2018-02-10,RnB,2
2018-02-10,Rock,3
2018-02-17,Classical,1
2018-02-17,Country,12
2018-02-17,Electronic,2
2018-02-17,HipHop,40
2018-02-17,Jazz,1
2018-02-17,Latin,7
2018-02-17,Pop,31
2018-02-17,RnB,2
2018-02-17,Rock,3
2018-02-24,Classical,1
2018-02-24,Country,8
2018-02-24,Electronic,2
2018-02-24,HipHop,43
2018-02-24,Jazz,1
2018-02-24,Latin,5
2018-02-24,Pop,32
2018-02-24,RnB,3
2018-02-24,Rock,3
2018-03-03,Classical,1
2018-03-03,Country,9
2018-03-03,Electronic,2
2018-03-03,HipHop,41
2018-03-03,Jazz,1
2018-03-03,Latin,6
2018-03-03,Pop,32
2018-03-03,RnB,4
2018-03-03,Rock,3
2018-03-10,Classical,1
2018-03-10,Country,10
2018-03-10,Electronic,2
2018-03-10,HipHop,48
2018-03-10,Latin,6
2018-03-10,Pop,27
2018-03-10,RnB,5
2018-03-10,Rock,4
2018-03-17,Classical,1
2018-03-17,Country,10
2018-03-17,Electronic,3
2018-03-17,HipHop,45
2018-03-17,Latin,6
2018-03-17,Pop,25
2018-03-17,RnB,6
2018-03-17,Rock,4
2018-03-24,Classical,1
2018-03-24,Country,9
2018-03-24,Electronic,2
2018-03-24,HipHop,50
2018-03-24,Latin,4
2018-03-24,Pop,26
2018-03-24,RnB,3
2018-03-24,Rock,5
2018-03-31,Classical,1
2018-03-31,Country,11
2018-03-31,Electronic,4
2018-03-31,HipHop,37
2018-03-31,Latin,5
2018-03-31,Pop,26
2018-03-31,RnB,4
2018-03-31,Rock,11
2018-04-07,Classical,1
2018-04-07,Country,13
2018-04-07,Electronic,3
2018-04-07,HipHop,38
2018-04-07,Latin,5
2018-04-07,Pop,25
2018-04-07,RnB,4
2018-04-07,Rock,10
2018-04-14,Classical,1
2018-04-14,Country,15
2018-04-14,Electronic,3
2018-04-14,HipHop,29
2018-04-14,Latin,5
2018-04-14,Pop,31
2018-04-14,RnB,8
2018-04-14,Rock,8
2018-04-21,Classical,1
2018-04-21,Country,13
2018-04-21,Electronic,3
2018-04-21,HipHop,31
2018-04-21,Latin,3
2018-04-21,Pop,39
2018-04-21,RnB,6
2018-04-21,Rock,6
2018-04-28,Classical,1
2018-04-28,Country,13
2018-04-28,Electronic,3
2018-04-28,HipHop,32
2018-04-28,Latin,3
2018-04-28,Pop,36
2018-04-28,RnB,6
2018-04-28,Rock,6
2018-05-05,Country,13
2018-05-05,Electronic,4
2018-05-05,HipHop,36
2018-05-05,Latin,4
2018-05-05,Pop,32
2018-05-05,RnB,4
2018-05-05,Rock,6
2018-05-12,Country,11
2018-05-12,Electronic,3
2018-05-12,HipHop,45
2018-05-12,Latin,4
2018-05-12,Pop,29
2018-05-12,RnB,4
2018-05-12,Rock,4
2018-05-19,Country,13
2018-05-19,Electronic,3
2018-05-19,HipHop,42
2018-05-19,Latin,4
2018-05-19,Pop,29
2018-05-19,RnB,5
2018-05-19,Rock,4
2018-05-26,Country,13
2018-05-26,Electronic,3
2018-05-26,HipHop,40
2018-05-26,Latin,4
2018-05-26,Pop,29
2018-05-26,RnB,5
2018-05-26,Rock,6
2018-06-02,Country,11
2018-06-02,Electronic,3
2018-06-02,HipHop,40
2018-06-02,Latin,4
2018-06-02,Pop,31
2018-06-02,RnB,4
2018-06-02,Rock,6
2018-06-09,Country,12
2018-06-09,Electronic,4
2018-06-09,HipHop,41
2018-06-09,Latin,4
2018-06-09,Pop,29
2018-06-09,RnB,4
2018-06-09,Rock,8
2018-06-16,Country,13
2018-06-16,Electronic,3
2018-06-16,HipHop,37
2018-06-16,Latin,5
2018-06-16,Pop,31
2018-06-16,RnB,4
2018-06-16,Rock,8
2018-06-23,Country,13
2018-06-23,Electronic,3
2018-06-23,HipHop,38
2018-06-23,Latin,5
2018-06-23,Pop,32
2018-06-23,RnB,3
2018-06-23,Rock,7
2018-06-30,Country,10
2018-06-30,Electronic,5
2018-06-30,HipHop,37
2018-06-30,Latin,3
2018-06-30,Pop,29
2018-06-30,RnB,4
2018-06-30,Rock,15
2018-07-07,Country,12
2018-07-07,Electronic,5
2018-07-07,HipHop,32
2018-07-07,Latin,4
2018-07-07,Pop,28
2018-07-07,RnB,4
2018-07-07,Rock,18
2018-07-14,Country,15
2018-07-14,Electronic,3
2018-07-14,HipHop,40
2018-07-14,Latin,3
2018-07-14,Pop,22
2018-07-14,RnB,5
2018-07-14,Rock,12
2018-07-21,Country,14
2018-07-21,Electronic,6
2018-07-21,HipHop,41
2018-07-21,Latin,3
2018-07-21,Pop,21
2018-07-21,RnB,4
2018-07-21,Rock,10
2018-07-28,Country,17
2018-07-28,Electronic,7
2018-07-28,HipHop,31
2018-07-28,Latin,3
2018-07-28,Pop,27
2018-07-28,RnB,5
2018-07-28,Rock,10
2018-08-04,Country,16
2018-08-04,Electronic,7
2018-08-04,HipHop,28
2018-08-04,Latin,3
2018-08-04,Pop,31
2018-08-04,RnB,6
2018-08-04,Rock,10
2018-08-11,Country,17
2018-08-11,Electronic,8
2018-08-11,HipHop,27
2018-08-11,Latin,2
2018-08-11,Pop,29
2018-08-11,RnB,7
2018-08-11,Rock,10
2018-08-18,Country,14
2018-08-18,Electronic,6
2018-08-18,HipHop,34
2018-08-18,Latin,2
2018-08-18,Pop,25
2018-08-18,RnB,8
2018-08-18,Rock,11
2018-08-25,Country,12
2018-08-25,Electronic,6
2018-08-25,HipHop,37
2018-08-25,Latin,2
2018-08-25,Pop,26
2018-08-25,RnB,6
2018-08-25,Rock,11
2018-09-01,Country,14
2018-09-01,Electronic,9
2018-09-01,HipHop,25
2018-09-01,Latin,2
2018-09-01,Pop,32
2018-09-01,RnB,7
2018-09-01,Rock,11
2018-09-08,Country,12
2018-09-08,Electronic,10
2018-09-08,HipHop,29
2018-09-08,Latin,3
2018-09-08,Pop,29
2018-09-08,RnB,5
2018-09-08,Rock,11
2018-09-15,Country,12
2018-09-15,Electronic,7
2018-09-15,HipHop,41
2018-09-15,Latin,1
2018-09-15,Pop,25
2018-09-15,RnB,6
2018-09-15,Rock,8
2018-09-22,Country,13
2018-09-22,Electronic,7
2018-09-22,HipHop,37
2018-09-22,Latin,2
2018-09-22,Pop,26
2018-09-22,RnB,5
2018-09-22,Rock,9
2018-09-29,Country,15
2018-09-29,Electronic,7
2018-09-29,HipHop,39
2018-09-29,Pop,25
2018-09-29,RnB,6
2018-09-29,Rock,9
2018-10-06,Country,14
2018-10-06,Electronic,7
2018-10-06,HipHop,38
2018-10-06,Latin,1
2018-10-06,Pop,25
2018-10-06,RnB,4
2018-10-06,Rock,10
2018-10-13,Country,11
2018-10-13,Electronic,4
2018-10-13,HipHop,47
2018-10-13,Pop,24
2018-10-13,RnB,4
2018-10-13,Rock,9
2018-10-20,Country,11
2018-10-20,Electronic,4
2018-10-20,HipHop,42
2018-10-20,Pop,32
2018-10-20,RnB,4
2018-10-20,Rock,7
2018-10-27,Country,13
2018-10-27,Electronic,5
2018-10-27,HipHop,43
2018-10-27,Latin,1
2018-10-27,Pop,26
2018-10-27,RnB,4
2018-10-27,Rock,7
2018-11-03,Country,13
2018-11-03,Electronic,4
2018-11-03,HipHop,39
2018-11-03,Latin,1
2018-11-03,Pop,30
2018-11-03,RnB,3
2018-11-03,Rock,8
2018-11-10,Country,13
2018-11-10,Electronic,6
2018-11-10,HipHop,40
2018-11-10,Latin,1
2018-11-10,Pop,26
2018-11-10,RnB,4
2018-11-10,Rock,8
2018-11-17,Country,9
2018-11-17,Electronic,4
2018-11-17,HipHop,45
2018-11-17,Latin,2
2018-11-17,Pop,28
2018-11-17,RnB,3
2018-11-17,Rock,8
2018-11-24,Country,12
2018-11-24,Electronic,3
2018-11-24,HipHop,41
2018-11-24,Latin,2
2018-11-24,Pop,28
2018-11-24,RnB,3
2018-11-24,Rock,10
2018-12-01,Country,13
2018-12-01,Electronic,2
2018-12-01,HipHop,39
2018-12-01,Latin,2
2018-12-01,Pop,30
2018-12-01,RnB,3
2018-12-01,Rock,11
2018-12-08,Country,11
2018-12-08,Electronic,2
2018-12-08,HipHop,45
2018-12-08,Jazz,1
2018-12-08,Latin,2
2018-12-08,Pop,28
2018-12-08,RnB,3
2018-12-08,Rock,8
2018-12-15,Country,6
2018-12-15,Electronic,2
2018-12-15,HipHop,54
2018-12-15,Jazz,2
2018-12-15,Latin,2
2018-12-15,Pop,23
2018-12-15,RnB,1
2018-12-15,Rock,8
2018-12-22,Country,10
2018-12-22,Electronic,2
2018-12-22,HipHop,39
2018-12-22,Jazz,2
2018-12-22,Latin,2
2018-12-22,Pop,23
2018-12-22,RnB,1
2018-12-22,Rock,16
2018-12-29,Country,11
2018-12-29,Electronic,2
2018-12-29,HipHop,33
2018-12-29,Jazz,2
2018-12-29,Latin,2
2018-12-29,Pop,26
2018-12-29,RnB,1
2018-12-29,Rock,10
2019-01-05,Country,10
2019-01-05,Electronic,2
2019-01-05,HipHop,44
2019-01-05,Jazz,3
2019-01-05,Latin,2
2019-01-05,Pop,26
2019-01-05,RnB,1
2019-01-05,Rock,10
2019-01-12,Country,17
2019-01-12,Electronic,3
2019-01-12,HipHop,43
2019-01-12,Latin,3
2019-01-12,Pop,30
2019-01-12,RnB,1
2019-01-12,Rock,9
2019-01-19,Country,16
2019-01-19,Electronic,4
2019-01-19,HipHop,44
2019-01-19,Latin,2
2019-01-19,Pop,30
2019-01-19,RnB,1
2019-01-19,Rock,8
2019-01-26,Country,15
2019-01-26,Electronic,5
2019-01-26,HipHop,39
2019-01-26,Jazz,1
2019-01-26,Latin,2
2019-01-26,Pop,32
2019-01-26,RnB,2
2019-01-26,Rock,8
2019-02-02,Country,14
2019-02-02,Electronic,6
2019-02-02,HipHop,39
2019-02-02,Jazz,1
2019-02-02,Latin,3
2019-02-02,Pop,30
2019-02-02,RnB,2
2019-02-02,Rock,7
2019-02-09,Country,16
2019-02-09,Electronic,5
2019-02-09,HipHop,35
2019-02-09,Jazz,1
2019-02-09,Latin,4
2019-02-09,Pop,31
2019-02-09,RnB,3
2019-02-09,Rock,9
2019-02-16,Country,16
2019-02-16,Electronic,7
2019-02-16,HipHop,37
2019-02-16,Jazz,1
2019-02-16,Latin,2
2019-02-16,Pop,31
2019-02-16,RnB,3
2019-02-16,Rock,7
2019-02-23,Country,15
2019-02-23,Electronic,7
2019-02-23,HipHop,32
2019-02-23,Jazz,1
2019-02-23,Latin,4
2019-02-23,Pop,36
2019-02-23,RnB,2
2019-02-23,Rock,7
2019-03-02,Country,15
2019-03-02,Electronic,8
2019-03-02,HipHop,29
2019-03-02,Jazz,1
2019-03-02,Latin,3
2019-03-02,Pop,37
2019-03-02,RnB,2
2019-03-02,Rock,8
2019-03-09,Country,11
2019-03-09,Electronic,5
2019-03-09,Folk,1
2019-03-09,HipHop,37
2019-03-09,Jazz,1
2019-03-09,Latin,4
2019-03-09,Pop,31
2019-03-09,RnB,3
2019-03-09,Rock,8
2019-03-16,Country,17
2019-03-16,Electronic,4
2019-03-16,HipHop,33
2019-03-16,Jazz,1
2019-03-16,Latin,4
2019-03-16,Pop,32
2019-03-16,RnB,3
2019-03-16,Rock,11
2019-03-23,Country,16
2019-03-23,Electronic,5
2019-03-23,HipHop,26
2019-03-23,Jazz,1
2019-03-23,Latin,4
2019-03-23,Pop,32
2019-03-23,RnB,3
2019-03-23,Rock,13
2019-03-30,Country,17
2019-03-30,Electronic,5
2019-03-30,HipHop,27
2019-03-30,Jazz,1
2019-03-30,Latin,4
2019-03-30,Pop,32
2019-03-30,RnB,3
2019-03-30,Rock,12
2019-04-06,Country,17
2019-04-06,Electronic,5
2019-04-06,HipHop,30
2019-04-06,Jazz,1
2019-04-06,Latin,3
2019-04-06,Pop,31
2019-04-06,RnB,2
2019-04-06,Rock,11
2019-04-13,Country,15
2019-04-13,Electronic,4
2019-04-13,HipHop,29
2019-04-13,Jazz,1
2019-04-13,Latin,2
2019-04-13,Pop,39
2019-04-13,RnB,2
2019-04-13,Rock,8
2019-04-20,Country,13
2019-04-20,Electronic,4
2019-04-20,HipHop,29
2019-04-20,Jazz,1
2019-04-20,Latin,3
2019-04-20,Pop,41
2019-04-20,RnB,2
2019-04-20,Rock,8
2019-04-27,Country,15
2019-04-27,Electronic,5
2019-04-27,HipHop,30
2019-04-27,Jazz,1
2019-04-27,Latin,2
2019-04-27,Pop,37
2019-04-27,RnB,2
2019-04-27,Rock,10
2019-05-04,Country,14
2019-05-04,Electronic,5
2019-05-04,HipHop,32
2019-05-04,Jazz,1
2019-05-04,Latin,2
2019-05-04,Pop,36
2019-05-04,RnB,3
2019-05-04,Rock,9
2019-05-11,Country,13
2019-05-11,Electronic,6
2019-05-11,HipHop,34
2019-05-11,Jazz,1
2019-05-11,Latin,3
2019-05-11,Pop,30
2019-05-11,RnB,4
2019-05-11,Rock,10
2019-05-18,Country,15
2019-05-18,Electronic,4
2019-05-18,HipHop,34
2019-05-18,Jazz,1
2019-05-18,Latin,3
2019-05-18,Pop,30
2019-05-18,RnB,4
2019-05-18,Rock,8
2019-05-25,Country,15
2019-05-25,Electronic,5
2019-05-25,HipHop,32
2019-05-25,Jazz,1
2019-05-25,Latin,4
2019-05-25,Pop,30
2019-05-25,RnB,4
2019-05-25,Rock,8
2019-06-01,Country,14
2019-06-01,Electronic,4
2019-06-01,HipHop,40
2019-06-01,Jazz,1
2019-06-01,Latin,4
2019-06-01,Pop,24
2019-06-01,RnB,3
2019-06-01,Rock,8
2019-06-08,Country,16
2019-06-08,Electronic,4
2019-06-08,HipHop,35
2019-06-08,Jazz,1
2019-06-08,Latin,5
2019-06-08,Pop,26
2019-06-08,RnB,3
2019-06-08,Rock,10
2019-06-15,Country,17
2019-06-15,Electronic,4
2019-06-15,Gospel,1
2019-06-15,HipHop,31
2019-06-15,Jazz,1
2019-06-15,Latin,4
2019-06-15,Pop,27
2019-06-15,RnB,2
2019-06-15,Rock,11
2019-06-22,Country,17
2019-06-22,Electronic,6
2019-06-22,HipHop,28
2019-06-22,Jazz,1
2019-06-22,Latin,7
2019-06-22,Pop,26
2019-06-22,RnB,2
2019-06-22,Rock,11
2019-06-29,Country,15
2019-06-29,Electronic,6
2019-06-29,HipHop,28
2019-06-29,Jazz,1
2019-06-29,Latin,6
2019-06-29,Pop,26
2019-06-29,RnB,4
2019-06-29,Rock,11
2019-07-06,Country,15
2019-07-06,Electronic,7
2019-07-06,HipHop,30
2019-07-06,Jazz,1
2019-07-06,Latin,5
2019-07-06,Pop,27
2019-07-06,RnB,3
2019-07-06,Rock,11
2019-07-13,Country,14
2019-07-13,Electronic,7
2019-07-13,HipHop,31
2019-07-13,Jazz,1
2019-07-13,Latin,5
2019-07-13,Pop,27
2019-07-13,RnB,3
2019-07-13,Rock,11
2019-07-20,Country,14
2019-07-20,Electronic,5
2019-07-20,HipHop,28
2019-07-20,Jazz,1
2019-07-20,Latin,5
2019-07-20,Pop,27
2019-07-20,RnB,3
2019-07-20,Rock,12
2019-07-27,Country,16
2019-07-27,Electronic,6
2019-07-27,HipHop,25
2019-07-27,Jazz,1
2019-07-27,Latin,5
2019-07-27,Pop,29
2019-07-27,RnB,3
2019-07-27,Rock,11
2019-08-03,Country,16
2019-08-03,Electronic,6
2019-08-03,HipHop,26
2019-08-03,Jazz,2
2019-08-03,Latin,6
2019-08-03,Pop,26
2019-08-03,RnB,4
2019-08-03,Rock,10
2019-08-10,Country,15
2019-08-10,Electronic,7
2019-08-10,HipHop,32
2019-08-10,Jazz,2
2019-08-10,Latin,4
2019-08-10,Pop,25
2019-08-10,RnB,2
2019-08-10,Rock,9
2019-08-17,Country,17
2019-08-17,Electronic,5
2019-08-17,HipHop,32
2019-08-17,Jazz,2
2019-08-17,Latin,4
2019-08-17,Pop,25
2019-08-17,RnB,2
2019-08-17,Rock,9
2019-08-24,Country,18
2019-08-24,Electronic,5
2019-08-24,HipHop,31
2019-08-24,Jazz,2
2019-08-24,Latin,5
2019-08-24,Pop,25
2019-08-24,RnB,2
2019-08-24,Rock,8
2019-08-31,Country,17
2019-08-31,Electronic,5
2019-08-31,HipHop,34
2019-08-31,Jazz,2
2019-08-31,Latin,4
2019-08-31,Pop,21
2019-08-31,RnB,2
2019-08-31,Rock,9
2019-09-07,Country,16
2019-09-07,Electronic,5
2019-09-07,HipHop,25
2019-09-07,Jazz,2
2019-09-07,Latin,4
2019-09-07,Pop,34
2019-09-07,RnB,3
2019-09-07,Rock,8
2019-09-14,Country,18
2019-09-14,Electronic,7
2019-09-14,HipHop,32
2019-09-14,Jazz,2
2019-09-14,Latin,5
2019-09-14,Pop,23
2019-09-14,RnB,2
2019-09-14,Rock,9
2019-09-21,Country,15
2019-09-21,Electronic,5
2019-09-21,HipHop,38
2019-09-21,Jazz,2
2019-09-21,Latin,3
2019-09-21,Pop,22
2019-09-21,RnB,3
2019-09-21,Rock,9
2019-09-28,Country,16
2019-09-28,Electronic,4
2019-09-28,HipHop,41
2019-09-28,Jazz,2
2019-09-28,Latin,3
2019-09-28,Pop,22
2019-09-28,RnB,3
2019-09-28,Rock,6
2019-10-05,Country,15
2019-10-05,Electronic,5
2019-10-05,HipHop,38
2019-10-05,Jazz,2
2019-10-05,Latin,4
2019-10-05,Pop,23
2019-10-05,RnB,3
2019-10-05,Rock,6
2019-10-12,Country,10
2019-10-12,Electronic,5
2019-10-12,HipHop,48
2019-10-12,Jazz,2
2019-10-12,Latin,4
2019-10-12,Pop,21
2019-10-12,RnB,2
2019-10-12,Rock,5
2019-10-19,Country,10
2019-10-19,Electronic,5
2019-10-19,HipHop,39
2019-10-19,Jazz,2
2019-10-19,Latin,3
2019-10-19,Pop,21
2019-10-19,RnB,10
2019-10-19,Rock,6
2019-10-26,Country,10
2019-10-26,Electronic,5
2019-10-26,HipHop,44
2019-10-26,Jazz,2
2019-10-26,Latin,4
2019-10-26,Pop,20
2019-10-26,RnB,5
2019-10-26,Rock,6
2019-11-02,Country,10
2019-11-02,Electronic,5
2019-11-02,HipHop,40
2019-11-02,Jazz,2
2019-11-02,Latin,4
2019-11-02,Pop,24
2019-11-02,RnB,5
2019-11-02,Rock,6
2019-11-09,Country,11
2019-11-09,Electronic,5
2019-11-09,HipHop,43
2019-11-09,Jazz,2
2019-11-09,Latin,2
2019-11-09,Pop,23
2019-11-09,RnB,5
2019-11-09,Rock,6
2019-11-16,Country,12
2019-11-16,Electronic,5
2019-11-16,HipHop,40
2019-11-16,Jazz,2
2019-11-16,Latin,1
2019-11-16,Pop,26
2019-11-16,RnB,6
2019-11-16,Rock,5
2019-11-23,Country,12
2019-11-23,Electronic,4
2019-11-23,HipHop,39
2019-11-23,Jazz,2
2019-11-23,Latin,3
2019-11-23,Pop,26
2019-11-23,RnB,6
2019-11-23,Rock,5
2019-11-30,Country,11
2019-11-30,Electronic,4
2019-11-30,HipHop,38
2019-11-30,Jazz,2
2019-11-30,Latin,2
2019-11-30,Pop,27
2019-11-30,RnB,5
2019-11-30,Rock,6
2019-12-07,Country,9
2019-12-07,Electronic,4
2019-12-07,HipHop,38
2019-12-07,Jazz,1
2019-12-07,Latin,2
2019-12-07,Pop,25
2019-12-07,RnB,5
2019-12-07,Rock,5
2019-12-14,Country,7
2019-12-14,Electronic,3
2019-12-14,HipHop,32
2019-12-14,Jazz,3
2019-12-14,Latin,3
2019-12-14,Pop,27
2019-12-14,RnB,4
2019-12-14,Rock,5
2019-12-21,Country,7
2019-12-21,Electronic,3
2019-12-21,HipHop,30
2019-12-21,Jazz,2
2019-12-21,Latin,1
2019-12-21,Pop,26
2019-12-21,RnB,5
2019-12-21,Rock,11
2019-12-28,Country,6
2019-12-28,Electronic,3
2019-12-28,HipHop,30
2019-12-28,Jazz,2
2019-12-28,Latin,1
2019-12-28,Pop,24
2019-12-28,RnB,5
2019-12-28,Rock,13
2020-01-04,Country,5
2020-01-04,Electronic,3
2020-01-04,HipHop,26
2020-01-04,Jazz,4
2020-01-04,Latin,2
2020-01-04,Pop,24
2020-01-04,RnB,7
2020-01-04,Rock,8
2020-01-11,Country,11
2020-01-11,Electronic,3
2020-01-11,HipHop,31
2020-01-11,Latin,3
2020-01-11,Pop,29
2020-01-11,RnB,6
2020-01-11,Rock,7
2020-01-18,Country,12
2020-01-18,Electronic,3
2020-01-18,HipHop,35
2020-01-18,Latin,2
2020-01-18,Pop,29
2020-01-18,RnB,5
2020-01-18,Rock,7
2020-01-25,Country,12
2020-01-25,Electronic,3
2020-01-25,HipHop,34
2020-01-25,Latin,2
2020-01-25,Pop,31
2020-01-25,RnB,6
2020-01-25,Rock,7
2020-02-01,Country,13
2020-02-01,Electronic,2
2020-02-01,HipHop,48
2020-02-01,Latin,1
2020-02-01,Pop,24
2020-02-01,RnB,4
2020-02-01,Rock,6
2020-02-08,Country,17
2020-02-08,Electronic,2
2020-02-08,HipHop,36
2020-02-08,Latin,2
2020-02-08,Pop,28
2020-02-08,RnB,7
2020-02-08,Rock,6
2020-02-15,Country,17
2020-02-15,Electronic,2
2020-02-15,HipHop,38
2020-02-15,Latin,2
2020-02-15,Pop,28
2020-02-15,RnB,5
2020-02-15,Rock,6
2020-02-22,Country,17
2020-02-22,Electronic,2
2020-02-22,HipHop,36
2020-02-22,Latin,3
2020-02-22,Pop,28
2020-02-22,RnB,6
2020-02-22,Rock,6
2020-02-29,Country,15
2020-02-29,Electronic,2
2020-02-29,HipHop,41
2020-02-29,Jazz,1
2020-02-29,Latin,3
2020-02-29,Pop,31
2020-02-29,RnB,4
2020-02-29,Rock,6
2020-03-07,Country,15
2020-03-07,Electronic,2
2020-03-07,HipHop,36
2020-03-07,Jazz,1
2020-03-07,Latin,2
2020-03-07,Pop,34
2020-03-07,RnB,4
2020-03-07,Rock,5
2020-03-14,Country,13
2020-03-14,Electronic,2
2020-03-14,HipHop,37
2020-03-14,Jazz,1
2020-03-14,Latin,12
2020-03-14,Pop,27
2020-03-14,RnB,4
2020-03-14,Rock,3
2020-03-21,Country,11
2020-03-21,Electronic,2
2020-03-21,HipHop,46
2020-03-21,Jazz,1
2020-03-21,Latin,8
2020-03-21,Pop,21
2020-03-21,RnB,8
2020-03-21,Rock,2
2020-03-28,Country,12
2020-03-28,Electronic,2
2020-03-28,HipHop,50
2020-03-28,Jazz,1
2020-03-28,Latin,4
2020-03-28,Pop,22
2020-03-28,RnB,6
2020-03-28,Rock,2
2020-04-04,Country,10
2020-04-04,Electronic,2
2020-04-04,HipHop,35
2020-04-04,Jazz,1
2020-04-04,Latin,4
2020-04-04,Pop,36
2020-04-04,RnB,6
2020-04-04,Rock,2
2020-04-11,Country,12
2020-04-11,Electronic,2
2020-04-11,HipHop,35
2020-04-11,Latin,6
2020-04-11,Pop,31
2020-04-11,RnB,7
2020-04-11,Rock,2
2020-04-18,Country,14
2020-04-18,Electronic,2
2020-04-18,HipHop,41
2020-04-18,Latin,3
2020-04-18,Pop,28
2020-04-18,RnB,6
2020-04-18,Rock,2
2020-04-25,Country,16
2020-04-25,Electronic,2
2020-04-25,HipHop,37
2020-04-25,Latin,4
2020-04-25,Pop,28
2020-04-25,RnB,7
2020-04-25,Rock,1
2020-05-02,Country,16
2020-05-02,Electronic,2
2020-05-02,HipHop,43
2020-05-02,Jazz,1
2020-05-02,Latin,3
2020-05-02,Pop,24
2020-05-02,RnB,4
2020-05-02,Rock,1
2020-05-09,Country,16
2020-05-09,Electronic,1
2020-05-09,HipHop,41
2020-05-09,Jazz,1
2020-05-09,Latin,2
2020-05-09,Pop,26
2020-05-09,RnB,5
2020-05-09,Rock,2
2020-05-16,Country,17
2020-05-16,Electronic,3
2020-05-16,HipHop,46
2020-05-16,Jazz,1
2020-05-16,Latin,1
2020-05-16,Pop,22
2020-05-16,RnB,3
2020-05-16,Rock,2
2020-05-23,Country,18
2020-05-23,Electronic,4
2020-05-23,HipHop,41
2020-05-23,Jazz,1
2020-05-23,Latin,2
2020-05-23,Pop,24
2020-05-23,RnB,4
2020-05-23,Rock,2
2020-05-30,Country,14
2020-05-30,Electronic,3
2020-05-30,HipHop,51
2020-05-30,Latin,1
2020-05-30,Pop,22
2020-05-30,RnB,1
2020-05-30,Rock,4
2020-06-06,Country,14
2020-06-06,Electronic,4
2020-06-06,HipHop,49
2020-06-06,Latin,1
2020-06-06,Pop,24
2020-06-06,RnB,1
2020-06-06,Rock,4
2020-06-13,Country,17
2020-06-13,Electronic,5
2020-06-13,HipHop,37
2020-06-13,Latin,4
2020-06-13,Pop,26
2020-06-13,RnB,1
2020-06-13,Rock,6
2020-06-20,Country,19
2020-06-20,Electronic,4
2020-06-20,HipHop,38
2020-06-20,Latin,1
2020-06-20,Pop,26
2020-06-20,RnB,1
2020-06-20,Rock,7
2020-06-27,Country,20
2020-06-27,Electronic,4
2020-06-27,HipHop,42
2020-06-27,Latin,1
2020-06-27,Pop,23
2020-06-27,RnB,2
2020-06-27,Rock,6
2020-07-04,Country,20
2020-07-04,Electronic,4
2020-07-04,HipHop,43
2020-07-04,Latin,1
2020-07-04,Pop,25
2020-07-04,RnB,3
2020-07-04,Rock,6
2020-07-11,Country,22
2020-07-11,Electronic,4
2020-07-11,HipHop,41
2020-07-11,Latin,1
2020-07-11,Pop,23
2020-07-11,RnB,5
2020-07-11,Rock,6
2020-07-18,Country,18
2020-07-18,Electronic,4
2020-07-18,HipHop,54
2020-07-18,Latin,1
2020-07-18,Pop,18
2020-07-18,RnB,1
2020-07-18,Rock,5
2020-07-25,Country,16
2020-07-25,Electronic,4
2020-07-25,HipHop,39
2020-07-25,Pop,18
2020-07-25,RnB,2
2020-07-25,Rock,20
2020-08-01,Country,16
2020-08-01,Electronic,5
2020-08-01,HipHop,39
2020-08-01,Pop,19
2020-08-01,RnB,1
2020-08-01,Rock,19
2020-08-08,Country,15
2020-08-08,Electronic,4
2020-08-08,HipHop,35
2020-08-08,Latin,1
2020-08-08,Pop,35
2020-08-08,Rock,10
2020-08-15,Country,17
2020-08-15,Electronic,5
2020-08-15,HipHop,38
2020-08-15,Latin,1
2020-08-15,Pop,30
2020-08-15,Rock,10
2020-08-22,Country,19
2020-08-22,Electronic,5
2020-08-22,HipHop,39
2020-08-22,Latin,2
2020-08-22,Pop,25
2020-08-22,Rock,11
2020-08-29,Country,21
2020-08-29,Electronic,3
2020-08-29,HipHop,38
2020-08-29,Latin,3
2020-08-29,Pop,24
2020-08-29,Rock,10
2020-09-05,Country,20
2020-09-05,Electronic,3
2020-09-05,HipHop,37
2020-09-05,Latin,4
2020-09-05,Pop,25
2020-09-05,Rock,10
2020-09-12,Country,22
2020-09-12,Electronic,4
2020-09-12,HipHop,35
2020-09-12,Latin,4
2020-09-12,Pop,25
2020-09-12,Rock,9
2020-09-19,Country,20
2020-09-19,Electronic,4
2020-09-19,HipHop,35
2020-09-19,Latin,5
2020-09-19,Pop,24
2020-09-19,RnB,2
2020-09-19,Rock,9
2020-09-26,Country,20
2020-09-26,Electronic,5
2020-09-26,HipHop,36
2020-09-26,Latin,5
2020-09-26,Pop,21
2020-09-26,RnB,3
2020-09-26,Rock,9
2020-10-03,Country,18
2020-10-03,Electronic,5
2020-10-03,HipHop,34
2020-10-03,Jazz,1
2020-10-03,Latin,5
2020-10-03,Pop,23
2020-10-03,RnB,4
2020-10-03,Rock,9
2020-10-10,Country,18
2020-10-10,Electronic,5
2020-10-10,HipHop,29
2020-10-10,Jazz,1
2020-10-10,Latin,6
2020-10-10,Pop,25
2020-10-10,RnB,4
2020-10-10,Rock,12
2020-10-17,Country,13
2020-10-17,Electronic,4
2020-10-17,HipHop,54
2020-10-17,Jazz,1
2020-10-17,Latin,4
2020-10-17,Pop,22
2020-10-17,RnB,3
2020-10-17,Rock,12
2020-10-24,Country,17
2020-10-24,Electronic,4
2020-10-24,HipHop,39
2020-10-24,Jazz,1
2020-10-24,Latin,5
2020-10-24,Pop,24
2020-10-24,RnB,4
2020-10-24,Rock,12
2020-10-31,Country,18
2020-10-31,Electronic,4
2020-10-31,HipHop,35
2020-10-31,Jazz,1
2020-10-31,Latin,5
2020-10-31,Pop,23
2020-10-31,RnB,3
2020-10-31,Rock,12
2020-11-07,Country,21
2020-11-07,Electronic,2
2020-11-07,HipHop,32
2020-11-07,Jazz,1
2020-11-07,Latin,4
2020-11-07,Pop,24
2020-11-07,RnB,4
2020-11-07,Rock,13
2020-11-14,Country,17
2020-11-14,Electronic,2
2020-11-14,HipHop,28
2020-11-14,Jazz,1
2020-11-14,Latin,4
2020-11-14,Pop,35
2020-11-14,RnB,3
2020-11-14,Rock,11
2020-11-21,Country,18
2020-11-21,Electronic,2
2020-11-21,HipHop,33
2020-11-21,Jazz,1
2020-11-21,Latin,4
2020-11-21,Pop,27
2020-11-21,RnB,2
2020-11-21,Rock,14
2020-11-28,Country,17
2020-11-28,Electronic,2
2020-11-28,HipHop,35
2020-11-28,Jazz,1
2020-11-28,Latin,4
2020-11-28,Pop,26
2020-11-28,RnB,2
2020-11-28,Rock,12
2020-12-05,Country,19
2020-12-05,Electronic,2
2020-12-05,HipHop,26
2020-12-05,Jazz,3
2020-12-05,Latin,3
2020-12-05,Pop,29
2020-12-05,RnB,2
2020-12-05,Rock,12
2020-12-12,Country,15
2020-12-12,Electronic,2
2020-12-12,HipHop,17
2020-12-12,Jazz,4
2020-12-12,Latin,13
2020-12-12,Pop,23
2020-12-12,RnB,2
2020-12-12,Rock,9
2020-12-19,Country,17
2020-12-19,Electronic,1
2020-12-19,HipHop,19
2020-12-19,Jazz,4
2020-12-19,Latin,5
2020-12-19,Pop,24
2020-12-19,RnB,2
2020-12-19,Rock,12
2020-12-26,Country,11
2020-12-26,Electronic,1
2020-12-26,HipHop,26
2020-12-26,Jazz,5
2020-12-26,Latin,2
2020-12-26,Pop,32
2020-12-26,RnB,1
2020-12-26,Rock,8
2021-01-02,Country,12
2021-01-02,Electronic,1
2021-01-02,HipHop,19
2021-01-02,Jazz,6
2021-01-02,Latin,3
2021-01-02,Pop,25
2021-01-02,RnB,3
2021-01-02,Rock,10
2021-01-09,Country,18
2021-01-09,Electronic,1
2021-01-09,HipHop,28
2021-01-09,Jazz,3
2021-01-09,Latin,3
2021-01-09,Pop,25
2021-01-09,RnB,4
2021-01-09,Rock,11
2021-01-16,Country,24
2021-01-16,Electronic,1
2021-01-16,HipHop,24
2021-01-16,Jazz,1
2021-01-16,Latin,4
2021-01-16,Pop,29
2021-01-16,RnB,4
2021-01-16,Rock,12
2021-01-23,Country,31
2021-01-23,Electronic,1
2021-01-23,HipHop,19
2021-01-23,Jazz,1
2021-01-23,Latin,3
2021-01-23,Pop,27
2021-01-23,RnB,6
2021-01-23,Rock,10
2021-01-30,Country,28
2021-01-30,Electronic,1
2021-01-30,HipHop,24
2021-01-30,Jazz,1
2021-01-30,Latin,2
2021-01-30,Pop,28
2021-01-30,RnB,4
2021-01-30,Rock,10
2021-02-06,Country,25
2021-02-06,Electronic,1
2021-02-06,HipHop,26
2021-02-06,Jazz,1
2021-02-06,Latin,3
2021-02-06,Pop,28
2021-02-06,RnB,4
2021-02-06,Rock,10
2021-02-13,Country,26
2021-02-13,Electronic,1
2021-02-13,HipHop,28
2021-02-13,Jazz,1
2021-02-13,Latin,2
2021-02-13,Pop,26
2021-02-13,RnB,5
2021-02-13,Rock,10
2021-02-20,Country,25
2021-02-20,Electronic,1
2021-02-20,HipHop,28
2021-02-20,Latin,3
2021-02-20,Pop,27
2021-02-20,RnB,4
2021-02-20,Rock,10
2021-02-27,Country,22
2021-02-27,Electronic,1
2021-02-27,HipHop,29
2021-02-27,Latin,4
2021-02-27,Pop,27
2021-02-27,RnB,6
2021-02-27,Rock,9
2021-03-06,Country,20
2021-03-06,Electronic,2
2021-03-06,HipHop,32
2021-03-06,Latin,3
2021-03-06,Pop,26
2021-03-06,RnB,7
2021-03-06,Rock,7
2021-03-13,Country,22
2021-03-13,Electronic,2
2021-03-13,HipHop,30
2021-03-13,Latin,4
2021-03-13,Pop,25
2021-03-13,RnB,7
2021-03-13,Rock,7
2021-03-20,Country,21
2021-03-20,Electronic,2
2021-03-20,HipHop,33
2021-03-20,Latin,3
2021-03-20,Pop,23
2021-03-20,RnB,7
2021-03-20,Rock,7
2021-03-27,Country,21
2021-03-27,Electronic,2
2021-03-27,HipHop,32
2021-03-27,Latin,3
2021-03-27,Pop,23
2021-03-27,RnB,8
2021-03-27,Rock,6
2021-04-03,Country,20
2021-04-03,Electronic,2
2021-04-03,HipHop,28
2021-04-03,Latin,3
2021-04-03,Pop,32
2021-04-03,RnB,7
2021-04-03,Rock,5
2021-04-10,Country,15
2021-04-10,Electronic,2
2021-04-10,HipHop,41
2021-04-10,Latin,2
2021-04-10,Pop,25
2021-04-10,RnB,7
2021-04-10,Rock,5
2021-04-17,Country,17
2021-04-17,Electronic,2
2021-04-17,HipHop,35
2021-04-17,Latin,2
2021-04-17,Pop,29
2021-04-17,RnB,7
2021-04-17,Rock,6
2021-04-24,Country,17
2021-04-24,Electronic,2
2021-04-24,HipHop,34
2021-04-24,Latin,2
2021-04-24,Pop,33
2021-04-24,RnB,6
2021-04-24,Rock,6
2021-05-01,Country,18
2021-05-01,Electronic,2
2021-05-01,HipHop,38
2021-05-01,Latin,2
2021-05-01,Pop,26
2021-05-01,RnB,7
2021-05-01,Rock,7
2021-05-08,Country,18
2021-05-08,Electronic,2
2021-05-08,HipHop,39
2021-05-08,Latin,2
2021-05-08,Pop,27
2021-05-08,RnB,7
2021-05-08,Rock,6
2021-05-15,Country,16
2021-05-15,Electronic,2
2021-05-15,HipHop,45
2021-05-15,Latin,2
2021-05-15,Pop,25
2021-05-15,RnB,5
2021-05-15,Rock,5
2021-05-22,Country,17
2021-05-22,Electronic,1
2021-05-22,HipHop,42
2021-05-22,Latin,2
2021-05-22,Pop,25
2021-05-22,RnB,5
2021-05-22,Rock,8
2021-05-29,Country,17
2021-05-29,Electronic,1
2021-05-29,HipHop,49
2021-05-29,Latin,1
2021-05-29,Pop,22
2021-05-29,RnB,5
2021-05-29,Rock,7
2021-06-05,Country,16
2021-06-05,Electronic,1
2021-06-05,HipHop,44
2021-06-05,Pop,24
2021-06-05,RnB,4
2021-06-05,Rock,15
2021-06-12,Country,17
2021-06-12,Electronic,2
2021-06-12,HipHop,42
2021-06-12,Pop,22
2021-06-12,RnB,4
2021-06-12,Rock,16
2021-06-19,Country,14
2021-06-19,Electronic,1
2021-06-19,HipHop,47
2021-06-19,Latin,1
2021-06-19,Pop,22
2021-06-19,RnB,3
2021-06-19,Rock,14
2021-06-26,Country,13
2021-06-26,Electronic,1
2021-06-26,HipHop,45
2021-06-26,Latin,2
2021-06-26,Pop,22
2021-06-26,RnB,3
2021-06-26,Rock,14
2021-07-03,Country,18
2021-07-03,Electronic,1
2021-07-03,HipHop,38
2021-07-03,Latin,2
2021-07-03,Pop,22
2021-07-03,RnB,5
2021-07-03,Rock,15
2021-07-10,Country,16
2021-07-10,Electronic,1
2021-07-10,HipHop,37
2021-07-10,Latin,3
2021-07-10,Pop,25
2021-07-10,RnB,4
2021-07-10,Rock,15
2021-07-17,Afrobeat,1
2021-07-17,Country,22
2021-07-17,Electronic,1
2021-07-17,HipHop,30
2021-07-17,Latin,3
2021-07-17,Pop,22
2021-07-17,RnB,5
2021-07-17,Rock,17
2021-07-24,Afrobeat,1
2021-07-24,Country,20
2021-07-24,Electronic,1
2021-07-24,HipHop,27
2021-07-24,Latin,5
2021-07-24,Pop,24
2021-07-24,RnB,5
2021-07-24,Rock,17
2021-07-31,Afrobeat,1
2021-07-31,Country,21
2021-07-31,Electronic,1
2021-07-31,HipHop,31
2021-07-31,Latin,3
2021-07-31,Pop,23
2021-07-31,RnB,4
2021-07-31,Rock,15
2021-08-07,Afrobeat,1
2021-08-07,Country,22
2021-08-07,Electronic,1
2021-08-07,HipHop,25
2021-08-07,Latin,4
2021-08-07,Pop,24
2021-08-07,RnB,4
2021-08-07,Rock,15
2021-08-14,Afrobeat,1
2021-08-14,Country,19
2021-08-14,Electronic,1
2021-08-14,HipHop,20
2021-08-14,Latin,5
2021-08-14,Pop,32
2021-08-14,RnB,6
2021-08-14,Rock,12
2021-08-21,Afrobeat,1
2021-08-21,Country,21
2021-08-21,Electronic,1
2021-08-21,HipHop,22
2021-08-21,Latin,5
2021-08-21,Pop,25
2021-08-21,RnB,6
2021-08-21,Rock,13
2021-08-28,Afrobeat,1
2021-08-28,Country,23
2021-08-28,Electronic,1
2021-08-28,HipHop,23
2021-08-28,Latin,4
2021-08-28,Pop,26
2021-08-28,RnB,5
2021-08-28,Rock,10
2021-09-04,Afrobeat,1
2021-09-04,Country,20
2021-09-04,Electronic,2
2021-09-04,HipHop,25
2021-09-04,Latin,4
2021-09-04,Pop,27
2021-09-04,RnB,5
2021-09-04,Rock,9
2021-09-11,Afrobeat,1
2021-09-11,Country,18
2021-09-11,Electronic,1
2021-09-11,HipHop,35
2021-09-11,Latin,5
2021-09-11,Pop,23
2021-09-11,RnB,5
2021-09-11,Rock,8
2021-09-18,Afrobeat,1
2021-09-18,Country,16
2021-09-18,Electronic,1
2021-09-18,HipHop,43
2021-09-18,Latin,3
2021-09-18,Pop,22
2021-09-18,RnB,3
2021-09-18,Rock,7
2021-09-25,Afrobeat,1
2021-09-25,Country,17
2021-09-25,Electronic,2
2021-09-25,HipHop,35
2021-09-25,Latin,4
2021-09-25,Pop,24
2021-09-25,RnB,4
2021-09-25,Rock,8
2021-10-02,Afrobeat,2
2021-10-02,Country,16
2021-10-02,Electronic,2
2021-10-02,HipHop,28
2021-10-02,Latin,4
2021-10-02,Pop,31
2021-10-02,RnB,4
2021-10-02,Rock,8
2021-10-09,Afrobeat,2
2021-10-09,Country,16
2021-10-09,Electronic,2
2021-10-09,HipHop,40
2021-10-09,Latin,3
2021-10-09,Pop,20
2021-10-09,RnB,3
2021-10-09,Rock,9
2021-10-16,Afrobeat,2
2021-10-16,Country,17
2021-10-16,Electronic,2
2021-10-16,Gospel,1
2021-10-16,HipHop,34
2021-10-16,Latin,5
2021-10-16,Pop,22
2021-10-16,RnB,2
2021-10-16,Rock,10
2021-10-23,Afrobeat,2
2021-10-23,Country,21
2021-10-23,Electronic,2
2021-10-23,HipHop,27
2021-10-23,Latin,6
2021-10-23,Pop,25
2021-10-23,RnB,4
2021-10-23,Rock,10
2021-10-30,Afrobeat,2
2021-10-30,Country,19
2021-10-30,Electronic,2
2021-10-30,HipHop,29
2021-10-30,Latin,7
2021-10-30,Pop,23
2021-10-30,RnB,5
2021-10-30,Rock,9
2021-11-06,Afrobeat,2
2021-11-06,Country,19
2021-11-06,Electronic,2
2021-11-06,HipHop,27
2021-11-06,Latin,6
2021-11-06,Pop,26
2021-11-06,RnB,6
2021-11-06,Rock,8
2021-11-13,Afrobeat,2
2021-11-13,Country,19
2021-11-13,Electronic,2
2021-11-13,HipHop,23
2021-11-13,Latin,6
2021-11-13,Pop,25
2021-11-13,RnB,8
2021-11-13,Rock,9
2021-11-20,Afrobeat,3
2021-11-20,Country,16
2021-11-20,Electronic,2
2021-11-20,HipHop,21
2021-11-20,Latin,3
2021-11-20,Pop,23
2021-11-20,RnB,23
2021-11-20,Rock,6
2021-11-27,Afrobeat,3
2021-11-27,Country,14
2021-11-27,Electronic,2
2021-11-27,HipHop,14
2021-11-27,Latin,2
2021-11-27,Pop,45
2021-11-27,RnB,11
2021-11-27,Rock,6
2021-12-04,Afrobeat,3
2021-12-04,Country,15
2021-12-04,Electronic,2
2021-12-04,HipHop,17
2021-12-04,Latin,3
2021-12-04,Pop,48
2021-12-04,RnB,7
2021-12-04,Rock,7
2021-12-11,Afrobeat,2
2021-12-11,Country,16
2021-12-11,Electronic,2
2021-12-11,HipHop,17
2021-12-11,Jazz,3
2021-12-11,Latin,2
2021-12-11,Pop,33
2021-12-11,RnB,6
2021-12-11,Rock,8
2021-12-18,Afrobeat,2
2021-12-18,Country,16
2021-12-18,Electronic,1
2021-12-18,HipHop,21
2021-12-18,Jazz,3
2021-12-18,Latin,1
2021-12-18,Pop,28
2021-12-18,RnB,7
2021-12-18,Rock,7
2021-12-25,Afrobeat,2
2021-12-25,Country,14
2021-12-25,Electronic,1
2021-12-25,HipHop,15
2021-12-25,Jazz,3
2021-12-25,Pop,27
2021-12-25,RnB,4
2021-12-25,Rock,19
2022-01-01,Afrobeat,1
2022-01-01,Country,13
2022-01-01,Electronic,3
2022-01-01,HipHop,17
2022-01-01,Jazz,6
2022-01-01,Pop,26
2022-01-01,RnB,4
2022-01-01,Rock,11
2022-01-08,Afrobeat,2
2022-01-08,Country,14
2022-01-08,Electronic,3
2022-01-08,HipHop,13
2022-01-08,Jazz,4
2022-01-08,Pop,31
2022-01-08,RnB,7
2022-01-08,Rock,9
2022-01-15,Afrobeat,2
2022-01-15,Country,20
2022-01-15,Electronic,4
2022-01-15,HipHop,18
2022-01-15,Latin,2
2022-01-15,Pop,31
2022-01-15,RnB,9
2022-01-15,Rock,9
2022-01-22,Afrobeat,2
2022-01-22,Country,14
2022-01-22,Electronic,3
2022-01-22,HipHop,26
2022-01-22,Pop,42
2022-01-22,RnB,5
2022-01-22,Rock,4
2022-01-29,Afrobeat,2
2022-01-29,Country,18
2022-01-29,Electronic,4
2022-01-29,HipHop,27
2022-01-29,Pop,33
2022-01-29,RnB,6
2022-01-29,Rock,4
2022-02-05,Afrobeat,2
2022-02-05,Country,17
2022-02-05,Electronic,4
2022-02-05,HipHop,28
2022-02-05,Pop,33
2022-02-05,RnB,6
2022-02-05,Rock,3
2022-02-12,Afrobeat,3
2022-02-12,Country,19
2022-02-12,Electronic,5
2022-02-12,HipHop,22
2022-02-12,Latin,1
2022-02-12,Pop,33
2022-02-12,RnB,6
2022-02-12,Rock,4
2022-02-19,Afrobeat,3
2022-02-19,Country,18
2022-02-19,Electronic,7
2022-02-19,HipHop,19
2022-02-19,Pop,32
2022-02-19,RnB,8
2022-02-19,Rock,7
2022-02-26,Afrobeat,3
2022-02-26,Country,17
2022-02-26,Electronic,5
2022-02-26,HipHop,24
2022-02-26,Latin,1
2022-02-26,Pop,33
2022-02-26,RnB,6
2022-02-26,Rock,5
2022-03-05,Afrobeat,3
2022-03-05,Country,16
2022-03-05,Electronic,6
2022-03-05,HipHop,24
2022-03-05,Latin,1
2022-03-05,Pop,33
2022-03-05,RnB,5
2022-03-05,Rock,6
2022-03-12,Afrobeat,3
2022-03-12,Country,15
2022-03-12,Electronic,6
2022-03-12,HipHop,27
2022-03-12,Latin,1
2022-03-12,Pop,31
2022-03-12,RnB,5
2022-03-12,Rock,5
2022-03-19,Afrobeat,3
2022-03-19,Country,14
2022-03-19,Electronic,6
2022-03-19,HipHop,28
2022-03-19,Latin,1
2022-03-19,Pop,30
2022-03-19,RnB,5
2022-03-19,Rock,8
2022-03-26,Afrobeat,2
2022-03-26,Country,13
2022-03-26,Electronic,2
2022-03-26,HipHop,36
2022-03-26,Latin,1
2022-03-26,Pop,28
2022-03-26,RnB,5
2022-03-26,Rock,7
2022-04-02,Afrobeat,2
2022-04-02,Country,15
2022-04-02,Electronic,2
2022-04-02,HipHop,30
2022-04-02,Latin,1
2022-04-02,Pop,29
2022-04-02,RnB,6
2022-04-02,Rock,9
2022-04-09,Afrobeat,2
2022-04-09,Country,16
2022-04-09,Electronic,2
2022-04-09,HipHop,24
2022-04-09,Latin,4
2022-04-09,Pop,30
2022-04-09,RnB,6
2022-04-09,Rock,11
2022-04-16,Afrobeat,2
2022-04-16,Country,18
2022-04-16,Electronic,1
2022-04-16,HipHop,27
2022-04-16,Latin,2
2022-04-16,Pop,30
2022-04-16,RnB,6
2022-04-16,Rock,11
2022-04-23,Afrobeat,1
2022-04-23,Country,18
2022-04-23,Electronic,2
2022-04-23,HipHop,28
2022-04-23,Latin,3
2022-04-23,Pop,30
2022-04-23,RnB,6
2022-04-23,Rock,10
2022-04-30,Afrobeat,1
2022-04-30,Country,19
2022-04-30,Electronic,1
2022-04-30,HipHop,28
2022-04-30,Latin,3
2022-04-30,Pop,30
2022-04-30,RnB,7
2022-04-30,Rock,9
2022-05-07,Afrobeat,1
2022-05-07,Country,19
2022-05-07,Electronic,1
2022-05-07,HipHop,29
2022-05-07,Latin,3
2022-05-07,Pop,31
2022-05-07,RnB,6
2022-05-07,Rock,8
2022-05-14,Afrobeat,1
2022-05-14,Country,16
2022-05-14,Electronic,1
2022-05-14,HipHop,37
2022-05-14,Jazz,1
2022-05-14,Latin,2
2022-05-14,Pop,26
2022-05-14,RnB,5
2022-05-14,Rock,9
2022-05-21,Afrobeat,1
2022-05-21,Country,15
2022-05-21,Electronic,1
2022-05-21,HipHop,27
2022-05-21,Jazz,1
2022-05-21,Latin,24
2022-05-21,Pop,23
2022-05-21,RnB,1
2022-05-21,Rock,6
2022-05-28,Country,16
2022-05-28,Electronic,1
2022-05-28,HipHop,39
2022-05-28,Latin,22
2022-05-28,Pop,14
2022-05-28,RnB,1
2022-05-28,Rock,6
2022-06-04,Country,15
2022-06-04,HipHop,28
2022-06-04,Jazz,1
2022-06-04,Latin,19
2022-06-04,Pop,16
2022-06-04,RnB,3
2022-06-04,Rock,18
2022-06-11,Country,19
2022-06-11,Electronic,1
2022-06-11,HipHop,25
2022-06-11,Latin,15
2022-06-11,Pop,19
2022-06-11,RnB,2
2022-06-11,Rock,18
2022-06-18,Country,17
2022-06-18,Electronic,1
2022-06-18,HipHop,33
2022-06-18,Latin,14
2022-06-18,Pop,20
2022-06-18,RnB,1
2022-06-18,Rock,13
2022-06-25,Country,21
2022-06-25,Electronic,1
2022-06-25,HipHop,26
2022-06-25,Jazz,1
2022-06-25,Latin,14
2022-06-25,Pop,24
2022-06-25,RnB,2
2022-06-25,Rock,10
2022-07-02,Country,21
2022-07-02,HipHop,34
2022-07-02,Jazz,1
2022-07-02,Latin,11
2022-07-02,Pop,22
2022-07-02,RnB,2
2022-07-02,Rock,8
2022-07-09,Country,20
2022-07-09,Electronic,5
2022-07-09,HipHop,29
2022-07-09,Jazz,1
2022-07-09,Latin,11
2022-07-09,Pop,24
2022-07-09,RnB,2
2022-07-09,Rock,7
2022-07-16,Country,22
2022-07-16,Electronic,1
2022-07-16,HipHop,25
2022-07-16,Jazz,3
2022-07-16,Latin,11
2022-07-16,Pop,27
2022-07-16,RnB,2
2022-07-16,Rock,8
2022-07-23,Afrobeat,1
2022-07-23,Country,20
2022-07-23,Electronic,1
2022-07-23,HipHop,22
2022-07-23,Jazz,3
2022-07-23,Latin,10
2022-07-23,Pop,24
2022-07-23,RnB,11
2022-07-23,Rock,7
2022-07-30,Afrobeat,2
2022-07-30,Country,23
2022-07-30,Electronic,1
2022-07-30,HipHop,24
2022-07-30,Jazz,3
2022-07-30,Latin,11
2022-07-30,Pop,26
2022-07-30,RnB,3
2022-07-30,Rock,6
2022-08-06,Afrobeat,2
2022-08-06,Country,21
2022-08-06,Electronic,1
2022-08-06,Gospel,1
2022-08-06,HipHop,26
2022-08-06,Jazz,3
2022-08-06,Latin,12
2022-08-06,Pop,25
2022-08-06,RnB,3
2022-08-06,Rock,5
2022-08-13,Afrobeat,2
2022-08-13,Country,22
2022-08-13,Electronic,2
2022-08-13,HipHop,18
2022-08-13,Jazz,3
2022-08-13,Latin,12
2022-08-13,Pop,18
2022-08-13,RnB,17
2022-08-13,Rock,5
2022-08-20,Afrobeat,2
2022-08-20,Country,19
2022-08-20,Electronic,2
2022-08-20,HipHop,31
2022-08-20,Jazz,3
2022-08-20,Latin,12
2022-08-20,Pop,18
2022-08-20,RnB,8
2022-08-20,Rock,4
2022-08-27,Afrobeat,2
2022-08-27,Country,18
2022-08-27,Electronic,2
2022-08-27,HipHop,35
2022-08-27,Jazz,2
2022-08-27,Latin,12
2022-08-27,Pop,19
2022-08-27,RnB,5
2022-08-27,Rock,4
2022-09-03,Afrobeat,2
2022-09-03,Country,20
2022-09-03,Electronic,2
2022-09-03,HipHop,24
2022-09-03,Jazz,2
2022-09-03,Latin,15
2022-09-03,Pop,22
2022-09-03,RnB,5
2022-09-03,Rock,7
2022-09-10,Afrobeat,2
2022-09-10,Country,16
2022-09-10,Electronic,3
2022-09-10,HipHop,29
2022-09-10,Jazz,2
2022-09-10,Latin,15
2022-09-10,Pop,22
2022-09-10,RnB,4
2022-09-10,Rock,6
2022-09-17,Afrobeat,3
2022-09-17,Country,18
2022-09-17,Electronic,3
2022-09-17,HipHop,24
2022-09-17,Jazz,3
2022-09-17,Latin,15
2022-09-17,Pop,23
2022-09-17,RnB,3
2022-09-17,Rock,7
2022-09-24,Afrobeat,3
2022-09-24,Country,17
2022-09-24,Electronic,4
2022-09-24,HipHop,25
2022-09-24,Jazz,3
2022-09-24,Latin,13
2022-09-24,Pop,21
2022-09-24,RnB,4
2022-09-24,Rock,9
2022-10-01,Afrobeat,3
2022-10-01,Country,19
2022-10-01,Electronic,4
2022-10-01,HipHop,21
2022-10-01,Jazz,4
2022-10-01,Latin,12
2022-10-01,Pop,24
2022-10-01,RnB,4
2022-10-01,Rock,8
2022-10-08,Afrobeat,3
2022-10-08,Country,20
2022-10-08,Electronic,4
2022-10-08,HipHop,21
2022-10-08,Jazz,5
2022-10-08,Latin,10
2022-10-08,Pop,24
2022-10-08,RnB,4
2022-10-08,Rock,9
2022-10-15,Afrobeat,3
2022-10-15,Country,21
2022-10-15,Electronic,4
2022-10-15,HipHop,22
2022-10-15,Jazz,5
2022-10-15,Latin,10
2022-10-15,Pop,23
2022-10-15,RnB,4
2022-10-15,Rock,8
2022-10-22,Afrobeat,3
2022-10-22,Country,20
2022-10-22,Electronic,4
2022-10-22,HipHop,27
2022-10-22,Jazz,5
2022-10-22,Latin,9
2022-10-22,Pop,20
2022-10-22,RnB,4
2022-10-22,Rock,8
2022-10-29,Afrobeat,3
2022-10-29,Country,13
2022-10-29,Electronic,5
2022-10-29,HipHop,39
2022-10-29,Jazz,4
2022-10-29,Latin,7
2022-10-29,Pop,16
2022-10-29,RnB,4
2022-10-29,Rock,9
2022-11-05,Afrobeat,3
2022-11-05,Country,11
2022-11-05,Electronic,3
2022-11-05,HipHop,25
2022-11-05,Jazz,4
2022-11-05,Latin,6
2022-11-05,Pop,37
2022-11-05,RnB,3
2022-11-05,Rock,8
2022-11-12,Afrobeat,3
2022-11-12,Country,11
2022-11-12,Electronic,3
2022-11-12,HipHop,23
2022-11-12,Jazz,3
2022-11-12,Latin,6
2022-11-12,Pop,36
2022-11-12,RnB,5
2022-11-12,Rock,8
2022-11-19,Afrobeat,3
2022-11-19,Country,11
2022-11-19,Electronic,3
2022-11-19,HipHop,34
2022-11-19,Jazz,3
2022-11-19,Latin,3
2022-11-19,Pop,33
2022-11-19,RnB,4
2022-11-19,Rock,7
2022-11-26,Afrobeat,3
2022-11-26,Country,12
2022-11-26,Electronic,3
2022-11-26,HipHop,33
2022-11-26,Jazz,3
2022-11-26,Latin,3
2022-11-26,Pop,31
2022-11-26,RnB,4
2022-11-26,Rock,6
2022-12-03,Afrobeat,2
2022-12-03,Country,12
2022-12-03,Electronic,3
2022-12-03,HipHop,30
2022-12-03,Jazz,5
2022-12-03,Latin,3
2022-12-03,Pop,27
2022-12-03,RnB,4
2022-12-03,Rock,5
2022-12-10,Afrobeat,2
2022-12-10,Country,10
2022-12-10,Electronic,3
2022-12-10,HipHop,24
2022-12-10,Jazz,8
2022-12-10,Latin,3
2022-12-10,Pop,25
2022-12-10,RnB,3
2022-12-10,Rock,6
2022-12-17,Afrobeat,2
2022-12-17,Country,11
2022-12-17,Electronic,3
2022-12-17,HipHop,31
2022-12-17,Jazz,8
2022-12-17,Latin,2
2022-12-17,Pop,20
2022-12-17,RnB,3
2022-12-17,Rock,5
2022-12-24,Afrobeat,1
2022-12-24,Country,8
2022-12-24,Electronic,3
2022-12-24,HipHop,22
2022-12-24,Jazz,8
2022-12-24,Pop,15
2022-12-24,RnB,23
2022-12-24,Rock,5
2022-12-31,Afrobeat,1
2022-12-31,Country,7
2022-12-31,Electronic,3
2022-12-31,HipHop,12
2022-12-31,Jazz,8
2022-12-31,Pop,17
2022-12-31,RnB,22
2022-12-31,Rock,8
2023-01-07,Afrobeat,1
2023-01-07,Country,8
2023-01-07,Electronic,3
2023-01-07,HipHop,11
2023-01-07,Jazz,9
2023-01-07,Latin,5
2023-01-07,Pop,18
2023-01-07,RnB,15
2023-01-07,Rock,7
2023-01-14,Afrobeat,1
2023-01-14,Country,18
2023-01-14,Electronic,3
2023-01-14,HipHop,26
2023-01-14,Jazz,3
2023-01-14,Latin,6
2023-01-14,Pop,22
2023-01-14,RnB,16
2023-01-14,Rock,4
2023-01-21,Afrobeat,1
2023-01-21,Country,19
2023-01-21,Electronic,3
2023-01-21,HipHop,24
2023-01-21,Jazz,3
2023-01-21,Latin,6
2023-01-21,Pop,22
2023-01-21,RnB,16
2023-01-21,Rock,5
2023-01-28,Afrobeat,1
2023-01-28,Country,19
2023-01-28,Electronic,3
2023-01-28,HipHop,21
2023-01-28,Jazz,3
2023-01-28,Latin,7
2023-01-28,Pop,25
2023-01-28,RnB,14
2023-01-28,Rock,5
2023-02-04,Afrobeat,1
2023-02-04,Country,16
2023-02-04,Electronic,3
2023-02-04,Gospel,1
2023-02-04,HipHop,23
2023-02-04,Jazz,3
2023-02-04,Latin,8
2023-02-04,Pop,23
2023-02-04,RnB,13
2023-02-04,Rock,7
2023-02-11,Afrobeat,1
2023-02-11,Country,23
2023-02-11,Electronic,3
2023-02-11,HipHop,21
2023-02-11,Jazz,4
2023-02-11,Latin,10
2023-02-11,Pop,20
2023-02-11,RnB,10
2023-02-11,Rock,6
2023-02-18,Afrobeat,1
2023-02-18,Country,22
2023-02-18,Electronic,3
2023-02-18,HipHop,18
2023-02-18,Jazz,4
2023-02-18,Latin,13
2023-02-18,Pop,19
2023-02-18,RnB,11
2023-02-18,Rock,7
2023-02-25,Afrobeat,1
2023-02-25,Country,25
2023-02-25,Electronic,3
2023-02-25,HipHop,20
2023-02-25,Jazz,2
2023-02-25,Latin,11
2023-02-25,Pop,21
2023-02-25,RnB,10
2023-02-25,Rock,5
2023-03-04,Afrobeat,1
2023-03-04,Country,23
2023-03-04,Electronic,3
2023-03-04,HipHop,26
2023-03-04,Jazz,2
2023-03-04,Latin,10
2023-03-04,Pop,19
2023-03-04,RnB,8
2023-03-04,Rock,6
2023-03-11,Afrobeat,1
2023-03-11,Country,23
2023-03-11,Electronic,3
2023-03-11,HipHop,24
2023-03-11,Jazz,2
2023-03-11,Latin,17
2023-03-11,Pop,18
2023-03-11,RnB,7
2023-03-11,Rock,4
2023-03-18,Afrobeat,1
2023-03-18,Country,47
2023-03-18,Electronic,3
2023-03-18,HipHop,15
2023-03-18,Jazz,1
2023-03-18,Latin,6
2023-03-18,Pop,15
2023-03-18,RnB,7
2023-03-18,Rock,4
2023-03-25,Afrobeat,1
2023-03-25,Country,40
2023-03-25,Electronic,3
2023-03-25,HipHop,15
2023-03-25,Jazz,1
2023-03-25,Latin,9
2023-03-25,Pop,15
2023-03-25,RnB,7
2023-03-25,Rock,8
2023-04-01,Afrobeat,1
2023-04-01,Country,33
2023-04-01,Electronic,3
2023-04-01,HipHop,14
2023-04-01,Jazz,1
2023-04-01,Latin,12
2023-04-01,Pop,18
2023-04-01,RnB,10
2023-04-01,Rock,7
2023-04-08,Afrobeat,1
2023-04-08,Country,24
2023-04-08,Electronic,2
2023-04-08,HipHop,14
2023-04-08,Jazz,1
2023-04-08,Latin,10
2023-04-08,Pop,15
2023-04-08,RnB,7
2023-04-08,Rock,4
2023-04-15,Afrobeat,1
2023-04-15,Country,25
2023-04-15,Electronic,2
2023-04-15,HipHop,20
2023-04-15,Jazz,1
2023-04-15,Latin,12
2023-04-15,Pop,18
2023-04-15,RnB,7
2023-04-15,Rock,4
2023-04-22,Afrobeat,1
2023-04-22,Country,26
2023-04-22,Electronic,2
2023-04-22,HipHop,24
2023-04-22,Jazz,1
2023-04-22,Latin,14
2023-04-22,Pop,16
2023-04-22,RnB,5
2023-04-22,Rock,4
2023-04-29,Afrobeat,1
2023-04-29,Country,24
2023-04-29,Electronic,2
2023-04-29,HipHop,24
2023-04-29,Jazz,1
2023-04-29,Latin,16
2023-04-29,Pop,15
2023-04-29,RnB,3
2023-04-29,Rock,4
2023-05-06,Country,25
2023-05-06,Electronic,3
2023-05-06,HipHop,22
2023-05-06,Jazz,1
2023-05-06,Latin,15
2023-05-06,Pop,19
2023-05-06,RnB,4
2023-05-06,Rock,3
2023-05-13,Afrobeat,2
2023-05-13,Country,25
2023-05-13,Electronic,3
2023-05-13,HipHop,25
2023-05-13,Jazz,2
2023-05-13,Latin,18
2023-05-13,Pop,14
2023-05-13,RnB,5
2023-05-13,Rock,4
2023-05-20,Afrobeat,2
2023-05-20,Country,24
2023-05-20,Electronic,2
2023-05-20,HipHop,27
2023-05-20,Jazz,2
2023-05-20,Latin,18
2023-05-20,Pop,14
2023-05-20,RnB,5
2023-05-20,Rock,4
2023-05-27,Afrobeat,2
2023-05-27,Country,26
2023-05-27,Electronic,2
2023-05-27,HipHop,30
2023-05-27,Jazz,1
2023-05-27,Latin,15
2023-05-27,Pop,14
2023-05-27,RnB,5
2023-05-27,Rock,3
2023-06-03,Afrobeat,2
2023-06-03,Country,23
2023-06-03,Electronic,3
2023-06-03,HipHop,26
2023-06-03,Jazz,2
2023-06-03,Latin,17
2023-06-03,Pop,14
2023-06-03,RnB,7
2023-06-03,Rock,4
2023-06-10,Afrobeat,2
2023-06-10,Country,22
2023-06-10,Electronic,3
2023-06-10,HipHop,33
2023-06-10,Latin,16
2023-06-10,Pop,14
2023-06-10,RnB,6
2023-06-10,Rock,3
2023-06-17,Afrobeat,2
2023-06-17,Country,19
2023-06-17,Electronic,3
2023-06-17,HipHop,34
2023-06-17,Latin,16
2023-06-17,Pop,15
2023-06-17,RnB,6
2023-06-17,Rock,4
2023-06-24,Afrobeat,2
2023-06-24,Country,19
2023-06-24,Electronic,3
2023-06-24,HipHop,32
2023-06-24,Latin,17
2023-06-24,Pop,15
2023-06-24,RnB,6
2023-06-24,Rock,5
2023-07-01,Afrobeat,2
2023-07-01,Country,19
2023-07-01,Electronic,3
2023-07-01,HipHop,36
2023-07-01,Latin,15
2023-07-01,Pop,14
2023-07-01,RnB,5
2023-07-01,Rock,5
2023-07-08,Afrobeat,1
2023-07-08,Country,16
2023-07-08,Electronic,2
2023-07-08,HipHop,37
2023-07-08,Latin,20
2023-07-08,Pop,14
2023-07-08,RnB,4
2023-07-08,Rock,4
2023-07-15,Afrobeat,1
2023-07-15,Country,16
2023-07-15,Electronic,2
2023-07-15,HipHop,39
2023-07-15,Latin,18
2023-07-15,Pop,13
2023-07-15,RnB,3
2023-07-15,Rock,7
2023-07-22,Afrobeat,1
2023-07-22,Country,15
2023-07-22,Electronic,2
2023-07-22,HipHop,22
2023-07-22,Latin,19
2023-07-22,Pop,33
2023-07-22,RnB,3
2023-07-22,Rock,3
2023-07-29,Afrobeat,1
2023-07-29,Country,19
2023-07-29,Electronic,2
2023-07-29,HipHop,27
2023-07-29,Latin,20
2023-07-29,Pop,21
2023-07-29,RnB,4
2023-07-29,Rock,4
2023-08-05,Afrobeat,2
2023-08-05,Country,19
2023-08-05,Electronic,2
2023-08-05,HipHop,25
2023-08-05,Latin,18
2023-08-05,Pop,21
2023-08-05,RnB,4
2023-08-05,Rock,4
2023-08-12,Afrobeat,1
2023-08-12,Country,14
2023-08-12,Electronic,1
2023-08-12,HipHop,47
2023-08-12,Latin,12
2023-08-12,Pop,15
2023-08-12,RnB,3
2023-08-12,Rock,4
2023-08-19,Afrobeat,1
2023-08-19,Country,16
2023-08-19,Electronic,1
2023-08-19,HipHop,39
2023-08-19,Latin,14
2023-08-19,Pop,18
2023-08-19,RnB,4
2023-08-19,Rock,4
2023-08-26,Afrobeat,1
2023-08-26,Country,20
2023-08-26,Electronic,1
2023-08-26,HipHop,31
2023-08-26,Latin,17
2023-08-26,Pop,19
2023-08-26,RnB,3
2023-08-26,Rock,6
2023-09-02,Afrobeat,1
2023-09-02,Country,21
2023-09-02,Electronic,2
2023-09-02,HipHop,32
2023-09-02,Latin,16
2023-09-02,Pop,17
2023-09-02,RnB,3
2023-09-02,Rock,6
2023-09-09,Afrobeat,2
2023-09-09,Country,33
2023-09-09,Electronic,1
2023-09-09,HipHop,25
2023-09-09,Latin,13
2023-09-09,Pop,14
2023-09-09,RnB,4
2023-09-09,Rock,7
2023-09-16,Afrobeat,2
2023-09-16,Country,32
2023-09-16,Electronic,2
2023-09-16,HipHop,25
2023-09-16,Latin,13
2023-09-16,Pop,15
2023-09-16,RnB,3
2023-09-16,Rock,7
2023-09-23,Afrobeat,2
2023-09-23,Country,27
2023-09-23,Electronic,2
2023-09-23,HipHop,22
2023-09-23,Latin,13
2023-09-23,Pop,14
2023-09-23,RnB,3
2023-09-23,Rock,16
2023-09-30,Afrobeat,1
2023-09-30,Country,17
2023-09-30,HipHop,37
2023-09-30,Latin,9
2023-09-30,Pop,14
2023-09-30,RnB,3
2023-09-30,Rock,17
2023-10-07,Afrobeat,1
2023-10-07,Country,24
2023-10-07,HipHop,28
2023-10-07,Latin,10
2023-10-07,Pop,15
2023-10-07,RnB,4
2023-10-07,Rock,16
2023-10-14,Afrobeat,1
2023-10-14,Country,23
2023-10-14,Electronic,1
2023-10-14,HipHop,27
2023-10-14,Latin,12
2023-10-14,Pop,19
2023-10-14,RnB,4
2023-10-14,Rock,11
2023-10-21,Country,16
2023-10-21,HipHop,42
2023-10-21,Latin,8
2023-10-21,Pop,19
2023-10-21,RnB,4
2023-10-21,Rock,9
2023-10-28,Country,11
2023-10-28,HipHop,35
2023-10-28,Latin,24
2023-10-28,Pop,15
2023-10-28,RnB,4
2023-10-28,Rock,9
2023-11-04,Country,19
2023-11-04,Electronic,1
2023-11-04,HipHop,30
2023-11-04,Latin,16
2023-11-04,Pop,17
2023-11-04,RnB,4
2023-11-04,Rock,11
2023-11-11,Country,16
2023-11-11,Electronic,1
2023-11-11,HipHop,17
2023-11-11,Jazz,1
2023-11-11,Latin,10
2023-11-11,Pop,34
2023-11-11,RnB,6
2023-11-11,Rock,10
2023-11-18,Country,20
2023-11-18,Electronic,1
2023-11-18,HipHop,17
2023-11-18,Jazz,1
2023-11-18,Latin,11
2023-11-18,Pop,30
2023-11-18,RnB,4
2023-11-18,Rock,13
2023-11-25,Country,19
2023-11-25,Electronic,1
2023-11-25,HipHop,20
2023-11-25,Jazz,1
2023-11-25,Latin,8
2023-11-25,Pop,27
2023-11-25,RnB,4
2023-11-25,Rock,12
2023-12-02,Country,17
2023-12-02,Electronic,1
2023-12-02,HipHop,25
2023-12-02,Jazz,3
2023-12-02,Latin,8
2023-12-02,Pop,20
2023-12-02,RnB,4
2023-12-02,Rock,12
2023-12-09,Country,17
2023-12-09,Electronic,1
2023-12-09,HipHop,16
2023-12-09,Jazz,6
2023-12-09,Latin,6
2023-12-09,Pop,18
2023-12-09,RnB,4
2023-12-09,Rock,14
2023-12-16,Country,15
2023-12-16,Electronic,1
2023-12-16,HipHop,17
2023-12-16,Jazz,6
2023-12-16,Latin,6
2023-12-16,Pop,19
2023-12-16,RnB,4
2023-12-16,Rock,13
2023-12-23,Country,13
2023-12-23,Electronic,1
2023-12-23,HipHop,25
2023-12-23,Jazz,6
2023-12-23,Latin,4
2023-12-23,Pop,15
2023-12-23,RnB,3
2023-12-23,Rock,14
2023-12-30,Country,14
2023-12-30,Electronic,2
2023-12-30,HipHop,14
2023-12-30,Jazz,6
2023-12-30,Latin,5
2023-12-30,Pop,19
2023-12-30,RnB,4
2023-12-30,Rock,16
2024-01-06,Country,13
2024-01-06,Electronic,2
2024-01-06,HipHop,12
2024-01-06,Jazz,7
2024-01-06,Latin,6
2024-01-06,Pop,19
2024-01-06,RnB,3
2024-01-06,Rock,15
2024-01-13,Country,23
2024-01-13,Electronic,1
2024-01-13,HipHop,22
2024-01-13,Jazz,1
2024-01-13,Latin,11
2024-01-13,Pop,22
2024-01-13,RnB,4
2024-01-13,Rock,14
2024-01-20,Country,23
2024-01-20,Electronic,1
2024-01-20,HipHop,23
2024-01-20,Jazz,1
2024-01-20,Latin,10
2024-01-20,Pop,22
2024-01-20,RnB,5
2024-01-20,Rock,14
2024-01-27,Country,18
2024-01-27,Electronic,1
2024-01-27,HipHop,49
2024-01-27,Jazz,1
2024-01-27,Latin,7
2024-01-27,Pop,20
2024-01-27,RnB,5
2024-01-27,Rock,11
2024-02-03,Country,18
2024-02-03,Electronic,3
2024-02-03,HipHop,42
2024-02-03,Jazz,1
2024-02-03,Latin,7
2024-02-03,Pop,19
2024-02-03,RnB,6
2024-02-03,Rock,11
2024-02-10,Country,21
2024-02-10,Electronic,2
2024-02-10,HipHop,39
2024-02-10,Jazz,1
2024-02-10,Latin,6
2024-02-10,Pop,20
2024-02-10,Reggae,1
2024-02-10,RnB,5
2024-02-10,Rock,9
2024-02-17,Country,19
2024-02-17,Electronic,3
2024-02-17,HipHop,37
2024-02-17,Jazz,1
2024-02-17,Latin,5
2024-02-17,Pop,20
2024-02-17,Reggae,1
2024-02-17,RnB,5
2024-02-17,Rock,11
2024-02-24,Country,14
2024-02-24,HipHop,28
2024-02-24,Jazz,1
2024-02-24,Latin,4
2024-02-24,Pop,22
2024-02-24,Reggae,1
2024-02-24,RnB,8
2024-02-24,Rock,8
2024-03-02,Country,16
2024-03-02,Electronic,1
2024-03-02,HipHop,30
2024-03-02,Jazz,1
2024-03-02,Latin,6
2024-03-02,Pop,22
2024-03-02,Reggae,1
2024-03-02,RnB,8
2024-03-02,Rock,8
2024-03-09,Country,17
2024-03-09,Electronic,1
2024-03-09,HipHop,31
2024-03-09,Jazz,1
2024-03-09,Latin,6
2024-03-09,Pop,23
2024-03-09,Reggae,1
2024-03-09,RnB,7
2024-03-09,Rock,9
2024-03-16,Country,20
2024-03-16,Electronic,1
2024-03-16,HipHop,31
2024-03-16,Jazz,1
2024-03-16,Latin,5
2024-03-16,Pop,23
2024-03-16,Reggae,1
2024-03-16,RnB,7
2024-03-16,Rock,8
2024-03-23,Country,18
2024-03-23,Electronic,1
2024-03-23,HipHop,24
2024-03-23,Jazz,1
2024-03-23,Latin,5
2024-03-23,Pop,34
2024-03-23,Reggae,1
2024-03-23,RnB,5
2024-03-23,Rock,7
2024-03-30,Country,18
2024-03-30,Electronic,1
2024-03-30,HipHop,25
2024-03-30,Latin,6
2024-03-30,Pop,34
2024-03-30,Reggae,1
2024-03-30,RnB,5
2024-03-30,Rock,8
2024-04-06,Country,9
2024-04-06,Electronic,1
2024-04-06,HipHop,36
2024-04-06,Latin,3
2024-04-06,Pop,28
2024-04-06,Reggae,1
2024-04-06,RnB,4
2024-04-06,Rock,15
2024-04-13,Country,11
2024-04-13,HipHop,26
2024-04-13,Latin,3
2024-04-13,Pop,22
2024-04-13,Reggae,1
2024-04-13,RnB,26
2024-04-13,Rock,8
2024-04-20,Country,12
2024-04-20,HipHop,37
2024-04-20,Jazz,1
2024-04-20,Latin,2
2024-04-20,Pop,23
2024-04-20,Reggae,1
2024-04-20,RnB,12
2024-04-20,Rock,9
2024-04-27,Country,13
2024-04-27,HipHop,41
2024-04-27,Jazz,1
2024-04-27,Latin,2
2024-04-27,Pop,23
2024-04-27,Reggae,1
2024-04-27,RnB,6
2024-04-27,Rock,9
2024-05-04,Country,8
2024-05-04,HipHop,25
2024-05-04,Jazz,1
2024-05-04,Latin,2
2024-05-04,Pop,50
2024-05-04,Reggae,1
2024-05-04,RnB,4
2024-05-04,Rock,8
2024-05-11,Country,9
2024-05-11,Electronic,2
2024-05-11,HipHop,22
2024-05-11,Jazz,1
2024-05-11,Latin,3
2024-05-11,Pop,48
2024-05-11,RnB,4
2024-05-11,Rock,9
2024-05-18,Country,11
2024-05-18,Electronic,2
2024-05-18,HipHop,26
2024-05-18,Jazz,1
2024-05-18,Latin,3
2024-05-18,Pop,42
2024-05-18,RnB,4
2024-05-18,Rock,8
2024-05-25,Country,11
2024-05-25,Electronic,2
2024-05-25,HipHop,32
2024-05-25,Jazz,1
2024-05-25,Latin,2
2024-05-25,Pop,38
2024-05-25,RnB,3
2024-05-25,Rock,8
2024-06-01,Country,12
2024-06-01,Electronic,2
2024-06-01,HipHop,26
2024-06-01,Jazz,1
2024-06-01,Latin,1
2024-06-01,Pop,42
2024-06-01,RnB,3
2024-06-01,Rock,9
2024-06-08,Country,13
2024-06-08,Electronic,2
2024-06-08,HipHop,26
2024-06-08,Jazz,1
2024-06-08,Latin,2
2024-06-08,Pop,39
2024-06-08,RnB,4
2024-06-08,Rock,9
2024-06-15,Country,15
2024-06-15,Electronic,2
2024-06-15,HipHop,21
2024-06-15,Jazz,1
2024-06-15,Latin,2
2024-06-15,Pop,39
2024-06-15,RnB,5
2024-06-15,Rock,10
2024-06-22,Country,17
2024-06-22,Electronic,2
2024-06-22,HipHop,20
2024-06-22,Jazz,1
2024-06-22,Latin,1
2024-06-22,Pop,38
2024-06-22,RnB,5
2024-06-22,Rock,12
2024-06-29,Country,17
2024-06-29,Electronic,3
2024-06-29,HipHop,31
2024-06-29,Jazz,1
2024-06-29,Latin,1
2024-06-29,Pop,32
2024-06-29,RnB,4
2024-06-29,Rock,10
2024-07-06,Country,16
2024-07-06,Electronic,4
2024-07-06,HipHop,23
2024-07-06,Jazz,1
2024-07-06,Latin,5
2024-07-06,Pop,32
2024-07-06,RnB,4
2024-07-06,Rock,12
2024-07-13,Country,16
2024-07-13,Electronic,6
2024-07-13,HipHop,23
2024-07-13,Jazz,1
2024-07-13,Latin,2
2024-07-13,Pop,34
2024-07-13,RnB,3
2024-07-13,Rock,12
2024-07-20,Country,28
2024-07-20,Electronic,4
2024-07-20,HipHop,21
2024-07-20,Jazz,1
2024-07-20,Latin,2
2024-07-20,Pop,26
2024-07-20,RnB,4
2024-07-20,Rock,11
2024-07-27,Country,18
2024-07-27,Electronic,3
2024-07-27,HipHop,37
2024-07-27,Jazz,1
2024-07-27,Latin,2
2024-07-27,Pop,24
2024-07-27,RnB,2
2024-07-27,Rock,11
2024-08-03,Country,16
2024-08-03,Electronic,5
2024-08-03,HipHop,27
2024-08-03,Jazz,1
2024-08-03,Latin,2
2024-08-03,Pop,30
2024-08-03,RnB,4
2024-08-03,Rock,11
2024-08-10,Country,16
2024-08-10,Electronic,6
2024-08-10,HipHop,26
2024-08-10,Jazz,1
2024-08-10,Latin,4
2024-08-10,Pop,28
2024-08-10,RnB,3
2024-08-10,Rock,12
2024-08-17,Country,16
2024-08-17,Electronic,5
2024-08-17,HipHop,24
2024-08-17,Jazz,1
2024-08-17,Latin,4
2024-08-17,Pop,32
2024-08-17,RnB,2
2024-08-17,Rock,11
2024-08-24,Country,18
2024-08-24,Electronic,7
2024-08-24,HipHop,23
2024-08-24,Jazz,1
2024-08-24,Latin,4
2024-08-24,Pop,29
2024-08-24,RnB,2
2024-08-24,Rock,11
2024-08-31,Country,15
2024-08-31,Electronic,3
2024-08-31,HipHop,32
2024-08-31,Jazz,1
2024-08-31,Latin,4
2024-08-31,Pop,30
2024-08-31,RnB,2
2024-08-31,Rock,9
2024-09-07,Country,15
2024-09-07,Electronic,3
2024-09-07,HipHop,25
2024-09-07,Latin,4
2024-09-07,Pop,39
2024-09-07,RnB,2
2024-09-07,Rock,10
2024-09-14,Country,13
2024-09-14,Electronic,4
2024-09-14,HipHop,28
2024-09-14,Latin,4
2024-09-14,Pop,39
2024-09-14,RnB,2
2024-09-14,Rock,9
2024-09-21,Country,12
2024-09-21,Electronic,6
2024-09-21,HipHop,26
2024-09-21,Latin,4
2024-09-21,Pop,39
2024-09-21,RnB,2
2024-09-21,Rock,10
2024-09-28,Country,13
2024-09-28,Electronic,5
2024-09-28,HipHop,26
2024-09-28,Latin,3
2024-09-28,Pop,39
2024-09-28,RnB,2
2024-09-28,Rock,11
2024-10-05,Country,11
2024-10-05,Electronic,4
2024-10-05,HipHop,37
2024-10-05,Latin,4
2024-10-05,Pop,33
2024-10-05,RnB,1
2024-10-05,Rock,10
2024-10-12,Country,14
2024-10-12,Electronic,5
2024-10-12,HipHop,27
2024-10-12,Latin,3
2024-10-12,Pop,38
2024-10-12,RnB,1
2024-10-12,Rock,12
2024-10-19,Country,16
2024-10-19,Electronic,5
2024-10-19,HipHop,28
2024-10-19,Jazz,1
2024-10-19,Latin,3
2024-10-19,Pop,35
2024-10-19,RnB,1
2024-10-19,Rock,11
2024-10-26,Country,11
2024-10-26,Electronic,5
2024-10-26,HipHop,43
2024-10-26,Latin,2
2024-10-26,Pop,31
2024-10-26,RnB,1
2024-10-26,Rock,8
2024-11-02,Country,13
2024-11-02,Electronic,5
2024-11-02,HipHop,35
2024-11-02,Latin,4
2024-11-02,Pop,32
2024-11-02,RnB,1
2024-11-02,Rock,9
2024-11-09,Country,12
2024-11-09,Electronic,5
2024-11-09,HipHop,37
2024-11-09,Latin,4
2024-11-09,Pop,29
2024-11-09,RnB,3
2024-11-09,Rock,8
2024-11-16,Country,12
2024-11-16,Electronic,5
2024-11-16,HipHop,41
2024-11-16,Latin,3
2024-11-16,Pop,30
2024-11-16,RnB,1
2024-11-16,Rock,8
2024-11-23,Country,16
2024-11-23,Electronic,5
2024-11-23,Gospel,1
2024-11-23,HipHop,33
2024-11-23,Latin,4
2024-11-23,Pop,31
2024-11-23,RnB,1
2024-11-23,Rock,8
2024-11-30,Country,14
2024-11-30,Electronic,6
2024-11-30,HipHop,30
2024-11-30,Latin,2
2024-11-30,Pop,29
2024-11-30,RnB,1
2024-11-30,Rock,11
2024-12-07,Country,11
2024-12-07,Electronic,3
2024-12-07,HipHop,31
2024-12-07,Jazz,2
2024-12-07,Latin,1
2024-12-07,Pop,31
2024-12-07,RnB,1
2024-12-07,Rock,7
2024-12-14,Country,8
2024-12-14,Electronic,2
2024-12-14,HipHop,24
2024-12-14,Jazz,5
2024-12-14,Latin,1
2024-12-14,Pop,28
2024-12-14,RnB,2
2024-12-14,Rock,12
2024-12-21,Country,7
2024-12-21,Electronic,3
2024-12-21,HipHop,25
2024-12-21,Jazz,5
2024-12-21,Latin,2
2024-12-21,Pop,28
2024-12-21,RnB,2
2024-12-21,Rock,9
2024-12-28,Country,7
2024-12-28,Electronic,3
2024-12-28,HipHop,26
2024-12-28,Jazz,5
2024-12-28,Latin,1
2024-12-28,Pop,28
2024-12-28,RnB,2
2024-12-28,Rock,11
2025-01-04,Country,7
2025-01-04,Electronic,2
2025-01-04,HipHop,13
2025-01-04,Jazz,7
2025-01-04,Latin,1
2025-01-04,Pop,23
2025-01-04,RnB,16
2025-01-04,Rock,9
2025-01-11,Country,16
2025-01-11,Electronic,6
2025-01-11,HipHop,25
2025-01-11,Latin,3
2025-01-11,Pop,29
2025-01-11,RnB,12
2025-01-11,Rock,7
2025-01-18,Country,11
2025-01-18,Electronic,4
2025-01-18,HipHop,28
2025-01-18,Latin,18
2025-01-18,Pop,24
2025-01-18,RnB,6
2025-01-18,Rock,6
2025-01-25,Country,11
2025-01-25,Electronic,6
2025-01-25,HipHop,24
2025-01-25,Latin,18
2025-01-25,Pop,24
2025-01-25,RnB,6
2025-01-25,Rock,7
2025-02-01,Country,11
2025-02-01,Electronic,5
2025-02-01,HipHop,26
2025-02-01,Latin,18
2025-02-01,Pop,23
2025-02-01,RnB,5
2025-02-01,Rock,7
2025-02-08,Country,13
2025-02-08,Electronic,5
2025-02-08,HipHop,22
2025-02-08,Jazz,1
2025-02-08,Latin,18
2025-02-08,Pop,24
2025-02-08,RnB,4
2025-02-08,Rock,8
2025-02-15,Country,12
2025-02-15,Electronic,5
2025-02-15,HipHop,20
2025-02-15,Latin,12
2025-02-15,Pop,37
2025-02-15,RnB,4
2025-02-15,Rock,7
2025-02-22,Country,10
2025-02-22,Electronic,5
2025-02-22,Gospel,1
2025-02-22,HipHop,26
2025-02-22,Jazz,1
2025-02-22,Latin,9
2025-02-22,Pop,33
2025-02-22,RnB,5
2025-02-22,Rock,7
2025-03-01,Country,9
2025-03-01,Electronic,2
2025-03-01,HipHop,39
2025-03-01,Jazz,1
2025-03-01,Latin,8
2025-03-01,Pop,26
2025-03-01,RnB,5
2025-03-01,Rock,6
2025-03-08,Country,10
2025-03-08,Electronic,2
2025-03-08,HipHop,30
2025-03-08,Jazz,1
2025-03-08,Latin,7
2025-03-08,Pop,26
2025-03-08,RnB,5
2025-03-08,Rock,16
2025-03-15,Country,11
2025-03-15,Electronic,3
2025-03-15,Gospel,1
2025-03-15,HipHop,26
2025-03-15,Jazz,1
2025-03-15,Latin,9
2025-03-15,Pop,27
2025-03-15,RnB,6
2025-03-15,Rock,13
2025-03-22,Country,11
2025-03-22,Electronic,3
2025-03-22,Gospel,1
2025-03-22,HipHop,24
2025-03-22,Jazz,1
2025-03-22,Latin,7
2025-03-22,Pop,37
2025-03-22,RnB,6
2025-03-22,Rock,8
2025-03-29,Country,9
2025-03-29,Electronic,3
2025-03-29,Gospel,1
2025-03-29,HipHop,46
2025-03-29,Jazz,1
2025-03-29,Latin,4
2025-03-29,Pop,22
2025-03-29,RnB,4
2025-03-29,Rock,8
2025-04-05,Country,16
2025-04-05,Electronic,3
2025-04-05,Gospel,1
2025-04-05,HipHop,28
2025-04-05,Jazz,1
2025-04-05,Latin,6
2025-04-05,Pop,29
2025-04-05,RnB,5
2025-04-05,Rock,9
2025-04-12,Country,15
2025-04-12,Electronic,4
2025-04-12,Gospel,1
2025-04-12,HipHop,27
2025-04-12,Jazz,2
2025-04-12,Latin,5
2025-04-12,Pop,32
2025-04-12,RnB,6
2025-04-12,Rock,7
2025-04-19,Country,13
2025-04-19,Electronic,4
2025-04-19,Gospel,1
2025-04-19,HipHop,24
2025-04-19,Jazz,2
2025-04-19,Latin,6
2025-04-19,Pop,33
2025-04-19,RnB,7
2025-04-19,Rock,10
2025-04-26,Country,15
2025-04-26,Electronic,4
2025-04-26,Gospel,1
2025-04-26,HipHop,22
2025-04-26,Jazz,2
2025-04-26,Latin,6
2025-04-26,Pop,35
2025-04-26,RnB,6
2025-04-26,Rock,9
2025-05-03,Country,17
2025-05-03,Electronic,5
2025-05-03,Gospel,1
2025-05-03,HipHop,22
2025-05-03,Jazz,2
2025-05-03,Latin,5
2025-05-03,Pop,34
2025-05-03,RnB,5
2025-05-03,Rock,10
2025-05-10,Country,17
2025-05-10,Electronic,3
2025-05-10,Gospel,1
2025-05-10,HipHop,24
2025-05-10,Jazz,2
2025-05-10,Latin,4
2025-05-10,Pop,33
2025-05-10,RnB,4
2025-05-10,Rock,12
2025-05-17,Country,18
2025-05-17,Electronic,3
2025-05-17,Gospel,1
2025-05-17,HipHop,22
2025-05-17,Jazz,2
2025-05-17,Latin,6
2025-05-17,Pop,33
2025-05-17,RnB,5
2025-05-17,Rock,9
2025-05-24,Country,19
2025-05-24,Electronic,1
2025-05-24,Gospel,1
2025-05-24,HipHop,17
2025-05-24,Jazz,2
2025-05-24,Latin,6
2025-05-24,Pop,30
2025-05-24,RnB,4
2025-05-24,Rock,19
2025-05-31,Country,43
2025-05-31,Gospel,1
2025-05-31,HipHop,13
2025-05-31,Jazz,1
2025-05-31,Latin,6
2025-05-31,Pop,23
2025-05-31,RnB,4
2025-05-31,Rock,6
2025-06-07,Country,39
2025-06-07,Gospel,1
2025-06-07,HipHop,14
2025-06-07,Jazz,2
2025-06-07,Latin,5
2025-06-07,Pop,26
2025-06-07,RnB,4
2025-06-07,Rock,7
2025-06-14,Country,34
2025-06-14,Gospel,1
2025-06-14,HipHop,15
2025-06-14,Jazz,2
2025-06-14,Latin,6
2025-06-14,Pop,28
2025-06-14,RnB,4
2025-06-14,Rock,8
2025-06-21,Country,26
2025-06-21,Gospel,1
2025-06-21,HipHop,22
2025-06-21,Jazz,2
2025-06-21,Latin,5
2025-06-21,Pop,31
2025-06-21,RnB,4
2025-06-21,Rock,7
2025-06-28,Country,25
2025-06-28,Electronic,1
2025-06-28,Gospel,1
2025-06-28,HipHop,18
2025-06-28,Jazz,2
2025-06-28,Latin,5
2025-06-28,Pop,34
2025-06-28,RnB,5
2025-06-28,Rock,8
2025-07-05,Country,26
2025-07-05,Gospel,1
2025-07-05,HipHop,15
2025-07-05,Jazz,2
2025-07-05,Latin,8
2025-07-05,Pop,31
2025-07-05,RnB,5
2025-07-05,Rock,7
2025-07-12,Country,22
2025-07-12,Gospel,1
2025-07-12,HipHop,18
2025-07-12,Jazz,2
2025-07-12,Latin,5
2025-07-12,Pop,31
2025-07-12,RnB,5
2025-07-12,Rock,6
2025-07-19,Country,26
2025-07-19,Electronic,1
2025-07-19,Gospel,1
2025-07-19,HipHop,13
2025-07-19,Jazz,2
2025-07-19,Latin,6
2025-07-19,Pop,30
2025-07-19,RnB,5
2025-07-19,Rock,6
2025-07-26,Country,18
2025-07-26,Gospel,1
2025-07-26,HipHop,21
2025-07-26,Jazz,2
2025-07-26,Latin,3
2025-07-26,Pop,38
2025-07-26,RnB,4
2025-07-26,Rock,5
2025-08-02,Country,17
2025-08-02,Electronic,1
2025-08-02,Gospel,2
2025-08-02,HipHop,25
2025-08-02,Jazz,2
2025-08-02,Latin,3
2025-08-02,Pop,28
2025-08-02,RnB,4
2025-08-02,Rock,8
2025-08-09,Country,20
2025-08-09,Electronic,2
2025-08-09,Gospel,2
2025-08-09,HipHop,20
2025-08-09,Jazz,2
2025-08-09,Latin,5
2025-08-09,Pop,26
2025-08-09,RnB,4
2025-08-09,Rock,9
2025-08-16,Country,20
2025-08-16,Electronic,2
2025-08-16,Gospel,2
2025-08-16,HipHop,23
2025-08-16,Jazz,2
2025-08-16,Latin,4
2025-08-16,Pop,27
2025-08-16,RnB,5
2025-08-16,Rock,8
2025-08-23,Country,21
2025-08-23,Electronic,2
2025-08-23,Gospel,2
2025-08-23,HipHop,23
2025-08-23,Jazz,2
2025-08-23,Latin,3
2025-08-23,Pop,25
2025-08-23,RnB,4
2025-08-23,Rock,9
2025-08-30,Country,21
2025-08-30,Electronic,2
2025-08-30,Gospel,2
2025-08-30,HipHop,20
2025-08-30,Jazz,1
2025-08-30,Latin,3
2025-08-30,Pop,27
2025-08-30,RnB,5
2025-08-30,Rock,10
2025-09-06,Country,20
2025-09-06,Electronic,3
2025-09-06,Gospel,1
2025-09-06,HipHop,15
2025-09-06,Jazz,1
2025-09-06,Latin,3
2025-09-06,Pop,32
2025-09-06,RnB,6
2025-09-06,Rock,9
2025-09-13,Country,19
2025-09-13,Electronic,3
2025-09-13,Gospel,1
2025-09-13,HipHop,13
2025-09-13,Jazz,1
2025-09-13,Latin,2
2025-09-13,Pop,39
2025-09-13,RnB,4
2025-09-13,Rock,9
2025-09-20,Country,17
2025-09-20,Electronic,2
2025-09-20,Gospel,1
2025-09-20,HipHop,13
2025-09-20,Jazz,1
2025-09-20,Latin,2
2025-09-20,Pop,42
2025-09-20,RnB,4
2025-09-20,Rock,9
2025-09-27,Country,17
2025-09-27,Electronic,2
2025-09-27,Gospel,1
2025-09-27,HipHop,15
2025-09-27,Jazz,1
2025-09-27,Latin,2
2025-09-27,Pop,41
2025-09-27,RnB,4
2025-09-27,Rock,8
2025-10-04,Country,13
2025-10-04,Electronic,3
2025-10-04,Gospel,1
2025-10-04,HipHop,11
2025-10-04,Jazz,1
2025-10-04,Latin,1
2025-10-04,Pop,51
2025-10-04,RnB,4
2025-10-04,Rock,7
2025-10-11,Country,15
2025-10-11,Electronic,2
2025-10-11,Gospel,2
2025-10-11,HipHop,12
2025-10-11,Jazz,1
2025-10-11,Latin,2
2025-10-11,Pop,44
2025-10-11,RnB,4
2025-10-11,Rock,9
