artist,l1,l2,l3,matched_name,spotify_artist_id,genres_raw,source,matched_from,last_chart_year
lighter shade of brown,lighter shade of brown,lighter shade of brown,lighter shade of brown,Lighter Shade Of Brown,7AyywyUcQP99oit737gZK2,latin hip hop;funk melody;g-funk;west coast hip hop;mexican hip hop,spotify,artist,1994
lighter shade of brown featuring teardrop & shiro,lighter shade of brown,lighter shade of brown,lighter shade of brown,Lighter Shade Of Brown,7AyywyUcQP99oit737gZK2,latin hip hop;funk melody;g-funk;west coast hip hop;mexican hip hop,spotify,l1,1991
lighthouse,lighthouse,lighthouse,lighthouse,Lighthouse,1YONuiYyTSZiWtE5NJDUsp,christian hip hop,spotify,artist,1973
lightning seeds,lightning seeds,lightning seeds,lightning seeds,Lightning Seeds,757qdRKAuwXwaK3fGAE6rA,,none,artist,1992
lil baby,lil baby,lil baby,lil baby,Lil Baby,3FS1key8UDgSlIDGYmLROZ,,none,artist,2025
lil baby & 21 savage,lil baby & 21 savage,lil baby,lil baby,Lil Baby,3FS1key8UDgSlIDGYmLROZ,,none,l2,2025
lil baby & 42 dugg,lil baby & 42 dugg,lil baby,lil baby,Lil Baby,3FS1key8UDgSlIDGYmLROZ,,none,l2,2020
lil baby & dababy,lil baby & dababy,lil baby,lil baby,Lil Baby,3FS1key8UDgSlIDGYmLROZ,,none,l2,2020
lil baby & drake,lil baby & drake,lil baby,lil baby,Lil Baby,3FS1key8UDgSlIDGYmLROZ,,none,l2,2018
lil baby & est gee,lil baby & est gee,lil baby,lil baby,Lil Baby,3FS1key8UDgSlIDGYmLROZ,,none,l2,2022
lil baby & glorilla,lil baby & glorilla,lil baby,lil baby,Lil Baby,3FS1key8UDgSlIDGYmLROZ,,none,l2,2025
lil baby & gunna,lil baby & gunna,lil baby,lil baby,Lil Baby,3FS1key8UDgSlIDGYmLROZ,,none,l2,2020
lil baby & gunna featuring drake,lil baby & gunna,lil baby,lil baby,Lil Baby,3FS1key8UDgSlIDGYmLROZ,,none,l2,2018
lil baby & gunna featuring lil durk & nav,lil baby & gunna,lil baby,lil baby,Lil Baby,3FS1key8UDgSlIDGYmLROZ,,none,l2,2018
lil baby & lil durk,lil baby & lil durk,lil baby,lil baby,Lil Baby,3FS1key8UDgSlIDGYmLROZ,,none,l2,2021
lil baby & moneybagg yo,lil baby & moneybagg yo,lil baby,lil baby,Lil Baby,3FS1key8UDgSlIDGYmLROZ,,none,l2,2020
lil baby & nardo wick,lil baby & nardo wick,lil baby,lil baby,Lil Baby,3FS1key8UDgSlIDGYmLROZ,,none,l2,2022
lil baby & rylo rodriguez,lil baby & rylo rodriguez,lil baby,lil baby,Lil Baby,3FS1key8UDgSlIDGYmLROZ,,none,l2,2022
lil baby & rylo rodriguez featuring rod wave,lil baby & rylo rodriguez,lil baby,lil baby,Lil Baby,3FS1key8UDgSlIDGYmLROZ,,none,l2,2025
lil baby & young thug,lil baby & young thug,lil baby,lil baby,Lil Baby,3FS1key8UDgSlIDGYmLROZ,,none,l2,2022
lil baby featuring est gee,lil baby,lil baby,lil baby,Lil Baby,3FS1key8UDgSlIDGYmLROZ,,none,l1,2021
lil baby featuring fridayy,lil baby,lil baby,lil baby,Lil Baby,3FS1key8UDgSlIDGYmLROZ,,none,l1,2023
lil baby featuring future,lil baby,lil baby,lil baby,Lil Baby,3FS1key8UDgSlIDGYmLROZ,,none,l1,2022
lil baby featuring gunna,lil baby,lil baby,lil baby,Lil Baby,3FS1key8UDgSlIDGYmLROZ,,none,l1,2018
lil baby featuring gunna & lil uzi vert,lil baby,lil baby,lil baby,Lil Baby,3FS1key8UDgSlIDGYmLROZ,,none,l1,2018
lil baby featuring jeremih,lil baby,lil baby,lil baby,Lil Baby,3FS1key8UDgSlIDGYmLROZ,,none,l1,2022
lil baby featuring lil uzi vert,lil baby,lil baby,lil baby,Lil Baby,3FS1key8UDgSlIDGYmLROZ,,none,l1,2020
lil baby featuring lil wayne,lil baby,lil baby,lil baby,Lil Baby,3FS1key8UDgSlIDGYmLROZ,,none,l1,2020
lil baby featuring meek mill,lil baby,lil baby,lil baby,Lil Baby,3FS1key8UDgSlIDGYmLROZ,,none,l1,2018
lil baby featuring pooh shiesty,lil baby,lil baby,lil baby,Lil Baby,3FS1key8UDgSlIDGYmLROZ,,none,l1,2022
lil baby featuring travis scott,lil baby,lil baby,lil baby,Lil Baby,3FS1key8UDgSlIDGYmLROZ,,none,l1,2025
"lil baby, 42 dugg & veeze","lil baby, 42 dugg & veeze",lil baby,lil baby,Lil Baby,3FS1key8UDgSlIDGYmLROZ,,none,l2,2022
"lil baby, lil durk & meek mill","lil baby, lil durk & meek mill",lil baby,lil baby,Lil Baby,3FS1key8UDgSlIDGYmLROZ,,none,l2,2021
"lil baby, lil durk & rod wave","lil baby, lil durk & rod wave",lil baby,lil baby,Lil Baby,3FS1key8UDgSlIDGYmLROZ,,none,l2,2021
"lil baby, lil durk & travis scott","lil baby, lil durk & travis scott",lil baby,lil baby,Lil Baby,3FS1key8UDgSlIDGYmLROZ,,none,l2,2021
"lil baby, lil durk & young thug","lil baby, lil durk & young thug",lil baby,lil baby,Lil Baby,3FS1key8UDgSlIDGYmLROZ,,none,l2,2021
"lil baby, young thug & future","lil baby, young thug & future",lil baby,lil baby,Lil Baby,3FS1key8UDgSlIDGYmLROZ,,none,l2,2025
lil boosie featuring foxx & webbie,lil boosie,lil boosie,lil boosie,Lil Boosie,5ssZNoAqgH8OnREqpoxvt3,,none,l1,2007
lil bow wow,lil bow wow,lil bow wow,lil bow wow,,,,none,,2002
lil bow wow featuring jagged edge,lil bow wow,lil bow wow,lil bow wow,,,,none,,2001
lil bow wow featuring jagged edge & fundisha,lil bow wow,lil bow wow,lil bow wow,,,,none,,2002
lil bow wow featuring xscape,lil bow wow,lil bow wow,lil bow wow,,,,none,,2001
lil dicky,lil dicky,lil dicky,lil dicky,Lil Dicky,1tqhsYv8yBBdwANFNzHtcr,,none,artist,2019
lil dicky featuring chris brown,lil dicky,lil dicky,lil dicky,Lil Dicky,1tqhsYv8yBBdwANFNzHtcr,,none,l1,2018
lil dicky featuring fetty wap & rich homie quan,lil dicky,lil dicky,lil dicky,Lil Dicky,1tqhsYv8yBBdwANFNzHtcr,,none,l1,2016
lil durk,lil durk,lil durk,lil durk,Lil Durk,3hcs9uc56yIGFCSy9leWe7,chicago drill;drill,spotify,artist,2025
lil durk & chief wuk,lil durk & chief wuk,lil durk,lil durk,Lil Durk,3hcs9uc56yIGFCSy9leWe7,chicago drill;drill,spotify,l2,2023
lil durk & king von,lil durk & king von,lil durk,lil durk,Lil Durk,3hcs9uc56yIGFCSy9leWe7,chicago drill;drill,spotify,l2,2021
lil durk featuring 21 savage,lil durk,lil durk,lil durk,Lil Durk,3hcs9uc56yIGFCSy9leWe7,chicago drill;drill,spotify,l1,2023
lil durk featuring doodie lo,lil durk,lil durk,lil durk,Lil Durk,3hcs9uc56yIGFCSy9leWe7,chicago drill;drill,spotify,l1,2022
lil durk featuring est gee,lil durk,lil durk,lil durk,Lil Durk,3hcs9uc56yIGFCSy9leWe7,chicago drill;drill,spotify,l1,2022
lil durk featuring future,lil durk,lil durk,lil durk,Lil Durk,3hcs9uc56yIGFCSy9leWe7,chicago drill;drill,spotify,l1,2025
lil durk featuring gunna,lil durk,lil durk,lil durk,Lil Durk,3hcs9uc56yIGFCSy9leWe7,chicago drill;drill,spotify,l1,2022
lil durk featuring j. cole,lil durk,lil durk,lil durk,Lil Durk,3hcs9uc56yIGFCSy9leWe7,chicago drill;drill,spotify,l1,2023
lil durk featuring jhene aiko,lil durk,lil durk,lil durk,Lil Durk,3hcs9uc56yIGFCSy9leWe7,chicago drill;drill,spotify,l1,2025
lil durk featuring juice wrld,lil durk,lil durk,lil durk,Lil Durk,3hcs9uc56yIGFCSy9leWe7,chicago drill;drill,spotify,l1,2023
lil durk featuring kodak black,lil durk,lil durk,lil durk,Lil Durk,3hcs9uc56yIGFCSy9leWe7,chicago drill;drill,spotify,l1,2023
lil durk featuring lil baby,lil durk,lil durk,lil durk,Lil Durk,3hcs9uc56yIGFCSy9leWe7,chicago drill;drill,spotify,l1,2025
lil durk featuring lil baby & polo g,lil durk,lil durk,lil durk,Lil Durk,3hcs9uc56yIGFCSy9leWe7,chicago drill;drill,spotify,l1,2020
lil durk featuring morgan wallen,lil durk,lil durk,lil durk,Lil Durk,3hcs9uc56yIGFCSy9leWe7,chicago drill;drill,spotify,l1,2023
lil durk featuring pooh shiesty,lil durk,lil durk,lil durk,Lil Durk,3hcs9uc56yIGFCSy9leWe7,chicago drill;drill,spotify,l1,2021
lil durk featuring summer walker,lil durk,lil durk,lil durk,Lil Durk,3hcs9uc56yIGFCSy9leWe7,chicago drill;drill,spotify,l1,2022
"lil durk, 6lack & young thug","lil durk, 6lack & young thug",lil durk,lil durk,Lil Durk,3hcs9uc56yIGFCSy9leWe7,chicago drill;drill,spotify,l2,2021
lil jon & the east side boyz featuring lil scrappy,lil jon & the east side boyz,lil jon,lil jon,Lil Jon & The East Side Boyz,3ciRvbBIVz9fBoPbtSYq4x,crunk;southern hip hop,spotify,l1,2005
"lil jon & the east side boyz featuring ludacris, too short, big kap & chyna whyte",lil jon & the east side boyz,lil jon,lil jon,Lil Jon & The East Side Boyz,3ciRvbBIVz9fBoPbtSYq4x,crunk;southern hip hop,spotify,l1,2001
lil jon & the east side boyz featuring usher & ludacris,lil jon & the east side boyz,lil jon,lil jon,Lil Jon & The East Side Boyz,3ciRvbBIVz9fBoPbtSYq4x,crunk;southern hip hop,spotify,l1,2005
lil jon & the east side boyz featuring ying yang twins,lil jon & the east side boyz,lil jon,lil jon,Lil Jon & The East Side Boyz,3ciRvbBIVz9fBoPbtSYq4x,crunk;southern hip hop,spotify,l1,2004
lil jon featuring 3oh!3,lil jon,lil jon,lil jon,Lil Jon,7sfl4Xt5KmfyDs2T3SVSMK,crunk,spotify,l1,2010
lil jon featuring e-40 & sean paul of the youngbloodz,lil jon,lil jon,lil jon,Lil Jon,7sfl4Xt5KmfyDs2T3SVSMK,crunk,spotify,l1,2006
lil jon featuring lmfao,lil jon,lil jon,lil jon,Lil Jon,7sfl4Xt5KmfyDs2T3SVSMK,crunk,spotify,l1,2010
lil jon featuring tyga,lil jon,lil jon,lil jon,Lil Jon,7sfl4Xt5KmfyDs2T3SVSMK,crunk,spotify,l1,2014
lil louis,lil louis,lil louis,lil louis,Lil Louis,76geAeGYwNHWG5jLRxPgFq,german hip hop,spotify,artist,1990
lil mabu,lil mabu,lil mabu,lil mabu,Lil Mabu,6FAo7ORAHEzSSf5q10LLfN,new york drill;drill,spotify,artist,2023
lil mabu & chriseanrock,lil mabu & chriseanrock,lil mabu,lil mabu,Lil Mabu,6FAo7ORAHEzSSf5q10LLfN,new york drill;drill,spotify,l2,2023
lil mama,lil mama,lil mama,lil mama,Lil Mama,5qK5bOC6wLtuLhG5KvU17c,,none,artist,2007
lil mama featuring chris brown & t-pain,lil mama,lil mama,lil mama,Lil Mama,5qK5bOC6wLtuLhG5KvU17c,,none,l1,2008
lil mosey,lil mosey,lil mosey,lil mosey,Lil Mosey,5zctI4wO9XSKS8XwcnqEHk,melodic rap,spotify,artist,2020
lil mosey x gunna,lil mosey x gunna,lil mosey,lil mosey,Lil Mosey,5zctI4wO9XSKS8XwcnqEHk,melodic rap,spotify,l2,2019
lil nas x,lil nas x,lil nas,lil nas,Lil Nas X,7jVv8c5Fj3E9VhNjxT4snq,,none,artist,2024
lil nas x & jack harlow,lil nas x & jack harlow,lil nas,lil nas,Lil Nas,6tlvuQIsRVZouZvWJkFXmb,,none,l2,2022
lil nas x & youngboy never broke again,lil nas x & youngboy never broke again,lil nas,lil nas,Lil Nas,6tlvuQIsRVZouZvWJkFXmb,,none,l2,2022
lil nas x featuring billy ray cyrus,lil nas x,lil nas,lil nas,Lil Nas,6tlvuQIsRVZouZvWJkFXmb,,none,l2,2020
lil nas x featuring doja cat,lil nas x,lil nas,lil nas,Lil Nas,6tlvuQIsRVZouZvWJkFXmb,,none,l2,2021
lil nas x featuring elton john,lil nas x,lil nas,lil nas,Lil Nas,6tlvuQIsRVZouZvWJkFXmb,,none,l2,2021
lil nas x featuring megan thee stallion,lil nas x,lil nas,lil nas,Lil Nas,6tlvuQIsRVZouZvWJkFXmb,,none,l2,2021
lil nas x featuring miley cyrus,lil nas x,lil nas,lil nas,Lil Nas,6tlvuQIsRVZouZvWJkFXmb,,none,l2,2021
lil peep,lil peep,lil peep,lil peep,Lil Peep,2kCcBybjl3SAtIcwdWpUe3,emo rap;cloud rap,spotify,artist,2017
lil peep & xxxtentacion,lil peep & xxxtentacion,lil peep,lil peep,Lil Peep,2kCcBybjl3SAtIcwdWpUe3,emo rap;cloud rap,spotify,l2,2018
lil peep & ilovemakonnen featuring fall out boy,lil peep & ilovemakonnen,lil peep,lil peep,Lil Peep,2kCcBybjl3SAtIcwdWpUe3,emo rap;cloud rap,spotify,l2,2019
lil pump,lil pump,lil pump,lil pump,Lil Pump,3wyVrVrFCkukjdVIdirGVY,,none,artist,2019
lil pump featuring lil wayne,lil pump,lil pump,lil pump,Lil Pump,3wyVrVrFCkukjdVIdirGVY,,none,l1,2019
lil rob,lil rob,lil rob,lil rob,Lil Rob,7B7TGqQe7QTVm2U6q8jzk1,mexican hip hop;latin hip hop;g-funk,spotify,artist,2006
lil scrappy,lil scrappy,lil scrappy,lil scrappy,Lil Scrappy,5einkgXXrjhfYCyac1FANB,crunk;southern hip hop,spotify,artist,2004
lil scrappy featuring young buck,lil scrappy,lil scrappy,lil scrappy,Lil Scrappy,5einkgXXrjhfYCyac1FANB,crunk;southern hip hop,spotify,l1,2007
lil shordie scott,lil shordie scott,lil shordie scott,lil shordie scott,lil Shordie Scott,1r29dFdSenwksTQdkH7r6I,,none,artist,2022
lil skies,lil skies,lil skies,lil skies,Lil Skies,7d3WFRME3vBY2cgoP38RDo,melodic rap,spotify,artist,2019
lil skies featuring landon cube,lil skies,lil skies,lil skies,Lil Skies,7d3WFRME3vBY2cgoP38RDo,melodic rap,spotify,l1,2018
lil skies featuring yung pinch,lil skies,lil skies,lil skies,Lil Skies,7d3WFRME3vBY2cgoP38RDo,melodic rap,spotify,l1,2018
lil suzy,lil suzy,lil suzy,lil suzy,Lil Suzy,5HPsVk1MblCoa44WLJsQwN,freestyle;funk melody;miami bass;latin hip hop;chicago house,spotify,artist,1998
lil tecca,lil tecca,lil tecca,lil tecca,Lil Tecca,4Ga1P7PMIsmqEZqhYZQgDo,melodic rap;rap,spotify,artist,2025
lil tecca & gunna,lil tecca & gunna,lil tecca,lil tecca,Lil Tecca,4Ga1P7PMIsmqEZqhYZQgDo,melodic rap;rap,spotify,l2,2021
lil tecca & kodak black,lil tecca & kodak black,lil tecca,lil tecca,Lil Tecca,4Ga1P7PMIsmqEZqhYZQgDo,melodic rap;rap,spotify,l2,2023
lil tecca & lil uzi vert,lil tecca & lil uzi vert,lil tecca,lil tecca,Lil Tecca,4Ga1P7PMIsmqEZqhYZQgDo,melodic rap;rap,spotify,l2,2020
lil tecca & polo g featuring lil durk,lil tecca & polo g,lil tecca,lil tecca,Lil Tecca,4Ga1P7PMIsmqEZqhYZQgDo,melodic rap;rap,spotify,l2,2020
lil tjay,lil tjay,lil tjay,lil tjay,Lil Tjay,6jGMq4yGs7aQzuGsMgVgZR,brooklyn drill;melodic rap,spotify,artist,2022
lil tjay featuring 6lack,lil tjay,lil tjay,lil tjay,Lil Tjay,6jGMq4yGs7aQzuGsMgVgZR,brooklyn drill;melodic rap,spotify,l1,2021
lil tjay featuring fivio foreign & pop smoke,lil tjay,lil tjay,lil tjay,Lil Tjay,6jGMq4yGs7aQzuGsMgVgZR,brooklyn drill;melodic rap,spotify,l1,2020
lil tjay featuring offset & moneybagg yo,lil tjay,lil tjay,lil tjay,Lil Tjay,6jGMq4yGs7aQzuGsMgVgZR,brooklyn drill;melodic rap,spotify,l1,2021
"lil tjay, fivio foreign & kay flock","lil tjay, fivio foreign & kay flock",lil tjay,lil tjay,Lil Tjay,6jGMq4yGs7aQzuGsMgVgZR,brooklyn drill;melodic rap,spotify,l2,2021
"lil tjay, polo g & fivio foreign","lil tjay, polo g & fivio foreign",lil tjay,lil tjay,Lil Tjay,6jGMq4yGs7aQzuGsMgVgZR,brooklyn drill;melodic rap,spotify,l2,2021
lil uzi vert,lil uzi vert,lil uzi vert,lil uzi vert,Lil Uzi Vert,4O15NlyKLIASxsJ0PrXPfz,melodic rap,spotify,artist,2024
lil uzi vert & 21 savage,lil uzi vert & 21 savage,lil uzi vert,lil uzi vert,Lil Uzi Vert,4O15NlyKLIASxsJ0PrXPfz,melodic rap,spotify,l2,2020
lil uzi vert featuring bring me the horizon,lil uzi vert,lil uzi vert,lil uzi vert,Lil Uzi Vert,4O15NlyKLIASxsJ0PrXPfz,melodic rap,spotify,l1,2023
lil uzi vert featuring chief keef,lil uzi vert,lil uzi vert,lil uzi vert,Lil Uzi Vert,4O15NlyKLIASxsJ0PrXPfz,melodic rap,spotify,l1,2020
lil uzi vert featuring don toliver,lil uzi vert,lil uzi vert,lil uzi vert,Lil Uzi Vert,4O15NlyKLIASxsJ0PrXPfz,melodic rap,spotify,l1,2023
lil uzi vert featuring future,lil uzi vert,lil uzi vert,lil uzi vert,Lil Uzi Vert,4O15NlyKLIASxsJ0PrXPfz,melodic rap,spotify,l1,2020
lil uzi vert featuring lil durk,lil uzi vert,lil uzi vert,lil uzi vert,Lil Uzi Vert,4O15NlyKLIASxsJ0PrXPfz,melodic rap,spotify,l1,2020
lil uzi vert featuring nav,lil uzi vert,lil uzi vert,lil uzi vert,Lil Uzi Vert,4O15NlyKLIASxsJ0PrXPfz,melodic rap,spotify,l1,2020
lil uzi vert featuring nicki minaj,lil uzi vert,lil uzi vert,lil uzi vert,Lil Uzi Vert,4O15NlyKLIASxsJ0PrXPfz,melodic rap,spotify,l1,2023
lil uzi vert featuring pharrell williams,lil uzi vert,lil uzi vert,lil uzi vert,Lil Uzi Vert,4O15NlyKLIASxsJ0PrXPfz,melodic rap,spotify,l1,2017
lil uzi vert featuring syd,lil uzi vert,lil uzi vert,lil uzi vert,Lil Uzi Vert,4O15NlyKLIASxsJ0PrXPfz,melodic rap,spotify,l1,2020
lil uzi vert featuring the weeknd,lil uzi vert,lil uzi vert,lil uzi vert,Lil Uzi Vert,4O15NlyKLIASxsJ0PrXPfz,melodic rap,spotify,l1,2017
lil uzi vert featuring travis scott,lil uzi vert,lil uzi vert,lil uzi vert,Lil Uzi Vert,4O15NlyKLIASxsJ0PrXPfz,melodic rap,spotify,l1,2023
lil uzi vert featuring young nudy,lil uzi vert,lil uzi vert,lil uzi vert,Lil Uzi Vert,4O15NlyKLIASxsJ0PrXPfz,melodic rap,spotify,l1,2020
lil uzi vert featuring young thug,lil uzi vert,lil uzi vert,lil uzi vert,Lil Uzi Vert,4O15NlyKLIASxsJ0PrXPfz,melodic rap,spotify,l1,2020
lil uzi vert featuring young thug & gunna,lil uzi vert,lil uzi vert,lil uzi vert,Lil Uzi Vert,4O15NlyKLIASxsJ0PrXPfz,melodic rap,spotify,l1,2020
lil wayne,lil wayne,lil wayne,lil wayne,Lil Wayne,55Aa2cqylxrFIXC767Z865,rap;hip hop,spotify,artist,2025
lil wayne & 2 chainz,lil wayne & 2 chainz,lil wayne,lil wayne,Lil Wayne,55Aa2cqylxrFIXC767Z865,rap;hip hop,spotify,l2,2025
lil wayne & bigxthaplug featuring jay jones,lil wayne & bigxthaplug,lil wayne,lil wayne,Lil Wayne,55Aa2cqylxrFIXC767Z865,rap;hip hop,spotify,l2,2025
lil wayne & charlie puth,lil wayne & charlie puth,lil wayne,lil wayne,Lil Wayne,55Aa2cqylxrFIXC767Z865,rap;hip hop,spotify,l2,2015
lil wayne featuring 2 chainz,lil wayne,lil wayne,lil wayne,Lil Wayne,55Aa2cqylxrFIXC767Z865,rap;hip hop,spotify,l1,2013
lil wayne featuring ashanti & mack maine,lil wayne,lil wayne,lil wayne,Lil Wayne,55Aa2cqylxrFIXC767Z865,rap;hip hop,spotify,l1,2018
lil wayne featuring big sean,lil wayne,lil wayne,lil wayne,Lil Wayne,55Aa2cqylxrFIXC767Z865,rap;hip hop,spotify,l1,2012
lil wayne featuring big sean & lil baby,lil wayne,lil wayne,lil wayne,Lil Wayne,55Aa2cqylxrFIXC767Z865,rap;hip hop,spotify,l1,2020
lil wayne featuring bobby valentino & kidd kidd,lil wayne,lil wayne,lil wayne,Lil Wayne,55Aa2cqylxrFIXC767Z865,rap;hip hop,spotify,l1,2009
lil wayne featuring bruno mars,lil wayne,lil wayne,lil wayne,Lil Wayne,55Aa2cqylxrFIXC767Z865,rap;hip hop,spotify,l1,2012
lil wayne featuring cory gunz,lil wayne,lil wayne,lil wayne,Lil Wayne,55Aa2cqylxrFIXC767Z865,rap;hip hop,spotify,l1,2011
lil wayne featuring dmx,lil wayne,lil wayne,lil wayne,Lil Wayne,55Aa2cqylxrFIXC767Z865,rap;hip hop,spotify,l1,2023
lil wayne featuring detail,lil wayne,lil wayne,lil wayne,Lil Wayne,55Aa2cqylxrFIXC767Z865,rap;hip hop,spotify,l1,2013
lil wayne featuring drake,lil wayne,lil wayne,lil wayne,Lil Wayne,55Aa2cqylxrFIXC767Z865,rap;hip hop,spotify,l1,2014
lil wayne featuring drake & future,lil wayne,lil wayne,lil wayne,Lil Wayne,55Aa2cqylxrFIXC767Z865,rap;hip hop,spotify,l1,2013
lil wayne featuring drake & jadakiss,lil wayne,lil wayne,lil wayne,Lil Wayne,55Aa2cqylxrFIXC767Z865,rap;hip hop,spotify,l1,2011
lil wayne featuring eminem,lil wayne,lil wayne,lil wayne,Lil Wayne,55Aa2cqylxrFIXC767Z865,rap;hip hop,spotify,l1,2010
lil wayne featuring gudda,lil wayne,lil wayne,lil wayne,Lil Wayne,55Aa2cqylxrFIXC767Z865,rap;hip hop,spotify,l1,2010
lil wayne featuring jay-z,lil wayne,lil wayne,lil wayne,Lil Wayne,55Aa2cqylxrFIXC767Z865,rap;hip hop,spotify,l1,2008
lil wayne featuring john legend,lil wayne,lil wayne,lil wayne,Lil Wayne,55Aa2cqylxrFIXC767Z865,rap;hip hop,spotify,l1,2011
lil wayne featuring juelz santana & fabolous,lil wayne,lil wayne,lil wayne,Lil Wayne,55Aa2cqylxrFIXC767Z865,rap;hip hop,spotify,l1,2008
lil wayne featuring kendrick lamar,lil wayne,lil wayne,lil wayne,Lil Wayne,55Aa2cqylxrFIXC767Z865,rap;hip hop,spotify,l1,2018
lil wayne featuring nicki minaj,lil wayne,lil wayne,lil wayne,Lil Wayne,55Aa2cqylxrFIXC767Z865,rap;hip hop,spotify,l1,2018
lil wayne featuring nivea,lil wayne,lil wayne,lil wayne,Lil Wayne,55Aa2cqylxrFIXC767Z865,rap;hip hop,spotify,l1,2018
lil wayne featuring reginae carter,lil wayne,lil wayne,lil wayne,Lil Wayne,55Aa2cqylxrFIXC767Z865,rap;hip hop,spotify,l1,2018
lil wayne featuring rich the kid,lil wayne,lil wayne,lil wayne,Lil Wayne,55Aa2cqylxrFIXC767Z865,rap;hip hop,spotify,l1,2021
lil wayne featuring rick ross,lil wayne,lil wayne,lil wayne,Lil Wayne,55Aa2cqylxrFIXC767Z865,rap;hip hop,spotify,l1,2011
lil wayne featuring shanell aka snl,lil wayne,lil wayne,lil wayne,Lil Wayne,55Aa2cqylxrFIXC767Z865,rap;hip hop,spotify,l1,2010
lil wayne featuring snoop dogg,lil wayne,lil wayne,lil wayne,Lil Wayne,55Aa2cqylxrFIXC767Z865,rap;hip hop,spotify,l1,2018
lil wayne featuring sosamann,lil wayne,lil wayne,lil wayne,Lil Wayne,55Aa2cqylxrFIXC767Z865,rap;hip hop,spotify,l1,2018
lil wayne featuring static major,lil wayne,lil wayne,lil wayne,Lil Wayne,55Aa2cqylxrFIXC767Z865,rap;hip hop,spotify,l1,2008
lil wayne featuring t-pain,lil wayne,lil wayne,lil wayne,Lil Wayne,55Aa2cqylxrFIXC767Z865,rap;hip hop,spotify,l1,2011
lil wayne featuring travis scott,lil wayne,lil wayne,lil wayne,Lil Wayne,55Aa2cqylxrFIXC767Z865,rap;hip hop,spotify,l1,2018
lil wayne featuring xxxtentacion,lil wayne,lil wayne,lil wayne,Lil Wayne,55Aa2cqylxrFIXC767Z865,rap;hip hop,spotify,l1,2018
"lil wayne, jelly roll & big sean","lil wayne, jelly roll & big sean",lil wayne,lil wayne,Lil Wayne,55Aa2cqylxrFIXC767Z865,rap;hip hop,spotify,l2,2025
"lil wayne, wiz khalifa & imagine dragons with logic & ty dolla $ign feat. x ambassadors","lil wayne, wiz khalifa & imagine dragons with logic & ty dolla $ign",lil wayne,lil wayne,Lil Wayne,55Aa2cqylxrFIXC767Z865,rap;hip hop,spotify,l2,2016
lil xan,lil xan,lil xan,lil xan,Lil Xan,3EXdLajEO02ziZ90P90bSW,cloud rap,spotify,artist,2018
lil yachty,lil yachty,lil yachty,lil yachty,Lil Yachty,6icQOAFXDZKsumw3YXyusw,,none,artist,2024
lil yachty & j. cole,lil yachty & j. cole,lil yachty,lil yachty,Lil Yachty,6icQOAFXDZKsumw3YXyusw,,none,l2,2023
"lil yachty & tierra whack featuring a$ap rocky & tyler, the creator",lil yachty & tierra whack,lil yachty,lil yachty,Lil Yachty,6icQOAFXDZKsumw3YXyusw,,none,l2,2020
lil yachty & veeze,lil yachty & veeze,lil yachty,lil yachty,Lil Yachty,6icQOAFXDZKsumw3YXyusw,,none,l2,2024
lil yachty & ian,lil yachty & ian,lil yachty,lil yachty,Lil Yachty,6icQOAFXDZKsumw3YXyusw,,none,l2,2024
lil yachty featuring juice wrld,lil yachty,lil yachty,lil yachty,Lil Yachty,6icQOAFXDZKsumw3YXyusw,,none,l1,2018
lil yachty featuring kodak black,lil yachty,lil yachty,lil yachty,Lil Yachty,6icQOAFXDZKsumw3YXyusw,,none,l1,2021
lil yachty featuring migos,lil yachty,lil yachty,lil yachty,Lil Yachty,6icQOAFXDZKsumw3YXyusw,,none,l1,2017
lil yachty featuring nba youngboy,lil yachty,lil yachty,lil yachty,Lil Yachty,6icQOAFXDZKsumw3YXyusw,,none,l1,2018
lil yachty featuring playboi carti,lil yachty,lil yachty,lil yachty,Lil Yachty,6icQOAFXDZKsumw3YXyusw,,none,l1,2018
lil yachty featuring trippie redd,lil yachty,lil yachty,lil yachty,Lil Yachty,6icQOAFXDZKsumw3YXyusw,,none,l1,2018
lil yachty featuring ugly god,lil yachty,lil yachty,lil yachty,Lil Yachty,6icQOAFXDZKsumw3YXyusw,,none,l1,2018
"lil yachty, drake & dababy","lil yachty, drake & dababy",lil yachty,lil yachty,Lil Yachty,6icQOAFXDZKsumw3YXyusw,,none,l2,2020
lil' boosie featuring yung joc,lil' boosie,lil' boosie,lil boosie,Lil Boosie,5ssZNoAqgH8OnREqpoxvt3,,none,l3,2007
lil' duval featuring snoop dogg & ball greezy,lil' duval,lil' duval,lil duval,Lil Duval,6YiHht3u7FFszle72kpbdQ,,none,l3,2019
lil' flip,lil' flip,lil' flip,lil flip,Lil' Flip,4Q5sPmM8j4SpMqL4UA1DtS,southern hip hop;crunk,spotify,artist,2004
lil' flip featuring lea,lil' flip,lil' flip,lil flip,Lil' Flip,4Q5sPmM8j4SpMqL4UA1DtS,southern hip hop;crunk,spotify,l1,2004
lil' kim,lil' kim,lil' kim,lil kim,Lil' Kim,5tth2a3v0sWwV1C7bApBdX,east coast hip hop,spotify,artist,2005
lil' kim featuring 50 cent,lil' kim,lil' kim,lil kim,Lil' Kim,5tth2a3v0sWwV1C7bApBdX,east coast hip hop,spotify,l1,2003
"lil' kim featuring da brat, left eye, missy elliott & angie martinez",lil' kim,lil' kim,lil kim,Lil' Kim,5tth2a3v0sWwV1C7bApBdX,east coast hip hop,spotify,l1,1997
lil' kim featuring mr. cheeks,lil' kim,lil' kim,lil kim,Lil' Kim,5tth2a3v0sWwV1C7bApBdX,east coast hip hop,spotify,l1,2003
lil' kim featuring puff daddy,lil' kim,lil' kim,lil kim,Lil' Kim,5tth2a3v0sWwV1C7bApBdX,east coast hip hop,spotify,l1,1997
lil' kim featuring sisqo,lil' kim,lil' kim,lil kim,Lil' Kim,5tth2a3v0sWwV1C7bApBdX,east coast hip hop,spotify,l1,2001
lil' mo,lil' mo,lil' mo,lil mo,Lil' Mo,5wBDD4FNJvob5fAGkAIQ92,,none,artist,2000
lil' mo featuring fabolous,lil' mo,lil' mo,lil mo,Lil' Mo,5wBDD4FNJvob5fAGkAIQ92,,none,l1,2003
lil' romeo,lil' romeo,lil' romeo,lil romeo,Lil' Romeo,2AXQzJRDvlJrq0fiVAnRy8,,none,artist,2001
"lil' troy featuring yungsta, fat pat, lil' will, hawk, big t",lil' troy,lil' troy,lil troy,Lil' Troy,12mkoe71zJDWs4j0rCeXGR,southern hip hop,spotify,l1,1999
"lil' wayne featuring baby, mack 10 & mickey",lil' wayne,lil' wayne,lil wayne,Lil Wayne,55Aa2cqylxrFIXC767Z865,rap;hip hop,spotify,l3,2001
lil' wayne featuring juvenile & b.g.,lil' wayne,lil' wayne,lil wayne,Lil Wayne,55Aa2cqylxrFIXC767Z865,rap;hip hop,spotify,l3,2000
lil' zane featuring 112,lil' zane,lil' zane,lil zane,Lil' Zane,61mwtI8FCpYa9G2NuThRhI,,none,l1,2000
lila mccann,lila mccann,lila mccann,lila mccann,Lila McCann,7F7zi7OcJYBOmSFZIYYFCR,,none,artist,1999
lillywood & robin schulz,lillywood & robin schulz,lillywood,lillywood,,,,none,,2015
lily allen,lily allen,lily allen,lily allen,Lily Allen,13saZpZnCDWOI9D4IJhp1f,,none,artist,2009
limahl,limahl,limahl,limahl,Limahl,7LTzUnZaptYfAFmvqW5M6D,synthpop,spotify,artist,1985
limited warranty,limited warranty,limited warranty,limited warranty,Limited Warranty,15jLGtk0k1p8hoyjd2satC,,none,artist,1986
limmie & family cookin',limmie & family cookin',limmie,limmie,Limmie & Family Cookin',0Kf6WxtCT2iZAnmNR8TD2w,northern soul;motown,spotify,artist,1973
limp bizkit,limp bizkit,limp bizkit,limp bizkit,Limp Bizkit,165ZgPlLkK7bf5bDoFc6Sb,nu metal;rap metal;alternative metal;rap rock,spotify,artist,2004
limp bizkit featuring method man,limp bizkit,limp bizkit,limp bizkit,Limp Bizkit,165ZgPlLkK7bf5bDoFc6Sb,nu metal;rap metal;alternative metal;rap rock,spotify,l1,2000
lin-manuel miranda & ben platt,lin-manuel miranda & ben platt,lin-manuel miranda,linmanuel miranda,Lin-Manuel Miranda,4aXXDj9aZnlshx7mzj3W1N,musicals,spotify,l2,2018
lin-manuel miranda featuring artists for puerto rico,lin-manuel miranda,lin-manuel miranda,linmanuel miranda,Lin-Manuel Miranda,4aXXDj9aZnlshx7mzj3W1N,musicals,spotify,l1,2017
lina santiago,lina santiago,lina santiago,lina santiago,Lina Santiago,1r2xQQhIstVJUF9vsYHg2y,freestyle,spotify,artist,1996
linda clifford,linda clifford,linda clifford,linda clifford,Linda Clifford,13t0iYAE8rLy2R94Ct00Tf,classic soul,spotify,artist,1980
linda jones,linda jones,linda jones,linda jones,Linda Jones,5a3nP205rKtWGNzRdiVyng,,none,artist,1972
linda laurie,linda laurie,linda laurie,linda laurie,Linda Laurie,0rHWgE7warZlNN1P8GRxhU,doo-wop,spotify,artist,1959
linda ronstadt,linda ronstadt,linda ronstadt,linda ronstadt,Linda Ronstadt,1sXbwvCQLGZnaH0Jp2HTVc,country rock;mariachi,spotify,artist,1983
linda ronstadt & james ingram,linda ronstadt & james ingram,linda ronstadt,linda ronstadt,Linda Ronstadt,1sXbwvCQLGZnaH0Jp2HTVc,country rock;mariachi,spotify,l2,1987
linda ronstadt & the nelson riddle orchestra,linda ronstadt & the nelson riddle orchestra,linda ronstadt,linda ronstadt,Linda Ronstadt,1sXbwvCQLGZnaH0Jp2HTVc,country rock;mariachi,spotify,l2,1984
linda ronstadt & the stone poneys,linda ronstadt & the stone poneys,linda ronstadt,linda ronstadt,Linda Ronstadt,1sXbwvCQLGZnaH0Jp2HTVc,country rock;mariachi,spotify,l2,1968
linda ronstadt (featuring aaron neville),linda ronstadt,linda ronstadt,linda ronstadt,Linda Ronstadt,1sXbwvCQLGZnaH0Jp2HTVc,country rock;mariachi,spotify,l1,1990
linda scott,linda scott,linda scott,linda scott,Linda Scott,7KjuI3MbOTaBH29yju4Lr4,,none,artist,1964
lindisfarne,lindisfarne,lindisfarne,lindisfarne,Lindisfarne,4AgFg0hHythyklEs4t7XKt,folk rock,spotify,artist,1978
lindsay lohan,lindsay lohan,lindsay lohan,lindsay lohan,Lindsay Lohan,4vRSocKbGh7PsQrYRDVMEF,,none,artist,2006
lindsey buckingham,lindsey buckingham,lindsey buckingham,lindsey buckingham,Lindsey Buckingham,3Dzj993UEz8Z5ovxuirzFO,,none,artist,1984
lindsey pavao,lindsey pavao,lindsey pavao,lindsey pavao,Lindsey Pavao,7Ggjp4QndrMqekks6yCFP4,,none,artist,2012
lindsey stirling,lindsey stirling,lindsey stirling,lindsey stirling,Lindsey Stirling,378dH6EszOLFShpRzAQkVM,,none,artist,2016
linear,linear,linear,linear,Linear,22i8GlNyvBRj7b93jmXWT7,funk melody;freestyle;miami bass,spotify,artist,1992
liner,liner,liner,liner,Liner,0KiYzTu5Ag1zzsKccOgA0c,,none,artist,1979
link,link,link,link,Link,7ciOB52Yfz0a3P8o5WIf0y,,none,artist,1998
link wray and the wraymen,link wray and the wraymen,link wray,link wray,Link Wray,2vQavlZtDA660mnZotYIto,surf rock;rockabilly;proto-punk;native american music;psychobilly,spotify,l2,1963
linkin park,linkin park,linkin park,linkin park,Linkin Park,6XyY86QOPPrYVGvF9ch6wz,nu metal;rap metal;rock;alternative metal,spotify,artist,2024
linkin park featuring kiiara,linkin park,linkin park,linkin park,Linkin Park,6XyY86QOPPrYVGvF9ch6wz,nu metal;rap metal;rock;alternative metal,spotify,l1,2017
linkin park x steve aoki,linkin park x steve aoki,linkin park,linkin park,Linkin Park,6XyY86QOPPrYVGvF9ch6wz,nu metal;rap metal;rock;alternative metal,spotify,l2,2013
lionel richie,lionel richie,lionel richie,lionel richie,Lionel Richie,3gMaNLQm7D9MornNILzdSl,motown,spotify,artist,2006
"lipps, inc.","lipps, inc.",lipps,lipps,LIPPS,4htElWdlvl4Qm8bRW2bQQX,,none,l2,1980
liquid gold,liquid gold,liquid gold,liquid gold,Liquid Gold,6Lhdde9Dp3ypYfdgbk2nRf,disco,spotify,artist,1983
liquid smoke,liquid smoke,liquid smoke,liquid smoke,Liquid Smoke,5UR6OHNF46oiFXFwTieBGu,acid rock;psychedelic rock,spotify,artist,1970
lisa fischer,lisa fischer,lisa fischer,lisa fischer,Lisa Fischer,75NLTo547GvC8W5gmRDLLn,quiet storm,spotify,artist,1991
lisa keith,lisa keith,lisa keith,lisa keith,Lisa Keith,68sMSV8NvbARSYCmFzzSpQ,,none,artist,1994
lisa lisa and cult jam,lisa lisa and cult jam,lisa lisa,lisa lisa,,,,none,,1991
lisa lisa and cult jam featuring full force,lisa lisa and cult jam,lisa lisa,lisa lisa,,,,none,,1988
lisa lisa and cult jam with full force,lisa lisa and cult jam with full force,lisa lisa,lisa lisa,,,,none,,1986
lisa lisa and cult jam with full force featuring paul anthony & bow legged lou,lisa lisa and cult jam with full force,lisa lisa,lisa lisa,,,,none,,1987
lisa loeb,lisa loeb,lisa loeb,lisa loeb,Lisa Loeb,1TMMyiSsNzmRiZCAkVLVb2,singer-songwriter,spotify,artist,1998
lisa loeb & nine stories,lisa loeb & nine stories,lisa loeb,lisa loeb,Lisa Loeb,1TMMyiSsNzmRiZCAkVLVb2,singer-songwriter,spotify,l2,1996
lisa stansfield,lisa stansfield,lisa stansfield,lisa stansfield,Lisa Stansfield,2jS7I1u7BpgWT9ssG62Zr1,,none,artist,1997
lisette melendez,lisette melendez,lisette melendez,lisette melendez,Lisette Melendez,6EHBN4iYnUq7kLpfEnDONk,freestyle;funk melody;chicago house;latin hip hop;miami bass,spotify,artist,1994
lit,lit,lit,lit,Lit,5mgr0FFpvy267wKVAYg8qp,pop punk,spotify,artist,1999
lita ford,lita ford,lita ford,lita ford,Lita Ford,77tBvvyd6SD4Y9Um1xcbxP,glam metal;hard rock;glam rock,spotify,artist,1992
lita ford (duet with ozzy osbourne),lita ford,lita ford,lita ford,Lita Ford,77tBvvyd6SD4Y9Um1xcbxP,glam metal;hard rock;glam rock,spotify,l1,1989
little anthony and the imperials,little anthony and the imperials,little anthony,little anthony,LITTLE ANTHONY,6q6m8BRkTtq4JmbfQ7RyTA,,none,l2,1974
little big town,little big town,little big town,little big town,Little Big Town,3CygdxquGHurS7f9LjNLkv,country,spotify,artist,2022
little bill and the bluenotes,little bill and the bluenotes,little bill,little bill,Little Bill,6qGIFyPCwkft4zbaj1Tm2x,,none,l2,1959
little caesar,little caesar,little caesar,little caesar,Little Caesar,6rB8hw1WhUcNG8T39qZzKM,,none,artist,1991
little caesar and the consuls,little caesar and the consuls,little caesar,little caesar,Little Caesar,6rB8hw1WhUcNG8T39qZzKM,,none,l2,1965
little caesar and the romans,little caesar and the romans,little caesar,little caesar,Little Caesar,6rB8hw1WhUcNG8T39qZzKM,,none,l2,1961
little carl carlton,little carl carlton,little carl carlton,little carl carlton,,,,none,,1970
little esther phillips,little esther phillips,little esther phillips,little esther phillips,,,,none,,1963
little esther phillips & big al downing,little esther phillips & big al downing,little esther phillips,little esther phillips,,,,none,,1963
little eva,little eva,little eva,little eva,Little Eva,4S76LQXJD6N2uPcLhKejG8,doo-wop,spotify,artist,1963
little jimmy osmond,little jimmy osmond,little jimmy osmond,little jimmy osmond,,,,none,,1973
little jimmy osmond with the mike curb congregation,little jimmy osmond with the mike curb congregation,little jimmy osmond,little jimmy osmond,,,,none,,1972
little jo ann,little jo ann,little jo ann,little jo ann,,,,none,,1962
little joey and the flips,little joey and the flips,little joey,little joey,Little Joey,0MnA1d3Uy1gWJqyw5aNNzy,,none,l2,1962
little johnny taylor,little johnny taylor,little johnny taylor,little johnny taylor,Little Johnny Taylor,3amz8sGYUMDNb2wxf4PaTj,soul blues;northern soul;classic blues,spotify,artist,1972
little jr. parker,little jr. parker,little jr. parker,little jr parker,Little Jr. Parker,2xBoTdZeG2K4nHwzDRFVD4,rockabilly,spotify,artist,1964
little junior parker,little junior parker,little junior parker,little junior parker,Little Junior Parker,5AZroUSVLr1sdkgCAfv1kM,classic blues;blues;rockabilly;roots rock,spotify,artist,1962
little milton,little milton,little milton,little milton,Little Milton,0MPtuQaV2GiRdLjAkPOaan,blues;soul blues;northern soul;classic blues,spotify,artist,1972
little mix,little mix,little mix,little mix,Little Mix,3e7awlrlDSwF3iM0WBjGMp,,none,artist,2016
little peggy march,little peggy march,little peggy march,little peggy march,Little Peggy March,09vvlnqwFaimZwGAvpXgqy,doo-wop,spotify,artist,1964
little richard,little richard,little richard,little richard,Little Richard,4xls23Ye9WR9yy3yYMpAMm,rockabilly;rock and roll;doo-wop;boogie-woogie,spotify,artist,1986
little river band,little river band,little river band,little river band,Little River Band,6clbbhnIqpHnqxwtOWcilg,yacht rock;soft rock,spotify,artist,1985
little sister,little sister,little sister,little sister,Little Sister,3OGB28sSxBRPegyEB7evPn,,none,artist,1971
little steven,little steven,little steven,little steven,Little Steven,4Pmlf0hZYXcoDSuaNrw23E,,none,artist,1983
little stevie wonder,little stevie wonder,little stevie wonder,little stevie wonder,,,,none,,1964
little texas,little texas,little texas,little texas,Little Texas,5CCf77sKGlTdfIiIDaVScj,classic country;country,spotify,artist,1994
little willie john,little willie john,little willie john,little willie john,Little Willie John,3mOiEPe870jJrahcf2TPYZ,doo-wop;blues,spotify,artist,1961
live,live,live,live,Live,6eoJpTIlcuxJNjV5fDzDJH,post-grunge;grunge,spotify,artist,2004
liverpool five,liverpool five,liverpool five,liverpool five,Liverpool Five,3XQexYaGsSsNNEpsdLfJ2l,garage rock;proto-punk,spotify,artist,1966
livin' joy,livin' joy,livin' joy,livin joy,Livin' Joy,3PUzVXdNnsJGPDTIU7xvqu,,none,artist,1997
living colour,living colour,living colour,living colour,Living Colour,6Uhp7WA6sjm5ZL6Xz561de,funk rock;hard rock,spotify,artist,1989
living in a box,living in a box,living in a box,living in a box,Living In A Box,4W2dcPOyD7eSfJCPHCfwoA,synthpop,spotify,artist,1987
livingston taylor,livingston taylor,livingston taylor,livingston taylor,Livingston Taylor,2dMPVdTlcLlRcWtsrEXwAO,,none,artist,1980
liz damon's orient express,liz damon's orient express,liz damon's orient express,liz damons orient express,,,,none,,1971
liz phair,liz phair,liz phair,liz phair,Liz Phair,2LXeJdQVcFkhkWydphLI74,,none,artist,2004
lizzo,lizzo,lizzo,lizzo,Lizzo,56oDRnqbIiwx4mymNEv7dS,,none,artist,2023
lizzo featuring cardi b,lizzo,lizzo,lizzo,Lizzo,56oDRnqbIiwx4mymNEv7dS,,none,l1,2021
lizzo featuring sza,lizzo,lizzo,lizzo,Lizzo,56oDRnqbIiwx4mymNEv7dS,,none,l1,2023
lizzy mcalpine,lizzy mcalpine,lizzy mcalpine,lizzy mcalpine,Lizzy McAlpine,1GmsPCcpKgF9OhlNXjOsbS,,none,artist,2023
lloyd,lloyd,lloyd,lloyd,Lloyd,5pXVjI7iZglxwBM9jMikli,,none,artist,2011
lloyd banks,lloyd banks,lloyd banks,lloyd banks,Lloyd Banks,3vDUJHQtqT3jFRZ2ECXDTi,,none,artist,2004
lloyd banks featuring 50 cent,lloyd banks,lloyd banks,lloyd banks,Lloyd Banks,3vDUJHQtqT3jFRZ2ECXDTi,,none,l1,2006
lloyd banks featuring avant,lloyd banks,lloyd banks,lloyd banks,Lloyd Banks,3vDUJHQtqT3jFRZ2ECXDTi,,none,l1,2005
lloyd banks featuring juelz santana,lloyd banks,lloyd banks,lloyd banks,Lloyd Banks,3vDUJHQtqT3jFRZ2ECXDTi,,none,l1,2010
lloyd featuring andre 3000 & lil wayne,lloyd,lloyd,lloyd,Lloyd,5pXVjI7iZglxwBM9jMikli,,none,l1,2011
lloyd featuring ashanti,lloyd,lloyd,lloyd,Lloyd,5pXVjI7iZglxwBM9jMikli,,none,l1,2004
lloyd featuring lil wayne,lloyd,lloyd,lloyd,Lloyd,5pXVjI7iZglxwBM9jMikli,,none,l1,2008
lloyd price,lloyd price,lloyd price,lloyd price,Lloyd Price,3iOE5ItEv5xr9fmKi7GNh2,doo-wop,spotify,artist,1964
lloyd price and his orchestra,lloyd price and his orchestra,lloyd price,lloyd price,Lloyd Price,3iOE5ItEv5xr9fmKi7GNh2,doo-wop,spotify,l2,1960
lo-key?,lo-key?,lo-key?,lokey,Lo-Key?,2JqijdV9jIJWxfgZJ5ZsEk,new jack swing;quiet storm,spotify,artist,1993
locash,locash,locash,locash,LOCASH,5IcGbIAgdns0R5EJKHMjCQ,country;country hip hop,spotify,artist,2025
lobo,lobo,lobo,lobo,Lobo,1sldhz8tzC100cRAdfnMht,,none,artist,1980
loe shimmy & brent faiyaz,loe shimmy & brent faiyaz,loe shimmy,loe shimmy,Loe Shimmy,6UIpxj5ggLdOebFVCOxVax,sexy drill,spotify,l2,2024
loggins & messina,loggins & messina,loggins,loggins,Loggins & Messina,7emRV8AluG3d4e5T0DZiK9,yacht rock,spotify,artist,1975
logic,logic,logic,logic,Logic,4xRYI6VqpkE3UwrDrAZL8L,,none,artist,2020
logic & marshmello,logic & marshmello,logic,logic,Logic,4xRYI6VqpkE3UwrDrAZL8L,,none,l2,2018
logic featuring alessia cara & khalid,logic,logic,logic,Logic,4xRYI6VqpkE3UwrDrAZL8L,,none,l1,2018
logic featuring big sean,logic,logic,logic,Logic,4xRYI6VqpkE3UwrDrAZL8L,,none,l1,2018
logic featuring damian lemar hudson,logic,logic,logic,Logic,4xRYI6VqpkE3UwrDrAZL8L,,none,l1,2017
logic featuring eminem,logic,logic,logic,Logic,4xRYI6VqpkE3UwrDrAZL8L,,none,l1,2019
logic featuring ryan tedder,logic,logic,logic,Logic,4xRYI6VqpkE3UwrDrAZL8L,,none,l1,2018
logic featuring wiz khalifa,logic,logic,logic,Logic,4xRYI6VqpkE3UwrDrAZL8L,,none,l1,2018
logic featuring young sinatra,logic,logic,logic,Logic,4xRYI6VqpkE3UwrDrAZL8L,,none,l1,2018
lois fletcher,lois fletcher,lois fletcher,lois fletcher,,,,none,,1974
lola brooke x latto x yung miami or featuring billy b,lola brooke x latto x yung miami or,lola brooke,lola brooke,Lola Brooke,2Ggj5XNlIb4Lnbqe307FyB,,none,l2,2023
lola young,lola young,lola young,lola young,Lola Young,67FB4n52MgexGQIG8s0yUH,,none,artist,2025
loleatta holloway,loleatta holloway,loleatta holloway,loleatta holloway,Loleatta Holloway,3m5hegxlB80Z2zQb1893pc,philly soul;disco;chicago house;post-disco;disco house,spotify,artist,1977
loleatta holloway and bunny sigler,loleatta holloway and bunny sigler,loleatta holloway,loleatta holloway,Loleatta Holloway,3m5hegxlB80Z2zQb1893pc,philly soul;disco;chicago house;post-disco;disco house,spotify,l2,1978
lolita,lolita,lolita,lolita,Lolita,1Jl0XzEt7csnco2FUybCrK,flamenco,spotify,artist,1961
london symphony orchestra,london symphony orchestra,london symphony orchestra,london symphony orchestra,London Symphony Orchestra,3zOgi7zGSnBIT7J6O2Tr9b,,none,artist,1977
londonbeat,londonbeat,londonbeat,londonbeat,Londonbeat,0gcMPgunYh4rX1UOdvZKBn,eurodance,spotify,artist,1995
lone justice,lone justice,lone justice,lone justice,Lone Justice,2OFpmma3V9yxT5XXgytGns,alt country;country rock;roots rock,spotify,artist,1987
lonestar,lonestar,lonestar,lonestar,Lonestar,3qbnxnvUqR14MJ9g8QwZJK,country,spotify,artist,2006
long john baldry,long john baldry,long john baldry,long john baldry,Long John Baldry,5x9DWz6SpEVu9NgL8aktm2,uk r&b;northern soul,spotify,artist,1968
long john baldry & kathi macdonald,long john baldry & kathi macdonald,long john baldry,long john baldry,Long John Baldry,5x9DWz6SpEVu9NgL8aktm2,uk r&b;northern soul,spotify,l2,1979
lonnie donegan and his skiffle group,lonnie donegan and his skiffle group,lonnie donegan,lonnie donegan,Lonnie Donegan,6dIOTeSQDBSR6gwsL0WB2n,,none,l2,1961
lonnie gordon,lonnie gordon,lonnie gordon,lonnie gordon,Lonnie Gordon,34ugek7kTxRhRSsT1d9Yer,,none,artist,1993
lonnie mack,lonnie mack,lonnie mack,lonnie mack,Lonnie Mack,52GxmJdAcByy1ZyPivpUns,blues;blues rock;modern blues;classic blues,spotify,artist,1965
lonnie russ,lonnie russ,lonnie russ,lonnie russ,Lonnie Russ,2aM7izVFCeKxS9MvpOGUt1,northern soul,spotify,artist,1963
lonzo and world class wreckin kru,lonzo and world class wreckin kru,lonzo,lonzo,Lonzo,53t1BD3C1JqceWPZR5Boxu,,none,l2,1988
looking glass,looking glass,looking glass,looking glass,Looking Glass,5jJN1nmKXzRjodMl1THQeI,yacht rock,spotify,artist,1973
loon featuring kelis,loon,loon,loon,Loon,2gie1bU1LwnxdFAJoTLjzT,,none,l1,2003
loose ends,loose ends,loose ends,loose ends,Loose Ends,4q3lWHEW55hoLJNzZskFVo,post-disco;new jack swing,spotify,artist,1985
lord huron,lord huron,lord huron,lord huron,Lord Huron,6ltzsmQQbmdoHHbLZ4ZN25,,none,artist,2017
lord rockingham's xi,lord rockingham's xi,lord rockingham's xi,lord rockinghams xi,,,,none,,1958
lord tariq & peter gunz,lord tariq & peter gunz,lord tariq,lord tariq,Lord Tariq & Peter Gunz,0aRRoJI9dy8GJ8t2SvlSos,,none,artist,1998
lorde,lorde,lorde,lorde,Lorde,163tK9Wjr9P9DmM0AVK7lm,,none,artist,2025
"lorde featuring khalid, post malone & sza",lorde,lorde,lorde,Lorde,163tK9Wjr9P9DmM0AVK7lm,,none,l1,2017
lords of the underground,lords of the underground,lords of the underground,lords of the underground,Lords Of The Underground,17Q9sCBpIyS6yM2YyaI6R4,east coast hip hop;old school hip hop,spotify,artist,1995
loreena mckennitt,loreena mckennitt,loreena mckennitt,loreena mckennitt,Loreena McKennitt,1JdeDdujDbS6ZeSlkXqx3a,celtic;new age;medieval,spotify,artist,1998
loren allred,loren allred,loren allred,loren allred,Loren Allred,0LyOADBjj28cbvJWTXUEGA,,none,artist,2018
lorenzo lamas,lorenzo lamas,lorenzo lamas,lorenzo lamas,,,,none,,1985
loretta lynn,loretta lynn,loretta lynn,loretta lynn,Loretta Lynn,1FE0rls8gfQT3laAeRYNgl,classic country;honky tonk;country;christian country;traditional country,spotify,artist,1975
lorne greene,lorne greene,lorne greene,lorne greene,Lorne Greene,7CHyTolf8RTuUaW4yYV52d,,none,artist,1965
lorraine ellison,lorraine ellison,lorraine ellison,lorraine ellison,Lorraine Ellison,7h38QSSoFKgb7WgNC7cZp0,northern soul,spotify,artist,1967
lorrie morgan,lorrie morgan,lorrie morgan,lorrie morgan,Lorrie Morgan,0khzcQ6PQU5a6dl1Qss3pt,classic country;country,spotify,artist,1997
los bravos,los bravos,los bravos,los bravos,Los Bravos,7ewJCECkpkh56w0Y4VWzSY,,none,artist,1968
los del mar,los del mar,los del mar,los del mar,Los Del Mar,3W9geOv9EsI71zPr8b78BW,,none,artist,1996
los indios tabajaras,los indios tabajaras,los indios tabajaras,los indios tabajaras,Los Indios Tabajaras,1TKifb1r4wnGbY5CYIwjGb,latin folklore,spotify,artist,1964
"los legendarios, wisin & jhay cortez","los legendarios, wisin & jhay cortez",los legendarios,los legendarios,Los Legendarios,0n6sKrG0xKAf8xmdqeNGke,reggaeton,spotify,l2,2021
los lobos,los lobos,los lobos,los lobos,Los Lobos,6OWapcJm9xd55ci9CYbAuT,roots rock,spotify,artist,1987
los lonely boys,los lonely boys,los lonely boys,los lonely boys,Los Lonely Boys,4aSEmLLxLX9wR5aLMllOKj,,none,artist,2004
los pop tops,los pop tops,los pop tops,los pop tops,,,,none,,1968
los umbrellos,los umbrellos,los umbrellos,los umbrellos,Los Umbrellos,7JWwBuWYzSiCv1vhx3N88X,,none,artist,1998
los del rio,los del rio,los del rio,los del rio,Los Del Rio,2JXn03fudjyRkQ1Ye9f5rk,,none,artist,1997
lost boyz,lost boyz,lost boyz,lost boyz,Lost Boyz,0OtigLoCgLYvXnMxbE5qH5,east coast hip hop;old school hip hop,spotify,artist,1997
lostprophets,lostprophets,lostprophets,lostprophets,lostprophets,7KnaZr690xW0sCihF9Z8oP,,none,artist,2004
lou bega,lou bega,lou bega,lou bega,Lou Bega,46lnlnlU0dXTDpoAUmH6Qx,,none,artist,2000
lou christie,lou christie,lou christie,lou christie,Lou Christie,5bLcI9Jo6RyrrHzG9veVyn,doo-wop,spotify,artist,1974
lou courtney,lou courtney,lou courtney,lou courtney,Lou Courtney,7fSioNqpL8eXp9IJoPcKP4,northern soul;classic soul,spotify,artist,1967
lou donaldson,lou donaldson,lou donaldson,lou donaldson,Lou Donaldson,063xkuRULzZu8fcoPR2rKR,hard bop;jazz;soul jazz;bebop;jazz funk,spotify,artist,1967
lou gramm,lou gramm,lou gramm,lou gramm,Lou Gramm,7CnmC3gRgLev4I609BrSxj,aor;arena rock,spotify,artist,1990
lou johnson,lou johnson,lou johnson,lou johnson,Lou Johnson,2nrn5Hfpxg0SfuVLbnHwoL,northern soul,spotify,artist,1966
lou monte,lou monte,lou monte,lou monte,Lou Monte,7dbKeVkihtOifdiu7f3rUg,christmas,spotify,artist,1963
lou rawls,lou rawls,lou rawls,lou rawls,Lou Rawls,1zJBFCev9UwOMcrZsLi2od,philly soul;soul blues;classic soul,spotify,artist,1983
lou reed,lou reed,lou reed,lou reed,Lou Reed,42TFhl7WlMRXiNqzSrnzPL,glam rock;proto-punk;art rock,spotify,artist,1973
loud luxury featuring brando,loud luxury,loud luxury,loud luxury,Loud Luxury,6t1gpxYbY8OlLA7D2RiikQ,,none,l1,2019
loudon wainwright iii,loudon wainwright iii,loudon wainwright iii,loudon wainwright iii,Loudon Wainwright III,3loACRmkzdtOMNJEaB6j8L,folk;singer-songwriter,spotify,artist,1973
louie louie,louie louie,louie louie,louie louie,,,,none,,1990
louis armstrong,louis armstrong,louis armstrong,louis armstrong,Louis Armstrong,19eLuQmk9aCobbVDHc6eek,jazz;swing music;big band;vocal jazz;jazz blues,spotify,artist,1988
louis armstrong and the all stars,louis armstrong and the all stars,louis armstrong,louis armstrong,Louis Armstrong,19eLuQmk9aCobbVDHc6eek,jazz;swing music;big band;vocal jazz;jazz blues,spotify,l2,1964
louis prima,louis prima,louis prima,louis prima,Louis Prima,52lBOxCxbJg0ttXEW9CQpW,swing music;big band,spotify,artist,1961
louis prima and keely smith,louis prima and keely smith,louis prima,louis prima,Louis Prima,52lBOxCxbJg0ttXEW9CQpW,swing music;big band,spotify,l2,1959
louis tomlinson featuring bebe rexha & digital farm animals,louis tomlinson,louis tomlinson,louis tomlinson,Louis Tomlinson,57WHJIHrjOE3iAxpihhMnp,,none,l1,2017
louise brown,louise brown,louise brown,louise brown,Louise Brown,1h3lMbvyiKi8IGCWpz5Lqs,,none,artist,1961
louise goffin,louise goffin,louise goffin,louise goffin,Louise Goffin,03sAQYI6xlXSc3bsFU9RCC,,none,artist,1979
louise tucker,louise tucker,louise tucker,louise tucker,Louise Tucker,1nWVPdf2KdNCEeh326GwXv,,none,artist,1983
louisiana's leroux,louisiana's leroux,louisiana's leroux,louisianas leroux,,,,none,,1978
love,love,love,love,,,,none,,1970
love and kisses,love and kisses,love,love,Love And Kisses,4VOtt30V39YKHbIcyEr5t2,disco,spotify,artist,1978
love and money,love and money,love,love,,,,none,,1989
love and rockets,love and rockets,love,love,Love and Rockets,09mvgMBvJkxarNIDGdwPWg,new wave;gothic rock;post-punk;deathrock;darkwave,spotify,artist,1989
love and theft,love and theft,love,love,Love and Theft,03a5eVjzFyQlR4XyVSwt4t,country;acoustic country,spotify,artist,2012
love childs afro cuban blues band,love childs afro cuban blues band,love childs afro cuban blues band,love childs afro cuban blues band,Love Childs Afro Cuban Blues Band,47Tovcg7INun1O1P4WKhSQ,disco,spotify,artist,1975
love spit love,love spit love,love spit love,love spit love,Love Spit Love,341r9Sc1K7ewkwqO7dAuXE,,none,artist,1994
love tribe,love tribe,love tribe,love tribe,,,,none,,1997
love unlimited,love unlimited,love unlimited,love unlimited,Love Unlimited,0RMGVnXi7V80Lv4v2O82jX,,none,artist,1975
love unlimited orchestra,love unlimited orchestra,love unlimited orchestra,love unlimited orchestra,Love Unlimited Orchestra,4xXB8O08YhODlRglAjXPPJ,,none,artist,1977
loverance featuring iamsu & skipper or 50 cent,loverance,loverance,loverance,LoveRance,1rBxtaN521NYi8Z35G7fUn,hyphy,spotify,l1,2012
loverboy,loverboy,loverboy,loverboy,Loverboy,2CLVPk9FcywjClBcTvWPkT,,none,artist,1990
lowell fulsom,lowell fulsom,lowell fulsom,lowell fulsom,,,,none,,1967
loz netto,loz netto,loz netto,loz netto,Loz Netto,5YEumCU4t1RzE4QnrofWYV,,none,artist,1983
loza alexander,loza alexander,loza alexander,loza alexander,Loza Alexander,5hoUdHy0OSq8zSFJqWcZSe,country hip hop,spotify,artist,2021
lucas,lucas,lucas,lucas,,,,none,,1995
lucas grabeel & ashley tisdale,lucas grabeel & ashley tisdale,lucas grabeel,lucas grabeel,Lucas Grabeel,0Ybn7NBu1okFzrFdrhzZs4,,none,l2,2006
lucille starr,lucille starr,lucille starr,lucille starr,Lucille Starr,4RNkBRL7PGCeV9Ka4J3f8D,chanson;traditional country,spotify,artist,1964
lucky daye,lucky daye,lucky daye,lucky daye,Lucky Daye,5Vuvs6Py2JRU7WiFDVsI7J,,none,artist,2022
lucy hale,lucy hale,lucy hale,lucy hale,Lucy Hale,4gWAItIMhYCdD82T8tvv3T,,none,artist,2014
lucy pearl,lucy pearl,lucy pearl,lucy pearl,Lucy Pearl,0OUXTnqjvTg4iZ7Lhq6vv7,neo soul,spotify,artist,2000
ludacris,ludacris,ludacris,ludacris,Ludacris,3ipn9JLAPI5GUEo4y4jcoi,southern hip hop,spotify,artist,2013
ludacris & field mob featuring jamie foxx,ludacris & field mob,ludacris,ludacris,Ludacris,3ipn9JLAPI5GUEo4y4jcoi,southern hip hop,spotify,l2,2006
ludacris co-starring chris brown & sean garrett,ludacris co-starring chris brown & sean garrett,ludacris co-starring chris brown,ludacris costarring chris brown,,,,none,,2008
ludacris co-starring lil wayne,ludacris co-starring lil wayne,ludacris co-starring lil wayne,ludacris costarring lil wayne,,,,none,,2008
ludacris co-starring t-pain,ludacris co-starring t-pain,ludacris co-starring t-pain,ludacris costarring tpain,,,,none,,2009
ludacris featuring bobby valentino,ludacris,ludacris,ludacris,Ludacris,3ipn9JLAPI5GUEo4y4jcoi,southern hip hop,spotify,l1,2005
ludacris featuring kelly rowland,ludacris,ludacris,ludacris,Ludacris,3ipn9JLAPI5GUEo4y4jcoi,southern hip hop,spotify,l1,2013
ludacris featuring mary j. blige,ludacris,ludacris,ludacris,Ludacris,3ipn9JLAPI5GUEo4y4jcoi,southern hip hop,spotify,l1,2007
ludacris featuring miguel,ludacris,ludacris,ludacris,Ludacris,3ipn9JLAPI5GUEo4y4jcoi,southern hip hop,spotify,l1,2015
ludacris featuring mystikal & infamous 2.0,ludacris,ludacris,ludacris,Ludacris,3ipn9JLAPI5GUEo4y4jcoi,southern hip hop,spotify,l1,2002
ludacris featuring nate dogg,ludacris,ludacris,ludacris,Ludacris,3ipn9JLAPI5GUEo4y4jcoi,southern hip hop,spotify,l1,2001
ludacris featuring nicki minaj,ludacris,ludacris,ludacris,Ludacris,3ipn9JLAPI5GUEo4y4jcoi,southern hip hop,spotify,l1,2010
ludacris featuring pharrell,ludacris,ludacris,ludacris,Ludacris,3ipn9JLAPI5GUEo4y4jcoi,southern hip hop,spotify,l1,2007
ludacris featuring shawnna,ludacris,ludacris,ludacris,Ludacris,3ipn9JLAPI5GUEo4y4jcoi,southern hip hop,spotify,l1,2004
ludacris featuring sleepy brown,ludacris,ludacris,ludacris,Ludacris,3ipn9JLAPI5GUEo4y4jcoi,southern hip hop,spotify,l1,2002
ludacris featuring trey songz,ludacris,ludacris,ludacris,Ludacris,3ipn9JLAPI5GUEo4y4jcoi,southern hip hop,spotify,l1,2010
ludacris featuring usher & david guetta,ludacris,ludacris,ludacris,Ludacris,3ipn9JLAPI5GUEo4y4jcoi,southern hip hop,spotify,l1,2013
"ludacris, ll cool j & keith murray","ludacris, ll cool j & keith murray",ludacris,ludacris,Ludacris,3ipn9JLAPI5GUEo4y4jcoi,southern hip hop,spotify,l2,2002
luis cardenas,luis cardenas,luis cardenas,luis cardenas,Luis Cardenas,0BSpkVhHViBMvJJx2u1BlZ,,none,artist,1986
luis fonsi,luis fonsi,luis fonsi,luis fonsi,Luis Fonsi,4V8Sr092TqfHkfAA5fXXqG,latin,spotify,artist,2008
luis fonsi & daddy yankee featuring justin bieber,luis fonsi & daddy yankee,luis fonsi,luis fonsi,Luis Fonsi,4V8Sr092TqfHkfAA5fXXqG,latin,spotify,l2,2018
luis fonsi & demi lovato,luis fonsi & demi lovato,luis fonsi,luis fonsi,Luis Fonsi,4V8Sr092TqfHkfAA5fXXqG,latin,spotify,l2,2018
luis r conriquez x neton vega,luis r conriquez x neton vega,luis r conriquez,luis r conriquez,Luis R Conriquez,7htdmAJ5VQGFMFzxOQJmLn,,none,l2,2024
lukas graham,lukas graham,lukas graham,lukas graham,Lukas Graham,25u4wHJWxCA9vO0CzxAbK7,dansk pop,spotify,artist,2019
luke,luke,luke,luke,LUKE,1Cd2aPC2FCK4SZ51kK7FOl,,none,artist,1996
luke bryan,luke bryan,luke bryan,luke bryan,Luke Bryan,0BvkDsjIUla7X0k6CSWh1I,country;acoustic country,spotify,artist,2025
luke bryan featuring karen fairchild,luke bryan,luke bryan,luke bryan,Luke Bryan,0BvkDsjIUla7X0k6CSWh1I,country;acoustic country,spotify,l1,2016
luke combs,luke combs,luke combs,luke combs,Luke Combs,718COspgdWOnwOFpJHRZHS,country,spotify,artist,2025
luke combs & brooks & dunn,luke combs & brooks & dunn,luke combs,luke combs,Luke Combs,718COspgdWOnwOFpJHRZHS,country,spotify,l2,2019
luke combs featuring amanda shires,luke combs,luke combs,luke combs,Luke Combs,718COspgdWOnwOFpJHRZHS,country,spotify,l1,2020
luke combs featuring eric church,luke combs,luke combs,luke combs,Luke Combs,718COspgdWOnwOFpJHRZHS,country,spotify,l1,2020
luke featuring no good but so good,luke,luke,luke,LUKE,1Cd2aPC2FCK4SZ51kK7FOl,,none,l1,1998
luke featuring the 2 live crew,luke,luke,luke,LUKE,1Cd2aPC2FCK4SZ51kK7FOl,,none,l1,1990
lulu,lulu,lulu,lulu,Lulu,0jYKX08u1XxmHrl5TdM2QZ,,none,artist,1982
lulu and the luvers,lulu and the luvers,lulu,lulu,Lulu,0jYKX08u1XxmHrl5TdM2QZ,,none,l2,1967
lulu with the dixie flyers,lulu with the dixie flyers,lulu,lulu,Lulu,0jYKX08u1XxmHrl5TdM2QZ,,none,l2,1970
lumidee,lumidee,lumidee,lumidee,Lumidee,1IO0GVa1xjkFMXsg66FiE9,,none,artist,2003
lumidee featuring tony sunshine,lumidee,lumidee,lumidee,Lumidee,1IO0GVa1xjkFMXsg66FiE9,,none,l1,2007
lunar funk,lunar funk,lunar funk,lunar funk,Lunar Funk,19fdAY46dGJL0XLvT4Mtuf,jungle;drum and bass,spotify,artist,1972
"lunay, daddy yankee & bad bunny","lunay, daddy yankee & bad bunny",lunay,lunay,Lunay,47MpMsUfWtgyIIBEFOr4FE,reggaeton,spotify,l2,2019
lunchmoney lewis,lunchmoney lewis,lunchmoney lewis,lunchmoney lewis,LunchMoney Lewis,2iUbk5KhZYZt4CRvWbwb7S,,none,artist,2015
luniz,luniz,luniz,luniz,Luniz,3z3g65U7mmyyBmmDfsQK9x,g-funk;west coast hip hop;old school hip hop,spotify,artist,1995
lupe fiasco,lupe fiasco,lupe fiasco,lupe fiasco,Lupe Fiasco,01QTIT5P1pFP3QnnFSdsJf,,none,artist,2012
lupe fiasco & guy sebastian,lupe fiasco & guy sebastian,lupe fiasco,lupe fiasco,Lupe Fiasco,01QTIT5P1pFP3QnnFSdsJf,,none,l2,2013
lupe fiasco featuring ed sheeran,lupe fiasco,lupe fiasco,lupe fiasco,Lupe Fiasco,01QTIT5P1pFP3QnnFSdsJf,,none,l1,2014
lupe fiasco featuring mdma,lupe fiasco,lupe fiasco,lupe fiasco,Lupe Fiasco,01QTIT5P1pFP3QnnFSdsJf,,none,l1,2011
lupe fiasco featuring matthew santos,lupe fiasco,lupe fiasco,lupe fiasco,Lupe Fiasco,01QTIT5P1pFP3QnnFSdsJf,,none,l1,2009
lupe fiasco featuring skylar grey,lupe fiasco,lupe fiasco,lupe fiasco,Lupe Fiasco,01QTIT5P1pFP3QnnFSdsJf,,none,l1,2011
lupe fiasco featuring trey songz,lupe fiasco,lupe fiasco,lupe fiasco,Lupe Fiasco,01QTIT5P1pFP3QnnFSdsJf,,none,l1,2011
luscious jackson,luscious jackson,luscious jackson,luscious jackson,Luscious Jackson,1EcRE2Nnqg2spdn2otakhg,,none,artist,1997
lustra,lustra,lustra,lustra,Lustra,3IJ770I1QPmwVp7yug0eJ4,,none,artist,2006
luther ingram,luther ingram,luther ingram,luther ingram,Luther Ingram,5Pek6HAr0BoHD9P1RuA7d5,classic soul;northern soul,spotify,artist,1973
luther vandross,luther vandross,luther vandross,luther vandross,Luther Vandross,19y5MFBH7gohEdGwKM7QsP,quiet storm;soul,spotify,artist,2003
luther vandross & mariah carey,luther vandross & mariah carey,luther vandross,luther vandross,Luther Vandross,19y5MFBH7gohEdGwKM7QsP,quiet storm;soul,spotify,l2,1995
luther vandross and janet jackson with bbd and ralph tresvant,luther vandross and janet jackson with bbd and ralph tresvant,luther vandross,luther vandross,Luther Vandross,19y5MFBH7gohEdGwKM7QsP,quiet storm;soul,spotify,l2,1992
luther vandross with gregory hines,luther vandross with gregory hines,luther vandross,luther vandross,Luther Vandross,19y5MFBH7gohEdGwKM7QsP,quiet storm;soul,spotify,l2,1987
lutricia mcneal,lutricia mcneal,lutricia mcneal,lutricia mcneal,Lutricia McNeal,15CJJkRAJlTG8kA8Eo1f4x,,none,artist,1998
lyfe jennings,lyfe jennings,lyfe jennings,lyfe jennings,Lyfe Jennings,33C3ByGk9NCrjTIXr6npqf,r&b,spotify,artist,2006
lyme & cybelle,lyme & cybelle,lyme,lyme,Lyme & Cybelle,4MIaWuwBsxDyPXzkEzC4Zh,baroque pop,spotify,artist,1966
lyn collins,lyn collins,lyn collins,lyn collins,Lyn Collins,6XJPGyxrP66scKvIE9kpPN,funk;classic soul;soul,spotify,artist,1972
lynn anderson,lynn anderson,lynn anderson,lynn anderson,Lynn Anderson,502FY8XQYRxClWgolQ3Hf2,classic country,spotify,artist,1975
lynyrd skynyrd,lynyrd skynyrd,lynyrd skynyrd,lynyrd skynyrd,Lynyrd Skynyrd,4MVyzYMgTwdP7Z49wAZHx0,southern rock;classic rock;rock,spotify,artist,1978
"lyrical lemonade, juice wrld & cordae","lyrical lemonade, juice wrld & cordae",lyrical lemonade,lyrical lemonade,Lyrical Lemonade,3VrGfWE8YdYMK4ySpnE0ly,,none,l2,2023
lysette,lysette,lysette,lysette,Lysette,0T3ISCwYxbdcxBt6fuO2sV,,none,artist,1998
m,m,m,m,,,,none,,1980
m + m,m + m,m,m,,,,none,,1984
m people,m people,m people,m people,M People,3lcbKPLl0ci2mKRdcP5Etf,,none,artist,1994
m.c. brains,m.c. brains,m.c. brains,mc brains,M.C. Brains,0NCuPxLIaNGhlqF86xvid7,new jack swing,spotify,artist,1992
m.c. breed,m.c. breed,m.c. breed,mc breed,M.C. Breed,4jS7sU4FrciQRkkDYZe7UI,,none,artist,1993
m.c. breed & d.f.c.,m.c. breed & d.f.c.,m.c. breed,mc breed,M.C. Breed,4jS7sU4FrciQRkkDYZe7UI,,none,l2,1992
m.c. hammer,m.c. hammer,m.c. hammer,mc hammer,M.C. Hammer,7wDIOtDvZjDc1fNOIFZ4v5,,none,artist,1994
m.i.a.,m.i.a.,m.i.a.,mia,M.I.A.,0QJIPDAEDILuo8AIq3pMuU,,none,artist,2008
m.i.a. & a r rahman,m.i.a. & a r rahman,m.i.a.,mia,M.I.A.,0QJIPDAEDILuo8AIq3pMuU,,none,l2,2009
m.v.p. (most valuable playas) featuring stagga lee,m.v.p.,m.v.p.,mvp,M.V.P.,3J1uTWBhRAAa76cJltd6tS,,none,l1,2003
m/a/r/r/s,m,m,m,M/A/R/R/S,13jRo2FyagCX9wrKIpOt46,acid house,spotify,artist,1988
m2m,m2m,m2m,m2m,M2M,0ZzYDST6Dib7iYd8hmcLcH,norwegian pop,spotify,artist,2000
m83.,m83.,m83.,m83,M83,63MQldklfxkjYDoUE4Tppz,,none,l3,2012
m:g,m:g,m:g,mg,MG,6SWOdiks4Ac3lMM8NCqDm0,trap,spotify,l3,1998
magic!,magic!,magic!,magic,MAGIC!,0DxeaLnv6SyYk2DOqkLO8c,,none,artist,2015
max featuring gnash,max,max,max,MAX,1bqxdqvUtPWZri43cKHac8,,none,l1,2018
mc eiht,mc eiht,mc eiht,mc eiht,MC Eiht,4XqfpACObRB5AsBcUYjL8X,west coast hip hop;g-funk;gangster rap,spotify,artist,1993
mc luscious,mc luscious,mc luscious,mc luscious,MC Luscious,0bBiNXujSgJNfPtUqyzvTx,miami bass;funk melody,spotify,artist,1992
mc luscious featuring kinsui,mc luscious,mc luscious,mc luscious,MC Luscious,0bBiNXujSgJNfPtUqyzvTx,miami bass;funk melody,spotify,l1,1997
mc lyte,mc lyte,mc lyte,mc lyte,MC Lyte,2ZbWlThDW0qSbI3hinpl0w,old school hip hop;east coast hip hop,spotify,artist,1997
mc lyte featuring xscape,mc lyte,mc lyte,mc lyte,MC Lyte,2ZbWlThDW0qSbI3hinpl0w,old school hip hop;east coast hip hop,spotify,l1,1996
mc nas-d & dj fred,mc nas-d & dj fred,mc nas-d,mc nasd,MC Nas-D,3JX6XUffN4lgNvVULyYgnD,miami bass;bass music,spotify,l2,1993
mc ren,mc ren,mc ren,mc ren,MC Ren,4fbyGOEjViyE97W58eGEgU,west coast hip hop;g-funk;gangster rap;old school hip hop,spotify,artist,1993
mc serch,mc serch,mc serch,mc serch,MC Serch,40bZG5ihgjqtufTvy8dz2u,east coast hip hop,spotify,artist,1992
mc skat kat & the stray mob,mc skat kat & the stray mob,mc skat kat,mc skat kat,,,,none,,1991
mc5,mc5,mc5,mc5,MC5,4WquJweZPIK9qcfVFhTKvf,proto-punk;garage rock;punk,spotify,artist,1969
mfsb,mfsb,mfsb,mfsb,MFSB,2mknvtcck8i82nKxDPDibv,philly soul;disco,spotify,artist,1976
mfsb featuring the three degrees,mfsb,mfsb,mfsb,MFSB,2mknvtcck8i82nKxDPDibv,philly soul;disco,spotify,l1,1974
mgk,mgk,mgk,mgk,mgk,6TIYQ3jFPwQSRmorSezPxX,,none,artist,2025
mgk & jelly roll,mgk & jelly roll,mgk,mgk,mgk,6TIYQ3jFPwQSRmorSezPxX,,none,l2,2024
mgk featuring waka flocka flame,mgk,mgk,mgk,mgk,6TIYQ3jFPwQSRmorSezPxX,,none,l1,2012
mgmt,mgmt,mgmt,mgmt,MGMT,0SwO7SWeDHJijQ3XNS7xEE,indie,spotify,artist,2009
mkto,mkto,mkto,mkto,MKTO,2l35CQqtYRh3d8ZIiBep4v,,none,artist,2014
mo3 x og bobby billions,mo3 x og bobby billions,mo3,mo3,MO3,44JEJiBvti7NiEhAfzWstv,,none,l2,2021
"moliy, silent addy, skillibeng & shenseea","moliy, silent addy, skillibeng & shenseea",moliy,moliy,MOLIY,2hVWBpjLW4Q7fboYz2pVYK,alté,spotify,l2,2025
mabel,mabel,mabel,mabel,Mabel,1MIVXf74SZHmTIp4V4paH4,,none,artist,2019
mable john,mable john,mable john,mable john,Mable John,2WKCi6dbtPIPiUzqSJWKRn,motown;classic soul;soul;northern soul,spotify,artist,1966
mac and katie kissoon,mac and katie kissoon,mac,mac,,,,none,,1971
mac davis,mac davis,mac davis,mac davis,Mac Davis,6HX8AbXUFaYRtlqKb4CCo0,classic country,spotify,artist,1981
mac demarco,mac demarco,mac demarco,mac demarco,Mac DeMarco,3Sz7ZnJQBIHsXLUSo0OQtM,indie;lo-fi indie,spotify,artist,2023
mac mcanally,mac mcanally,mac mcanally,mac mcanally,Mac McAnally,2dSu4iBQikoVlBc43gwaHY,,none,artist,1983
mac miller,mac miller,mac miller,mac miller,Mac Miller,4LLpKhyESsyAXpc4laK94U,,none,artist,2025
mac miller featuring sza,mac miller,mac miller,mac miller,Mac Miller,4LLpKhyESsyAXpc4laK94U,,none,l1,2025
maceo and the macks,maceo and the macks,maceo,maceo,Maceo And The Macks,0rDIqnqwAmDPL1gyzoFH9y,funk;jazz funk,spotify,artist,1973
machine,machine,machine,machine,,,,none,,1979
machine gun kelly,machine gun kelly,machine gun kelly,machine gun kelly,Machine Gun Kelly,1lP7f2evgtQcghRmqkPb3j,,none,artist,2021
machine gun kelly & bring me the horizon,machine gun kelly & bring me the horizon,machine gun kelly,machine gun kelly,Machine Gun Kelly,1lP7f2evgtQcghRmqkPb3j,,none,l2,2022
machine gun kelly & corpse,machine gun kelly & corpse,machine gun kelly,machine gun kelly,Machine Gun Kelly,1lP7f2evgtQcghRmqkPb3j,,none,l2,2021
machine gun kelly & halsey,machine gun kelly & halsey,machine gun kelly,machine gun kelly,Machine Gun Kelly,1lP7f2evgtQcghRmqkPb3j,,none,l2,2020
machine gun kelly & lil wayne,machine gun kelly & lil wayne,machine gun kelly,machine gun kelly,Machine Gun Kelly,1lP7f2evgtQcghRmqkPb3j,,none,l2,2022
machine gun kelly & willow,machine gun kelly & willow,machine gun kelly,machine gun kelly,Machine Gun Kelly,1lP7f2evgtQcghRmqkPb3j,,none,l2,2022
machine gun kelly featuring hailee steinfeld,machine gun kelly,machine gun kelly,machine gun kelly,Machine Gun Kelly,1lP7f2evgtQcghRmqkPb3j,,none,l1,2017
machine gun kelly x blackbear,machine gun kelly x blackbear,machine gun kelly,machine gun kelly,Machine Gun Kelly,1lP7f2evgtQcghRmqkPb3j,,none,l2,2022
machine gun kelly x camila cabello,machine gun kelly x camila cabello,machine gun kelly,machine gun kelly,Machine Gun Kelly,1lP7f2evgtQcghRmqkPb3j,,none,l2,2017
"machine gun kelly, x ambassadors & bebe rexha","machine gun kelly, x ambassadors & bebe rexha",machine gun kelly,machine gun kelly,Machine Gun Kelly,1lP7f2evgtQcghRmqkPb3j,,none,l2,2018
mack 10,mack 10,mack 10,mack 10,Mack 10,3USpNaxpX1iNqNnQWqg9ob,g-funk;west coast hip hop;gangster rap;old school hip hop,spotify,artist,1998
mack 10 & tha dogg pound,mack 10 & tha dogg pound,mack 10,mack 10,Mack 10,3USpNaxpX1iNqNnQWqg9ob,g-funk;west coast hip hop;gangster rap;old school hip hop,spotify,l2,1997
mack 10 featuring gerald levert,mack 10,mack 10,mack 10,Mack 10,3USpNaxpX1iNqNnQWqg9ob,g-funk;west coast hip hop;gangster rap;old school hip hop,spotify,l1,1998
"macklemore & ryan lewis featuring eric nally, melle mel, kool moe dee & grandmaster caz",macklemore & ryan lewis,macklemore,macklemore,Macklemore & Ryan Lewis,6WLvgbfYXQPO396oJEYCsi,,none,l1,2016
macklemore & ryan lewis featuring mary lambert,macklemore & ryan lewis,macklemore,macklemore,Macklemore & Ryan Lewis,6WLvgbfYXQPO396oJEYCsi,,none,l1,2013
macklemore & ryan lewis featuring ray dalton,macklemore & ryan lewis,macklemore,macklemore,Macklemore & Ryan Lewis,6WLvgbfYXQPO396oJEYCsi,,none,l1,2013
macklemore & ryan lewis featuring schoolboy q & hollis,macklemore & ryan lewis,macklemore,macklemore,Macklemore & Ryan Lewis,6WLvgbfYXQPO396oJEYCsi,,none,l1,2014
macklemore & ryan lewis featuring wanz,macklemore & ryan lewis,macklemore,macklemore,Macklemore & Ryan Lewis,6WLvgbfYXQPO396oJEYCsi,,none,l1,2013
macklemore featuring kesha,macklemore,macklemore,macklemore,Macklemore,3JhNCzhSMTxs9WLGJJxWOY,,none,l1,2018
macklemore featuring skylar grey,macklemore,macklemore,macklemore,Macklemore,3JhNCzhSMTxs9WLGJJxWOY,,none,l1,2017
macy gray,macy gray,macy gray,macy gray,Macy Gray,4ylR3zwA0zaapAu94fktwa,,none,artist,2000
mad cobra,mad cobra,mad cobra,mad cobra,Mad Cobra,24W0VzkQBfsrZb4YhdZHtE,ragga,spotify,artist,1993
mad lion,mad lion,mad lion,mad lion,MAD LION,0M6hQ36utfGvzzVP9sZThu,,none,artist,1994
madcon,madcon,madcon,madcon,Madcon,6c4sUNBgdonFJz8Kx2VsGz,norwegian hip hop,spotify,artist,2009
maddie & tae,maddie & tae,maddie,maddie,Maddie & Tae,34bhyY8jfKez7uKakMfy4y,country,spotify,artist,2020
madeintyo,madeintyo,madeintyo,madeintyo,MadeinTYO,5SyGEPymt1G2uto47tVWvZ,,none,artist,2016
madeline bell,madeline bell,madeline bell,madeline bell,Madeline Bell,3Eiku2RFtR4xvfYi9kNO4D,northern soul,spotify,artist,1968
madi davis,madi davis,madi davis,madi davis,Madi Davis,3BFzLbe62Gf73ZT5KdCPde,,none,artist,2015
madison avenue,madison avenue,madison avenue,madison avenue,Madison Avenue,6otgz5gkB40UnWFwTy0VDh,,none,artist,2000
madleen kane,madleen kane,madleen kane,madleen kane,Madleen Kane,2nCH7NlCpkfhzJMS4opstC,disco;hi-nrg,spotify,artist,1982
madness,madness,madness,madness,Madness,4AYkFtEBnNnGuoo8HaHErd,ska,spotify,artist,1984
madonna,madonna,madonna,madonna,Madonna,6tbjWDEIzxoDsBA1FuhfPW,,none,artist,2009
madonna featuring justin timberlake & timbaland,madonna,madonna,madonna,Madonna,6tbjWDEIzxoDsBA1FuhfPW,,none,l1,2008
madonna featuring nicki minaj,madonna,madonna,madonna,Madonna,6tbjWDEIzxoDsBA1FuhfPW,,none,l1,2015
madonna featuring nicki minaj & m.i.a.,madonna,madonna,madonna,Madonna,6tbjWDEIzxoDsBA1FuhfPW,,none,l1,2012
maejor ali featuring juicy j & justin bieber,maejor ali,maejor ali,maejor ali,,,,none,,2014
mag 7,mag 7,mag 7,mag 7,Mag 7,68H4DslAxWAgr7YqY0aYyk,,none,artist,1998
magazine 60,magazine 60,magazine 60,magazine 60,Magazine 60,6MrXYlcl32SK12YxMWJWte,italo disco;hi-nrg;italo dance;disco,spotify,artist,1986
maggie bell,maggie bell,maggie bell,maggie bell,Maggie Bell,5mZT64pztyifYahkPx6KMK,blues rock,spotify,artist,1974
magic lanterns,magic lanterns,magic lanterns,magic lanterns,Magic Lanterns,3KdjLRiBHU1Rq2NWaTH0fe,,none,artist,1969
magoo and timbaland,magoo and timbaland,magoo,magoo,Magoo,7pv3MRGkgkXa9Qn8sMctxT,,none,l2,1997
mahalia jackson,mahalia jackson,mahalia jackson,mahalia jackson,Mahalia Jackson,6QBUIuGCAJSAtefEY1EEdB,gospel;christmas,spotify,artist,1962
mai tai,mai tai,mai tai,mai tai,Mai Tai,00OJ7B9zJhTr5IQ1p4yG3l,,none,artist,1986
maino featuring t-pain,maino,maino,maino,Maino,20apXQGKM00jJTvYfyKwlb,,none,l1,2009
major harris,major harris,major harris,major harris,Major Harris,0mpVqJaKwg11LdSRrvI0PL,philly soul;classic soul;quiet storm;northern soul,spotify,artist,1976
major lance,major lance,major lance,major lance,Major Lance,7onp6ew3LGoQImTt1I78gt,northern soul;classic soul;motown;soul,spotify,artist,1970
"major lazer featuring bruno mars, tyga & mystic",major lazer,major lazer,major lazer,Major Lazer,738wLrAtLtCtFOLvQBXOXp,moombahton,spotify,l1,2013
major lazer featuring ellie goulding & tarrus riley,major lazer,major lazer,major lazer,Major Lazer,738wLrAtLtCtFOLvQBXOXp,moombahton,spotify,l1,2015
major lazer featuring justin bieber & mo,major lazer,major lazer,major lazer,Major Lazer,738wLrAtLtCtFOLvQBXOXp,moombahton,spotify,l1,2017
major lazer featuring nyla & fuse odg,major lazer,major lazer,major lazer,Major Lazer,738wLrAtLtCtFOLvQBXOXp,moombahton,spotify,l1,2016
major lazer featuring partynextdoor & nicki minaj,major lazer,major lazer,major lazer,Major Lazer,738wLrAtLtCtFOLvQBXOXp,moombahton,spotify,l1,2017
"major lazer featuring travis scott, camila cabello & quavo",major lazer,major lazer,major lazer,Major Lazer,738wLrAtLtCtFOLvQBXOXp,moombahton,spotify,l1,2017
major lazer x dj snake featuring mo,major lazer x dj snake,major lazer,major lazer,Major Lazer,738wLrAtLtCtFOLvQBXOXp,moombahton,spotify,l2,2016
malcolm todd,malcolm todd,malcolm todd,malcolm todd,Malcolm Todd,7eKkW1zo5uzW8kUntiiBvz,,none,artist,2025
malo,malo,malo,malo,Malo,2vmTJisPQCD5ThbxbFehAB,latin rock,spotify,artist,1972
maluma,maluma,maluma,maluma,Maluma,1r4hJ1h58CWwUQe3MxPuau,reggaeton;latin;urbano latino,spotify,artist,2019
maluma & carin leon,maluma & carin leon,maluma,maluma,Maluma,1r4hJ1h58CWwUQe3MxPuau,reggaeton;latin;urbano latino,spotify,l2,2024
maluma & the weeknd,maluma & the weeknd,maluma,maluma,Maluma,1r4hJ1h58CWwUQe3MxPuau,reggaeton;latin;urbano latino,spotify,l2,2021
maluma x nego do borel,maluma x nego do borel,maluma,maluma,Maluma,1r4hJ1h58CWwUQe3MxPuau,reggaeton;latin;urbano latino,spotify,l2,2018
mama cass,mama cass,mama cass,mama cass,Mama Cass,17PTR2ezI9ZJtGVzh92DcT,,none,artist,1969
mama cass elliot,mama cass elliot,mama cass elliot,mama cass elliot,Mama Cass Elliot,1VDgSKNnqmAhg9bc2dgQ0S,,none,artist,1970
mama cass with the mamas & the papas,mama cass with the mamas & the papas,mama cass,mama cass,Mama Cass,17PTR2ezI9ZJtGVzh92DcT,,none,l2,1968
mana,mana,mana,mana,,,,none,,2006
mana featuring prince royce,mana,mana,mana,,,,none,,2011
mandrill,mandrill,mandrill,mandrill,Mandrill,5rXAruZf5xM6ria9VAVXjw,,none,artist,1973
mandy moore,mandy moore,mandy moore,mandy moore,Mandy Moore,2LJxr7Pt3JnP60eLxwbDOu,,none,artist,2000
maneskin,maneskin,maneskin,maneskin,Maneskin,5iE7ObKXmY0BhcvOl7CeQk,,none,artist,2022
manfred mann,manfred mann,manfred mann,manfred mann,Manfred Mann,5670CyWrIOA7702gNjsGMZ,,none,artist,1969
manfred mann's earth band,manfred mann's earth band,manfred mann's earth band,manfred manns earth band,,,,none,,1984
mann,mann,mann,mann,Mann,3sAHunotiQdUXKSsFj5KUg,,none,artist,2011
mannie fresh,mannie fresh,mannie fresh,mannie fresh,Mannie Fresh,0fbFfVckGKsDbAfYnB5mD1,southern hip hop;new orleans bounce,spotify,artist,2005
manny kellem - his orchestra and voices,manny kellem - his orchestra and voices,manny kellem - his orchestra,manny kellem his orchestra,,,,none,,1968
mantovani & his orch.,mantovani & his orch.,mantovani,mantovani,Mantovani,4l2d1CRNjXgG4RBoA89Kle,orchestral;easy listening,spotify,l2,1961
mantovani & his orchestra,mantovani & his orchestra,mantovani,mantovani,Mantovani,4l2d1CRNjXgG4RBoA89Kle,orchestral;easy listening,spotify,l2,1960
mantronix featuring wondress,mantronix,mantronix,mantronix,Mantronix,5X3xYvzQbk57emX7fHuaIe,,none,l1,1990
manu dibango,manu dibango,manu dibango,manu dibango,Manu Dibango,30UIjoCGuL3Fa5BOc3ayNW,afrobeat;afropop;afro soul,spotify,artist,1973
manuel turizo,manuel turizo,manuel turizo,manuel turizo,Manuel Turizo,0tmwSHipWxN12fsoLcFU3B,reggaeton;pop urbano;latin;colombian pop,spotify,artist,2023
mar-keys,mar-keys,mar-keys,markeys,Markeys,4CuXPZvxZEpBfaBAH1VTi7,,none,l3,1962
marc almond,marc almond,marc almond,marc almond,Marc Almond,7nBZYpVAH6bD0QlD7Mpil7,synthpop;new wave,spotify,artist,1989
marc anthony,marc anthony,marc anthony,marc anthony,Marc Anthony,4wLXwxDeWQ8mtUIRPxGiD6,salsa;merengue;bachata;latin;latin pop,spotify,artist,2013
marc cohn,marc cohn,marc cohn,marc cohn,Marc Cohn,2C8mKwk3z5DtqLcSwUdYJ9,,none,artist,1991
marc e. bassy featuring g-eazy,marc e. bassy,marc e. bassy,marc e bassy,Marc E. Bassy,3tQx1LPXbsYjE9VwN1Peaa,,none,l1,2016
marc nelson,marc nelson,marc nelson,marc nelson,Marc Nelson,3UzHAzcGMpTl6OCo4gTIMr,,none,artist,2000
marcia griffiths,marcia griffiths,marcia griffiths,marcia griffiths,Marcia Griffiths,4qLV9FR6ZVLS6W8drD78hM,rocksteady;lovers rock;reggae;roots reggae,spotify,artist,1990
marcie blane,marcie blane,marcie blane,marcie blane,Marcie Blane,3PJdYV0ZaYdJz8l8sFRPgA,doo-wop,spotify,artist,1963
marcos hernandez,marcos hernandez,marcos hernandez,marcos hernandez,marcos hernandez,4rSUvQSZ374P86shpTtXkK,,none,artist,2005
marcy joe,marcy joe,marcy joe,marcy joe,,,,none,,1961
marcy levy & robin gibb,marcy levy & robin gibb,marcy levy,marcy levy,Marcy Levy,28uTcXwlZmoa0wOdhqZacA,,none,l2,1981
marcy playground,marcy playground,marcy playground,marcy playground,Marcy Playground,7AQzXO3NPNQsI7oNu5rC3r,,none,artist,1998
maren morris,maren morris,maren morris,maren morris,Maren Morris,6WY7D3jk8zTrHtmkqqo5GI,country,spotify,artist,2022
maren morris featuring vince gill,maren morris,maren morris,maren morris,Maren Morris,6WY7D3jk8zTrHtmkqqo5GI,country,spotify,l1,2017
margaret whiting,margaret whiting,margaret whiting,margaret whiting,Margaret Whiting,5ZGDxHhju6eE8ja4IyGe87,adult standards;vocal jazz;big band,spotify,artist,1967
margie joseph,margie joseph,margie joseph,margie joseph,Margie Joseph,5pq13QK3UcktjZaDw6dJEc,philly soul;classic soul;northern soul;soul,spotify,artist,1975
maria mena,maria mena,maria mena,maria mena,Maria Mena,3rTRHzFfbTk5GL3LpYZGHR,norwegian pop,spotify,artist,2004
maria muldaur,maria muldaur,maria muldaur,maria muldaur,Maria Muldaur,2VUiF0VFkXzB0DLg9AzrqT,yacht rock;blues,spotify,artist,1975
maria vidal,maria vidal,maria vidal,maria vidal,Maria Vidal,37KWtCblYpCK9KvleX26Oe,,none,artist,1984
mariah carey,mariah carey,mariah carey,mariah carey,Mariah Carey,4iHNK0tOyZPYnBU7nGAgpQ,christmas,spotify,artist,2025
mariah carey & boyz ii men,mariah carey & boyz ii men,mariah carey,mariah carey,Mariah Carey,4iHNK0tOyZPYnBU7nGAgpQ,christmas,spotify,l2,1996
mariah carey featuring ariana grande & jennifer hudson,mariah carey,mariah carey,mariah carey,Mariah Carey,4iHNK0tOyZPYnBU7nGAgpQ,christmas,spotify,l1,2020
mariah carey featuring cameo,mariah carey,mariah carey,mariah carey,Mariah Carey,4iHNK0tOyZPYnBU7nGAgpQ,christmas,spotify,l1,2001
mariah carey featuring jay-z,mariah carey,mariah carey,mariah carey,Mariah Carey,4iHNK0tOyZPYnBU7nGAgpQ,christmas,spotify,l1,2000
mariah carey featuring joe & 98 degrees,mariah carey,mariah carey,mariah carey,Mariah Carey,4iHNK0tOyZPYnBU7nGAgpQ,christmas,spotify,l1,2000
mariah carey featuring miguel,mariah carey,mariah carey,mariah carey,Mariah Carey,4iHNK0tOyZPYnBU7nGAgpQ,christmas,spotify,l1,2013
mariah carey featuring nicki minaj,mariah carey,mariah carey,mariah carey,Mariah Carey,4iHNK0tOyZPYnBU7nGAgpQ,christmas,spotify,l1,2010
mariah carey featuring snoop dogg,mariah carey,mariah carey,mariah carey,Mariah Carey,4iHNK0tOyZPYnBU7nGAgpQ,christmas,spotify,l1,2006
mariah carey featuring t-pain,mariah carey,mariah carey,mariah carey,Mariah Carey,4iHNK0tOyZPYnBU7nGAgpQ,christmas,spotify,l1,2008
mariah carey featuring yg,mariah carey,mariah carey,mariah carey,Mariah Carey,4iHNK0tOyZPYnBU7nGAgpQ,christmas,spotify,l1,2017
mariah the scientist,mariah the scientist,mariah the scientist,mariah the scientist,Mariah the Scientist,7HO5fOXE4gh3lzZn64tX2E,alternative r&b,spotify,artist,2025
mariah the scientist & kali uchis,mariah the scientist & kali uchis,mariah the scientist,mariah the scientist,Mariah the Scientist,7HO5fOXE4gh3lzZn64tX2E,alternative r&b,spotify,l2,2025
marian hill,marian hill,marian hill,marian hill,Marian Hill,1xHQO9GJIW9OXHxGBISYc5,,none,artist,2017
marianne faithfull,marianne faithfull,marianne faithfull,marianne faithfull,Marianne Faithfull,7mlge4peaoNgzTsY6M32RB,,none,artist,1965
marie & rex,marie & rex,marie,marie,Marie & Rex,0A09b570HroctJ1GNMamDQ,,none,artist,1959
marie osmond,marie osmond,marie osmond,marie osmond,Marie Osmond,3ijY78RxOagYo8FOgSEkWj,,none,artist,1977
marillion,marillion,marillion,marillion,Marillion,7ai5TWiOG8g9Hds5AATS28,progressive rock;art rock,spotify,artist,1985
marilyn martin,marilyn martin,marilyn martin,marilyn martin,Marilyn Martin,3vtjCpFunIFNdbXkBVx0gL,,none,artist,1986
marilyn mccoo & billy davis jr.,marilyn mccoo & billy davis jr.,marilyn mccoo,marilyn mccoo,Marilyn McCoo & Billy Davis Jr.,7EtMpozS5ZnYNGscQDol17,,none,artist,1977
marilyn scott,marilyn scott,marilyn scott,marilyn scott,Marilyn Scott,0Xjghh84yVb90SAbO7RvL4,smooth jazz;vocal jazz,spotify,artist,1978
marilyn sellars,marilyn sellars,marilyn sellars,marilyn sellars,Marilyn Sellars,39porFWhd0PkDp1NqHV4qP,,none,artist,1974
mario,mario,mario,mario,Mario,0Qld3F5Dr62sYbuivSzEMw,,none,artist,2010
mario featuring gucci mane & sean garrett,mario,mario,mario,Mario,0Qld3F5Dr62sYbuivSzEMw,,none,l1,2009
mario vazquez,mario vazquez,mario vazquez,mario vazquez,Mario Vazquez,7iMjWsjqbmYLobomSh4B64,,none,artist,2006
mario winans featuring enya & p. diddy,mario winans,mario winans,mario winans,Mario Winans,4BIQA9vRkqXEnA2twmq7mU,,none,l1,2004
marion worth,marion worth,marion worth,marion worth,Marion Worth,0CUtS1azBsVCvaRqg31AYc,traditional country;classic country;christian country,spotify,artist,1963
mark ambor,mark ambor,mark ambor,mark ambor,Mark Ambor,11p2E654TTU8e0nZWBR4AL,,none,artist,2025
mark chesnutt,mark chesnutt,mark chesnutt,mark chesnutt,Mark Chesnutt,2cNV8vNe2fPFf6OfGOBbSS,classic country;country;traditional country;honky tonk,spotify,artist,2002
mark dinning,mark dinning,mark dinning,mark dinning,Mark Dinning,55Rf9Kfqd30nmqaeEDMpic,doo-wop,spotify,artist,1961
mark lindsay,mark lindsay,mark lindsay,mark lindsay,Mark Lindsay,7kEOMdsEmZkTHgA4ibDz4h,,none,artist,1971
mark mcguinn,mark mcguinn,mark mcguinn,mark mcguinn,Mark McGuinn,2W8eAR7hLWZ9Al1Sa19nka,,none,artist,2001
mark morrison,mark morrison,mark morrison,mark morrison,Mark Morrison,6V3F8MZrOKdT9fU686ybE9,,none,artist,1998
mark ronson featuring bruno mars,mark ronson,mark ronson,mark ronson,Mark Ronson,3hv9jJF3adDNsBSIQDqcjp,,none,l1,2016
mark ronson featuring miley cyrus,mark ronson,mark ronson,mark ronson,Mark Ronson,3hv9jJF3adDNsBSIQDqcjp,,none,l1,2019
mark valentino,mark valentino,mark valentino,mark valentino,Mark Valentino,23mLdzyVDlNPDL9Kahe069,,none,artist,1963
mark wills,mark wills,mark wills,mark wills,Mark Wills,0dlwjJe4kg9TgOMN184bJF,country;classic country;acoustic country,spotify,artist,2003
mark-almond,mark-almond,mark-almond,markalmond,Mark-Almond,7entybfpLTjdcWhGCI0h3B,,none,artist,1972
marky mark & the funky bunch,marky mark & the funky bunch,marky mark,marky mark,Marky Mark,30RQEZf8rhlcRNQJ89me3P,eurodance;hip house,spotify,l2,1992
marky mark & the funky bunch featuring loleatta holloway,marky mark & the funky bunch,marky mark,marky mark,Marky Mark,30RQEZf8rhlcRNQJ89me3P,eurodance;hip house,spotify,l2,1991
marlena shaw,marlena shaw,marlena shaw,marlena shaw,Marlena Shaw,0hirZ8kPPdM9pzXpoagB4w,northern soul;soul,spotify,artist,1967
marlowe morris quintet,marlowe morris quintet,marlowe morris quintet,marlowe morris quintet,,,,none,,1962
marmalade,marmalade,marmalade,marmalade,Marmalade,1tttI1iC4FsS6BM5l38oe5,,none,artist,1976
maroon 5,maroon 5,maroon 5,maroon 5,Maroon 5,04gDigrS5kc9YWfZHwBETP,pop,spotify,artist,2020
maroon 5 & lisa,maroon 5 & lisa,maroon 5,maroon 5,Maroon 5,04gDigrS5kc9YWfZHwBETP,pop,spotify,l2,2025
maroon 5 featuring cardi b,maroon 5,maroon 5,maroon 5,Maroon 5,04gDigrS5kc9YWfZHwBETP,pop,spotify,l1,2019
maroon 5 featuring christina aguilera,maroon 5,maroon 5,maroon 5,Maroon 5,04gDigrS5kc9YWfZHwBETP,pop,spotify,l1,2012
maroon 5 featuring future,maroon 5,maroon 5,maroon 5,Maroon 5,04gDigrS5kc9YWfZHwBETP,pop,spotify,l1,2017
maroon 5 featuring kendrick lamar,maroon 5,maroon 5,maroon 5,Maroon 5,04gDigrS5kc9YWfZHwBETP,pop,spotify,l1,2017
maroon 5 featuring megan thee stallion,maroon 5,maroon 5,maroon 5,Maroon 5,04gDigrS5kc9YWfZHwBETP,pop,spotify,l1,2021
maroon 5 featuring rihanna,maroon 5,maroon 5,maroon 5,Maroon 5,04gDigrS5kc9YWfZHwBETP,pop,spotify,l1,2008
maroon 5 featuring rozzi crane,maroon 5,maroon 5,maroon 5,Maroon 5,04gDigrS5kc9YWfZHwBETP,pop,spotify,l1,2012
maroon 5 featuring sza,maroon 5,maroon 5,maroon 5,Maroon 5,04gDigrS5kc9YWfZHwBETP,pop,spotify,l1,2018
maroon 5 featuring wiz khalifa,maroon 5,maroon 5,maroon 5,Maroon 5,04gDigrS5kc9YWfZHwBETP,pop,spotify,l1,2012
marques houston,marques houston,marques houston,marques houston,Marques Houston,1goOx6gnQdUllLfSMsL4Rt,r&b,spotify,artist,2007
"marques houston featuring jermaine ""jd"" dupri",marques houston,marques houston,marques houston,Marques Houston,1goOx6gnQdUllLfSMsL4Rt,r&b,spotify,l1,2004
marques houston featuring joe budden & pied piper,marques houston,marques houston,marques houston,Marques Houston,1goOx6gnQdUllLfSMsL4Rt,r&b,spotify,l1,2004
marques houston featuring young rome,marques houston,marques houston,marques houston,Marques Houston,1goOx6gnQdUllLfSMsL4Rt,r&b,spotify,l1,2005
marsha ambrosius,marsha ambrosius,marsha ambrosius,marsha ambrosius,Marsha Ambrosius,46VWDbmWmzvPBTmkSr25gM,neo soul;r&b,spotify,artist,2011
marshall crenshaw,marshall crenshaw,marshall crenshaw,marshall crenshaw,Marshall Crenshaw,73YLmyaazO66GncUVHP0KV,power pop;jangle pop,spotify,artist,1982
marshall hain,marshall hain,marshall hain,marshall hain,Marshall Hain,0bUGoPJdCrDnuIQNLxsnBb,,none,artist,1979
marshmello,marshmello,marshmello,marshmello,Marshmello,64KEffDW9EtZ1y2vBYgq8T,edm,spotify,artist,2019
marshmello & anne-marie,marshmello & anne-marie,marshmello,marshmello,Marshmello,64KEffDW9EtZ1y2vBYgq8T,edm,spotify,l2,2018
marshmello & bastille,marshmello & bastille,marshmello,marshmello,Marshmello,64KEffDW9EtZ1y2vBYgq8T,edm,spotify,l2,2019
marshmello & demi lovato,marshmello & demi lovato,marshmello,marshmello,Marshmello,64KEffDW9EtZ1y2vBYgq8T,edm,spotify,l2,2020
marshmello & halsey,marshmello & halsey,marshmello,marshmello,Marshmello,64KEffDW9EtZ1y2vBYgq8T,edm,spotify,l2,2020
marshmello & juice wrld,marshmello & juice wrld,marshmello,marshmello,Marshmello,64KEffDW9EtZ1y2vBYgq8T,edm,spotify,l2,2022
marshmello & kane brown,marshmello & kane brown,marshmello,marshmello,Marshmello,64KEffDW9EtZ1y2vBYgq8T,edm,spotify,l2,2024
marshmello & khalid,marshmello & khalid,marshmello,marshmello,Marshmello,64KEffDW9EtZ1y2vBYgq8T,edm,spotify,l2,2022
marshmello featuring a day to remember,marshmello,marshmello,marshmello,Marshmello,64KEffDW9EtZ1y2vBYgq8T,edm,spotify,l1,2019
marshmello featuring chvrches,marshmello,marshmello,marshmello,Marshmello,64KEffDW9EtZ1y2vBYgq8T,edm,spotify,l1,2019
marshmello featuring khalid,marshmello,marshmello,marshmello,Marshmello,64KEffDW9EtZ1y2vBYgq8T,edm,spotify,l1,2018
marshmello x jonas brothers,marshmello x jonas brothers,marshmello,marshmello,Marshmello,64KEffDW9EtZ1y2vBYgq8T,edm,spotify,l2,2021
marshmello x jelly roll,marshmello x jelly roll,marshmello,marshmello,Marshmello,64KEffDW9EtZ1y2vBYgq8T,edm,spotify,l2,2025
"marshmello, tyga & chris brown","marshmello, tyga & chris brown",marshmello,marshmello,Marshmello,64KEffDW9EtZ1y2vBYgq8T,edm,spotify,l2,2019
martha & the vandellas,martha & the vandellas,martha,martha,Martha & The Vandellas,0pOgwH2uOxwNJze9DEpvOC,,none,artist,1967
martha davis,martha davis,martha davis,martha davis,Martha Davis,6GdkGege9GGpJJGvyI9w2V,,none,artist,1988
martha reeves,martha reeves,martha reeves,martha reeves,Martha Reeves,3Hut5CO4gDNYQfG63a7Wl4,motown;northern soul,spotify,artist,1974
martha reeves & the vandellas,martha reeves & the vandellas,martha reeves,martha reeves,Martha Reeves,3Hut5CO4gDNYQfG63a7Wl4,motown;northern soul,spotify,l2,1971
martha wash,martha wash,martha wash,martha wash,Martha Wash,7htVGwGw3uAa7Axft4MTnx,disco house,spotify,artist,1993
martika,martika,martika,martika,Martika,40enFxfEXXsEXKOt1vgx0k,,none,artist,1992
martin briley,martin briley,martin briley,martin briley,Martin Briley,0kQXfNK3qQhHzHrR078qvN,aor;arena rock;power pop,spotify,artist,1983
martin denny and his orchestra,martin denny and his orchestra,martin denny,martin denny,Martin Denny,3D9J9nPNW1cBktx5apJq4V,exotica;lounge;easy listening,spotify,l2,1962
martin garrix,martin garrix,martin garrix,martin garrix,Martin Garrix,60d24wfXkVzDSfLS6hyCjZ,edm;progressive house;electronica,spotify,artist,2014
martin garrix & bebe rexha,martin garrix & bebe rexha,martin garrix,martin garrix,Martin Garrix,60d24wfXkVzDSfLS6hyCjZ,edm;progressive house;electronica,spotify,l2,2017
martin garrix & dua lipa,martin garrix & dua lipa,martin garrix,martin garrix,Martin Garrix,60d24wfXkVzDSfLS6hyCjZ,edm;progressive house;electronica,spotify,l2,2017
martin garrix featuring khalid,martin garrix,martin garrix,martin garrix,Martin Garrix,60d24wfXkVzDSfLS6hyCjZ,edm;progressive house;electronica,spotify,l1,2018
martin garrix featuring macklemore & patrick stump,martin garrix,martin garrix,martin garrix,Martin Garrix,60d24wfXkVzDSfLS6hyCjZ,edm;progressive house;electronica,spotify,l1,2019
martin garrix x troye sivan,martin garrix x troye sivan,martin garrix,martin garrix,Martin Garrix,60d24wfXkVzDSfLS6hyCjZ,edm;progressive house;electronica,spotify,l2,2017
martin mull and orchestra,martin mull and orchestra,martin mull,martin mull,Martin Mull,4zoYT4XyhdZbdWdXlJ8gV2,comedy,spotify,l2,1973
martin page,martin page,martin page,martin page,Martin Page,3NS6XjRa7OyZv6KjfkH5qC,,none,artist,1995
martin solveig & dragonette,martin solveig & dragonette,martin solveig,martin solveig,Martin Solveig & Dragonette,77iJZVsrGYYZqnCtEsYBLi,,none,artist,2011
martina mcbride,martina mcbride,martina mcbride,martina mcbride,Martina McBride,3P33qFNGBVXl86yQYWspFj,country,spotify,artist,2012
martina mcbride with jim brickman,martina mcbride with jim brickman,martina mcbride,martina mcbride,Martina McBride,3P33qFNGBVXl86yQYWspFj,country,spotify,l2,1998
marty balin,marty balin,marty balin,marty balin,Marty Balin,1LPqJnojL09mceIxcFwXLx,yacht rock;aor,spotify,artist,1983
marty robbins,marty robbins,marty robbins,marty robbins,Marty Robbins,0Xi59sEw38vRvwleSAVqoo,classic country;outlaw country,spotify,artist,1970
marty wilde,marty wilde,marty wilde,marty wilde,Marty Wilde,49Jb7NSMLFMM3n8M7BNRxN,rock and roll,spotify,artist,1960
marv johnson,marv johnson,marv johnson,marv johnson,Marv Johnson,3HHTOYcI5KryQckJIioqPg,doo-wop;northern soul,spotify,artist,1961
marva whitney,marva whitney,marva whitney,marva whitney,Marva Whitney,691nF1fI0SKCfsIypzFr7h,funk,spotify,artist,1969
marvin gaye,marvin gaye,marvin gaye,marvin gaye,Marvin Gaye,3koiLjNrgRTNbOwViDipeA,motown;classic soul;soul;northern soul;quiet storm,spotify,artist,1983
marvin gaye & kim weston,marvin gaye & kim weston,marvin gaye,marvin gaye,Marvin Gaye,3koiLjNrgRTNbOwViDipeA,motown;classic soul;soul;northern soul;quiet storm,spotify,l2,1967
marvin gaye & mary wells,marvin gaye & mary wells,marvin gaye,marvin gaye,Marvin Gaye,3koiLjNrgRTNbOwViDipeA,motown;classic soul;soul;northern soul;quiet storm,spotify,l2,1964
marvin gaye & tammi terrell,marvin gaye & tammi terrell,marvin gaye,marvin gaye,Marvin Gaye,3koiLjNrgRTNbOwViDipeA,motown;classic soul;soul;northern soul;quiet storm,spotify,l2,1970
"marvin hamlisch/""the sting""",marvin hamlisch,marvin hamlisch,marvin hamlisch,Marvin Hamlisch,1VN38ZSdtQnHLa8PfTTKZD,ragtime,spotify,l1,1974
marvin rainwater,marvin rainwater,marvin rainwater,marvin rainwater,Marvin Rainwater,0io243tshqbvutIxj44rMy,rockabilly,spotify,artist,1959
marvin sapp,marvin sapp,marvin sapp,marvin sapp,Marvin Sapp,5r0KYGxdIZEHZ6z6XbkVbo,gospel;worship,spotify,artist,2008
mary ann fisher,mary ann fisher,mary ann fisher,mary ann fisher,Mary Ann Fisher,7I7qDtr92tuTHyco6x3iTW,rockabilly;northern soul,spotify,artist,1961
mary chapin carpenter,mary chapin carpenter,mary chapin carpenter,mary chapin carpenter,Mary Chapin Carpenter,0qAmeOULjwn04k6jMMeDyr,classic country,spotify,artist,1999
mary hopkin,mary hopkin,mary hopkin,mary hopkin,Mary Hopkin,5pBljwfwnohfSNDXixEYHm,baroque pop,spotify,artist,1972
mary j. blige,mary j. blige,mary j. blige,mary j blige,Mary J. Blige,1XkoF8ryArs86LZvFOkbyr,r&b,spotify,artist,2022
mary j. blige & andrea bocelli,mary j. blige & andrea bocelli,mary j. blige,mary j blige,Mary J. Blige,1XkoF8ryArs86LZvFOkbyr,r&b,spotify,l2,2010
mary j. blige and u2,mary j. blige and u2,mary j. blige,mary j blige,Mary J. Blige,1XkoF8ryArs86LZvFOkbyr,r&b,spotify,l2,2006
mary j. blige featuring brook-lyn,mary j. blige,mary j. blige,mary j blige,Mary J. Blige,1XkoF8ryArs86LZvFOkbyr,r&b,spotify,l1,2006
mary j. blige featuring drake,mary j. blige,mary j. blige,mary j blige,Mary J. Blige,1XkoF8ryArs86LZvFOkbyr,r&b,spotify,l1,2012
mary j. blige featuring eve,mary j. blige,mary j. blige,mary j blige,Mary J. Blige,1XkoF8ryArs86LZvFOkbyr,r&b,spotify,l1,2004
mary j. blige featuring ja rule,mary j. blige,mary j. blige,mary j blige,Mary J. Blige,1XkoF8ryArs86LZvFOkbyr,r&b,spotify,l1,2002
mary j. blige featuring method man,mary j. blige,mary j. blige,mary j blige,Mary J. Blige,1XkoF8ryArs86LZvFOkbyr,r&b,spotify,l1,2003
mary j. blige featuring the game & 50 cent,mary j. blige,mary j. blige,mary j blige,Mary J. Blige,1XkoF8ryArs86LZvFOkbyr,r&b,spotify,l1,2005
mary jane girls,mary jane girls,mary jane girls,mary jane girls,Mary Jane Girls,7vRMMs8yrKf4PKUpUllMkr,post-disco;funk,spotify,artist,1986
mary kay place as loretta haggers,mary kay place as loretta haggers,mary kay place as loretta haggers,mary kay place as loretta haggers,,,,none,,1977
mary lambert,mary lambert,mary lambert,mary lambert,Mary Lambert,5Z2NUZiY3FA00HKu5WTMhA,,none,artist,2014
mary macgregor,mary macgregor,mary macgregor,mary macgregor,Mary MacGregor,6GlDsAkQHOmNgtUZdJ4Amq,,none,artist,1980
mary mary,mary mary,mary mary,mary mary,Mary Mary,12Kgt2eahvxNWhD5PnSUde,gospel;gospel r&b,spotify,artist,2011
"mary mary featuring kierra ""kiki"" sheard",mary mary,mary mary,mary mary,Mary Mary,12Kgt2eahvxNWhD5PnSUde,gospel;gospel r&b,spotify,l1,2009
mary travers,mary travers,mary travers,mary travers,Mary Travers,6SAXDxx8QdYRBMSpm25nRT,folk,spotify,artist,1971
mary wells,mary wells,mary wells,mary wells,Mary Wells,1cjZk1xXn3YCToNg3uJpA7,motown;northern soul;classic soul;doo-wop,spotify,artist,1968
mase,mase,mase,mase,Mase,1wiBLzTI7z9RUwEpNPdFT6,,none,artist,2004
mase featuring p. diddy,mase,mase,mase,Mase,1wiBLzTI7z9RUwEpNPdFT6,,none,l1,2004
mase featuring puff daddy,mase,mase,mase,Mase,1wiBLzTI7z9RUwEpNPdFT6,,none,l1,1998
mase featuring total,mase,mase,mase,Mase,1wiBLzTI7z9RUwEpNPdFT6,,none,l1,1998
mashmakhan,mashmakhan,mashmakhan,mashmakhan,Mashmakhan,1tZy7W2uz3JsklzkYv6eLt,,none,artist,1970
masked wolf,masked wolf,masked wolf,masked wolf,Masked Wolf,1uU7g3DNSbsu0QjSEqZtEd,,none,artist,2021
mason ramsey,mason ramsey,mason ramsey,mason ramsey,Mason Ramsey,6xvpfMjWTougrRRtK7iikz,country,spotify,artist,2018
mason williams,mason williams,mason williams,mason williams,Mason Williams,1XgVoPT2Va5L64LFzskVBW,,none,artist,1969
mass production,mass production,mass production,mass production,Mass Production,685h7AcTvM1RvCWdi8SuhR,,none,artist,1979
masta ace incorporated,masta ace incorporated,masta ace incorporated,masta ace incorporated,Masta Ace Incorporated,2tcM9c26zzqpFdijVdVwuB,east coast hip hop;old school hip hop,spotify,artist,1995
master p,master p,master p,master p,Master P,7zICaxnDB9ZprDSiFpvbbW,southern hip hop;gangster rap;old school hip hop;new orleans bounce,spotify,artist,2000
"master p feat. fiend, silkk the shocker, mia x & mystikal",master p,master p,master p,Master P,7zICaxnDB9ZprDSiFpvbbW,southern hip hop;gangster rap;old school hip hop;new orleans bounce,spotify,l1,1998
master p featuring d.i.g.,master p,master p,master p,Master P,7zICaxnDB9ZprDSiFpvbbW,southern hip hop;gangster rap;old school hip hop;new orleans bounce,spotify,l1,1999
master p featuring pimp c and the shocker,master p,master p,master p,Master P,7zICaxnDB9ZprDSiFpvbbW,southern hip hop;gangster rap;old school hip hop;new orleans bounce,spotify,l1,1998
"master p featuring silkk the shocker, sons of funk and mo b. dick",master p,master p,master p,Master P,7zICaxnDB9ZprDSiFpvbbW,southern hip hop;gangster rap;old school hip hop;new orleans bounce,spotify,l1,1998
master p featuring sons of funk,master p,master p,master p,Master P,7zICaxnDB9ZprDSiFpvbbW,southern hip hop;gangster rap;old school hip hop;new orleans bounce,spotify,l1,1998
"master p featuring steady mobb'n, mia x, mo b. dick & o'dell",master p,master p,master p,Master P,7zICaxnDB9ZprDSiFpvbbW,southern hip hop;gangster rap;old school hip hop;new orleans bounce,spotify,l1,1997
master p featuring weebie,master p,master p,master p,Master P,7zICaxnDB9ZprDSiFpvbbW,southern hip hop;gangster rap;old school hip hop;new orleans bounce,spotify,l1,2002
mat kearney,mat kearney,mat kearney,mat kearney,Mat Kearney,2NQEwAVHBNcI0tGMLlWwF1,,none,artist,2011
matchbox twenty,matchbox twenty,matchbox twenty,matchbox twenty,Matchbox Twenty,3Ngh2zDBRPEriyxQDAMKd1,post-grunge,spotify,artist,2012
matisyahu,matisyahu,matisyahu,matisyahu,Matisyahu,5eyMzR1hYiEZtN2c9ly2kw,reggae;reggae rock,spotify,artist,2010
matt and kim,matt and kim,matt,matt,Matt and Kim,4MSMDY0ClgWqXApU53I1L1,,none,artist,2009
matt lucas,matt lucas,matt lucas,matt lucas,Matt Lucas,2OWc7A7vZlgX6Y46yFeNb4,,none,artist,1963
matt mcandrew,matt mcandrew,matt mcandrew,matt mcandrew,Matt McAndrew,4ZgqduOBdbifKWJp8KbiF3,,none,artist,2015
matt mcandrew & adam levine,matt mcandrew & adam levine,matt mcandrew,matt mcandrew,Matt McAndrew,4ZgqduOBdbifKWJp8KbiF3,,none,l2,2015
matt monro,matt monro,matt monro,matt monro,Matt Monro,06kr5yNAM2rOf4DXemM8fl,easy listening;adult standards,spotify,artist,1965
matt nathanson,matt nathanson,matt nathanson,matt nathanson,Matt Nathanson,4NGiEU3Pkd8ASRyQR30jcA,,none,artist,2011
matt nathanson featuring sugarland,matt nathanson,matt nathanson,matt nathanson,Matt Nathanson,4NGiEU3Pkd8ASRyQR30jcA,,none,l1,2011
matt stell,matt stell,matt stell,matt stell,Matt Stell,7EekKnlf2HwNaLLpL9Cpgy,country;pop country,spotify,artist,2021
matthew schuler,matthew schuler,matthew schuler,matthew schuler,Matthew Schuler,6FSZmn4oKr0o1UpTZ8vXMq,,none,artist,2013
matthew sweet,matthew sweet,matthew sweet,matthew sweet,Matthew Sweet,2idymNTKUdnTxforkb12Mw,power pop;jangle pop,spotify,artist,1995
matthew wilder,matthew wilder,matthew wilder,matthew wilder,Matthew Wilder,3bmFPbLMiLxtR9tFrTcKcP,,none,artist,1984
matthews' southern comfort,matthews' southern comfort,matthews' southern comfort,matthews southern comfort,Matthews' Southern Comfort,7aLNBjOlzOCyuFmytbbeYM,folk rock,spotify,artist,1971
maureen gray,maureen gray,maureen gray,maureen gray,Maureen Gray,2gwTCPlgFBChLHJ1B5g79N,philly soul;doo-wop;northern soul,spotify,artist,1962
maureen mcgovern,maureen mcgovern,maureen mcgovern,maureen mcgovern,Maureen McGovern,3bnf5pPVQFWv762IiavilV,,none,artist,1979
maureen steele,maureen steele,maureen steele,maureen steele,Maureen Steele,4JQ8xWhz5CBAeH8XyTtqRJ,aor,spotify,artist,1985
maurice white,maurice white,maurice white,maurice white,Maurice White,6T46cZo3M8wXq5eOoXbZBx,aor,spotify,artist,1986
maurice williams & the zodiacs,maurice williams & the zodiacs,maurice williams,maurice williams,Maurice Williams & The Zodiacs,43BgumF6B7s0W2mhVkmVO4,northern soul;doo-wop,spotify,artist,1961
mavis staples,mavis staples,mavis staples,mavis staples,Mavis Staples,0cTSCsVx04SSht9V6cpKN0,soul,spotify,artist,1970
max frost and the troopers,max frost and the troopers,max frost,max frost,Max Frost,7r8xR0LmnaAM623MmRDn1V,,none,l2,1968
max mcnown,max mcnown,max mcnown,max mcnown,Max McNown,340PS4ZcZ4UCBgyrXzEjcp,,none,artist,2025
max werner,max werner,max werner,max werner,Max Werner,4t5cs9OzeIaboVkXB3QDIY,,none,artist,1981
max-a-million,max-a-million,max-a-million,maxamillion,Max-A-Million,5qNb3HpJSZLSU4PgWPAKRc,,none,artist,1996
maxi priest,maxi priest,maxi priest,maxi priest,Maxi Priest,3aTuTR5Nf6pVW3837q2ZL7,lovers rock;reggae,spotify,artist,1992
maxi priest featuring shaggy,maxi priest,maxi priest,maxi priest,Maxi Priest,3aTuTR5Nf6pVW3837q2ZL7,lovers rock;reggae,spotify,l1,1996
maxine brown,maxine brown,maxine brown,maxine brown,Maxine Brown,1kCqTUSrWJEHZm2GSpRuMV,northern soul;classic soul;doo-wop,spotify,artist,1969
maxine nightingale,maxine nightingale,maxine nightingale,maxine nightingale,Maxine Nightingale,6jQ9UtYXqNfVnPkrH1Xxwi,,none,artist,1979
maxwell,maxwell,maxwell,maxwell,Maxwell,2AOt5htsbtyaHd5Eq3kl3j,neo soul;quiet storm;r&b,spotify,artist,2010
maynard ferguson,maynard ferguson,maynard ferguson,maynard ferguson,Maynard Ferguson,6T4kUHIlszpj944ZXR3yNw,big band;jazz,spotify,artist,1979
maze featuring frankie beverly,maze,maze,maze,Maze,3DvdryKH4O95ZnsUZJKXpt,quiet storm;classic soul;funk,spotify,l1,1985
mazzy star,mazzy star,mazzy star,mazzy star,Mazzy Star,37w38cCSGgKLdayTRjna4W,dream pop;shoegaze;slowcore,spotify,artist,1995
mcauley schenker group,mcauley schenker group,mcauley schenker group,mcauley schenker group,McAuley Schenker Group,3LbJq0qQ5XCk2ocAPfRxJz,aor;glam metal;arena rock;hard rock,spotify,artist,1990
mcfadden & whitehead,mcfadden & whitehead,mcfadden,mcfadden,McFadden & Whitehead,3iQM78Xg0wJnGZhgVNLPmY,philly soul;disco,spotify,artist,1979
mcguffey lane,mcguffey lane,mcguffey lane,mcguffey lane,McGuffey Lane,7bIAlWmWIBUUijORNiZzmr,country rock;southern rock,spotify,artist,1982
"mcguinn, clark & hillman","mcguinn, clark & hillman",mcguinn,mcguinn,"McGuinn, Clark & Hillman",3yldKMMHBmkF34OYjzMPS5,country rock,spotify,artist,1979
mcguinness flint,mcguinness flint,mcguinness flint,mcguinness flint,McGuinness Flint,5RYGq9WQK5OZZtOWFsz46y,,none,artist,1971
mckinley travis,mckinley travis,mckinley travis,mckinley travis,,,,none,,1970
me phi me,me phi me,me phi me,me phi me,Me Phi Me,1DnVOxk0eGop0cUKbWsP6O,,none,artist,1992
meshell ndegeocello,meshell ndegeocello,meshell ndegeocello,meshell ndegeocello,Meshell Ndegeocello,0uZRjholJ0fVC2J9EvnYnj,neo soul,spotify,artist,1994
meat loaf,meat loaf,meat loaf,meat loaf,Meat Loaf,7dnB1wSxbYa8CejeVg98hz,,none,artist,1996
meat puppets,meat puppets,meat puppets,meat puppets,Meat Puppets,2h9yQhKyqOMex3QFMVeq7F,grunge;alternative rock,spotify,artist,1994
meco,meco,meco,meco,Meco,4MptlUxSUHf2QAW9JMrv4W,,none,artist,1983
meek mill,meek mill,meek mill,meek mill,Meek Mill,20sxb77xiYeusSH8cVdatc,rap,spotify,artist,2021
meek mill & lil uzi vert,meek mill & lil uzi vert,meek mill,meek mill,Meek Mill,20sxb77xiYeusSH8cVdatc,rap,spotify,l2,2017
meek mill featuring 21 savage,meek mill,meek mill,meek mill,Meek Mill,20sxb77xiYeusSH8cVdatc,rap,spotify,l1,2018
meek mill featuring a$ap ferg,meek mill,meek mill,meek mill,Meek Mill,20sxb77xiYeusSH8cVdatc,rap,spotify,l1,2021
meek mill featuring cardi b,meek mill,meek mill,meek mill,Meek Mill,20sxb77xiYeusSH8cVdatc,rap,spotify,l1,2018
meek mill featuring chris brown & nicki minaj,meek mill,meek mill,meek mill,Meek Mill,20sxb77xiYeusSH8cVdatc,rap,spotify,l1,2015
meek mill featuring chris brown & ty dolla $ign,meek mill,meek mill,meek mill,Meek Mill,20sxb77xiYeusSH8cVdatc,rap,spotify,l1,2017
meek mill featuring drake,meek mill,meek mill,meek mill,Meek Mill,20sxb77xiYeusSH8cVdatc,rap,spotify,l1,2019
meek mill featuring ella mai,meek mill,meek mill,meek mill,Meek Mill,20sxb77xiYeusSH8cVdatc,rap,spotify,l1,2019
meek mill featuring fabolous & anuel aa,meek mill,meek mill,meek mill,Meek Mill,20sxb77xiYeusSH8cVdatc,rap,spotify,l1,2018
meek mill featuring future,meek mill,meek mill,meek mill,Meek Mill,20sxb77xiYeusSH8cVdatc,rap,spotify,l1,2015
"meek mill featuring future, roddy ricch & young thug",meek mill,meek mill,meek mill,Meek Mill,20sxb77xiYeusSH8cVdatc,rap,spotify,l1,2018
meek mill featuring jeremih & pnb rock,meek mill,meek mill,meek mill,Meek Mill,20sxb77xiYeusSH8cVdatc,rap,spotify,l1,2019
meek mill featuring justin timberlake,meek mill,meek mill,meek mill,Meek Mill,20sxb77xiYeusSH8cVdatc,rap,spotify,l1,2020
meek mill featuring kehlani,meek mill,meek mill,meek mill,Meek Mill,20sxb77xiYeusSH8cVdatc,rap,spotify,l1,2021
meek mill featuring kirko bangz,meek mill,meek mill,meek mill,Meek Mill,20sxb77xiYeusSH8cVdatc,rap,spotify,l1,2013
meek mill featuring kodak black,meek mill,meek mill,meek mill,Meek Mill,20sxb77xiYeusSH8cVdatc,rap,spotify,l1,2018
meek mill featuring lil baby & lil durk,meek mill,meek mill,meek mill,Meek Mill,20sxb77xiYeusSH8cVdatc,rap,spotify,l1,2021
meek mill featuring lil durk,meek mill,meek mill,meek mill,Meek Mill,20sxb77xiYeusSH8cVdatc,rap,spotify,l1,2020
meek mill featuring lil uzi vert,meek mill,meek mill,meek mill,Meek Mill,20sxb77xiYeusSH8cVdatc,rap,spotify,l1,2021
meek mill featuring lil uzi vert & nicki minaj,meek mill,meek mill,meek mill,Meek Mill,20sxb77xiYeusSH8cVdatc,rap,spotify,l1,2016
meek mill featuring moneybagg yo,meek mill,meek mill,meek mill,Meek Mill,20sxb77xiYeusSH8cVdatc,rap,spotify,l1,2021
meek mill featuring nicki minaj,meek mill,meek mill,meek mill,Meek Mill,20sxb77xiYeusSH8cVdatc,rap,spotify,l1,2015
meek mill featuring quavo,meek mill,meek mill,meek mill,Meek Mill,20sxb77xiYeusSH8cVdatc,rap,spotify,l1,2016
meek mill featuring rick ross & jay-z,meek mill,meek mill,meek mill,Meek Mill,20sxb77xiYeusSH8cVdatc,rap,spotify,l1,2018
meek mill featuring roddy ricch,meek mill,meek mill,meek mill,Meek Mill,20sxb77xiYeusSH8cVdatc,rap,spotify,l1,2020
meek mill featuring swizz beatz,meek mill,meek mill,meek mill,Meek Mill,20sxb77xiYeusSH8cVdatc,rap,spotify,l1,2018
"meek mill featuring t.i., birdman, lil wayne, dj khaled, rick ross & swizz beatz",meek mill,meek mill,meek mill,Meek Mill,20sxb77xiYeusSH8cVdatc,rap,spotify,l1,2012
meek mill featuring tory lanez,meek mill,meek mill,meek mill,Meek Mill,20sxb77xiYeusSH8cVdatc,rap,spotify,l1,2016
meek mill featuring young thug,meek mill,meek mill,meek mill,Meek Mill,20sxb77xiYeusSH8cVdatc,rap,spotify,l1,2017
meek mill featuring young thug & 21 savage,meek mill,meek mill,meek mill,Meek Mill,20sxb77xiYeusSH8cVdatc,rap,spotify,l1,2016
megadeth,megadeth,megadeth,megadeth,Megadeth,1Yox196W7bzVNZI7RBaPnf,thrash metal;metal;heavy metal;speed metal,spotify,artist,1993
megan moroney,megan moroney,megan moroney,megan moroney,Megan Moroney,5Ppie0uPnbnvGBYRwYmlt0,country,spotify,artist,2025
megan moroney & kenny chesney,megan moroney & kenny chesney,megan moroney,megan moroney,Megan Moroney,5Ppie0uPnbnvGBYRwYmlt0,country,spotify,l2,2025
megan thee stallion,megan thee stallion,megan thee stallion,megan thee stallion,Megan Thee Stallion,181bsRPaVXVlUKXrxwZfHK,,none,artist,2024
megan thee stallion & dua lipa,megan thee stallion & dua lipa,megan thee stallion,megan thee stallion,Megan Thee Stallion,181bsRPaVXVlUKXrxwZfHK,,none,l2,2022
megan thee stallion & rm,megan thee stallion & rm,megan thee stallion,megan thee stallion,Megan Thee Stallion,181bsRPaVXVlUKXrxwZfHK,,none,l2,2024
megan thee stallion featuring beyonce,megan thee stallion,megan thee stallion,megan thee stallion,Megan Thee Stallion,181bsRPaVXVlUKXrxwZfHK,,none,l1,2020
megan thee stallion featuring city girls & hot girl meg,megan thee stallion,megan thee stallion,megan thee stallion,Megan Thee Stallion,181bsRPaVXVlUKXrxwZfHK,,none,l1,2020
megan thee stallion featuring dababy,megan thee stallion,megan thee stallion,megan thee stallion,Megan Thee Stallion,181bsRPaVXVlUKXrxwZfHK,,none,l1,2021
megan thee stallion featuring future,megan thee stallion,megan thee stallion,megan thee stallion,Megan Thee Stallion,181bsRPaVXVlUKXrxwZfHK,,none,l1,2022
megan thee stallion featuring key glock,megan thee stallion,megan thee stallion,megan thee stallion,Megan Thee Stallion,181bsRPaVXVlUKXrxwZfHK,,none,l1,2022
megan thee stallion featuring latto,megan thee stallion,megan thee stallion,megan thee stallion,Megan Thee Stallion,181bsRPaVXVlUKXrxwZfHK,,none,l1,2022
megan thee stallion featuring young thug,megan thee stallion,megan thee stallion,megan thee stallion,Megan Thee Stallion,181bsRPaVXVlUKXrxwZfHK,,none,l1,2020
megan thee stallion featuring yuki chiba,megan thee stallion,megan thee stallion,megan thee stallion,Megan Thee Stallion,181bsRPaVXVlUKXrxwZfHK,,none,l1,2024
"megan thee stallion, nicki minaj & ty dolla $ign","megan thee stallion, nicki minaj & ty dolla $ign",megan thee stallion,megan thee stallion,Megan Thee Stallion,181bsRPaVXVlUKXrxwZfHK,,none,l2,2019
meghan linsey,meghan linsey,meghan linsey,meghan linsey,Meghan Linsey,5CoW8VGpf9la64TUDhnkVn,retro pop,spotify,artist,2015
meghan trainor,meghan trainor,meghan trainor,meghan trainor,Meghan Trainor,6JL8zeS1NmiOftqZTRgdTz,,none,artist,2024
meghan trainor featuring john legend,meghan trainor,meghan trainor,meghan trainor,Meghan Trainor,6JL8zeS1NmiOftqZTRgdTz,,none,l1,2016
meghan trainor featuring nicki minaj,meghan trainor,meghan trainor,meghan trainor,Meghan Trainor,6JL8zeS1NmiOftqZTRgdTz,,none,l1,2020
mel & kim,mel & kim,mel,mel,Mel & Kim,53g0IoA1ATGj6bg3AG624G,,none,artist,1987
mel and tim,mel and tim,mel,mel,Mel and Tim,5RJYcOkDKv0dBxCEYPOivb,,none,artist,1972
mel carter,mel carter,mel carter,mel carter,Mel Carter,3CgsVtt7tP8iduzkTCfel9,doo-wop,spotify,artist,1966
mel gadson,mel gadson,mel gadson,mel gadson,,,,none,,1960
mel torme,mel torme,mel torme,mel torme,,,,none,,1963
melanie,melanie,melanie,melanie,Melanie,6sOP8RUFR0q0nBOBOXGdBK,,none,artist,1974
melanie fiona,melanie fiona,melanie fiona,melanie fiona,Melanie Fiona,4O2YL4ygn6eTBC0w1hyWUM,,none,artist,2012
melanie martinez,melanie martinez,melanie martinez,melanie martinez,Melanie Martinez,63yrD80RY3RNEM2YDpUpO8,,none,artist,2023
melanie with the edwin hawkins singers,melanie with the edwin hawkins singers,melanie,melanie,Melanie,6sOP8RUFR0q0nBOBOXGdBK,,none,l2,1970
melba montgomery,melba montgomery,melba montgomery,melba montgomery,Melba Montgomery,6TeB6t5E1uJfbJGRZvJAAv,classic country;traditional country;honky tonk;christian country,spotify,artist,1974
melba moore,melba moore,melba moore,melba moore,Melba Moore,0uMy5ZKVPBHauBYTTfCojq,post-disco;disco;funk,spotify,artist,1979
meli'sa morgan,meli'sa morgan,meli'sa morgan,melisa morgan,Melisa Morgan,6QadxvOlT6pCTeBQtsq6KB,,none,l3,1986
melissa etheridge,melissa etheridge,melissa etheridge,melissa etheridge,Melissa Etheridge,01Ppu7N8uYJI8SAONo2YZA,,none,artist,1999
melissa etheridge & joss stone,melissa etheridge & joss stone,melissa etheridge,melissa etheridge,Melissa Etheridge,01Ppu7N8uYJI8SAONo2YZA,,none,l2,2005
melissa lawson,melissa lawson,melissa lawson,melissa lawson,Melissa Lawson,6GaAodoP6zqw8FFZ6jHPZr,,none,artist,2008
melissa manchester,melissa manchester,melissa manchester,melissa manchester,Melissa Manchester,78udmCDNaDu5jqfVnBqwia,yacht rock,spotify,artist,1985
melissa manchester & peabo bryson,melissa manchester & peabo bryson,melissa manchester,melissa manchester,Melissa Manchester,78udmCDNaDu5jqfVnBqwia,yacht rock,spotify,l2,1981
mello-kings,mello-kings,mello-kings,mellokings,,,,none,,1961
mellow man ace,mellow man ace,mellow man ace,mellow man ace,Mellow Man Ace,4hDUEt7zx4UkRIBgcky9Px,,none,artist,1990
memphis bleek (& jay-z),memphis bleek,memphis bleek,memphis bleek,Memphis Bleek,4jWzNq3sdzSpqn7BnzvIKn,east coast hip hop,spotify,l1,1998
memphis bleek featuring jay-z & missy elliott,memphis bleek,memphis bleek,memphis bleek,Memphis Bleek,4jWzNq3sdzSpqn7BnzvIKn,east coast hip hop,spotify,l1,2001
men at large,men at large,men at large,men at large,Men At Large,4K8Nvr77A24iIMyjYWSde3,new jack swing;quiet storm,spotify,artist,1993
men of vizion,men of vizion,men of vizion,men of vizion,Men of Vizion,3F2OLfXfvIqLdvbKfrszlq,new jack swing;quiet storm,spotify,artist,1996
men without hats,men without hats,men without hats,men without hats,Men Without Hats,34PLzyi7CdXUekiLHYyqXq,synthpop;new wave,spotify,artist,1988
men at work,men at work,men at work,men at work,Men At Work,0f3EsoviYnRKTkmayI3cux,,none,artist,1985
menudo,menudo,menudo,menudo,Menudo,3Edq1eT7m7GX0PvHW7yEDF,latin pop,spotify,artist,1985
mercedes featuring master p,mercedes,mercedes,mercedes,Mercedes,2fLbFOOF8Fn5tBquvlviVt,,none,l1,1999
mercy,mercy,mercy,mercy,Mercy,4958loju8eTBhBFO32oWQ6,african gospel;gospel,spotify,artist,1969
mercyme,mercyme,mercyme,mercyme,MercyMe,6APm8EjxOHSYM5B4i3vT3q,christian;ccm;worship;christian rock;christian alternative rock,spotify,artist,2004
meredith brooks,meredith brooks,meredith brooks,meredith brooks,Meredith Brooks,2QmLFuIDtNDmmJY3OtvinN,,none,artist,1998
meri wilson,meri wilson,meri wilson,meri wilson,Meri Wilson,5UOUIAVPngHmNAv0rkY1Ph,,none,artist,1977
merle haggard,merle haggard,merle haggard,merle haggard,Merle Haggard,2ptmyXoL7poH6Zq62h1QT9,classic country;outlaw country;country;traditional country;honky tonk,spotify,artist,1977
merle haggard and the strangers,merle haggard and the strangers,merle haggard,merle haggard,Merle Haggard,2ptmyXoL7poH6Zq62h1QT9,classic country;outlaw country;country;traditional country;honky tonk,spotify,l2,1973
merril bainbridge,merril bainbridge,merril bainbridge,merril bainbridge,Merril Bainbridge,0lSDlT2Z5EvUGNIl7WQ7k0,,none,artist,1997
merrilee rush,merrilee rush,merrilee rush,merrilee rush,Merrilee Rush,5Ao1vYvPBQUjsfPbPHQPhZ,,none,artist,1977
merrilee rush & the turnabouts,merrilee rush & the turnabouts,merrilee rush,merrilee rush,Merrilee Rush,5Ao1vYvPBQUjsfPbPHQPhZ,,none,l2,1968
merry clayton,merry clayton,merry clayton,merry clayton,Merry Clayton,71cyZ6pH0KrM2MdtO8RGmy,classic soul,spotify,artist,1988
merv griffin,merv griffin,merv griffin,merv griffin,Merv Griffin,3Gul9YJiH5cPauKRIMYo3p,,none,artist,1961
meryl streep,meryl streep,meryl streep,meryl streep,Meryl Streep,2HB65P72dFRiOKvbLLcil2,musicals,spotify,artist,2008
mesa,mesa,mesa,mesa,Mesa,2BVeB55HSYHIpcmNZkG8Fy,,none,artist,1977
messengers,messengers,messengers,messengers,Messengers,0CyEx3XqZdE4WsWaZzwVK9,,none,artist,1971
metallica,metallica,metallica,metallica,Metallica,2ye2Wgw4gimLv2eAKyk1NB,metal;thrash metal;rock;heavy metal;hard rock,spotify,artist,2022
method man,method man,method man,method man,Method Man,4VmEWwd8y9MCLwexFMdpwt,east coast hip hop;old school hip hop;hip hop;hardcore hip hop,spotify,artist,1996
method man & redman,method man & redman,method man,method man,Method Man,4VmEWwd8y9MCLwexFMdpwt,east coast hip hop;old school hip hop;hip hop;hardcore hip hop,spotify,l2,2002
method man featuring d'angelo,method man,method man,method man,Method Man,4VmEWwd8y9MCLwexFMdpwt,east coast hip hop;old school hip hop;hip hop;hardcore hip hop,spotify,l1,1999
method man featuring mary j. blige,method man,method man,method man,Method Man,4VmEWwd8y9MCLwexFMdpwt,east coast hip hop;old school hip hop;hip hop;hardcore hip hop,spotify,l1,1995
metro boomin & 21 savage featuring mustafa,metro boomin & 21 savage,metro boomin,metro boomin,Metro Boomin,0iEtIxbK0KxaSlF7G42ZOp,,none,l2,2022
metro boomin & a$ap rocky featuring takeoff,metro boomin & a$ap rocky,metro boomin,metro boomin,Metro Boomin,0iEtIxbK0KxaSlF7G42ZOp,,none,l2,2022
metro boomin & coi leray,metro boomin & coi leray,metro boomin,metro boomin,Metro Boomin,0iEtIxbK0KxaSlF7G42ZOp,,none,l2,2023
metro boomin & future featuring don toliver,metro boomin & future,metro boomin,metro boomin,Metro Boomin,0iEtIxbK0KxaSlF7G42ZOp,,none,l2,2022
metro boomin & gunna,metro boomin & gunna,metro boomin,metro boomin,Metro Boomin,0iEtIxbK0KxaSlF7G42ZOp,,none,l2,2022
metro boomin & james blake,metro boomin & james blake,metro boomin,metro boomin,Metro Boomin,0iEtIxbK0KxaSlF7G42ZOp,,none,l2,2023
metro boomin & john legend,metro boomin & john legend,metro boomin,metro boomin,Metro Boomin,0iEtIxbK0KxaSlF7G42ZOp,,none,l2,2022
metro boomin & travis scott,metro boomin & travis scott,metro boomin,metro boomin,Metro Boomin,0iEtIxbK0KxaSlF7G42ZOp,,none,l2,2022
metro boomin & young thug,metro boomin & young thug,metro boomin,metro boomin,Metro Boomin,0iEtIxbK0KxaSlF7G42ZOp,,none,l2,2022
metro boomin featuring 21 savage,metro boomin,metro boomin,metro boomin,Metro Boomin,0iEtIxbK0KxaSlF7G42ZOp,,none,l1,2018
metro boomin featuring don toliver,metro boomin,metro boomin,metro boomin,Metro Boomin,0iEtIxbK0KxaSlF7G42ZOp,,none,l1,2022
metro boomin featuring don toliver & future,metro boomin,metro boomin,metro boomin,Metro Boomin,0iEtIxbK0KxaSlF7G42ZOp,,none,l1,2023
metro boomin featuring gunna,metro boomin,metro boomin,metro boomin,Metro Boomin,0iEtIxbK0KxaSlF7G42ZOp,,none,l1,2019
metro boomin featuring offset & drake,metro boomin,metro boomin,metro boomin,Metro Boomin,0iEtIxbK0KxaSlF7G42ZOp,,none,l1,2017
metro boomin featuring swae lee & travis scott,metro boomin,metro boomin,metro boomin,Metro Boomin,0iEtIxbK0KxaSlF7G42ZOp,,none,l1,2018
metro boomin featuring travis scott,metro boomin,metro boomin,metro boomin,Metro Boomin,0iEtIxbK0KxaSlF7G42ZOp,,none,l1,2018
metro boomin featuring travis scott & young thug,metro boomin,metro boomin,metro boomin,Metro Boomin,0iEtIxbK0KxaSlF7G42ZOp,,none,l1,2018
"metro boomin featuring travis scott, kodak black & 21 savage",metro boomin,metro boomin,metro boomin,Metro Boomin,0iEtIxbK0KxaSlF7G42ZOp,,none,l1,2018
"metro boomin, 21 savage & young nudy","metro boomin, 21 savage & young nudy",metro boomin,metro boomin,Metro Boomin,0iEtIxbK0KxaSlF7G42ZOp,,none,l2,2022
"metro boomin, a$ap rocky & roisee","metro boomin, a$ap rocky & roisee",metro boomin,metro boomin,Metro Boomin,0iEtIxbK0KxaSlF7G42ZOp,,none,l2,2023
"metro boomin, future & chris brown","metro boomin, future & chris brown",metro boomin,metro boomin,Metro Boomin,0iEtIxbK0KxaSlF7G42ZOp,,none,l2,2023
"metro boomin, future & lil uzi vert","metro boomin, future & lil uzi vert",metro boomin,metro boomin,Metro Boomin,0iEtIxbK0KxaSlF7G42ZOp,,none,l2,2023
"metro boomin, quavo, breskii & yk niece","metro boomin, quavo, breskii & yk niece",metro boomin,metro boomin,Metro Boomin,0iEtIxbK0KxaSlF7G42ZOp,,none,l2,2025
"metro boomin, swae lee & nav featuring a boogie wit da hoodie","metro boomin, swae lee & nav",metro boomin,metro boomin,Metro Boomin,0iEtIxbK0KxaSlF7G42ZOp,,none,l2,2023
"metro boomin, swae lee, lil wayne & offset","metro boomin, swae lee, lil wayne & offset",metro boomin,metro boomin,Metro Boomin,0iEtIxbK0KxaSlF7G42ZOp,,none,l2,2023
"metro boomin, the weeknd & 21 savage","metro boomin, the weeknd & 21 savage",metro boomin,metro boomin,Metro Boomin,0iEtIxbK0KxaSlF7G42ZOp,,none,l2,2023
"metro boomin, travis scott & 21 savage","metro boomin, travis scott & 21 savage",metro boomin,metro boomin,Metro Boomin,0iEtIxbK0KxaSlF7G42ZOp,,none,l2,2023
"metro boomin, travis scott & future","metro boomin, travis scott & future",metro boomin,metro boomin,Metro Boomin,0iEtIxbK0KxaSlF7G42ZOp,,none,l2,2022
"metro boomin, travis scott & young thug","metro boomin, travis scott & young thug",metro boomin,metro boomin,Metro Boomin,0iEtIxbK0KxaSlF7G42ZOp,,none,l2,2023
metro station,metro station,metro station,metro station,Metro Station,7vXwfZyDp3spzIVNXDaTPN,,none,artist,2009
mia x featuring charlie wilson,mia x,mia,mia,Mia X,2d9xPZQzgCr6ObcDkUmjLu,southern hip hop;new orleans bounce,spotify,l1,1999
miami sound machine,miami sound machine,miami sound machine,miami sound machine,Miami Sound Machine,18xgcedCGxFbqLbIQn5R8F,,none,artist,1987
mic geronimo featuring dmx & black rob,mic geronimo,mic geronimo,mic geronimo,Mic Geronimo,6aZj9Ykiiwg4ZZ5MGaddac,,none,l1,1998
mica paris,mica paris,mica paris,mica paris,Mica Paris,3AhbMDZMrLKctUIu9mv2s3,,none,artist,1989
michael bolton,michael bolton,michael bolton,michael bolton,Michael Bolton,6YHEMoNPbcheiWS2haGzkn,soft rock,spotify,artist,1997
michael buble,michael buble,michael buble,michael buble,Michael Buble,2h7R37JLQfrtxlydWzvTxb,,none,artist,2025
michael cera & ellen page,michael cera & ellen page,michael cera,michael cera,Michael Cera,4xXQxNcBCtsaz6Gw1IblE3,,none,l2,2008
michael cooper,michael cooper,michael cooper,michael cooper,Michael Cooper,3N4pI2yBr2WpijH01hleui,,none,artist,1993
michael damian,michael damian,michael damian,michael damian,Michael Damian,1Wb1iP9BzMJyjm5nXtBUFP,,none,artist,1991
michael franks,michael franks,michael franks,michael franks,Michael Franks,0AVE7rDx4X9w0pW1XlN1om,smooth jazz;yacht rock;aor;vocal jazz;jazz fusion,spotify,artist,1976
michael franti & spearhead featuring cherine anderson,michael franti & spearhead,michael franti,michael franti,Michael Franti & Spearhead,1mHuZMOP8FG5ip4yAb1vrB,,none,l1,2009
michael gore,michael gore,michael gore,michael gore,Michael Gore,1lJoWWtbloeRGJFGei5UZe,,none,artist,1984
michael henderson,michael henderson,michael henderson,michael henderson,Michael Henderson,4L0rOsRgfQcOq2dvswUrtK,,none,artist,1978
michael holm,michael holm,michael holm,michael holm,Michael Holm,4bKCzYd3c6iejUIjISJ0Io,,none,artist,1975
michael jackson,michael jackson,michael jackson,michael jackson,Michael Jackson,4zezrdpMUW17jmU9HirJ7E,,none,artist,2024
michael jackson & janet jackson,michael jackson & janet jackson,michael jackson,michael jackson,Michael Jackson,4zezrdpMUW17jmU9HirJ7E,,none,l2,1995
michael jackson & justin timberlake,michael jackson & justin timberlake,michael jackson,michael jackson,Michael Jackson,4zezrdpMUW17jmU9HirJ7E,,none,l2,2014
michael jackson and paul mccartney,michael jackson and paul mccartney,michael jackson,michael jackson,Michael Jackson,4zezrdpMUW17jmU9HirJ7E,,none,l2,1983
michael jackson duet with akon,michael jackson duet with akon,michael jackson,michael jackson,Michael Jackson,4zezrdpMUW17jmU9HirJ7E,,none,l2,2011
michael jackson with akon,michael jackson with akon,michael jackson,michael jackson,Michael Jackson,4zezrdpMUW17jmU9HirJ7E,,none,l2,2008
michael jackson with siedah garrett,michael jackson with siedah garrett,michael jackson,michael jackson,Michael Jackson,4zezrdpMUW17jmU9HirJ7E,,none,l2,1987
michael johnson,michael johnson,michael johnson,michael johnson,Michael Johnson,2XKBOnP3qXHP2FpzKplAYh,soft rock,spotify,artist,1980
michael marcagi,michael marcagi,michael marcagi,michael marcagi,Michael Marcagi,4j96cMcT8GRi11qbvo1cLQ,,none,artist,2024
michael mcdonald,michael mcdonald,michael mcdonald,michael mcdonald,Michael McDonald,24hJWbo98sH84tb0nkeaqy,yacht rock,spotify,artist,1990
michael morales,michael morales,michael morales,michael morales,Michael Morales,2G3bfBdf6dKjVlkUqMzO6q,aor;arena rock,spotify,artist,1991
michael murphey,michael murphey,michael murphey,michael murphey,Michael Murphey,4oJy8PSWk4JoS3a8iQoN6M,,none,artist,1983
michael nesmith & the first national band,michael nesmith & the first national band,michael nesmith,michael nesmith,Michael Nesmith,5Tic1bWAbmRoLrqaJ5SxU2,country rock,spotify,l2,1971
michael parks,michael parks,michael parks,michael parks,Michael Parks,7A80ZSuojEV287yC0r1D2l,,none,artist,1970
michael penn,michael penn,michael penn,michael penn,Michael Penn,2p8N8kMRVayWoPocSI5usO,,none,artist,1990
michael peterson,michael peterson,michael peterson,michael peterson,Michael Peterson,5SOL8Hz0JUmgBWHggBQ5Kz,classic country,spotify,artist,1997
michael ray,michael ray,michael ray,michael ray,Michael Ray,6ghiFYcwn2Vzl6K50U0UPz,country,spotify,artist,2022
michael redway,michael redway,michael redway,michael redway,,,,none,,1973
michael sembello,michael sembello,michael sembello,michael sembello,Michael Sembello,771qBvjnXOH9Azr6lKy6FB,,none,artist,1983
michael stanley band,michael stanley band,michael stanley band,michael stanley band,Michael Stanley Band,68tUWDLwgRP7Ch2Gj8vQ1k,aor;arena rock,spotify,artist,1984
michael stipe,michael stipe,michael stipe,michael stipe,Michael Stipe,2G1Lyk7bWbBBrtwyl3obNB,,none,artist,2006
michael w. smith,michael w. smith,michael w. smith,michael w smith,Michael W. Smith,5aBxFPaaGk9204ssHUvXWN,christian;worship;ccm;gospel,spotify,artist,1998
michael zager's moon band/peabo bryson,michael zager's moon band,michael zager's moon band,michael zagers moon band,,,,none,,1976
michel legrand,michel legrand,michel legrand,michel legrand,Michel Legrand,1EtE0iSY6iFlN9L9c53ETy,french jazz,spotify,artist,1972
michel polnareff,michel polnareff,michel polnareff,michel polnareff,Michel Polnareff,7aKldvGENbL4bj8TCWHuhT,variété française;chanson;french pop;french house,spotify,artist,1976
michel telo,michel telo,michel telo,michel telo,,,,none,,2012
michel'le,michel'le,michel'le,michelle,Michelle,7aJNXzRL7Cac8L6KF7HKUO,schlager;schlagerparty,spotify,l3,1991
michele lee,michele lee,michele lee,michele lee,Michele Lee,4zI2zJvXtw3LKrv0d1Al1b,,none,artist,1968
michelle branch,michelle branch,michelle branch,michelle branch,Michelle Branch,5rScKX1Sh1U67meeUyTGwk,,none,artist,2009
michelle chamuel,michelle chamuel,michelle chamuel,michelle chamuel,Michelle Chamuel,6AXr7aXrJYFI3XjslAWDPY,,none,artist,2013
michelle shocked,michelle shocked,michelle shocked,michelle shocked,,,,none,,1989
mick jackson,mick jackson,mick jackson,mick jackson,Mick Jackson,5A5yGZNoCxJP2Cmt7UCPm7,,none,artist,1978
mick jagger,mick jagger,mick jagger,mick jagger,Mick Jagger,3d2pb1dHTm8b61zAGVUVvO,,none,artist,1993
mickey & sylvia,mickey & sylvia,mickey,mickey,Mickey & Sylvia,4Ej7Oks6loB2oJQ3O7Rujs,doo-wop,spotify,artist,1961
mickey gilley,mickey gilley,mickey gilley,mickey gilley,Mickey Gilley,5kFY4Bv5VRSBsM6CUYBoTC,classic country;traditional country,spotify,artist,1981
mickey lee lane,mickey lee lane,mickey lee lane,mickey lee lane,Mickey Lee Lane,3BSIAYwiStOqzTuq0wZu1V,northern soul;rockabilly,spotify,artist,1964
mickey murray,mickey murray,mickey murray,mickey murray,Mickey Murray,2UNt2G7k5v533rS87DHQNc,northern soul,spotify,artist,1967
mickey newbury,mickey newbury,mickey newbury,mickey newbury,Mickey Newbury,5x5aoKBB8MuJRoV7fjTFAx,outlaw country,spotify,artist,1973
mickey shorr and the cutups,mickey shorr and the cutups,mickey shorr,mickey shorr,,,,none,,1962
micky dolenz,micky dolenz,micky dolenz,micky dolenz,Micky Dolenz,1rTnNN0D3NC4hYMSB4NQse,,none,artist,1967
midge ure,midge ure,midge ure,midge ure,Midge Ure,2N4isf5pypyuDVpBofqEN8,synthpop,spotify,artist,1989
midi maxi & efti,midi maxi & efti,midi maxi,midi maxi,,,,none,,1992
midland,midland,midland,midland,Midland,1DTZRmlVZBxx2wRQBtx6yi,country;honky tonk,spotify,artist,2019
midnight oil,midnight oil,midnight oil,midnight oil,Midnight Oil,72KyoXzp0NOQij6OcmZUxk,surf rock,spotify,artist,1990
midnight star,midnight star,midnight star,midnight star,Midnight Star,0KMLfCXYb3Dhf1hLpu8cVd,funk;post-disco;quiet storm,spotify,artist,1986
mighty clouds of joy,mighty clouds of joy,mighty clouds of joy,mighty clouds of joy,Mighty Clouds Of Joy,1i6bV1rRKRPTyssKZuLfwS,gospel,spotify,artist,1976
migos,migos,migos,migos,Migos,6oMuImdp5ZcFhWP0ESe6mG,trap,spotify,artist,2021
migos & cardi b,migos & cardi b,migos,migos,Migos,6oMuImdp5ZcFhWP0ESe6mG,trap,spotify,l2,2021
migos & marshmello,migos & marshmello,migos,migos,Migos,6oMuImdp5ZcFhWP0ESe6mG,trap,spotify,l2,2017
migos featuring 21 savage,migos,migos,migos,Migos,6oMuImdp5ZcFhWP0ESe6mG,trap,spotify,l1,2018
migos featuring dj khaled,migos,migos,migos,Migos,6oMuImdp5ZcFhWP0ESe6mG,trap,spotify,l1,2017
migos featuring drake,migos,migos,migos,Migos,6oMuImdp5ZcFhWP0ESe6mG,trap,spotify,l1,2021
migos featuring gucci mane,migos,migos,migos,Migos,6oMuImdp5ZcFhWP0ESe6mG,trap,spotify,l1,2018
migos featuring lil uzi vert,migos,migos,migos,Migos,6oMuImdp5ZcFhWP0ESe6mG,trap,spotify,l1,2017
migos featuring polo g,migos,migos,migos,Migos,6oMuImdp5ZcFhWP0ESe6mG,trap,spotify,l1,2021
migos featuring post malone,migos,migos,migos,Migos,6oMuImdp5ZcFhWP0ESe6mG,trap,spotify,l1,2018
migos featuring travis scott,migos,migos,migos,Migos,6oMuImdp5ZcFhWP0ESe6mG,trap,spotify,l1,2017
"migos featuring travis scott, ty dolla $ign & big sean",migos,migos,migos,Migos,6oMuImdp5ZcFhWP0ESe6mG,trap,spotify,l1,2018
migos featuring youngboy never broke again,migos,migos,migos,Migos,6oMuImdp5ZcFhWP0ESe6mG,trap,spotify,l1,2020
"migos, nicki minaj & cardi b","migos, nicki minaj & cardi b",migos,migos,Migos,6oMuImdp5ZcFhWP0ESe6mG,trap,spotify,l2,2018
"migos, young thug & travis scott","migos, young thug & travis scott",migos,migos,Migos,6oMuImdp5ZcFhWP0ESe6mG,trap,spotify,l2,2020
miguel,miguel,miguel,miguel,Miguel,360IAlyVv4PCEVjgyMZrxK,r&b,spotify,artist,2023
miguel featuring j. cole,miguel,miguel,miguel,Miguel,360IAlyVv4PCEVjgyMZrxK,r&b,spotify,l1,2011
miguel featuring travis scott,miguel,miguel,miguel,Miguel,360IAlyVv4PCEVjgyMZrxK,r&b,spotify,l1,2018
miguel rios,miguel rios,miguel rios,miguel rios,Miguel Rios,7q6F8ruS7pkP2XSrizr2UK,,none,artist,1970
mika,mika,mika,mika,MIKA,5MmVJVhhYKQ86izuGHzJYA,,none,artist,2007
mika featuring ariana grande,mika,mika,mika,MIKA,5MmVJVhhYKQ86izuGHzJYA,,none,l1,2013
mikaila,mikaila,mikaila,mikaila,Mikaila,2aTZPsJyUZ16VAGLlPGEMf,,none,artist,2001
mike + the mechanics,mike + the mechanics,mike,mike,Mike + The Mechanics,2yTUYhIf8fxptTIy3KLuJD,soft rock,spotify,artist,1991
mike clifford,mike clifford,mike clifford,mike clifford,Mike Clifford,3ZirxAXqQPRuEJolL96sCE,native american music,spotify,artist,1963
mike douglas,mike douglas,mike douglas,mike douglas,Mike Douglas,4lwnV2S8BCbclu9nqBPGvI,,none,artist,1966
mike jones,mike jones,mike jones,mike jones,Mike Jones,07VmOvmuBp9G0gb8BTrpn0,southern hip hop;crunk,spotify,artist,2009
mike jones featuring slim thug & paul wall,mike jones,mike jones,mike jones,Mike Jones,07VmOvmuBp9G0gb8BTrpn0,southern hip hop;crunk,spotify,l1,2005
mike jones featuring trey songz & twista,mike jones,mike jones,mike jones,Mike Jones,07VmOvmuBp9G0gb8BTrpn0,southern hip hop;crunk,spotify,l1,2008
mike kennedy,mike kennedy,mike kennedy,mike kennedy,Mike Kennedy,50ZjbRbfzhiYyfmTDaAuWk,,none,artist,1972
mike oldfield,mike oldfield,mike oldfield,mike oldfield,Mike Oldfield,562Od3CffWedyz2BbeYWVn,progressive rock;new age,spotify,artist,1974
mike pinera,mike pinera,mike pinera,mike pinera,Mike Pinera,7o55DoHoctCuBWn1iKvB08,,none,artist,1980
mike posner,mike posner,mike posner,mike posner,Mike Posner,2KsP6tYLJlTBvSUxnwlVWa,,none,artist,2016
mike posner featuring lil wayne,mike posner,mike posner,mike posner,Mike Posner,2KsP6tYLJlTBvSUxnwlVWa,,none,l1,2011
mike post,mike post,mike post,mike post,Mike Post,6D5ZUXULPtCpX7QRSbd9XK,,none,artist,1982
mike post featuring larry carlton,mike post,mike post,mike post,Mike Post,6D5ZUXULPtCpX7QRSbd9XK,,none,l1,1982
mike preston,mike preston,mike preston,mike preston,Mike Preston,6y75e0nLqtSuRbGLjT9OkV,,none,artist,1958
mike reilly,mike reilly,mike reilly,mike reilly,Mike Reilly,34RPqERfY18zAvfKpt42At,celtic,spotify,artist,1971
mike reno and ann wilson,mike reno and ann wilson,mike reno,mike reno,Mike Reno,79kloYBe4FaMHh6lG7VaG6,,none,l2,1984
mike sharpe,mike sharpe,mike sharpe,mike sharpe,Mike Sharpe,1gc1gFVBeBpKyshXxxl8J9,,none,artist,1967
"mike will made-it featuring miley cyrus, wiz khalifa & juicy j",mike will made-it,mike will made-it,mike will madeit,Mike WiLL Made-It,0NWbwDZY1VkRqFafuQm6wk,,none,l1,2014
mike will made-it x rihanna,mike will made-it x rihanna,mike will made-it,mike will madeit,Mike WiLL Made-It,0NWbwDZY1VkRqFafuQm6wk,,none,l2,2016
"mike will made-it, nicki minaj & youngboy never broke again","mike will made-it, nicki minaj & youngboy never broke again",mike will made-it,mike will madeit,Mike WiLL Made-It,0NWbwDZY1VkRqFafuQm6wk,,none,l2,2020
mike williams,mike williams,mike williams,mike williams,Mike Williams,3IpvVrP3VLhruTmnququq7,future house;big room;edm,spotify,artist,1966
miki howard,miki howard,miki howard,miki howard,Miki Howard,7GTUAEg2QH41GgTmkIldjh,quiet storm;new jack swing,spotify,artist,1992
milestone,milestone,milestone,milestone,Milestone,3TkP2FRzI4kwdQsjj0NnhA,tropical house,spotify,artist,1998
miley cyrus,miley cyrus,miley cyrus,miley cyrus,Miley Cyrus,5YGY8feqx7naU7z4HrwZM6,,none,artist,2025
miley cyrus & billy ray cyrus,miley cyrus & billy ray cyrus,miley cyrus,miley cyrus,Miley Cyrus,5YGY8feqx7naU7z4HrwZM6,,none,l2,2009
miley cyrus featuring brandi carlile,miley cyrus,miley cyrus,miley cyrus,Miley Cyrus,5YGY8feqx7naU7z4HrwZM6,,none,l1,2023
miley cyrus featuring dua lipa,miley cyrus,miley cyrus,miley cyrus,Miley Cyrus,5YGY8feqx7naU7z4HrwZM6,,none,l1,2021
militia,militia,militia,militia,Militia,2GV5HyqJWslBkY3YUuBsj3,trance,spotify,artist,1998
milky chance,milky chance,milky chance,milky chance,Milky Chance,1hzfo8twXdOegF3xireCYs,,none,artist,2015
milli vanilli,milli vanilli,milli vanilli,milli vanilli,Milli Vanilli,3vRclCt9VnNhYIxFMQCxuM,,none,artist,1990
millie jackson,millie jackson,millie jackson,millie jackson,Millie Jackson,27XI002zivG9xuzrZ9dIb1,northern soul;soul;classic soul;soul blues;quiet storm,spotify,artist,1978
millie small,millie small,millie small,millie small,Millie Small,0h3n6BqxvmRhWwNcdw4CWT,rocksteady;ska;electro swing,spotify,artist,1964
millions like us,millions like us,millions like us,millions like us,Millions Like Us,2AXvgyiYrvv7UA3riChjGZ,,none,artist,1987
mims,mims,mims,mims,MIMS,3VW2D7qkqjt5RpHecEjaNO,,none,artist,2009
mina,mina,mina,mina,Mina,3HL1CyOnDLFJo1Rr8YBlKy,italian singer-songwriter;italo dance,spotify,artist,1961
mindless behavior featuring diggy,mindless behavior,mindless behavior,mindless behavior,Mindless Behavior,2waKklOyXKNqhqIOmE4yBA,,none,l1,2011
mindy mccready,mindy mccready,mindy mccready,mindy mccready,Mindy McCready,2uB5sjjJwj4kB6TrRGLYJO,country;traditional country,spotify,artist,1996
mink de ville,mink de ville,mink de ville,mink de ville,,,,none,,1984
minnie riperton,minnie riperton,minnie riperton,minnie riperton,Minnie Riperton,2i1IdHG5w0wiSmJGoqAGlj,,none,artist,1975
minor detail,minor detail,minor detail,minor detail,Minor Detail,5DYUDmNJorbDEOtW57Xa04,,none,artist,1983
mint condition,mint condition,mint condition,mint condition,Mint Condition,4MT97VeycuegSicrrphisJ,quiet storm;new jack swing;r&b,spotify,artist,2000
miranda,miranda,miranda,miranda,Miranda,0DjGDEVSQsodFbL1bMVPRs,,none,artist,1994
miranda cosgrove,miranda cosgrove,miranda cosgrove,miranda cosgrove,Miranda Cosgrove,3SYGWAHCe31oykdeUPpoJp,,none,artist,2011
miranda cosgrove featuring drake bell,miranda cosgrove,miranda cosgrove,miranda cosgrove,Miranda Cosgrove,3SYGWAHCe31oykdeUPpoJp,,none,l1,2008
miranda lambert,miranda lambert,miranda lambert,miranda lambert,Miranda Lambert,66lH4jAE7pqPlOlzUKbwA0,country,spotify,artist,2022
miranda lambert duet with carrie underwood,miranda lambert duet with carrie underwood,miranda lambert,miranda lambert,Miranda Lambert,66lH4jAE7pqPlOlzUKbwA0,country,spotify,l2,2014
miriam makeba,miriam makeba,miriam makeba,miriam makeba,Miriam Makeba,18RkLKfeoUgZflWv9os25W,afropop;cha cha cha,spotify,artist,1968
mis-teeq,mis-teeq,mis-teeq,misteeq,Mis-Teeq,6csA2rxNLkQJXeEa7lyGXn,uk garage,spotify,artist,2004
misiing persons,misiing persons,misiing persons,misiing persons,,,,none,,1984
miss abrams and the strawberry point school third grade class,miss abrams and the strawberry point school third grade class,miss abrams,miss abrams,,,,none,,1970
miss toni fisher,miss toni fisher,miss toni fisher,miss toni fisher,Miss Toni Fisher,0lCadaEY3hkL3iolDeADuL,adult standards;vocal jazz;big band,spotify,artist,1960
missing persons,missing persons,missing persons,missing persons,Missing Persons,5CT7RBitS0e0u78T8tRBWQ,new wave;synthpop,spotify,artist,1983
missjones,missjones,missjones,missjones,MissJones,2Popstug4DGo3UHabiaUa3,,none,artist,1998
"missy ""misdemeanor"" elliott","missy ""misdemeanor"" elliott","missy ""misdemeanor"" elliott",missy misdemeanor elliott,Missy Misdemeanor Elliott,5niRbYTYBUDibifKoFfieF,east coast hip hop,spotify,l3,2015
"missy ""misdemeanor"" elliott featuring big boi & nicole","missy ""misdemeanor"" elliott","missy ""misdemeanor"" elliott",missy misdemeanor elliott,Missy Misdemeanor Elliott,5niRbYTYBUDibifKoFfieF,east coast hip hop,spotify,l3,1999
"missy ""misdemeanor"" elliott featuring da brat","missy ""misdemeanor"" elliott","missy ""misdemeanor"" elliott",missy misdemeanor elliott,Missy Misdemeanor Elliott,5niRbYTYBUDibifKoFfieF,east coast hip hop,spotify,l3,1998
"missy ""misdemeanor"" elliott featuring ginuwine & tweet","missy ""misdemeanor"" elliott","missy ""misdemeanor"" elliott",missy misdemeanor elliott,Missy Misdemeanor Elliott,5niRbYTYBUDibifKoFfieF,east coast hip hop,spotify,l3,2002
"missy ""misdemeanor"" elliott featuring ludacris","missy ""misdemeanor"" elliott","missy ""misdemeanor"" elliott",missy misdemeanor elliott,Missy Misdemeanor Elliott,5niRbYTYBUDibifKoFfieF,east coast hip hop,spotify,l3,2003
"missy ""misdemeanor"" elliott featuring nas, eve & q-tip","missy ""misdemeanor"" elliott","missy ""misdemeanor"" elliott",missy misdemeanor elliott,Missy Misdemeanor Elliott,5niRbYTYBUDibifKoFfieF,east coast hip hop,spotify,l3,2000
missy elliott,missy elliott,missy elliott,missy elliott,Missy Elliott,2wIVse2owClT7go1WT98tk,hip hop,spotify,artist,2008
missy elliott featuring ciara & fat man scoop,missy elliott,missy elliott,missy elliott,Missy Elliott,2wIVse2owClT7go1WT98tk,hip hop,spotify,l1,2005
missy elliott featuring lamb,missy elliott,missy elliott,missy elliott,Missy Elliott,2wIVse2owClT7go1WT98tk,hip hop,spotify,l1,2017
missy elliott featuring pharrell williams,missy elliott,missy elliott,missy elliott,Missy Elliott,2wIVse2owClT7go1WT98tk,hip hop,spotify,l1,2016
mista,mista,mista,mista,Mista,4uX071Qr9VaAsJz7hpAv7s,,none,artist,1997
mista grimm,mista grimm,mista grimm,mista grimm,Mista Grimm,5kPhNBw1YtAwQgYUETh8iK,g-funk;west coast hip hop,spotify,artist,1994
mistress,mistress,mistress,mistress,Mistress,5PNmrUKv8oVtBJGkjKOG42,j-rock,spotify,artist,1980
mitch malloy,mitch malloy,mitch malloy,mitch malloy,Mitch Malloy,2enzvSwQxqtaSOv6Fi84vZ,aor;arena rock;glam metal,spotify,artist,1992
mitch miller,mitch miller,mitch miller,mitch miller,Mitch Miller,7J5KdnMXVhJae3Arj8hIXM,,none,artist,1960
mitch miller with orchestra and chorus,mitch miller with orchestra and chorus,mitch miller,mitch miller,Mitch Miller,7J5KdnMXVhJae3Arj8hIXM,,none,l2,1961
"mitch miller and his ""sing along with mitch"" chorus","mitch miller and his ""sing along with mitch"" chorus",mitch miller,mitch miller,Mitch Miller,7J5KdnMXVhJae3Arj8hIXM,,none,l2,1959
mitch miller and his orchestra and chorus,mitch miller and his orchestra and chorus,mitch miller,mitch miller,Mitch Miller,7J5KdnMXVhJae3Arj8hIXM,,none,l2,1958
mitch ryder,mitch ryder,mitch ryder,mitch ryder,Mitch Ryder,7tdO7d7r0vhwov7RIZWH6V,,none,artist,1983
mitch ryder and the detroit wheels,mitch ryder and the detroit wheels,mitch ryder,mitch ryder,Mitch Ryder,7tdO7d7r0vhwov7RIZWH6V,,none,l2,1967
mitchel musso,mitchel musso,mitchel musso,mitchel musso,Mitchel Musso,3IcF2f5vEkY6HPQfLlQDlw,,none,artist,2009
mitchell tenpenny,mitchell tenpenny,mitchell tenpenny,mitchell tenpenny,Mitchell Tenpenny,1p6CdzJRoicjRcSdWoB9Qc,country,spotify,artist,2022
mitchell torok,mitchell torok,mitchell torok,mitchell torok,Mitchell Torok,6IXaAxq9mkktxZnqlWYbxf,,none,artist,1960
mitski,mitski,mitski,mitski,Mitski,2uYWxilOVlUdk4oV9DvwqK,,none,artist,2024
mitty collier,mitty collier,mitty collier,mitty collier,Mitty Collier,0nDEW2hmRliyOfxJwO2CL9,northern soul;soul,spotify,artist,1966
mo thugs family featuring bone thugs-n-harmony,mo thugs family,mo thugs family,mo thugs family,Mo Thugs Family,5rsTlkXxfJy7CKdpvh4mim,,none,l1,1999
mokenstef,mokenstef,mokenstef,mokenstef,MoKenStef,4R4Y06WNH0YEMcugwoGPPj,,none,artist,1995
mobb deep,mobb deep,mobb deep,mobb deep,Mobb Deep,6O2zJ0tId7g07yzHtX0yap,east coast hip hop;old school hip hop;hardcore hip hop;hip hop;gangster rap,spotify,artist,2004
mobb deep featuring 112,mobb deep,mobb deep,mobb deep,Mobb Deep,6O2zJ0tId7g07yzHtX0yap,east coast hip hop;old school hip hop;hardcore hip hop;hip hop;gangster rap,spotify,l1,2002
mobb deep featuring vita & noyd,mobb deep,mobb deep,mobb deep,Mobb Deep,6O2zJ0tId7g07yzHtX0yap,east coast hip hop;old school hip hop;hardcore hip hop;hip hop;gangster rap,spotify,l1,2002
moby featuring gwen stefani,moby,moby,moby,Moby,3OsRAKCvk37zwYcnzRf5XF,downtempo;trip hop,spotify,l1,2001
moby grape,moby grape,moby grape,moby grape,Moby Grape,1nA4QrOywzE5yeCxDvbZP6,classic blues,spotify,artist,1967
mocca soul,mocca soul,mocca soul,mocca soul,,,,none,,1992
mocedades,mocedades,mocedades,mocedades,Mocedades,4Sm7JCttzWMwHJtb3UJ8SY,trova,spotify,artist,1974
models,models,models,models,Models,2k0zkxxRvJKwiHQq5QfjYn,,none,artist,1986
modern english,modern english,modern english,modern english,Modern English,0fYPQBOx0vsRMmjUba9HgF,new wave;synthpop,spotify,artist,1990
modest mouse,modest mouse,modest mouse,modest mouse,Modest Mouse,1yAwtBaoHLEDWAnWR87hBT,indie rock;indie;alternative rock,spotify,artist,2007
modjo,modjo,modjo,modjo,Modjo,0AkpPlFLnr0VQwZQeMGht0,french house;disco house,spotify,artist,2001
molly hatchet,molly hatchet,molly hatchet,molly hatchet,Molly Hatchet,4ZqBwBVB3dsYWL3d5Spi10,southern rock;classic rock;country rock,spotify,artist,1984
moments,moments,moments,moments,Moments,4QPfkcbTCSAMUOdVCHyPCS,,none,artist,1975
moms mabley,moms mabley,moms mabley,moms mabley,Moms Mabley,6HZ1CtBcg9FroAS7taeCIp,comedy,spotify,artist,1969
mona lisa,mona lisa,mona lisa,mona lisa,Mona Lisa,1PoEtwgA7Is7cvp9VgMheC,,none,artist,1996
mona lisa featuring lost boyz,mona lisa,mona lisa,mona lisa,Mona Lisa,1PoEtwgA7Is7cvp9VgMheC,,none,l1,1996
monchy & alexandra,monchy & alexandra,monchy,monchy,Monchy & Alexandra,3rs3EOlJ8jyPpdGiQ9Mhub,bachata;merengue,spotify,artist,2005
mondo rock,mondo rock,mondo rock,mondo rock,Mondo Rock,0f7ChwXkRvmj2ViLbEQwYK,,none,artist,1987
money man featuring lil baby,money man,money man,money man,Money Man,3Rx4PJ7SP6unkOk5elPUK7,,none,l1,2020
moneybagg yo,moneybagg yo,moneybagg yo,moneybagg yo,Moneybagg Yo,3tJoFztHeIJkJWMrx0td2f,,none,artist,2023
moneybagg yo & future,moneybagg yo & future,moneybagg yo,moneybagg yo,Moneybagg Yo,3tJoFztHeIJkJWMrx0td2f,,none,l2,2021
moneybagg yo featuring big30,moneybagg yo,moneybagg yo,moneybagg yo,Moneybagg Yo,3tJoFztHeIJkJWMrx0td2f,,none,l1,2021
moneybagg yo featuring dababy,moneybagg yo,moneybagg yo,moneybagg yo,Moneybagg Yo,3tJoFztHeIJkJWMrx0td2f,,none,l1,2020
moneybagg yo featuring future,moneybagg yo,moneybagg yo,moneybagg yo,Moneybagg Yo,3tJoFztHeIJkJWMrx0td2f,,none,l1,2023
moneybagg yo featuring lil baby,moneybagg yo,moneybagg yo,moneybagg yo,Moneybagg Yo,3tJoFztHeIJkJWMrx0td2f,,none,l1,2020
moneybagg yo featuring lil durk & est gee,moneybagg yo,moneybagg yo,moneybagg yo,Moneybagg Yo,3tJoFztHeIJkJWMrx0td2f,,none,l1,2021
moneybagg yo featuring morgan wallen,moneybagg yo,moneybagg yo,moneybagg yo,Moneybagg Yo,3tJoFztHeIJkJWMrx0td2f,,none,l1,2024
moneybagg yo featuring polo g & lil durk,moneybagg yo,moneybagg yo,moneybagg yo,Moneybagg Yo,3tJoFztHeIJkJWMrx0td2f,,none,l1,2021
moneybagg yo x megan thee stallion,moneybagg yo x megan thee stallion,moneybagg yo,moneybagg yo,Moneybagg Yo,3tJoFztHeIJkJWMrx0td2f,,none,l2,2020
moneybagg yo x glorilla,moneybagg yo x glorilla,moneybagg yo,moneybagg yo,Moneybagg Yo,3tJoFztHeIJkJWMrx0td2f,,none,l2,2023
mongo santamaria,mongo santamaria,mongo santamaria,mongo santamaria,Mongo Santamaria,2oVwztjpHpJlAvlVVuqVa0,latin jazz;cha cha cha;son cubano;mambo,spotify,artist,1969
mongo santamaria band,mongo santamaria band,mongo santamaria band,mongo santamaria band,,,,none,,1963
mongo santamaria orch.,mongo santamaria orch.,mongo santamaria orch.,mongo santamaria orch,,,,none,,1963
monica,monica,monica,monica,Monica,6nzxy2wXs6tLgzEtqOkEi2,r&b,spotify,artist,2010
monica featuring dem franchize boyz,monica,monica,monica,Monica,6nzxy2wXs6tLgzEtqOkEi2,r&b,spotify,l1,2006
monie love,monie love,monie love,monie love,Monie Love,0JzZvoHveyNRLVhtrWclGV,,none,artist,1993
monie love featuring true image,monie love,monie love,monie love,Monie Love,0JzZvoHveyNRLVhtrWclGV,,none,l1,1991
monifah,monifah,monifah,monifah,Monifah,7peqq4aACFkBwIWGG0YRJ9,new jack swing,spotify,artist,1999
mono,mono,mono,mono,MONO,5jTFNkoZebPnX90CbB3F2A,v-pop;vietnamese hip hop;vinahouse,spotify,artist,1998
montell jordan,montell jordan,montell jordan,montell jordan,Montell Jordan,0iVrCROxeyon7MZUW3MfzT,new jack swing,spotify,artist,2000
montell jordan feat. master p & silkk the shocker,montell jordan,montell jordan,montell jordan,Montell Jordan,0iVrCROxeyon7MZUW3MfzT,new jack swing,spotify,l1,1998
montell jordan featuring slick rick,montell jordan,montell jordan,montell jordan,Montell Jordan,0iVrCROxeyon7MZUW3MfzT,new jack swing,spotify,l1,1996
montgomery gentry,montgomery gentry,montgomery gentry,montgomery gentry,Montgomery Gentry,3bGXaFVQLASmDMdjjeJr8a,country;acoustic country,spotify,artist,2012
monty kelly and his orchestra,monty kelly and his orchestra,monty kelly,monty kelly,Monty Kelly,3cN2tw4UZXQL1eIqtp9O6x,exotica,spotify,l2,1960
moon martin,moon martin,moon martin,moon martin,Moon Martin,6FdBHq8it0smMGkitcgP3e,power pop,spotify,artist,1979
moonlion,moonlion,moonlion,moonlion,MoonLion,2LChnGjjSWKqchjewI0qg8,,none,artist,1976
mooski,mooski,mooski,mooski,Mooski,4NqH3V7GS0Igs1VyGMXEi8,,none,artist,2021
"mora, bad bunny & sech","mora, bad bunny & sech",mora,mora,Mora,0Q8NcsJwoCbZOHHW63su5S,urbano latino;trap latino;reggaeton,spotify,l2,2021
more stars on 45,more stars on 45,more stars on 45,more stars on 45,,,,none,,1981
morgan evans,morgan evans,morgan evans,morgan evans,Morgan Evans,6fzQ81ouajOEFqCIB9VwrS,country,spotify,artist,2018
morgan wallen,morgan wallen,morgan wallen,morgan wallen,Morgan Wallen,4oUHIQIBe0LHzYfvXNW4QM,country,spotify,artist,2025
morgan wallen featuring ben burgess,morgan wallen,morgan wallen,morgan wallen,Morgan Wallen,4oUHIQIBe0LHzYfvXNW4QM,country,spotify,l1,2021
morgan wallen featuring chris stapleton,morgan wallen,morgan wallen,morgan wallen,Morgan Wallen,4oUHIQIBe0LHzYfvXNW4QM,country,spotify,l1,2021
morgan wallen featuring ernest,morgan wallen,morgan wallen,morgan wallen,Morgan Wallen,4oUHIQIBe0LHzYfvXNW4QM,country,spotify,l1,2025
morgan wallen featuring eric church,morgan wallen,morgan wallen,morgan wallen,Morgan Wallen,4oUHIQIBe0LHzYfvXNW4QM,country,spotify,l1,2025
morgan wallen featuring florida georgia line,morgan wallen,morgan wallen,morgan wallen,Morgan Wallen,4oUHIQIBe0LHzYfvXNW4QM,country,spotify,l1,2018
morgan wallen featuring hardy,morgan wallen,morgan wallen,morgan wallen,Morgan Wallen,4oUHIQIBe0LHzYfvXNW4QM,country,spotify,l1,2025
morgan wallen featuring lil wayne & rick ross,morgan wallen,morgan wallen,morgan wallen,Morgan Wallen,4oUHIQIBe0LHzYfvXNW4QM,country,spotify,l1,2025
morgan wallen featuring post malone,morgan wallen,morgan wallen,morgan wallen,Morgan Wallen,4oUHIQIBe0LHzYfvXNW4QM,country,spotify,l1,2025
morgan wallen featuring tate mcrae,morgan wallen,morgan wallen,morgan wallen,Morgan Wallen,4oUHIQIBe0LHzYfvXNW4QM,country,spotify,l1,2025
morning mist,morning mist,morning mist,morning mist,Morning Mist,5f7CMwiuYaIuZonZ2BPnAC,,none,artist,1971
morray,morray,morray,morray,Morray,44vREmJC0OlVZjZaGLqVEd,,none,artist,2021
morris albert,morris albert,morris albert,morris albert,Morris Albert,4sFsq7NFJ0zz0uN3Zb6QJ9,,none,artist,1976
morris day,morris day,morris day,morris day,Morris Day,1L56apXminRPJqnqBN0vhe,new jack swing;funk rock,spotify,artist,1988
morrissey,morrissey,morrissey,morrissey,Morrissey,3iTsJGG39nMg9YiolUgLMQ,britpop;madchester;new wave;jangle pop,spotify,artist,1994
morty jay and the surferin' cats,morty jay and the surferin' cats,morty jay,morty jay,,,,none,,1963
mos def & kweli are black star,mos def & kweli are black star,mos def,mos def,Mos Def,0Mz5XE0kb1GBnbLQm2VbcO,east coast hip hop;old school hip hop;hip hop,spotify,l2,1998
mos def & pharoahe monch featuring nate dogg,mos def & pharoahe monch,mos def,mos def,Mos Def,0Mz5XE0kb1GBnbLQm2VbcO,east coast hip hop;old school hip hop;hip hop,spotify,l2,2001
mother's finest,mother's finest,mother's finest,mothers finest,,,,none,,1977
motherlode,motherlode,motherlode,motherlode,Motherlode,5YlFXtEqtfFpoM6ubXaqlR,,none,artist,1969
motley crue,motley crue,motley crue,motley crue,,,,none,,1992
mott the hoople,mott the hoople,mott the hoople,mott the hoople,Mott The Hoople,6ysQi6NI88X627t2srsWz6,glam rock;proto-punk,spotify,artist,1974
mountain,mountain,mountain,mountain,Mountain,7LCp4MN0SOIVWlssid9KyE,classic rock;southern rock;blues rock,spotify,artist,1971
mouth & macneal,mouth & macneal,mouth,mouth,Mouth & MacNeal,51RYnAHfrE4xnMomva5kFq,nederpop,spotify,artist,1972
moving pictures,moving pictures,moving pictures,moving pictures,Moving Pictures,089zDeJWWSaHm6JE4V3ser,,none,artist,1989
mr. acker bilk,mr. acker bilk,mr. acker bilk,mr acker bilk,Mr. Acker Bilk,1Dg1dGbDLrj8BuxHNP1KdC,,none,artist,1963
mr. big,mr. big,mr. big,mr big,Mr. Big,5OfhOoKunSnuubxxRML8J3,glam metal,spotify,artist,1994
mr. c the slide man,mr. c the slide man,mr. c the slide man,mr c the slide man,Mr. C The Slide Man,4AWzJ0jYO43xrWkQ4O7R5x,,none,artist,2001
mr. cheeks,mr. cheeks,mr. cheeks,mr cheeks,Mr. Cheeks,3A8vyqHWOXn8i0u3SVVFNY,,none,artist,2002
mr. mister,mr. mister,mr. mister,mr mister,Mr. Mister,7Bah8E0kCETqEpAHI6CPzQ,,none,artist,1987
mr. president,mr. president,mr. president,mr president,Mr. President,7KBkgunlONG7LPxs93pgpp,eurodance,spotify,artist,1997
mr. probz,mr. probz,mr. probz,mr probz,Mr. Probz,33W1pnW9zScZtYTnAoWnOT,,none,artist,2015
mr. vegas,mr. vegas,mr. vegas,mr vegas,Mr. Vegas,1pmixngtBJleMrGUG5o8DE,dancehall;ragga;reggae;soca;riddim,spotify,artist,2004
mrs. miller,mrs. miller,mrs. miller,mrs miller,Mrs. Miller,70Hyp1IGyZ3Tgy7fXDiJdb,exotica,spotify,artist,1966
ms. adventures,ms. adventures,ms. adventures,ms adventures,,,,none,,1990
ms. jade,ms. jade,ms. jade,ms jade,Ms. Jade,5bqZv01nzphhLqldYvSnwG,,none,artist,2002
mtume,mtume,mtume,mtume,Mtume,5bHSSREflcAADAyCMlmxmh,post-disco;funk;quiet storm,spotify,artist,1984
mudvayne,mudvayne,mudvayne,mudvayne,Mudvayne,2Pfv2w8a20xzC7Dr7QXRqM,nu metal;alternative metal;rap metal;metal,spotify,artist,2005
mulatto,mulatto,mulatto,mulatto,Mulatto,6HAIV3Rdp2JuOkr0CAsgmf,,none,artist,2020
mulberry lane,mulberry lane,mulberry lane,mulberry lane,Mulberry Lane,066YBrNlMfGu6Qe9qe9iir,,none,artist,1999
mumford & sons,mumford & sons,mumford,mumford,Mumford & Sons,3gd8FJtBJtkRxdfbTu19U2,folk;indie folk;folk rock,spotify,artist,2015
mungo jerry,mungo jerry,mungo jerry,mungo jerry,Mungo Jerry,2mbvqMGpwLsakeH45p1Jrb,,none,artist,1970
murphy lee featuring jermaine dupri,murphy lee,murphy lee,murphy lee,Murphy Lee,07W0YfsvHM7Mw7Bq48Mb0A,,none,l1,2004
murray head,murray head,murray head,murray head,Murray Head,479Yp6DvyXoIaCssAxB4QR,,none,artist,1985
murray head with the trinidad singers,murray head with the trinidad singers,murray head,murray head,Murray Head,479Yp6DvyXoIaCssAxB4QR,,none,l2,1971
murry kellum,murry kellum,murry kellum,murry kellum,Murry Kellum,1cx6ptnYRvpA3mBlvKlDAL,,none,artist,1964
muse,muse,muse,muse,Muse,12Chz98pHFMPJEknJQMWvI,alternative rock;rock,spotify,artist,2013
musical youth,musical youth,musical youth,musical youth,Musical Youth,2CuzDPkRD6BJBvdWqCrt2I,reggae,spotify,artist,1984
musiq,musiq,musiq,musiq,,,,none,,2004
musiq soulchild,musiq soulchild,musiq soulchild,musiq soulchild,Musiq Soulchild,3UVRliakQfa1pMWIsNuiZ8,neo soul;r&b;quiet storm,spotify,artist,2009
musiq soulchild featuring ayana,musiq soulchild,musiq soulchild,musiq soulchild,Musiq Soulchild,3UVRliakQfa1pMWIsNuiZ8,neo soul;r&b;quiet storm,spotify,l1,2001
musiq soulchild featuring mary j. blige,musiq soulchild,musiq soulchild,musiq soulchild,Musiq Soulchild,3UVRliakQfa1pMWIsNuiZ8,neo soul;r&b;quiet storm,spotify,l1,2009
musique,musique,musique,musique,Musique,5JO0fCMUiEJtUQjyOXyaCl,disco;post-disco,spotify,artist,1979
mustard & migos,mustard & migos,mustard,mustard,Mustard,1w47PGjlIC5Zfj1IzZI2t6,electrocumbia,spotify,l2,2019
mustard & roddy ricch,mustard & roddy ricch,mustard,mustard,Mustard,1w47PGjlIC5Zfj1IzZI2t6,electrocumbia,spotify,l2,2020
mustard & travis scott,mustard & travis scott,mustard,mustard,Mustard,1w47PGjlIC5Zfj1IzZI2t6,electrocumbia,spotify,l2,2024
"mustard featuring nav, playboi carti & a boogie wit da hoodie",mustard,mustard,mustard,Mustard,1w47PGjlIC5Zfj1IzZI2t6,electrocumbia,spotify,l1,2019
my chemical romance,my chemical romance,my chemical romance,my chemical romance,My Chemical Romance,7FBcuc1gsnv6Y1nwFtNRCb,emo;pop punk,spotify,artist,2011
my darkest days featuring zakk wylde,my darkest days,my darkest days,my darkest days,My Darkest Days,64g59lHsc4g2jMFokrKDGW,,none,l1,2011
mya,mya,mya,mya,MYA,5Rj6rNR8zIlUUDCs1OyPmW,cuarteto,spotify,artist,2004
mya & sisqo,mya & sisqo,mya,mya,MYA,5Rj6rNR8zIlUUDCs1OyPmW,cuarteto,spotify,l2,1998
mya featuring jadakiss,mya,mya,mya,MYA,5Rj6rNR8zIlUUDCs1OyPmW,cuarteto,spotify,l1,2000
mya featuring silkk the shocker,mya,mya,mya,MYA,5Rj6rNR8zIlUUDCs1OyPmW,cuarteto,spotify,l1,1998
myke towers,myke towers,myke towers,myke towers,Myke Towers,7iK8PXO48WeuP03g8YR51W,reggaeton;trap latino;urbano latino,spotify,artist,2023
myke towers & bad bunny,myke towers & bad bunny,myke towers,myke towers,Myke Towers,7iK8PXO48WeuP03g8YR51W,reggaeton;trap latino;urbano latino,spotify,l2,2024
myke towers & juhn,myke towers & juhn,myke towers,myke towers,Myke Towers,7iK8PXO48WeuP03g8YR51W,reggaeton;trap latino;urbano latino,spotify,l2,2021
myles smith,myles smith,myles smith,myles smith,Myles Smith,3bO19AOone0ubCsfDXDtYt,,none,artist,2025
mynt featuring kim sozzi,mynt,mynt,mynt,MYNT,330Jo4LrTUiRwu65eUTtIb,,none,l1,2004
myron,myron,myron,myron,MYRON,6Q6jUFWcvT3zaXC6xzlol8,christian hip hop;gospel r&b;rap chrétien,spotify,artist,1998
mystikal,mystikal,mystikal,mystikal,Mystikal,3LIJJJkO7R5RasRwt7xIn5,southern hip hop;crunk;gangster rap,spotify,artist,2002
mystikal featuring nivea,mystikal,mystikal,mystikal,Mystikal,3LIJJJkO7R5RasRwt7xIn5,southern hip hop;crunk;gangster rap,spotify,l1,2001
n*e*r*d & rihanna,n*e*r*d & rihanna,n*e*r*d,nerd,,,,none,,2018
n-trance,n-trance,n-trance,ntrance,N-Trance,45InkbGypoMk5nVX6dsHkt,eurodance,spotify,artist,1996
n.f. porter,n.f. porter,n.f. porter,nf porter,,,,none,,1972
n.o.r.e.,n.o.r.e.,n.o.r.e.,nore,N.O.R.E.,4GMgdB3vwbBOc42hbXEi9p,reggaeton,spotify,artist,2002
"n.o.r.e. featuring daddy yankee, nina sky, gem star & big mato",n.o.r.e.,n.o.r.e.,nore,N.O.R.E.,4GMgdB3vwbBOc42hbXEi9p,reggaeton,spotify,l1,2005
n.w.a,n.w.a,n.w.a,nwa,,,,none,,2015
n2deep,n2deep,n2deep,n2deep,N2DEEP,7zgtJuRm0JcJpPQRjCgXT7,west coast hip hop;g-funk;old school hip hop,spotify,artist,1993
n2u,n2u,n2u,n2u,N2U,3GygsZJn0BoqIY1V1zfPTP,,none,artist,1995
nb ridaz featuring angelina,nb ridaz,nb ridaz,nb ridaz,NB Ridaz,2KNDYRKdCzuKzCCUyjAcF4,mexican hip hop,spotify,l1,2005
nb ridaz featuring gemini,nb ridaz,nb ridaz,nb ridaz,NB Ridaz,2KNDYRKdCzuKzCCUyjAcF4,mexican hip hop,spotify,l1,2004
neiked x mae muller x polo g,neiked x mae muller x polo g,neiked,neiked,NEIKED,5H6xmHXjsq98NLbEjuE29f,,none,l2,2022
nf,nf,nf,nf,NF,6fOMl44jA4Sp5b9PpYCkzz,christian hip hop,spotify,artist,2023
nf & cordae,nf & cordae,nf,nf,NF,6fOMl44jA4Sp5b9PpYCkzz,christian hip hop,spotify,l2,2023
nf featuring hopsin,nf,nf,nf,NF,6fOMl44jA4Sp5b9PpYCkzz,christian hip hop,spotify,l1,2021
nkotb,nkotb,nkotb,nkotb,Nkotb,37ltrCxDcdCTcUWKdVmRT1,,none,artist,1994
nle choppa,nle choppa,nle choppa,nle choppa,NLE Choppa,0ErzCpIMyLcjPiwT4elrtZ,,none,artist,2025
nle choppa & 2rare,nle choppa & 2rare,nle choppa,nle choppa,NLE Choppa,0ErzCpIMyLcjPiwT4elrtZ,,none,l2,2023
nle choppa & 41,nle choppa & 41,nle choppa,nle choppa,NLE Choppa,0ErzCpIMyLcjPiwT4elrtZ,,none,l2,2024
nle choppa featuring polo g,nle choppa,nle choppa,nle choppa,NLE Choppa,0ErzCpIMyLcjPiwT4elrtZ,,none,l1,2021
nle choppa featuring roddy ricch,nle choppa,nle choppa,nle choppa,NLE Choppa,0ErzCpIMyLcjPiwT4elrtZ,,none,l1,2020
nrbq,nrbq,nrbq,nrbq,NRBQ,5PpcyAkdpuo9a08HiU6yfi,power pop;roots rock,spotify,artist,1974
naked eyes,naked eyes,naked eyes,naked eyes,Naked Eyes,3C6chBmZ9wzisBhoh8G2nK,new wave;synthpop,spotify,artist,1984
nancy ames,nancy ames,nancy ames,nancy ames,Nancy Ames,2cJ3V3p94vWT3fNXGAOBXe,northern soul;classic soul,spotify,artist,1966
nancy brooks,nancy brooks,nancy brooks,nancy brooks,,,,none,,1979
nancy martinez,nancy martinez,nancy martinez,nancy martinez,Nancy Martinez,6KKKmiLXA3G7jxCarYjo7V,freestyle;hi-nrg;chicago house,spotify,artist,1987
nancy sinatra,nancy sinatra,nancy sinatra,nancy sinatra,Nancy Sinatra,3IZrrNonYELubLPJmqOci2,,none,artist,1969
nancy sinatra & frank sinatra,nancy sinatra & frank sinatra,nancy sinatra,nancy sinatra,Nancy Sinatra,3IZrrNonYELubLPJmqOci2,,none,l2,1967
nancy sinatra & lee hazlewood,nancy sinatra & lee hazlewood,nancy sinatra,nancy sinatra,Nancy Sinatra,3IZrrNonYELubLPJmqOci2,,none,l2,1968
nancy sinatra with lee hazlewood,nancy sinatra with lee hazlewood,nancy sinatra,nancy sinatra,Nancy Sinatra,3IZrrNonYELubLPJmqOci2,,none,l2,1967
nancy wilson,nancy wilson,nancy wilson,nancy wilson,Nancy Wilson,2JfVCMa3FlvQRlLT5uH9zb,vocal jazz;jazz,spotify,artist,1971
napoleon xiv,napoleon xiv,napoleon xiv,napoleon xiv,Napoleon XIV,47LaejbXqR0KTC7A8khfqS,,none,artist,1973
nappy brown,nappy brown,nappy brown,nappy brown,Nappy Brown,7oR6vQt8KT2ZWUpC65jTha,boogie-woogie;doo-wop;rockabilly,spotify,artist,1958
nappy roots,nappy roots,nappy roots,nappy roots,Nappy Roots,3tCxM1rTj2qUXsiQZxvt2I,southern hip hop,spotify,artist,2003
nappy roots featuring anthony hamilton,nappy roots,nappy roots,nappy roots,Nappy Roots,3tCxM1rTj2qUXsiQZxvt2I,southern hip hop,spotify,l1,2002
narada michael walden,narada michael walden,narada michael walden,narada michael walden,Narada Michael Walden,37WGztoQRbNgo55GQCw75B,post-disco,spotify,artist,1980
nardo wick,nardo wick,nardo wick,nardo wick,Nardo Wick,0Njy6yR9LykNKYg9yE23QN,,none,artist,2022
"nardo wick featuring g herbo, lil durk & 21 savage",nardo wick,nardo wick,nardo wick,Nardo Wick,0Njy6yR9LykNKYg9yE23QN,,none,l1,2022
nardo wick featuring lil baby,nardo wick,nardo wick,nardo wick,Nardo Wick,0Njy6yR9LykNKYg9yE23QN,,none,l1,2023
"nardo wick, lil baby & future","nardo wick, lil baby & future",nardo wick,nardo wick,Nardo Wick,0Njy6yR9LykNKYg9yE23QN,,none,l2,2022
narvel felts,narvel felts,narvel felts,narvel felts,Narvel Felts,5i7UKP91HFnfeoC0p9SH9T,rockabilly;traditional country;christian country,spotify,artist,1976
nas,nas,nas,nas,Nas,20qISvAhX20dpIbOOzGK3q,east coast hip hop;old school hip hop;hip hop,spotify,artist,2021
nas featuring eminem & epmd,nas,nas,nas,Nas,20qISvAhX20dpIbOOzGK3q,east coast hip hop;old school hip hop;hip hop,spotify,l1,2021
nas featuring fivio foreign & a$ap ferg,nas,nas,nas,Nas,20qISvAhX20dpIbOOzGK3q,east coast hip hop;old school hip hop;hip hop,spotify,l1,2020
nas featuring ginuwine,nas,nas,nas,Nas,20qISvAhX20dpIbOOzGK3q,east coast hip hop;old school hip hop;hip hop,spotify,l1,2000
nas featuring kanye west,nas,nas,nas,Nas,20qISvAhX20dpIbOOzGK3q,east coast hip hop;old school hip hop;hip hop,spotify,l1,2018
nas featuring keri hilson,nas,nas,nas,Nas,20qISvAhX20dpIbOOzGK3q,east coast hip hop;old school hip hop;hip hop,spotify,l1,2008
nas featuring olu dara,nas,nas,nas,Nas,20qISvAhX20dpIbOOzGK3q,east coast hip hop;old school hip hop;hip hop,spotify,l1,2004
nas featuring puff daddy,nas,nas,nas,Nas,20qISvAhX20dpIbOOzGK3q,east coast hip hop;old school hip hop;hip hop,spotify,l1,1999
nas featuring will.i.am,nas,nas,nas,Nas,20qISvAhX20dpIbOOzGK3q,east coast hip hop;old school hip hop;hip hop,spotify,l1,2007
nastyboy klick,nastyboy klick,nastyboy klick,nastyboy klick,Nastyboy Klick,2kZ6dVdEkEs8YjlLy2dsky,latin hip hop;mexican hip hop,spotify,artist,1998
nastyboy klick featuring roger troutman,nastyboy klick,nastyboy klick,nastyboy klick,Nastyboy Klick,2kZ6dVdEkEs8YjlLy2dsky,latin hip hop;mexican hip hop,spotify,l1,1997
"nat ""king"" cole","nat ""king"" cole","nat ""king"" cole",nat king cole,Nat King Cole,7v4imS0moSyGdXyLgVTIV7,christmas;adult standards;vocal jazz,spotify,l3,2025
nat kendrick and the swans,nat kendrick and the swans,nat kendrick,nat kendrick,Nat Kendrick,12cPM9o1Hwa3U9wMflFipt,northern soul,spotify,l2,1960
nat king cole,nat king cole,nat king cole,nat king cole,Nat King Cole,7v4imS0moSyGdXyLgVTIV7,christmas;adult standards;vocal jazz,spotify,artist,2025
nat king cole-stan kenton,nat king cole-stan kenton,nat king cole-stan kenton,nat king colestan kenton,,,,none,,1960
natalie,natalie,natalie,natalie,Natalie,4lFOyLUXnV2Emuus9X8xpA,,none,artist,2005
natalie cole,natalie cole,natalie cole,natalie cole,Natalie Cole,5tTsrGPwQRWUsHR2Xf7Ke9,quiet storm,spotify,artist,1997
natalie featuring baby bash,natalie,natalie,natalie,Natalie,4lFOyLUXnV2Emuus9X8xpA,,none,l1,2005
natalie imbruglia,natalie imbruglia,natalie imbruglia,natalie imbruglia,Natalie Imbruglia,0dlOr0VIysztGWvU1dpjmP,,none,artist,2002
natalie la rose featuring jeremih,natalie la rose,natalie la rose,natalie la rose,Natalie La Rose,2qdONMCoDngQk0eV4Avs1i,,none,l1,2015
natalie merchant,natalie merchant,natalie merchant,natalie merchant,Natalie Merchant,73JEBdDEFeVaOLg3y0HhBD,singer-songwriter,spotify,artist,1996
natasha bedingfield,natasha bedingfield,natasha bedingfield,natasha bedingfield,Natasha Bedingfield,7o95ZoZt5ZYn31e9z1Hc0a,,none,artist,2010
natasha bedingfield featuring sean kingston,natasha bedingfield,natasha bedingfield,natasha bedingfield,Natasha Bedingfield,7o95ZoZt5ZYn31e9z1Hc0a,,none,l1,2008
nate dogg featuring snoop doggy dogg,nate dogg,nate dogg,nate dogg,Nate Dogg,1Oa0bMld0A3u5OTYfMzp5h,g-funk;west coast hip hop;old school hip hop,spotify,l1,1997
nate dogg featuring warren g,nate dogg,nate dogg,nate dogg,Nate Dogg,1Oa0bMld0A3u5OTYfMzp5h,g-funk;west coast hip hop;old school hip hop,spotify,l1,1998
nate ruess,nate ruess,nate ruess,nate ruess,Nate Ruess,1qUjOF5fzrpoNycD36b2jZ,,none,artist,2015
nate smith,nate smith,nate smith,nate smith,Nate Smith,3C1TdpEowpf6AMf7PycuWy,jazz fusion;nu jazz;jazz funk,spotify,artist,2025
nathan morris,nathan morris,nathan morris,nathan morris,Nathan Morris,4W6yYHxdqMapZI5HDKTBQ5,,none,artist,1996
nathaniel mayer and the fabulous twilights,nathaniel mayer and the fabulous twilights,nathaniel mayer,nathaniel mayer,Nathaniel Mayer,1qQPoKyUjp8snBrmlFVZMw,doo-wop,spotify,l2,1962
national lampoon,national lampoon,national lampoon,national lampoon,National Lampoon,0kC299O2ORKxDAFGXzCKSX,comedy;spoken word,spotify,artist,1972
natti natasha x ozuna,natti natasha x ozuna,natti natasha,natti natasha,NATTI NATASHA,1GDbiv3spRmZ1XdM1jQbT7,reggaeton;latin;urbano latino;bachata,spotify,l2,2018
natural four,natural four,natural four,natural four,Natural Four,44hU0pEFYHXSrORwaMR0f9,northern soul,spotify,artist,1974
natural selection,natural selection,natural selection,natural selection,Natural Selection,24TxVhqf3ONCkPhxEgLRFs,,none,artist,1992
nature's divine,nature's divine,nature's divine,natures divine,,,,none,,1979
naughty boy featuring beyonce & arrow benjamin,naughty boy,naughty boy,naughty boy,Naughty Boy,1bT7m67vi78r2oqvxrP3X5,,none,l1,2015
naughty boy featuring sam smith,naughty boy,naughty boy,naughty boy,Naughty Boy,1bT7m67vi78r2oqvxrP3X5,,none,l1,2014
naughty by nature,naughty by nature,naughty by nature,naughty by nature,Naughty By Nature,4Otx4bRLSfpah5kX8hdgDC,old school hip hop;east coast hip hop,spotify,artist,1998
naughty by nature featuring 3lw,naughty by nature,naughty by nature,naughty by nature,Naughty By Nature,4Otx4bRLSfpah5kX8hdgDC,old school hip hop;east coast hip hop,spotify,l1,2002
naughty by nature featuring zhane,naughty by nature,naughty by nature,naughty by nature,Naughty By Nature,4Otx4bRLSfpah5kX8hdgDC,old school hip hop;east coast hip hop,spotify,l1,1999
nav featuring lil baby,nav,nav,nav,NAV,7rkW85dBwwrJtlHRDkJDAC,melodic rap,spotify,l1,2020
nav featuring lil uzi vert,nav,nav,nav,NAV,7rkW85dBwwrJtlHRDkJDAC,melodic rap,spotify,l1,2018
nav featuring meek mill,nav,nav,nav,NAV,7rkW85dBwwrJtlHRDkJDAC,melodic rap,spotify,l1,2019
nav featuring the weeknd,nav,nav,nav,NAV,7rkW85dBwwrJtlHRDkJDAC,melodic rap,spotify,l1,2019
nav featuring travis scott,nav,nav,nav,NAV,7rkW85dBwwrJtlHRDkJDAC,melodic rap,spotify,l1,2018
nav with gunna,nav with gunna,nav,nav,NAV,7rkW85dBwwrJtlHRDkJDAC,melodic rap,spotify,l2,2020
"nav, gunna & travis scott","nav, gunna & travis scott",nav,nav,NAV,7rkW85dBwwrJtlHRDkJDAC,melodic rap,spotify,l2,2020
"nav, travis scott & lil baby","nav, travis scott & lil baby",nav,nav,NAV,7rkW85dBwwrJtlHRDkJDAC,melodic rap,spotify,l2,2022
nazareth,nazareth,nazareth,nazareth,Nazareth,6fvN9GmMCVKb5LY0WsnjFP,hard rock,spotify,artist,1980
nazz,nazz,nazz,nazz,Nazz,7iEUKVcv42PUcIS696yadB,desi hip hop;hindi hip hop,spotify,artist,1970
ne-yo,ne-yo,ne-yo,neyo,Ne-Yo,21E3waRsmPlU7jZsS13rcj,,none,artist,2013
ne-yo & jeremih,ne-yo & jeremih,ne-yo,neyo,Ne-Yo,21E3waRsmPlU7jZsS13rcj,,none,l2,2020
ne-yo featuring jamie foxx & fabolous,ne-yo,ne-yo,neyo,Ne-Yo,21E3waRsmPlU7jZsS13rcj,,none,l1,2009
ne-yo featuring juicy j,ne-yo,ne-yo,neyo,Ne-Yo,21E3waRsmPlU7jZsS13rcj,,none,l1,2015
neal hefti,neal hefti,neal hefti,neal hefti,Neal Hefti,3IjVHk8Mo8GBMKyHnwmth8,big band,spotify,artist,1966
neal mccoy,neal mccoy,neal mccoy,neal mccoy,Neal McCoy,69Etpls5a2aATUkB6NInTY,classic country;country,spotify,artist,2005
ned miller,ned miller,ned miller,ned miller,Ned Miller,59zvXMeM3koefoJWQhBki6,classic country,spotify,artist,1965
needtobreathe featuring gavin degraw,needtobreathe,needtobreathe,needtobreathe,NEEDTOBREATHE,610EjgFatGvVPtib97jQ8G,christian;christian folk;christian alternative rock;ccm;christian rock,spotify,l1,2015
neil diamond,neil diamond,neil diamond,neil diamond,Neil Diamond,7mEIug7XUlQHikrFxjTWes,,none,artist,1986
neil scott,neil scott,neil scott,neil scott,Neil Scott,4zAIdE9EaClYsKRxuvRGr7,northern soul,spotify,artist,1961
neil sedaka,neil sedaka,neil sedaka,neil sedaka,Neil Sedaka,5N6GwJzOcOY5kv8p0NjhYL,doo-wop;adult standards,spotify,artist,1977
neil sedaka & dara sedaka,neil sedaka & dara sedaka,neil sedaka,neil sedaka,Neil Sedaka,5N6GwJzOcOY5kv8p0NjhYL,doo-wop;adult standards,spotify,l2,1980
neil young,neil young,neil young,neil young,Neil Young,6v8FB84lnmJs434UJf2Mrm,classic rock;folk rock;singer-songwriter;roots rock,spotify,artist,1983
neil young & crazy horse,neil young & crazy horse,neil young,neil young,Neil Young,6v8FB84lnmJs434UJf2Mrm,classic rock;folk rock;singer-songwriter;roots rock,spotify,l2,1979
neil young & graham nash,neil young & graham nash,neil young,neil young,Neil Young,6v8FB84lnmJs434UJf2Mrm,classic rock;folk rock;singer-songwriter;roots rock,spotify,l2,1972
neil young / crazy horse,neil young,neil young,neil young,Neil Young,6v8FB84lnmJs434UJf2Mrm,classic rock;folk rock;singer-songwriter;roots rock,spotify,l1,1982
nektar,nektar,nektar,nektar,Nektar,1yeda824Q8uZiR0i29Fa4d,swedish pop,spotify,artist,1975
nella dodds,nella dodds,nella dodds,nella dodds,Nella Dodds,5ScrIrSl2ECqgewhBDwsWB,northern soul,spotify,artist,1965
nelly,nelly,nelly,nelly,Nelly,2gBjLmx6zQnFGQJCAQpRgw,,none,artist,2016
nelly & christina aguilera,nelly & christina aguilera,nelly,nelly,Nelly,2gBjLmx6zQnFGQJCAQpRgw,,none,l2,2004
nelly & florida georgia line,nelly & florida georgia line,nelly,nelly,Nelly,2gBjLmx6zQnFGQJCAQpRgw,,none,l2,2021
nelly featuring ashanti & akon,nelly,nelly,nelly,Nelly,2gBjLmx6zQnFGQJCAQpRgw,,none,l1,2008
nelly featuring ciara & jd,nelly,nelly,nelly,Nelly,2gBjLmx6zQnFGQJCAQpRgw,,none,l1,2008
nelly featuring city spud,nelly,nelly,nelly,Nelly,2gBjLmx6zQnFGQJCAQpRgw,,none,l1,2001
nelly featuring fergie,nelly,nelly,nelly,Nelly,2gBjLmx6zQnFGQJCAQpRgw,,none,l1,2008
nelly featuring jaheim,nelly,nelly,nelly,Nelly,2gBjLmx6zQnFGQJCAQpRgw,,none,l1,2004
nelly featuring jeremih,nelly,nelly,nelly,Nelly,2gBjLmx6zQnFGQJCAQpRgw,,none,l1,2016
nelly featuring jung tru & king jacob,nelly,nelly,nelly,Nelly,2gBjLmx6zQnFGQJCAQpRgw,,none,l1,2005
nelly featuring kelly rowland,nelly,nelly,nelly,Nelly,2gBjLmx6zQnFGQJCAQpRgw,,none,l1,2003
nelly featuring keri hilson,nelly,nelly,nelly,Nelly,2gBjLmx6zQnFGQJCAQpRgw,,none,l1,2010
"nelly featuring kyjuan, ali & murphy lee",nelly,nelly,nelly,Nelly,2gBjLmx6zQnFGQJCAQpRgw,,none,l1,2003
"nelly featuring paul wall, ali & gipp",nelly,nelly,nelly,Nelly,2gBjLmx6zQnFGQJCAQpRgw,,none,l1,2006
nelly featuring t-pain & akon,nelly,nelly,nelly,Nelly,2gBjLmx6zQnFGQJCAQpRgw,,none,l1,2010
nelly featuring tim mcgraw,nelly,nelly,nelly,Nelly,2gBjLmx6zQnFGQJCAQpRgw,,none,l1,2005
nelly furtado,nelly furtado,nelly furtado,nelly furtado,Nelly Furtado,2jw70GZXlAI8QzWeY2bgRc,,none,artist,2007
nelly furtado featuring timbaland,nelly furtado,nelly furtado,nelly furtado,Nelly Furtado,2jw70GZXlAI8QzWeY2bgRc,,none,l1,2006
"nelly, p. diddy & murphy lee","nelly, p. diddy & murphy lee",nelly,nelly,Nelly,2gBjLmx6zQnFGQJCAQpRgw,,none,l2,2004
nelson,nelson,nelson,nelson,Nelson,5jJcbGPjjyEhAoU02ynHaA,glam metal;aor;glam rock;arena rock,spotify,artist,1991
nelson riddle,nelson riddle,nelson riddle,nelson riddle,Nelson Riddle,6PyGlGbMoNqkofF14K4BWb,exotica;easy listening;big band,spotify,artist,1962
nena,nena,nena,nena,Nena,6Tz0QRoe083BcOo2YbG9lV,neue deutsche welle;schlager;german pop,spotify,artist,1984
neneh cherry,neneh cherry,neneh cherry,neneh cherry,Neneh Cherry,3JxCEqL9zjKnDJgUhRuRJD,,none,artist,1993
nengo flow & bad bunny,nengo flow & bad bunny,nengo flow,nengo flow,Nengo Flow,4pR96Wev3fFVRoAQtlb8nR,,none,l2,2023
neon philharmonic,neon philharmonic,neon philharmonic,neon philharmonic,,,,none,,1970
neon trees,neon trees,neon trees,neon trees,Neon Trees,0RpddSzUHfncUWNJXKOsjy,,none,artist,2014
nero,nero,nero,nero,NERO,4uRYpUQZrNrY5t8tAv3XrD,dubstep;dub,spotify,artist,2012
nessa barrett,nessa barrett,nessa barrett,nessa barrett,Nessa Barrett,7pwufEBGfggjoI8twqlsmQ,,none,artist,2021
neton vega,neton vega,neton vega,neton vega,Neton Vega,6pV5zH2LzjOUHaAvENdMMa,corrido;corridos tumbados;corridos bélicos;electro corridos;dembow belico,spotify,artist,2025
neton vega & peso pluma,neton vega & peso pluma,neton vega,neton vega,Neton Vega,6pV5zH2LzjOUHaAvENdMMa,corrido;corridos tumbados;corridos bélicos;electro corridos;dembow belico,spotify,l2,2025
new birth,new birth,new birth,new birth,New birth,7p0gKQT89dGMV7OxpGAHI2,,none,artist,1975
new born,new born,new born,new born,New Born,4v2nTbA0iXodGT28QziDp6,,none,artist,1993
new boyz,new boyz,new boyz,new boyz,New Boyz,1ZKqrja0WvbSssYNFO3lzs,,none,artist,2009
new boyz feat. chris brown,new boyz,new boyz,new boyz,New Boyz,1ZKqrja0WvbSssYNFO3lzs,,none,l1,2011
new boyz featuring iyaz,new boyz,new boyz,new boyz,New Boyz,1ZKqrja0WvbSssYNFO3lzs,,none,l1,2010
new boyz featuring ray j,new boyz,new boyz,new boyz,New Boyz,1ZKqrja0WvbSssYNFO3lzs,,none,l1,2010
new boyz featuring the cataracs & dev,new boyz,new boyz,new boyz,New Boyz,1ZKqrja0WvbSssYNFO3lzs,,none,l1,2011
new colony six,new colony six,new colony six,new colony six,New Colony Six,0q86bTKvKtRS0kP4AyD8pO,,none,artist,1970
new edition,new edition,new edition,new edition,New Edition,1mFX1QlezK1lNPKQJkhwWb,new jack swing;quiet storm,spotify,artist,2004
new england,new england,new england,new england,New England,5F7iQzteoPwRVD95AK92sA,aor;arena rock;power pop,spotify,artist,1979
new found glory,new found glory,new found glory,new found glory,New Found Glory,4ghjRm4M2vChDfTUycx0Ce,pop punk;punk;emo,spotify,artist,2002
new hollow,new hollow,new hollow,new hollow,New Hollow,4NVjldBwjF0DzudAiLvti0,,none,artist,2011
new kids on the block,new kids on the block,new kids on the block,new kids on the block,New Kids On The Block,55qiaow2sDYtjqu1mwRua6,,none,artist,2008
new order,new order,new order,new order,New Order,0yNLKJebCb8Aueb54LYya3,new wave;synthpop;post-punk;madchester,spotify,artist,1995
new radicals,new radicals,new radicals,new radicals,New Radicals,0Grjlu7ncIuCaSYvCs9fcd,,none,artist,1999
new riders of the purple sage,new riders of the purple sage,new riders of the purple sage,new riders of the purple sage,New Riders of the Purple Sage,2D3v3HJ9k3UzehaewnT3QA,country rock;southern rock;americana,spotify,artist,1972
new york city,new york city,new york city,new york city,New York City,349LPiGLpKGaxeqIuLZTQp,philly soul;northern soul;classic soul;motown,spotify,artist,1974
newjeans,newjeans,newjeans,newjeans,NewJeans,6HvZYsbFfjnjFrWF950C9d,k-pop,spotify,artist,2023
newsong,newsong,newsong,newsong,Newsong,09y6tKC7eDSRIimnYf6V4U,,none,artist,2001
newcity rockers,newcity rockers,newcity rockers,newcity rockers,Newcity Rockers,06kEiavGofOiiVEr1yK7Ok,,none,artist,1987
newcleus,newcleus,newcleus,newcleus,Newcleus,5X8Tt3rIpdy8VR78KEhZ6C,miami bass;old school hip hop;hip house;freestyle,spotify,artist,1984
next,next,next,next,Next,2MGT7CYlixSPxAnnkhLpaA,r&b,spotify,artist,2000
nia peeples,nia peeples,nia peeples,nia peeples,Nia Peeples,29PcabivqsoqW2yOVJyuLa,new jack swing,spotify,artist,1992
niall horan,niall horan,niall horan,niall horan,Niall Horan,1Hsdzj7Dlq2I7tHP7501T4,,none,artist,2023
nice & smooth,nice & smooth,nice,nice,Nice & Smooth,5QhsLryFrDbj9IZ38UmMyn,old school hip hop;east coast hip hop,spotify,artist,1994
nicholas david,nicholas david,nicholas david,nicholas david,Nicholas David,2r7f7tP46hkr4U6nMpzzQx,,none,artist,2012
nick cannon featuring b2k,nick cannon,nick cannon,nick cannon,Nick Cannon,480i0t8YiGc2aoOR6BeLAb,,none,l1,2003
nick cannon featuring r. kelly,nick cannon,nick cannon,nick cannon,Nick Cannon,480i0t8YiGc2aoOR6BeLAb,,none,l1,2004
nick decaro,nick decaro,nick decaro,nick decaro,Nick Decaro,4Qm4HV4ei2FUdBs7XExjtp,aor,spotify,artist,1969
nick fradiani,nick fradiani,nick fradiani,nick fradiani,Nick Fradiani,0YklCNXJmtsiaFPCEjWXut,,none,artist,2015
nick gilder,nick gilder,nick gilder,nick gilder,Nick Gilder,2kzcxYyQIRbwtkwVtj48mG,glam rock,spotify,artist,1979
nick jameson,nick jameson,nick jameson,nick jameson,Nick Jameson,5WsW78tOdOTN3Rt4E8WQOt,aor,spotify,artist,1986
nick jonas,nick jonas,nick jonas,nick jonas,Nick Jonas,4Rxn7Im3LGfyRkY2FlHhWi,,none,artist,2015
nick jonas & nicki minaj,nick jonas & nicki minaj,nick jonas,nick jonas,Nick Jonas,4Rxn7Im3LGfyRkY2FlHhWi,,none,l2,2017
nick jonas & the administration,nick jonas & the administration,nick jonas,nick jonas,Nick Jonas,4Rxn7Im3LGfyRkY2FlHhWi,,none,l2,2010
nick jonas featuring tove lo,nick jonas,nick jonas,nick jonas,Nick Jonas,4Rxn7Im3LGfyRkY2FlHhWi,,none,l1,2016
nick lachey,nick lachey,nick lachey,nick lachey,Nick Lachey,6ewMqjrF31lC8ywRsvm073,lullaby,spotify,artist,2006
nick lowe,nick lowe,nick lowe,nick lowe,Nick Lowe,3BqaUtuQmqIHg7B5Bc7fP7,power pop,spotify,artist,1979
nick lowe and his cowboy outfit,nick lowe and his cowboy outfit,nick lowe,nick lowe,Nick Lowe,3BqaUtuQmqIHg7B5Bc7fP7,power pop,spotify,l2,1986
nickelback,nickelback,nickelback,nickelback,Nickelback,6deZN1bslXzeGvOLaLMOIF,post-grunge;rock,spotify,artist,2012
nickey dematteo,nickey dematteo,nickey dematteo,nickey dematteo,,,,none,,1960
nicki french,nicki french,nicki french,nicki french,Nicki French,1RfiRshRC2YlSG4Y1zNkAE,eurodance,spotify,artist,1995
nicki minaj,nicki minaj,nicki minaj,nicki minaj,Nicki Minaj,0hCNtLu0JehylgoiP8L4Gh,,none,artist,2024
nicki minaj & fivio foreign,nicki minaj & fivio foreign,nicki minaj,nicki minaj,Nicki Minaj,0hCNtLu0JehylgoiP8L4Gh,,none,l2,2022
nicki minaj & ice spice with aqua,nicki minaj & ice spice with aqua,nicki minaj,nicki minaj,Nicki Minaj,0hCNtLu0JehylgoiP8L4Gh,,none,l2,2023
nicki minaj & skillibeng,nicki minaj & skillibeng,nicki minaj,nicki minaj,Nicki Minaj,0hCNtLu0JehylgoiP8L4Gh,,none,l2,2021
nicki minaj featuring 2 chainz,nicki minaj,nicki minaj,nicki minaj,Nicki Minaj,0hCNtLu0JehylgoiP8L4Gh,,none,l1,2012
nicki minaj featuring ariana grande,nicki minaj,nicki minaj,nicki minaj,Nicki Minaj,0hCNtLu0JehylgoiP8L4Gh,,none,l1,2018
nicki minaj featuring beyonce,nicki minaj,nicki minaj,nicki minaj,Nicki Minaj,0hCNtLu0JehylgoiP8L4Gh,,none,l1,2015
nicki minaj featuring chris brown,nicki minaj,nicki minaj,nicki minaj,Nicki Minaj,0hCNtLu0JehylgoiP8L4Gh,,none,l1,2012
nicki minaj featuring drake,nicki minaj,nicki minaj,nicki minaj,Nicki Minaj,0hCNtLu0JehylgoiP8L4Gh,,none,l1,2024
nicki minaj featuring drake & lil wayne,nicki minaj,nicki minaj,nicki minaj,Nicki Minaj,0hCNtLu0JehylgoiP8L4Gh,,none,l1,2015
"nicki minaj featuring drake, lil wayne & chris brown",nicki minaj,nicki minaj,nicki minaj,Nicki Minaj,0hCNtLu0JehylgoiP8L4Gh,,none,l1,2015
nicki minaj featuring eminem,nicki minaj,nicki minaj,nicki minaj,Nicki Minaj,0hCNtLu0JehylgoiP8L4Gh,,none,l1,2011
nicki minaj featuring eminem & labrinth,nicki minaj,nicki minaj,nicki minaj,Nicki Minaj,0hCNtLu0JehylgoiP8L4Gh,,none,l1,2018
nicki minaj featuring j. cole,nicki minaj,nicki minaj,nicki minaj,Nicki Minaj,0hCNtLu0JehylgoiP8L4Gh,,none,l1,2023
nicki minaj featuring lil uzi vert,nicki minaj,nicki minaj,nicki minaj,Nicki Minaj,0hCNtLu0JehylgoiP8L4Gh,,none,l1,2024
nicki minaj featuring lil wayne,nicki minaj,nicki minaj,nicki minaj,Nicki Minaj,0hCNtLu0JehylgoiP8L4Gh,,none,l1,2019
nicki minaj featuring lil wayne & tate kobang,nicki minaj,nicki minaj,nicki minaj,Nicki Minaj,0hCNtLu0JehylgoiP8L4Gh,,none,l1,2023
nicki minaj featuring lourdiz,nicki minaj,nicki minaj,nicki minaj,Nicki Minaj,0hCNtLu0JehylgoiP8L4Gh,,none,l1,2023
nicki minaj featuring rihanna,nicki minaj,nicki minaj,nicki minaj,Nicki Minaj,0hCNtLu0JehylgoiP8L4Gh,,none,l1,2012
nicki minaj featuring skylar grey,nicki minaj,nicki minaj,nicki minaj,Nicki Minaj,0hCNtLu0JehylgoiP8L4Gh,,none,l1,2015
nicki minaj featuring the weeknd,nicki minaj,nicki minaj,nicki minaj,Nicki Minaj,0hCNtLu0JehylgoiP8L4Gh,,none,l1,2018
nicki minaj with drake & lil wayne,nicki minaj with drake & lil wayne,nicki minaj,nicki minaj,Nicki Minaj,0hCNtLu0JehylgoiP8L4Gh,,none,l2,2017
nicki minaj with lil wayne,nicki minaj with lil wayne,nicki minaj,nicki minaj,Nicki Minaj,0hCNtLu0JehylgoiP8L4Gh,,none,l2,2017
nicki minaj x lil baby,nicki minaj x lil baby,nicki minaj,nicki minaj,Nicki Minaj,0hCNtLu0JehylgoiP8L4Gh,,none,l2,2022
nicki minaj x mike will made-it,nicki minaj x mike will made-it,nicki minaj,nicki minaj,Nicki Minaj,0hCNtLu0JehylgoiP8L4Gh,,none,l2,2017
"nicki minaj, drake & lil wayne","nicki minaj, drake & lil wayne",nicki minaj,nicki minaj,Nicki Minaj,0hCNtLu0JehylgoiP8L4Gh,,none,l2,2021
nicky jam,nicky jam,nicky jam,nicky jam,Nicky Jam,1SupJlEpv7RS2tPNRaHViT,reggaeton;latin,spotify,artist,2017
nicky jam & enrique iglesias,nicky jam & enrique iglesias,nicky jam,nicky jam,Nicky Jam,1SupJlEpv7RS2tPNRaHViT,reggaeton;latin,spotify,l2,2015
nicky jam x ozuna,nicky jam x ozuna,nicky jam,nicky jam,Nicky Jam,1SupJlEpv7RS2tPNRaHViT,reggaeton;latin,spotify,l2,2019
nicky jam x j balvin,nicky jam x j balvin,nicky jam,nicky jam,Nicky Jam,1SupJlEpv7RS2tPNRaHViT,reggaeton;latin,spotify,l2,2018
nicky youre & dazy,nicky youre & dazy,nicky youre,nicky youre,Nicky Youre,7qmpXeNz2ojlMl2EEfkeLs,,none,l2,2023
nico & vinz,nico & vinz,nico,nico,Nico & Vinz,0awl5piYwO0CDTHEkCjUhn,,none,artist,2015
nicola paone,nicola paone,nicola paone,nicola paone,Nicola Paone,1zmqDtYxHNyMWp9i5gtKpB,,none,artist,1959
"nicole featuring missy ""misdemeanor"" elliott & mocha",nicole,nicole,nicole,Nicole,3iIMN6aYzb6coyCECxkHaS,latin rock,spotify,l1,1998
nicole renee,nicole renee,nicole renee,nicole renee,,,,none,,1998
nicole scherzinger,nicole scherzinger,nicole scherzinger,nicole scherzinger,Nicole Scherzinger,40xbWSB4JPdOkRyuTDy1oP,,none,artist,2011
nicole scherzinger featuring 50 cent,nicole scherzinger,nicole scherzinger,nicole scherzinger,Nicole Scherzinger,40xbWSB4JPdOkRyuTDy1oP,,none,l1,2011
nicolette larson,nicolette larson,nicolette larson,nicolette larson,Nicolette Larson,0NCXrh1XOnHNp4mM0JUFJw,yacht rock;soft rock;aor,spotify,artist,1982
nicolette larson & michael mcdonald,nicolette larson & michael mcdonald,nicolette larson,nicolette larson,Nicolette Larson,0NCXrh1XOnHNp4mM0JUFJw,yacht rock;soft rock;aor,spotify,l2,1980
nielsen/pearson,nielsen,nielsen,nielsen,,,,none,,1981
nigel olsson,nigel olsson,nigel olsson,nigel olsson,Nigel Olsson,44azZyLI6j907fckDCg3qI,yacht rock;aor,spotify,artist,1979
night,night,night,night,,,,none,,1981
night ranger,night ranger,night ranger,night ranger,Night Ranger,1Ha0Fz4i0d4gu5fZbhBCtH,glam metal;aor;arena rock;hard rock,spotify,artist,1988
nightcrawlers,nightcrawlers,nightcrawlers,nightcrawlers,Nightcrawlers,1gALaWbNDnwS2ECV09sn2A,,none,artist,1994
nik kershaw,nik kershaw,nik kershaw,nik kershaw,Nik Kershaw,7kCL98rPFsNKjAHDmWrMac,,none,artist,1984
nikki,nikki,nikki,nikki,Nikki,0jMnOC6Aa7ayV4nBZrGEwm,,none,artist,1990
niko moon,niko moon,niko moon,niko moon,Niko Moon,6Rw7DRa1dzChBvxGPCpOxU,country,spotify,artist,2021
nile rodgers,nile rodgers,nile rodgers,nile rodgers,Nile Rodgers,3yDIp0kaq9EFKe07X1X2rz,,none,artist,1985
nilsson,nilsson,nilsson,nilsson,,,,none,,1974
nina simone,nina simone,nina simone,nina simone,Nina Simone,7G1GBhoKtEPnP86X2PvEYO,vocal jazz;jazz blues;soul;soul jazz;jazz,spotify,artist,1970
nina sky featuring jabba,nina sky,nina sky,nina sky,Nina Sky,6eBYLQONaYZhZNAVK061t6,,none,l1,2004
nine,nine,nine,nine,,,,none,,1995
nine days,nine days,nine days,nine days,Nine Days,306JHpIRGVaQd6OltnOzUO,,none,artist,2000
nine inch nails,nine inch nails,nine inch nails,nine inch nails,Nine Inch Nails,0X380XXQSNBYuleKzav5UO,industrial rock;industrial;industrial metal;alternative metal;nu metal,spotify,artist,2007
nino & the ebb tides,nino & the ebb tides,nino,nino,Nino & The Ebb Tides,1NWbcsZDT1AzS3SZ3CDBLp,doo-wop;rockabilly,spotify,artist,1961
nino tempo & april stevens,nino tempo & april stevens,nino tempo,nino tempo,Nino Tempo & April Stevens,5s1WKkWyMzhGnLZ0ClgyTN,,none,artist,1967
nino tempo and 5th ave. sax,nino tempo and 5th ave. sax,nino tempo,nino tempo,Nino Tempo,5I9g5f9oSrpR0UvjUQcm6X,,none,l2,1973
nio garcia x j balvin x bad bunny,nio garcia x j balvin x bad bunny,nio garcia,nio garcia,Nio Garcia,5hdhHgpxyniooUiQVaPxQ0,reggaeton,spotify,l2,2021
nio garcia x anuel aa x myke towers x brray x juanka,nio garcia x anuel aa x myke towers x brray x juanka,nio garcia,nio garcia,Nio Garcia,5hdhHgpxyniooUiQVaPxQ0,reggaeton,spotify,l2,2020
nipsey hussle & jay-z,nipsey hussle & jay-z,nipsey hussle,nipsey hussle,Nipsey Hussle,0EeQBlQJFiAfJeVN2vT9s0,west coast hip hop,spotify,l2,2021
nipsey hussle featuring belly & dom kennedy,nipsey hussle,nipsey hussle,nipsey hussle,Nipsey Hussle,0EeQBlQJFiAfJeVN2vT9s0,west coast hip hop,spotify,l1,2019
nipsey hussle featuring kendrick lamar,nipsey hussle,nipsey hussle,nipsey hussle,Nipsey Hussle,0EeQBlQJFiAfJeVN2vT9s0,west coast hip hop,spotify,l1,2019
nipsey hussle featuring roddy ricch & hit-boy,nipsey hussle,nipsey hussle,nipsey hussle,Nipsey Hussle,0EeQBlQJFiAfJeVN2vT9s0,west coast hip hop,spotify,l1,2019
nipsey hussle featuring stacy barthe,nipsey hussle,nipsey hussle,nipsey hussle,Nipsey Hussle,0EeQBlQJFiAfJeVN2vT9s0,west coast hip hop,spotify,l1,2019
nipsey hussle featuring yg,nipsey hussle,nipsey hussle,nipsey hussle,Nipsey Hussle,0EeQBlQJFiAfJeVN2vT9s0,west coast hip hop,spotify,l1,2019
nirvana,nirvana,nirvana,nirvana,Nirvana,6olE6TJLqED3rqDCT0FyPh,grunge;rock,spotify,artist,2022
niteflyte,niteflyte,niteflyte,niteflyte,Niteflyte,4E6R7RltBr4S0RwCulB0T5,aor;yacht rock,spotify,artist,1979
nitty,nitty,nitty,nitty,Nitty,0kEcxP5ezzvP5RcO51TCBD,,none,artist,2004
nitty gritty dirt band,nitty gritty dirt band,nitty gritty dirt band,nitty gritty dirt band,Nitty Gritty Dirt Band,7y70dch6JuuuNnwlsOQvwW,bluegrass;country rock;country;classic country,spotify,artist,1972
nivea,nivea,nivea,nivea,Nivea,15Dh5PvHQj909E0RgAe0aN,,none,artist,2003
nivea featuring brian & brandon casey,nivea,nivea,nivea,Nivea,15Dh5PvHQj909E0RgAe0aN,,none,l1,2003
nivea featuring lil jon & youngbloodz,nivea,nivea,nivea,Nivea,15Dh5PvHQj909E0RgAe0aN,,none,l1,2005
no doubt,no doubt,no doubt,no doubt,No Doubt,0cQbJU1aAzvbEmTuljWLlF,,none,artist,2012
no doubt featuring bounty killer,no doubt,no doubt,no doubt,No Doubt,0cQbJU1aAzvbEmTuljWLlF,,none,l1,2002
no doubt featuring lady saw,no doubt,no doubt,no doubt,No Doubt,0cQbJU1aAzvbEmTuljWLlF,,none,l1,2003
no mercy,no mercy,no mercy,no mercy,No Mercy,2tUGlReCZRMoRgl0IS79i3,eurodance,spotify,artist,1997
noah cyrus & leon bridges,noah cyrus & leon bridges,noah cyrus,noah cyrus,Noah Cyrus,55fhWPvDiMpLnE4ZzNXZyW,,none,l2,2020
noah cyrus featuring labrinth,noah cyrus,noah cyrus,noah cyrus,Noah Cyrus,55fhWPvDiMpLnE4ZzNXZyW,,none,l1,2017
noah kahan,noah kahan,noah kahan,noah kahan,Noah Kahan,2RQXRUsr4IW1f3mKyKsy4B,,none,artist,2024
noah kahan with gracie abrams,noah kahan with gracie abrams,noah kahan,noah kahan,Noah Kahan,2RQXRUsr4IW1f3mKyKsy4B,,none,l2,2023
noah kahan with hozier,noah kahan with hozier,noah kahan,noah kahan,Noah Kahan,2RQXRUsr4IW1f3mKyKsy4B,,none,l2,2024
noah kahan with kacey musgraves,noah kahan with kacey musgraves,noah kahan,noah kahan,Noah Kahan,2RQXRUsr4IW1f3mKyKsy4B,,none,l2,2024
noah kahan with post malone,noah kahan with post malone,noah kahan,noah kahan,Noah Kahan,2RQXRUsr4IW1f3mKyKsy4B,,none,l2,2024
nocera,nocera,nocera,nocera,Nocera,42gXQWY0t6kDCzflHUeiSS,freestyle;hi-nrg;chicago house;miami bass;funk melody,spotify,artist,1987
noel,noel,noel,noel,Noel,3aYT0KVT8R4CypWXkoV548,funk melody;freestyle;miami bass,spotify,artist,1988
noel harrison,noel harrison,noel harrison,noel harrison,Noel Harrison,4bcKtHlKBhkEXB1cVY5Ull,baroque pop,spotify,artist,1967
nolan,nolan,nolan,nolan,NOLAN,3xqQWqc1WDHFmoSJZotEsG,,none,artist,1971
nolan porter,nolan porter,nolan porter,nolan porter,Nolan Porter,7H2X4y4sB4EnP593GbQi66,northern soul,spotify,artist,1973
nolan thomas,nolan thomas,nolan thomas,nolan thomas,Nolan Thomas,1jmwcgsQ4AJOfqTyjBtKba,freestyle,spotify,artist,1985
nona gaye,nona gaye,nona gaye,nona gaye,Nona Gaye,0HMKwxrCuqDVae1bWpthmE,new jack swing,spotify,artist,1992
nona hendryx,nona hendryx,nona hendryx,nona hendryx,Nona Hendryx,5pTDagkiVMJC5DJtSAdbXg,post-disco,spotify,artist,1987
nonchalant,nonchalant,nonchalant,nonchalant,Nonchalant,04GaFBkrXgbjuLYvlHP3FW,,none,artist,1996
norah jones,norah jones,norah jones,norah jones,Norah Jones,2Kx7MNY7cI1ENniW7vT30N,,none,artist,2007
noreaga,noreaga,noreaga,noreaga,Noreaga,2GqgiChw79vIYobk2zJFsO,east coast hip hop;old school hip hop,spotify,artist,1998
norma tanega,norma tanega,norma tanega,norma tanega,Norma Tanega,4nlQA3jNE8cukTo6CdyCWP,southern gothic,spotify,artist,1966
norman connors,norman connors,norman connors,norman connors,Norman Connors,54bbmw5qZiMf23TTmm6ojR,quiet storm;philly soul;classic soul;jazz funk,spotify,artist,1976
norman greenbaum,norman greenbaum,norman greenbaum,norman greenbaum,Norman Greenbaum,7f8LNBVXN0h35veHrpxQFL,classic rock,spotify,artist,1971
normani,normani,normani,normani,Normani,2cWZOOzeOm4WmBJRnD5R7I,,none,artist,2019
normani featuring cardi b,normani,normani,normani,Normani,2cWZOOzeOm4WmBJRnD5R7I,,none,l1,2021
northern light,northern light,northern light,northern light,Northern Light,1nzJjONDeN0x5kwt9tqlqt,nu metal,spotify,artist,1975
notorious,notorious,notorious,notorious,Notorious,24FryrwrbjmT9eFYQ7GtKL,italo dance,spotify,artist,1991
nu flavor,nu flavor,nu flavor,nu flavor,Nu Flavor,2gdX1GbQ8sljsTVwDaIpkc,,none,artist,2000
nu flavor featuring roger,nu flavor,nu flavor,nu flavor,Nu Flavor,2gdX1GbQ8sljsTVwDaIpkc,,none,l1,1997
nu shooz,nu shooz,nu shooz,nu shooz,Nu Shooz,2The4Ur661sLPGndcUuuLu,freestyle,spotify,artist,1988
nutta butta featuring teddy riley and anonymous,nutta butta,nutta butta,nutta butta,Nutta Butta,1hvGyb6ku1PIRR3MJFdoAD,,none,l1,1998
nuttin' nyce,nuttin' nyce,nuttin' nyce,nuttin nyce,Nuttin' Nyce,3ZN1AGPeivQaGK7lWgec7X,new jack swing,spotify,artist,1995
nyasia,nyasia,nyasia,nyasia,Nyasia,5eg5fov1Q0vnPFO6l3UCF6,freestyle;chicago house;miami bass;funk melody,spotify,artist,1992
o'bryan,o'bryan,o'bryan,obryan,Obryan,5j6hvoVoa9c2tCRWxi3otC,,none,l3,1982
o-town,o-town,o-town,otown,O-Town,4zKhX6hYCQPNs406umP9Fx,,none,artist,2003
o.a.r.,o.a.r.,o.a.r.,oar,O.A.R.,1Cq0LAHFfvUTBEtMPXUidI,,none,artist,2009
o.c. featuring yvette michele,o.c.,o.c.,oc,,,,none,,1997
o.c. smith,o.c. smith,o.c. smith,oc smith,O.C. Smith,3UGZh0dNyawtfTuETNOni8,,none,artist,1974
o.t. genasis,o.t. genasis,o.t. genasis,ot genasis,O.T. Genasis,1Zatb2YN4erBOoSivOXc0o,,none,artist,2015
o.t. genasis featuring young dolph,o.t. genasis,o.t. genasis,ot genasis,O.T. Genasis,1Zatb2YN4erBOoSivOXc0o,,none,l1,2016
o.v. wright,o.v. wright,o.v. wright,ov wright,O.V. Wright,2eRG04xbRiI1AzY8uTCySk,soul;classic soul,spotify,artist,1971
og maco featuring 2 chainz,og maco,og maco,og maco,OG Maco,0nvvVQhPQGkYTJlThLbJeu,,none,l1,2014
ok go,ok go,ok go,ok go,OK Go,3hozsZ9hqNq7CoBGYNlFTz,,none,artist,2014
omi,omi,omi,omi,OMI,5MouCg6ta7zAxsfMEbc1uh,,none,artist,2016
oak,oak,oak,oak,,,,none,,1981
oakenfold featuring shifty shellshock,oakenfold,oakenfold,oakenfold,Oakenfold,3uppYWPpCQKcQ4JL7Aox4P,,none,l1,2002
oaktown's 3.5.7,oaktown's 3.5.7,oaktown's 3.5.7,oaktowns 357,,,,none,,1991
oasis,oasis,oasis,oasis,Oasis,2DaxqgrOhkeH0fpeiQq2f4,britpop;madchester,spotify,artist,2008
obie trice,obie trice,obie trice,obie trice,Obie Trice,2XnnxQzxFZG8qEPjakokPM,,none,artist,2003
obie trice featuring nate dogg,obie trice,obie trice,obie trice,Obie Trice,2XnnxQzxFZG8qEPjakokPM,,none,l1,2004
ocean,ocean,ocean,ocean,Ocean,5KTdGzdx68HWOnDAhNSvhs,,none,artist,1972
odds & ends,odds & ends,odds,odds,Odds & Ends,2mEjKVoT21sxjB7E81O7jF,,none,artist,1971
odetari,odetari,odetari,odetari,Odetari,7ITMCzIU9uII8gwRg8JAhc,hyperpop;nightcore,spotify,artist,2024
odia coates,odia coates,odia coates,odia coates,Odia Coates,3UgUTRbDBLMcRCantpTWIe,northern soul,spotify,artist,1975
odyssey,odyssey,odyssey,odyssey,Odyssey,5b4SvpTqll0LSqJWPpXya5,disco;post-disco,spotify,artist,1978
of monsters and men,of monsters and men,of monsters,of monsters,Of Monsters and Men,4dwdTW1Lfiq0cM8nBAqIIz,folk pop,spotify,artist,2013
off broadway usa,off broadway usa,off broadway usa,off broadway usa,,,,none,,1980
offset,offset,offset,offset,Offset,4DdkRBBYG6Yk9Ka8tdJ9BW,,none,artist,2022
offset & cardi b,offset & cardi b,offset,offset,Offset,4DdkRBBYG6Yk9Ka8tdJ9BW,,none,l2,2023
offset & don toliver,offset & don toliver,offset,offset,Offset,4DdkRBBYG6Yk9Ka8tdJ9BW,,none,l2,2024
offset & gunna,offset & gunna,offset,offset,Offset,4DdkRBBYG6Yk9Ka8tdJ9BW,,none,l2,2025
offset & jid,offset & jid,offset,offset,Offset,4DdkRBBYG6Yk9Ka8tdJ9BW,,none,l2,2025
offset & metro boomin,offset & metro boomin,offset,offset,Offset,4DdkRBBYG6Yk9Ka8tdJ9BW,,none,l2,2018
offset featuring  j. cole,offset,offset,offset,Offset,4DdkRBBYG6Yk9Ka8tdJ9BW,,none,l1,2019
offset featuring cardi b,offset,offset,offset,Offset,4DdkRBBYG6Yk9Ka8tdJ9BW,,none,l1,2019
offset featuring travis scott,offset,offset,offset,Offset,4DdkRBBYG6Yk9Ka8tdJ9BW,,none,l1,2023
offset featuring travis scott & 21 savage,offset,offset,offset,Offset,4DdkRBBYG6Yk9Ka8tdJ9BW,,none,l1,2019
ohio express,ohio express,ohio express,ohio express,Ohio Express,6EHdKd4m8DzNf9NhVeJSVI,bubblegum pop,spotify,artist,1969
ohio players,ohio players,ohio players,ohio players,Ohio Players,6m30rs1IQqnWqV5nKMpU7U,funk;soul;classic soul,spotify,artist,1977
oingo boingo,oingo boingo,oingo boingo,oingo boingo,Oingo Boingo,5LXEAEGrpKQtpyCu2sZuWu,new wave,spotify,artist,1986
ol skool [featuring keith sweat & xscape],ol skool,ol skool,ol skool,Ol Skool,2Sic3e2rD0kCiltCyCczZR,quiet storm,spotify,l1,1998
ol' dirty bastard,ol' dirty bastard,ol' dirty bastard,ol dirty bastard,Ol' Dirty Bastard,50NoVNy9GU1lCrDV8iGpyu,east coast hip hop;old school hip hop;hardcore hip hop,spotify,artist,1995
ol' dirty bastard featuring kelis,ol' dirty bastard,ol' dirty bastard,ol dirty bastard,Ol' Dirty Bastard,50NoVNy9GU1lCrDV8iGpyu,east coast hip hop;old school hip hop;hardcore hip hop,spotify,l1,2000
ola & the janglers,ola & the janglers,ola,ola,Ola & The Janglers,5THiACaeWaj4ZDVt7Cd5nl,swedish pop;dansband;rockabilly,spotify,artist,1969
old dominion,old dominion,old dominion,old dominion,Old Dominion,6y8XlgIV8BLlIg1tT1R10i,country,spotify,artist,2023
oleta adams,oleta adams,oleta adams,oleta adams,Oleta Adams,1BMb6sQJVkmUyCuodmRs2g,,none,artist,1991
olive,olive,olive,olive,,,,none,,1998
oliver,oliver,oliver,oliver,Oliver,0NDElNqwGRCmsYIQFapp6K,nu disco;french house;indie dance,spotify,artist,1970
oliver anthony music,oliver anthony music,oliver anthony music,oliver anthony music,Oliver Anthony Music,6IkfE2JyVoKwBZXvuytKX3,country,spotify,artist,2024
oliver tree,oliver tree,oliver tree,oliver tree,Oliver Tree,6TLwD7HPWuiOzvXEa3oCNe,,none,artist,2022
oliver tree & robin schulz,oliver tree & robin schulz,oliver tree,oliver tree,Oliver Tree,6TLwD7HPWuiOzvXEa3oCNe,,none,l2,2023
olivia,olivia,olivia,olivia,Olivia,5YBSzuCs7WaFKNr7Bky0Uf,,none,artist,2001
olivia dean,olivia dean,olivia dean,olivia dean,Olivia Dean,00x1fYSGhdqScXBRpSj3DW,pop soul,spotify,artist,2025
olivia newton-john,olivia newton-john,olivia newton-john,olivia newtonjohn,Olivia Newton-John,4BoRxUdrcgbbq1rxJvvhg9,,none,artist,1998
olivia newton-john and cliff richard,olivia newton-john and cliff richard,olivia newton-john,olivia newtonjohn,Olivia Newton-John,4BoRxUdrcgbbq1rxJvvhg9,,none,l2,1981
olivia newton-john/electric light orchestra,olivia newton-john,olivia newton-john,olivia newtonjohn,Olivia Newton-John,4BoRxUdrcgbbq1rxJvvhg9,,none,l1,1980
olivia o'brien,olivia o'brien,olivia o'brien,olivia obrien,,,,none,,2017
olivia rodrigo,olivia rodrigo,olivia rodrigo,olivia rodrigo,Olivia Rodrigo,1McMsnEElThX1knmY4oliG,,none,artist,2024
ollie & the nightingales,ollie & the nightingales,ollie,ollie,Ollie & The Nightingales,3DdJHfaIJApxVnU9HRUV2X,northern soul;classic soul,spotify,artist,1968
ollie and jerry,ollie and jerry,ollie,ollie,Ollie,5OyoCvyau6TiGqcCKnDBCR,,none,l2,1984
olly murs featuring chiddy bang,olly murs,olly murs,olly murs,Olly Murs,3whuHq0yGx60atvA2RCVRW,,none,l1,2012
olly murs featuring flo rida,olly murs,olly murs,olly murs,Olly Murs,3whuHq0yGx60atvA2RCVRW,,none,l1,2013
omar apollo,omar apollo,omar apollo,omar apollo,Omar Apollo,5FxD8fkQZ6KcsSYupDVoSO,bedroom pop,spotify,artist,2022
omarion,omarion,omarion,omarion,Omarion,0f5nVCcR06GX8Qikz0COtT,r&b,spotify,artist,2007
omarion featuring chris brown & jhene aiko,omarion,omarion,omarion,Omarion,0f5nVCcR06GX8Qikz0COtT,r&b,spotify,l1,2015
omarion featuring gucci mane,omarion,omarion,omarion,Omarion,0f5nVCcR06GX8Qikz0COtT,r&b,spotify,l1,2010
one 2 many,one 2 many,one 2 many,one 2 many,One 2 Many,1eiNVQaI51X1t2B59USeXI,,none,artist,1989
one 2 one,one 2 one,one 2 one,one 2 one,,,,none,,1992
one direction,one direction,one direction,one direction,One Direction,4AK6F7OLvEQ5QYCBNiQWHq,,none,artist,2016
one to one,one to one,one to one,one to one,,,,none,,1986
one way,one way,one way,one way,One Way,001aJOc7CSQVo3XzoLG4DK,funk;post-disco,spotify,artist,1982
onerepublic,onerepublic,onerepublic,onerepublic,OneRepublic,5Pwc4xIPtQLFEnJriah9YJ,soft pop,spotify,artist,2023
onerepublic with sara bareilles,onerepublic with sara bareilles,onerepublic,onerepublic,OneRepublic,5Pwc4xIPtQLFEnJriah9YJ,soft pop,spotify,l2,2009
onyx,onyx,onyx,onyx,Onyx,10Khz9BDdDT2mzm3330Cvu,east coast hip hop;hardcore hip hop;old school hip hop,spotify,artist,1995
opetaia foa'i & lin-manuel miranda,opetaia foa'i & lin-manuel miranda,opetaia foa'i,opetaia foai,,,,none,,2017
opus,opus,opus,opus,OPUS,4iLJWObQDJTdSs6nmll4zU,,none,artist,1986
or-n-more (featuring father m.c.),or-n-more,or-n-more,ornmore,Or-N-More,5kQWcexkasmiJDMmbxraHd,,none,l1,1991
oran 'juice' jones,oran 'juice' jones,oran 'juice' jones,oran juice jones,Oran Juice Jones,1xcuvl9Q3S7Q3b2b0dTJca,new jack swing,spotify,l3,1987
orchestral manoeuvres in the dark,orchestral manoeuvres in the dark,orchestral manoeuvres in the dark,orchestral manoeuvres in the dark,Orchestral Manoeuvres In The Dark,7wJ9NwdRWtN92NunmXuwBk,new wave;synthpop,spotify,artist,1988
orgy,orgy,orgy,orgy,Orgy,4uYwLU7k03RCQSRXGtQGg0,industrial rock;industrial metal;nu metal;industrial,spotify,artist,1999
orianthi,orianthi,orianthi,orianthi,Orianthi,0yNy8fi1yBBq526E6mx4Zs,,none,artist,2010
orion the hunter,orion the hunter,orion the hunter,orion the hunter,Orion The Hunter,76ZXjxY5W628Sz7vTgkxTZ,aor;arena rock,spotify,artist,1984
orleans,orleans,orleans,orleans,Orleans,1667U2YoucgG5Pdvm2M59c,yacht rock;soft rock,spotify,artist,1979
orpheus,orpheus,orpheus,orpheus,Orpheus,2uXXZW5EbpDjwIfdVxXTNa,,none,artist,1969
orsa lia,orsa lia,orsa lia,orsa lia,,,,none,,1979
oscar black,oscar black,oscar black,oscar black,Oscar Black,4ry1kZLkOEf5tUNiHUdJXS,,none,artist,1961
oscar brown jr.,oscar brown jr.,oscar brown jr.,oscar brown jr,Oscar Brown Jr,0gh65xjz8rRbdDr5bA5kvS,,none,l3,1974
oscar maydon & fuerza regida,oscar maydon & fuerza regida,oscar maydon,oscar maydon,Oscar Maydon,5yYCc4KdgGsTDnOoSI45vj,corridos tumbados;corrido;corridos bélicos,spotify,l2,2025
oscar mclollie and jeanette baker,oscar mclollie and jeanette baker,oscar mclollie,oscar mclollie,Oscar McLollie,4N6kLmDfBx4mwM17ZwCpK0,boogie-woogie;rockabilly;boogie;doo-wop,spotify,l2,1958
oscar ortiz x edgardo nunez,oscar ortiz x edgardo nunez,oscar ortiz,oscar ortiz,Oscar Ortiz,0FvHxb8a4I0A2i8jKCsFei,electro corridos;dembow belico;corrido;corridos tumbados;corridos bélicos,spotify,l2,2024
"oscar toney, jr.","oscar toney, jr.",oscar toney,oscar toney,"Oscar Toney, Jr.",0j6dT8Nkqg3miEAdFHKfYE,northern soul,spotify,artist,1968
otis & carla,otis & carla,otis,otis,Otis,5YB2Kk1QSDqMfsWnTwcZ5m,v-pop;vietnamese hip hop,spotify,l2,1968
otis clay,otis clay,otis clay,otis clay,Otis Clay,2jV8AcZ8W3TfiqInUGWwlL,soul blues;northern soul,spotify,artist,1968
otis leavill,otis leavill,otis leavill,otis leavill,Otis Leavill,1iQiyb033XXZPEz1MfLy4L,northern soul,spotify,artist,1970
otis leaville,otis leaville,otis leaville,otis leaville,,,,none,,1970
otis redding,otis redding,otis redding,otis redding,Otis Redding,60df5JBRRPcnSpsIMxxwQm,soul;motown;classic soul;soul blues,spotify,artist,1969
otis williams and his charms,otis williams and his charms,otis williams,otis williams,Otis Williams,1rIWGegUXZoyYECWj2gCDa,,none,l2,1961
our lady peace,our lady peace,our lady peace,our lady peace,Our Lady Peace,1lqW59DUEKqvcHc8mVWBtH,post-grunge,spotify,artist,2003
outkast,outkast,outkast,outkast,Outkast,1G9G7WwrXka3Z1r7aIDjI7,southern hip hop;hip hop,spotify,artist,2006
outkast featuring killer mike,outkast,outkast,outkast,Outkast,1G9G7WwrXka3Z1r7aIDjI7,southern hip hop;hip hop,spotify,l1,2002
outkast featuring scar & sleepy brown,outkast,outkast,outkast,Outkast,1G9G7WwrXka3Z1r7aIDjI7,southern hip hop;hip hop,spotify,l1,2006
outkast featuring sleepy brown,outkast,outkast,outkast,Outkast,1G9G7WwrXka3Z1r7aIDjI7,southern hip hop;hip hop,spotify,l1,2004
outasight,outasight,outasight,outasight,Outasight,1zuG3w1Zgeou53fb3Vu3bO,,none,artist,2012
outlaws,outlaws,outlaws,outlaws,Outlaws,7gvsYVBafCJFJGx5RF3V0N,,none,artist,1981
ovis,ovis,ovis,ovis,Ovis,3B0VketWMsz0CQYJ9aVxif,,none,artist,1994
owen b.,owen b.,owen b.,owen b,Owen B,7CqLPofIpXZsrNnMaVmXW1,mambo,spotify,l3,1970
owl city,owl city,owl city,owl city,Owl City,07QEuhtrNmmZ0zEcqE9SF6,,none,artist,2010
owl city & carly rae jepsen,owl city & carly rae jepsen,owl city,owl city,Owl City,07QEuhtrNmmZ0zEcqE9SF6,,none,l2,2012
oxo,oxo,oxo,oxo,OXO,0LRXVvFhDpA0FhsY8hJndo,,none,artist,1983
ozark mountain daredevils,ozark mountain daredevils,ozark mountain daredevils,ozark mountain daredevils,,,,none,,1980
ozo,ozo,ozo,ozo,OZO,0Y0N0oyt0IPgEgpZBvdo6U,afro house,spotify,artist,1976
ozuna,ozuna,ozuna,ozuna,Ozuna,1i8SpTcr7yvPOmcqrbnVXY,reggaeton;trap latino;latin;urbano latino,spotify,artist,2019
ozuna & romeo santos,ozuna & romeo santos,ozuna,ozuna,Ozuna,1i8SpTcr7yvPOmcqrbnVXY,reggaeton;trap latino;latin;urbano latino,spotify,l2,2018
ozuna featuring feid,ozuna,ozuna,ozuna,Ozuna,1i8SpTcr7yvPOmcqrbnVXY,reggaeton;trap latino;latin;urbano latino,spotify,l1,2023
ozuna x cardi b,ozuna x cardi b,ozuna,ozuna,Ozuna,1i8SpTcr7yvPOmcqrbnVXY,reggaeton;trap latino;latin;urbano latino,spotify,l2,2018
ozuna x daddy yankee x j balvin x farruko x anuel aa,ozuna x daddy yankee x j balvin x farruko x anuel aa,ozuna,ozuna,Ozuna,1i8SpTcr7yvPOmcqrbnVXY,reggaeton;trap latino;latin;urbano latino,spotify,l2,2019
ozuna x karol g x myke towers,ozuna x karol g x myke towers,ozuna,ozuna,Ozuna,1i8SpTcr7yvPOmcqrbnVXY,reggaeton;trap latino;latin;urbano latino,spotify,l2,2020
ozuna x manuel turizo,ozuna x manuel turizo,ozuna,ozuna,Ozuna,1i8SpTcr7yvPOmcqrbnVXY,reggaeton;trap latino;latin;urbano latino,spotify,l2,2018
ozzy osbourne,ozzy osbourne,ozzy osbourne,ozzy osbourne,Ozzy Osbourne,6ZLTlhejhndI4Rh53vYhrY,metal;glam metal;heavy metal;hard rock,spotify,artist,2025
p!nk,p!nk,p!nk,pnk,P!nk,1KCSPY1glIKqW2TotWuXOR,,none,artist,2023
p!nk featuring chris stapleton,p!nk,p!nk,pnk,P!nk,1KCSPY1glIKqW2TotWuXOR,,none,l1,2019
p!nk featuring lily allen,p!nk,p!nk,pnk,P!nk,1KCSPY1glIKqW2TotWuXOR,,none,l1,2013
p!nk featuring nate ruess,p!nk,p!nk,pnk,P!nk,1KCSPY1glIKqW2TotWuXOR,,none,l1,2013
p!nk featuring william orbit,p!nk,p!nk,pnk,P!nk,1KCSPY1glIKqW2TotWuXOR,,none,l1,2003
p$c featuring t.i. & lil scrappy,p$c,p$c,psc,PSC,0ApcS82elFob54O8AcuAIP,,none,l3,2005
p-nut gallery,p-nut gallery,p-nut gallery,pnut gallery,,,,none,,1971
"p. diddy & ginuwine featuring loon, mario winans & tammy ruggeri",p. diddy & ginuwine,p. diddy,p diddy,P. Diddy,6LaWgqWYQUbWMVB3osOQAb,,none,l2,2002
p. diddy featuring the neptunes,p. diddy,p. diddy,p diddy,P. Diddy,6LaWgqWYQUbWMVB3osOQAb,,none,l1,2001
p. diddy featuring usher & loon,p. diddy,p. diddy,p diddy,P. Diddy,6LaWgqWYQUbWMVB3osOQAb,,none,l1,2002
"p. diddy, black rob & mark curry","p. diddy, black rob & mark curry",p. diddy,p diddy,P. Diddy,6LaWgqWYQUbWMVB3osOQAb,,none,l2,2001
p.f. sloan,p.f. sloan,p.f. sloan,pf sloan,P.F. Sloan,1Bck9g0eauf5ccxRWvxQXe,,none,artist,1965
p.j. proby,p.j. proby,p.j. proby,pj proby,P.J. Proby,3g4Os4LNZvOQUaokeSLCwG,,none,artist,1967
p.m. dawn,p.m. dawn,p.m. dawn,pm dawn,P.M. Dawn,5DgjOwTN6o76J5Gf8MzEoL,,none,artist,1998
p.o.d.,p.o.d.,p.o.d.,pod,P.O.D.,6KO6G41BBLTDNYOLefWTMU,nu metal;christian rock;rap metal;rap rock;alternative metal,spotify,artist,2006
partynextdoor,partynextdoor,partynextdoor,partynextdoor,PARTYNEXTDOOR,2HPaUgqeutzr3jx5a9WyDV,dark r&b;r&b;trap soul,spotify,artist,2025
partynextdoor & drake,partynextdoor & drake,partynextdoor,partynextdoor,PARTYNEXTDOOR,2HPaUgqeutzr3jx5a9WyDV,dark r&b;r&b;trap soul,spotify,l2,2025
partynextdoor & rihanna,partynextdoor & rihanna,partynextdoor,partynextdoor,PARTYNEXTDOOR,2HPaUgqeutzr3jx5a9WyDV,dark r&b;r&b;trap soul,spotify,l2,2020
partynextdoor featuring drake,partynextdoor,partynextdoor,partynextdoor,PARTYNEXTDOOR,2HPaUgqeutzr3jx5a9WyDV,dark r&b;r&b;trap soul,spotify,l1,2020
"partynextdoor, drake & cash cobain","partynextdoor, drake & cash cobain",partynextdoor,partynextdoor,PARTYNEXTDOOR,2HPaUgqeutzr3jx5a9WyDV,dark r&b;r&b;trap soul,spotify,l2,2025
"partynextdoor, drake & chino pacas","partynextdoor, drake & chino pacas",partynextdoor,partynextdoor,PARTYNEXTDOOR,2HPaUgqeutzr3jx5a9WyDV,dark r&b;r&b;trap soul,spotify,l2,2025
"partynextdoor, drake & yebba","partynextdoor, drake & yebba",partynextdoor,partynextdoor,PARTYNEXTDOOR,2HPaUgqeutzr3jx5a9WyDV,dark r&b;r&b;trap soul,spotify,l2,2025
pc quest,pc quest,pc quest,pc quest,,,,none,,1991
pg&e,pg&e,pg,pg,PG,5K2gAsDWIVqU9rlCyxp4jM,christian rock;gospel;brazilian gospel,spotify,l2,1972
pikotaro,pikotaro,pikotaro,pikotaro,PIKOTARO,37GBT1Lhfc2sgq4jZIt6n2,,none,artist,2016
pluto & ykniece,pluto & ykniece,pluto,pluto,PLUTO,4uqHgaeBynLBQgfhMEIm1G,,none,l2,2025
pmd,pmd,pmd,pmd,PMD,06LjeFwDucJymYIlHxYHLW,,none,artist,1994
prince be & ky-mani,prince be & ky-mani,prince be,prince be,,,,none,,1998
psy,psy,psy,psy,PSY,2dd5mrQZvg6SmahdgVKDzh,k-pop,spotify,artist,2013
psy featuring cl,psy,psy,psy,PSY,2dd5mrQZvg6SmahdgVKDzh,k-pop,spotify,l1,2015
psy featuring snoop dogg,psy,psy,psy,PSY,2dd5mrQZvg6SmahdgVKDzh,k-pop,spotify,l1,2014
psy featuring suga,psy,psy,psy,PSY,2dd5mrQZvg6SmahdgVKDzh,k-pop,spotify,l1,2022
pablo cruise,pablo cruise,pablo cruise,pablo cruise,Pablo Cruise,3Y5abCLsMxsOLaZ8rYusSR,yacht rock;soft rock,spotify,artist,1981
pacific gas and electric,pacific gas and electric,pacific gas,pacific gas,,,,none,,1970
pages,pages,pages,pages,Pages,4xoTZnaFX7xWz76sVSgg7u,yacht rock;aor;soft rock,spotify,artist,1979
painter,painter,painter,painter,painter,4iOcXWFE6It5A2X3l0V2oJ,,none,artist,1973
pajama party,pajama party,pajama party,pajama party,Pajama Party,6PNXIWOxWwU47SPlbrcFBB,,none,artist,1990
panic! at the disco,panic! at the disco,panic! at the disco,panic at the disco,Panic! At The Disco,20JZFwl6HVl6yg8a4H3ZqK,emo,spotify,artist,2019
panic! at the disco featuring lolo,panic! at the disco,panic! at the disco,panic at the disco,Panic! At The Disco,20JZFwl6HVl6yg8a4H3ZqK,emo,spotify,l1,2013
panjabi mc featuring jay-z,panjabi mc,panjabi mc,panjabi mc,Panjabi MC,74D1UgRzMhTSPz698exXmR,bhangra,spotify,l1,2003
papa roach,papa roach,papa roach,papa roach,Papa Roach,4RddZ3iHvSpGV4dvATac9X,nu metal;rap metal;alternative metal;rap rock;rock,spotify,artist,2009
paper lace,paper lace,paper lace,paper lace,Paper Lace,33W24YuaMUEk85MwRX6cRs,,none,artist,1974
paperboy,paperboy,paperboy,paperboy,Paperboy,6G62DWLrirhPFrzRQGQrHF,,none,artist,1993
parachute,parachute,parachute,parachute,Parachute,2PCUhxD40qlMqsKHjTZD2e,,none,artist,2009
paramore,paramore,paramore,paramore,Paramore,74XFHRwlV6OrjEM0A2NCMF,pop punk;emo,spotify,artist,2017
pardison fontaine featuring cardi b,pardison fontaine,pardison fontaine,pardison fontaine,Pardison Fontaine,7Gkyjs2OYQpJdOvvmwIz2Z,,none,l1,2019
paris hilton,paris hilton,paris hilton,paris hilton,Paris Hilton,1vkJFCwstOoJO7yQ4lTtLK,,none,artist,2006
paris sisters,paris sisters,paris sisters,paris sisters,,,,none,,1961
parker mccollum,parker mccollum,parker mccollum,parker mccollum,Parker McCollum,0Z8XVUAOBPM4x12wKnFHEQ,texas country;red dirt;country,spotify,artist,2025
parker mcgee,parker mcgee,parker mcgee,parker mcgee,Parker McGee,7pZNEfU0hIoRHGs0pGFClY,aor;yacht rock,spotify,artist,1977
parliament,parliament,parliament,parliament,Parliament,5SMVzTJyKFJ7TUb46DglcH,funk;funk rock,spotify,artist,1979
parmalee,parmalee,parmalee,parmalee,Parmalee,4TshyQDihSYXSWqvclXl3I,country,spotify,artist,2023
parmalee x blanco brown,parmalee x blanco brown,parmalee,parmalee,Parmalee,4TshyQDihSYXSWqvclXl3I,country,spotify,l2,2021
partland brothers,partland brothers,partland brothers,partland brothers,,,,none,,1987
partners in kryme,partners in kryme,partners in kryme,partners in kryme,Partners In Kryme,3RhQ4wZ4x4RC2oY2QeLRad,,none,artist,1990
passenger,passenger,passenger,passenger,Passenger,0gadJ2b9A4SKsB1RFkBb66,folk pop,spotify,artist,2014
passion pit,passion pit,passion pit,passion pit,Passion Pit,7gjAu1qr5C2grXeQFFOGeh,indie,spotify,artist,2013
pastor troy featuring ms. jade,pastor troy,pastor troy,pastor troy,Pastor Troy,3D04N2X2w6vUGeyG94FBaY,southern hip hop;crunk,spotify,l1,2002
pat & mick,pat & mick,pat,pat,,,,none,,1991
pat benatar,pat benatar,pat benatar,pat benatar,Pat Benatar,43mhFhQ4JAknA7Ik1bOZuV,aor,spotify,artist,1988
pat boone,pat boone,pat boone,pat boone,Pat Boone,7fmKtIgmxqNEKjATioVNsu,adult standards,spotify,artist,1969
pat green,pat green,pat green,pat green,Pat Green,0EhgpjUqiIIQhM6ZRF4kXX,texas country;red dirt;country,spotify,artist,2009
pat lundi,pat lundi,pat lundi,pat lundi,,,,none,,1975
pat thomas,pat thomas,pat thomas,pat thomas,Pat Thomas,0lhzgJLgfwvf3gdrVLUwBZ,free jazz;avant-garde,spotify,artist,1962
pat travers,pat travers,pat travers,pat travers,Pat Travers,3SdhKCTqicfCzDttSxAl0Y,,none,artist,1979
pat travers band,pat travers band,pat travers band,pat travers band,Pat Travers Band,4ZjFFy2brYzBcYNAPwhW6W,southern rock,spotify,artist,1980
pat zill,pat zill,pat zill,pat zill,Pat Zill,1buL2hEGhL5R3XtF1RyVr9,classic country,spotify,artist,1961
pat and the satellites,pat and the satellites,pat,pat,,,,none,,1959
patra,patra,patra,patra,Patra,4aIN2HphWosDXzCDUTgqWa,dancehall;ragga;reggae,spotify,artist,1995
patra duet with aaron hall,patra duet with aaron hall,patra,patra,Patra,4aIN2HphWosDXzCDUTgqWa,dancehall;ragga;reggae,spotify,l2,1996
patra featuring yo-yo,patra,patra,patra,Patra,4aIN2HphWosDXzCDUTgqWa,dancehall;ragga;reggae,spotify,l1,1994
patrice rushen,patrice rushen,patrice rushen,patrice rushen,Patrice Rushen,1mNnxxnPfHQDOkFjnZmdkc,post-disco;jazz funk;disco;funk,spotify,artist,1984
patrick hernandez,patrick hernandez,patrick hernandez,patrick hernandez,Patrick Hernandez,1CcEgi464SWZsKY5579u7z,disco;hi-nrg,spotify,artist,1979
patrick simmons,patrick simmons,patrick simmons,patrick simmons,Patrick Simmons,1kZxI5FlVdFxgoRaiJ8hf0,yacht rock;aor;soft rock;arena rock,spotify,artist,1983
patrick swayze (featuring wendy fraser),patrick swayze,patrick swayze,patrick swayze,Patrick Swayze,6dH5I8Q7HhXu74cBXkP0LD,yacht rock,spotify,l1,1988
patsy cline,patsy cline,patsy cline,patsy cline,Patsy Cline,7dNsHhGeGU5MV01r06O8gK,classic country,spotify,artist,1963
patti austin,patti austin,patti austin,patti austin,Patti Austin,0JxChc2w5fwTGbXKfc4cRd,yacht rock,spotify,artist,1986
patti austin a duet with james ingram,patti austin a duet with james ingram,patti austin a,patti austin a,,,,none,,1983
patti drew,patti drew,patti drew,patti drew,Patti Drew,6CADfReW3qshQNGQ4yPf6c,,none,artist,1968
patti labelle,patti labelle,patti labelle,patti labelle,Patti LaBelle,0ty0xha1dbprYIUAQufkFn,philly soul;quiet storm,spotify,artist,2004
patti labelle & michael mcdonald,patti labelle & michael mcdonald,patti labelle,patti labelle,Patti LaBelle,0ty0xha1dbprYIUAQufkFn,philly soul;quiet storm,spotify,l2,1986
patti labelle and the blue belles,patti labelle and the blue belles,patti labelle,patti labelle,Patti LaBelle,0ty0xha1dbprYIUAQufkFn,philly soul;quiet storm,spotify,l2,1967
patti labelle featuring ron isley,patti labelle,patti labelle,patti labelle,Patti LaBelle,0ty0xha1dbprYIUAQufkFn,philly soul;quiet storm,spotify,l1,2005
patti page,patti page,patti page,patti page,Patti Page,4nZN9kln8toEzOifhWG2uF,adult standards,spotify,artist,1968
patti smith group,patti smith group,patti smith group,patti smith group,,,,none,,1979
patty & the emblems,patty & the emblems,patty,patty,Patty & The Emblems,3YNciz35JttEP3tpD392Up,northern soul;philly soul;motown,spotify,artist,1964
patty duke,patty duke,patty duke,patty duke,Patty Duke,6VcPriC5JFrXJdtZ7OQjc4,adult standards,spotify,artist,1966
patty loveless,patty loveless,patty loveless,patty loveless,Patty Loveless,6SFUC6ORDCIBqPssCBpeHT,classic country;country;bluegrass;traditional country,spotify,artist,2003
patty smyth,patty smyth,patty smyth,patty smyth,Patty Smyth,2dgfCEMSVETFp29mRpiFpz,,none,artist,1993
paul & linda mccartney,paul & linda mccartney,paul,paul,Paul & Linda McCartney,1vyrmNFW1oFN60a56XHRUP,,none,artist,1971
paul anka,paul anka,paul anka,paul anka,Paul Anka,7ceUfdWq2t5nbatS6ollHh,adult standards,spotify,artist,1983
paul anka with odia coates,paul anka with odia coates,paul anka,paul anka,Paul Anka,7ceUfdWq2t5nbatS6ollHh,adult standards,spotify,l2,1975
paul anka-geo. hamilton iv-johnny nash,paul anka-geo. hamilton iv-johnny nash,paul anka-geo. hamilton iv-johnny nash,paul ankageo hamilton ivjohnny nash,,,,none,,1959
paul anka/odia coates,paul anka,paul anka,paul anka,Paul Anka,7ceUfdWq2t5nbatS6ollHh,adult standards,spotify,l1,1975
paul carrack,paul carrack,paul carrack,paul carrack,Paul Carrack,0FFuvdY7fuiuTmHN9unYoz,,none,artist,1990
paul chaplain and his emeralds,paul chaplain and his emeralds,paul chaplain,paul chaplain,Paul Chaplain and His Emeralds,1VzoRbv1P4b8ZvpG8JoNwM,,none,artist,1960
paul davis,paul davis,paul davis,paul davis,Paul Davis,6EJmqnuK0r6qiAevFFiNNR,yacht rock;soft rock,spotify,artist,1982
paul davis feat. susan collins,paul davis,paul davis,paul davis,Paul Davis,6EJmqnuK0r6qiAevFFiNNR,yacht rock;soft rock,spotify,l1,1978
paul dino,paul dino,paul dino,paul dino,Paul Dino,27FlRqfKm4mubsDL38eKGS,doo-wop,spotify,artist,1961
paul evans,paul evans,paul evans,paul evans,Paul Evans,3jjLeKWYlSr2kzJug1jHD4,,none,artist,1960
paul evans and the curls,paul evans and the curls,paul evans,paul evans,Paul Evans,3jjLeKWYlSr2kzJug1jHD4,,none,l2,1960
paul gayten,paul gayten,paul gayten,paul gayten,Paul Gayten,5uOySdqhwzu5oH20lEsMtQ,cajun,spotify,artist,1959
paul hardcastle,paul hardcastle,paul hardcastle,paul hardcastle,Paul Hardcastle,0SgDfSfWqkZMW96aT2oQZ1,smooth jazz;jazz,spotify,artist,1985
paul humphrey & his cool aid chemists,paul humphrey & his cool aid chemists,paul humphrey,paul humphrey,Paul Humphrey,0tsqcmeGGTuXgYsmQ0U1aK,,none,l2,1971
paul hyde & payolas,paul hyde & payolas,paul hyde,paul hyde,Paul Hyde,6RACwqd81kr9Rf80bsqO6s,,none,l2,1985
paul kelly,paul kelly,paul kelly,paul kelly,Paul Kelly,0SNWoGaDlrCompmg9rXeNq,,none,artist,1973
paul lekakis,paul lekakis,paul lekakis,paul lekakis,Paul Lekakis,5T5nmu5zNxNJHGdWMfcUkx,hi-nrg;italo disco,spotify,artist,1987
paul mauriat,paul mauriat,paul mauriat,paul mauriat,Paul Mauriat,5Oj26LEf8jdgR2woWEjlhi,orchestral;easy listening,spotify,artist,1969
paul mauriat and his orchestra,paul mauriat and his orchestra,paul mauriat,paul mauriat,Paul Mauriat,5Oj26LEf8jdgR2woWEjlhi,orchestral;easy listening,spotify,l2,1968
paul mccartney,paul mccartney,paul mccartney,paul mccartney,Paul McCartney,4STHEaNw4mPZ2tzheohgXB,,none,artist,2025
paul mccartney and michael jackson,paul mccartney and michael jackson,paul mccartney,paul mccartney,Paul McCartney,4STHEaNw4mPZ2tzheohgXB,,none,l2,1984
paul mccartney and stevie wonder,paul mccartney and stevie wonder,paul mccartney,paul mccartney,Paul McCartney,4STHEaNw4mPZ2tzheohgXB,,none,l2,1982
paul mccartney and wings,paul mccartney and wings,paul mccartney,paul mccartney,Paul McCartney,4STHEaNw4mPZ2tzheohgXB,,none,l2,1980
paul mccartney with u2,paul mccartney with u2,paul mccartney,paul mccartney,Paul McCartney,4STHEaNw4mPZ2tzheohgXB,,none,l2,2005
paul nicholas,paul nicholas,paul nicholas,paul nicholas,Paul Nicholas,6lfUxsPF92Jy4kYkRgaAZQ,,none,artist,1978
paul peek,paul peek,paul peek,paul peek,Paul Peek,3sApeD3m6bde6Ay7zrQJQ3,rockabilly;doo-wop,spotify,artist,1966
paul petersen,paul petersen,paul petersen,paul petersen,Paul Petersen,7fUZIscY5nNdeSdetfeBNC,,none,artist,1964
paul revere & the raiders,paul revere & the raiders,paul revere,paul revere,Paul Revere & The Raiders,32HPpJAhgnGPT3V7UOggzi,proto-punk;garage rock,spotify,artist,1967
paul revere & the raiders featuring mark lindsay,paul revere & the raiders,paul revere,paul revere,Paul Revere & The Raiders,32HPpJAhgnGPT3V7UOggzi,proto-punk;garage rock,spotify,l1,1969
paul russell,paul russell,paul russell,paul russell,Paul Russell,4zoRNhOhsGX3w8yBAnFSQ8,,none,artist,2024
paul shaffer,paul shaffer,paul shaffer,paul shaffer,Paul Shaffer,2HHFiFlOvI29nLNL2tQsur,,none,artist,1989
paul simon,paul simon,paul simon,paul simon,Paul Simon,2CvCyf1gEVhI0mX6aFXmVI,singer-songwriter,spotify,artist,1991
paul simon (with the dixie hummingbirds),paul simon,paul simon,paul simon,Paul Simon,2CvCyf1gEVhI0mX6aFXmVI,singer-songwriter,spotify,l1,1973
paul simon/phoebe snow,paul simon,paul simon,paul simon,Paul Simon,2CvCyf1gEVhI0mX6aFXmVI,singer-songwriter,spotify,l1,1975
paul stanley,paul stanley,paul stanley,paul stanley,Paul Stanley,5W0GCoUUwU3SF6qpJanlug,,none,artist,1979
paul stookey,paul stookey,paul stookey,paul stookey,Paul Stookey,0TegmrICBnQ2YXCWd8K405,,none,artist,1971
paul vance,paul vance,paul vance,paul vance,Paul Vance,1HWnJQpjtP3ZDUQ93YZw6A,,none,artist,1966
paul wall,paul wall,paul wall,paul wall,Paul Wall,0k7Xl1pqI3tu8sSEjo5oEg,southern hip hop;crunk,spotify,artist,2006
paul wall featuring big pokey,paul wall,paul wall,paul wall,Paul Wall,0k7Xl1pqI3tu8sSEjo5oEg,southern hip hop;crunk,spotify,l1,2005
paul wall featuring jermaine dupri,paul wall,paul wall,paul wall,Paul Wall,0k7Xl1pqI3tu8sSEjo5oEg,southern hip hop;crunk,spotify,l1,2007
paul wall featuring lil' keke,paul wall,paul wall,paul wall,Paul Wall,0k7Xl1pqI3tu8sSEjo5oEg,southern hip hop;crunk,spotify,l1,2007
paul williams,paul williams,paul williams,paul williams,Paul Williams,6W3w8o7f0eU4JoqRzDOG4h,bluegrass;southern gospel;christian country;gospel,spotify,artist,1972
paul young,paul young,paul young,paul young,Paul Young,6rqU9HQ57NYGBnBzbrY3a4,,none,artist,1992
paul and paula,paul and paula,paul,paul,Paul,2SRd7Kx7xWkZjoaFKgEreg,german indie;german indie pop;german hip hop,spotify,l2,1963
paula abdul,paula abdul,paula abdul,paula abdul,Paula Abdul,4PpmBoqphQusNFsxuVKb6j,,none,artist,2009
paula abdul & randy jackson,paula abdul & randy jackson,paula abdul,paula abdul,Paula Abdul,4PpmBoqphQusNFsxuVKb6j,,none,l2,2008
paula abdul (duet with the wild pair),paula abdul,paula abdul,paula abdul,Paula Abdul,4PpmBoqphQusNFsxuVKb6j,,none,l1,1990
paula cole,paula cole,paula cole,paula cole,Paula Cole,08DLZqQd6XDAVteF9nSEJ1,,none,artist,1998
paula deanda featuring baby bash,paula deanda,paula deanda,paula deanda,Paula DeAnda,54kWB5z9SbenPFQXtBDUBK,,none,l1,2006
paula deanda featuring bow wow,paula deanda,paula deanda,paula deanda,Paula DeAnda,54kWB5z9SbenPFQXtBDUBK,,none,l1,2007
paula deanda featuring the dey,paula deanda,paula deanda,paula deanda,Paula DeAnda,54kWB5z9SbenPFQXtBDUBK,,none,l1,2007
paula webb,paula webb,paula webb,paula webb,,,,none,,1975
paulina rubio,paulina rubio,paulina rubio,paulina rubio,Paulina Rubio,1d6dwipPrsFSJVmFTTdFSS,latin pop,spotify,artist,2006
peabo bryson,peabo bryson,peabo bryson,peabo bryson,Peabo Bryson,49iKbKGqgn8OESkW5WduX0,quiet storm,spotify,artist,1991
peabo bryson & regina belle,peabo bryson & regina belle,peabo bryson,peabo bryson,Peabo Bryson,49iKbKGqgn8OESkW5WduX0,quiet storm,spotify,l2,1993
peabo bryson & roberta flack,peabo bryson & roberta flack,peabo bryson,peabo bryson,Peabo Bryson,49iKbKGqgn8OESkW5WduX0,quiet storm,spotify,l2,1984
peabo bryson/roberta flack,peabo bryson,peabo bryson,peabo bryson,Peabo Bryson,49iKbKGqgn8OESkW5WduX0,quiet storm,spotify,l1,1984
peach union,peach union,peach union,peach union,,,,none,,1997
peaches & herb,peaches & herb,peaches,peaches,Peaches & Herb,6qI4LTzMRpTxRzMZPvv2C6,disco,spotify,artist,1980
pearl jam,pearl jam,pearl jam,pearl jam,Pearl Jam,1w5Kfo2jwwIPruYS2UWh56,grunge;rock;post-grunge,spotify,artist,2013
pearlettes,pearlettes,pearlettes,pearlettes,Pearlettes,4YsdHWmQtVbHee6QNF99LQ,doo-wop,spotify,artist,1962
pebbles,pebbles,pebbles,pebbles,Pebbles,702AvACMk5mieXIYlC2Gxx,new jack swing;quiet storm,spotify,artist,1991
pebbles (with salt-n-pepa),pebbles,pebbles,pebbles,Pebbles,702AvACMk5mieXIYlC2Gxx,new jack swing;quiet storm,spotify,l1,1991
pedro capo x farruko,pedro capo x farruko,pedro capo,pedro capo,,,,none,,2019
peggy lee,peggy lee,peggy lee,peggy lee,Peggy Lee,602DnpaSXJB4b9DZrvxbDc,vocal jazz;swing music;big band;jazz,spotify,artist,1969
peggy scott & jo jo benson,peggy scott & jo jo benson,peggy scott,peggy scott,Peggy Scott & Jo Jo Benson,5zGMN35Ci0IgDfEsPqBRPe,,none,artist,1969
peggy scott-adams,peggy scott-adams,peggy scott-adams,peggy scottadams,Peggy Scott-Adams,1uNIqBDEjqAZsnadd8sSNT,blues;zydeco;footwork;soul blues,spotify,artist,1997
pendulum,pendulum,pendulum,pendulum,Pendulum,7MqnCTCAX6SsIYYdJCQj9B,drum and bass,spotify,artist,1981
penny mclean,penny mclean,penny mclean,penny mclean,Penny McLean,2EqPo7BwJq5UJsE5nWqgrk,disco,spotify,artist,1976
pentatonix,pentatonix,pentatonix,pentatonix,Pentatonix,26AHtbjWKiwYzsoGoUZq53,christmas,spotify,artist,2017
pentatonix featuring meghan trainor,pentatonix,pentatonix,pentatonix,Pentatonix,26AHtbjWKiwYzsoGoUZq53,christmas,spotify,l1,2023
people,people,people,people,,,,none,,1968
people's choice,people's choice,people's choice,peoples choice,,,,none,,1976
peppermint rainbow,peppermint rainbow,peppermint rainbow,peppermint rainbow,Peppermint Rainbow,4fRa5jSbLX9QFIFdJH53re,baroque pop;bubblegum pop,spotify,artist,1969
pepsi & shirlie,pepsi & shirlie,pepsi,pepsi,Pepsi,6wiZdRQP2kOAQsLpcU4ef4,agronejo;sertanejo,spotify,l2,1988
percy faith and his orchestra,percy faith and his orchestra,percy faith,percy faith,Percy Faith,7wZne7qoohT9sczs2XLYdf,,none,l2,1960
percy mayfield,percy mayfield,percy mayfield,percy mayfield,Percy Mayfield,4BfUHTiOoOcunsrw4mS2HU,blues;classic blues;jazz blues,spotify,artist,1963
percy sledge,percy sledge,percy sledge,percy sledge,Percy Sledge,3rRmDmzPcAFwcUDvG5gBqO,motown;classic soul;soul,spotify,artist,1974
perez prado and his orchestra,perez prado and his orchestra,perez prado,perez prado,Perez Prado and his Orchestra,39pNdrkXCc3RlNaAsQltJK,,none,artist,1962
perfect gentlemen,perfect gentlemen,perfect gentlemen,perfect gentlemen,Perfect Gentlemen,0Kx6hOtUkMFFFQhz1zjIij,new jack swing;quiet storm,spotify,artist,1990
perfect stranger,perfect stranger,perfect stranger,perfect stranger,Perfect Stranger,3HJLqAQZV0kvFHFRZ3jqyc,,none,artist,1995
perry como,perry como,perry como,perry como,Perry Como,5v8jlSmAQfrkTjAlpUfWtu,christmas;adult standards,spotify,artist,1974
perry como and the fontane sisters with mitchell ayres and his orchestra,perry como and the fontane sisters with mitchell ayres and his orchestra,perry como,perry como,Perry Como,5v8jlSmAQfrkTjAlpUfWtu,christmas;adult standards,spotify,l2,2025
perry como with mitchell ayers and his orchestra,perry como with mitchell ayers and his orchestra,perry como,perry como,Perry Como,5v8jlSmAQfrkTjAlpUfWtu,christmas;adult standards,spotify,l2,2024
peso pluma,peso pluma,peso pluma,peso pluma,Peso Pluma,12GqGscKJx3aE4t07u7eVZ,corrido;corridos tumbados;corridos bélicos;música mexicana;sad sierreño,spotify,artist,2023
peso pluma & anitta,peso pluma & anitta,peso pluma,peso pluma,Peso Pluma,12GqGscKJx3aE4t07u7eVZ,corrido;corridos tumbados;corridos bélicos;música mexicana;sad sierreño,spotify,l2,2024
peso pluma & grupo frontera,peso pluma & grupo frontera,peso pluma,peso pluma,Peso Pluma,12GqGscKJx3aE4t07u7eVZ,corrido;corridos tumbados;corridos bélicos;música mexicana;sad sierreño,spotify,l2,2023
peso pluma & ivan cornejo,peso pluma & ivan cornejo,peso pluma,peso pluma,Peso Pluma,12GqGscKJx3aE4t07u7eVZ,corrido;corridos tumbados;corridos bélicos;música mexicana;sad sierreño,spotify,l2,2024
peso pluma & jasiel nunez,peso pluma & jasiel nunez,peso pluma,peso pluma,Peso Pluma,12GqGscKJx3aE4t07u7eVZ,corrido;corridos tumbados;corridos bélicos;música mexicana;sad sierreño,spotify,l2,2023
peso pluma & junior h,peso pluma & junior h,peso pluma,peso pluma,Peso Pluma,12GqGscKJx3aE4t07u7eVZ,corrido;corridos tumbados;corridos bélicos;música mexicana;sad sierreño,spotify,l2,2023
peso pluma & neton vega,peso pluma & neton vega,peso pluma,peso pluma,Peso Pluma,12GqGscKJx3aE4t07u7eVZ,corrido;corridos tumbados;corridos bélicos;música mexicana;sad sierreño,spotify,l2,2024
peso pluma x natanael cano,peso pluma x natanael cano,peso pluma,peso pluma,Peso Pluma,12GqGscKJx3aE4t07u7eVZ,corrido;corridos tumbados;corridos bélicos;música mexicana;sad sierreño,spotify,l2,2023
peso pluma x jasiel nunez x junior h,peso pluma x jasiel nunez x junior h,peso pluma,peso pluma,Peso Pluma,12GqGscKJx3aE4t07u7eVZ,corrido;corridos tumbados;corridos bélicos;música mexicana;sad sierreño,spotify,l2,2023
"peso pluma, edgardo nunez & los dareyes de la sierra","peso pluma, edgardo nunez & los dareyes de la sierra",peso pluma,peso pluma,Peso Pluma,12GqGscKJx3aE4t07u7eVZ,corrido;corridos tumbados;corridos bélicos;música mexicana;sad sierreño,spotify,l2,2023
"peso pluma, gabito ballesteros & junior h","peso pluma, gabito ballesteros & junior h",peso pluma,peso pluma,Peso Pluma,12GqGscKJx3aE4t07u7eVZ,corrido;corridos tumbados;corridos bélicos;música mexicana;sad sierreño,spotify,l2,2023
"peso pluma, junior h & eslabon armado","peso pluma, junior h & eslabon armado",peso pluma,peso pluma,Peso Pluma,12GqGscKJx3aE4t07u7eVZ,corrido;corridos tumbados;corridos bélicos;música mexicana;sad sierreño,spotify,l2,2024
"peso pluma, junior h & oscar maydon","peso pluma, junior h & oscar maydon",peso pluma,peso pluma,Peso Pluma,12GqGscKJx3aE4t07u7eVZ,corrido;corridos tumbados;corridos bélicos;música mexicana;sad sierreño,spotify,l2,2024
"peso pluma, natanael cano & gabito ballesteros","peso pluma, natanael cano & gabito ballesteros",peso pluma,peso pluma,Peso Pluma,12GqGscKJx3aE4t07u7eVZ,corrido;corridos tumbados;corridos bélicos;música mexicana;sad sierreño,spotify,l2,2024
"peso pluma, tito double p & joel de la p","peso pluma, tito double p & joel de la p",peso pluma,peso pluma,Peso Pluma,12GqGscKJx3aE4t07u7eVZ,corrido;corridos tumbados;corridos bélicos;música mexicana;sad sierreño,spotify,l2,2024
pet shop boys,pet shop boys,pet shop boys,pet shop boys,Pet Shop Boys,2ycnb8Er79LoH2AsR5ldjh,synthpop;new wave,spotify,artist,1991
pet shop boys & dusty springfield,pet shop boys & dusty springfield,pet shop boys,pet shop boys,Pet Shop Boys,2ycnb8Er79LoH2AsR5ldjh,synthpop;new wave,spotify,l2,1988
pete antell,pete antell,pete antell,pete antell,Pete Antell,6jHFTtNDHOLazoc167xQMx,,none,artist,1962
pete drake and his talking steel guitar,pete drake and his talking steel guitar,pete drake,pete drake,Pete Drake,599Rz61useA4UA4XOEVDOM,,none,l2,1964
pete fountain,pete fountain,pete fountain,pete fountain,Pete Fountain,0VGiRGhap5TwupTJ12Meid,,none,artist,1962
pete rock & c.l. smooth,pete rock & c.l. smooth,pete rock,pete rock,Pete Rock & C.L. Smooth,3fJ60AcIgLzQkVitEvA7uq,east coast hip hop;jazz rap;old school hip hop,spotify,artist,1995
pete seeger,pete seeger,pete seeger,pete seeger,Pete Seeger,1P9syEkl41IFowWIJN7ZBY,folk;traditional folk;americana;folk rock,spotify,artist,1964
pete townshend,pete townshend,pete townshend,pete townshend,Pete Townshend,24Wa5wIZIo1sPkzVGP0B5p,art rock,spotify,artist,1986
pete wingfield,pete wingfield,pete wingfield,pete wingfield,Pete Wingfield,3aXekkmx3vITr2rZSgpVDb,,none,artist,1975
peter allen,peter allen,peter allen,peter allen,Peter Allen,3KahxyydGyW19E1n61uVOW,,none,artist,1981
peter and gordon,peter and gordon,peter,peter,Peter And Gordon,6lHC2EQMEMZiEmSfFloarn,,none,artist,1967
peter brown,peter brown,peter brown,peter brown,Peter Brown,18aUkhxve9T3cAaxzTwGSa,,none,artist,1980
peter brown with betty wright,peter brown with betty wright,peter brown,peter brown,Peter Brown,18aUkhxve9T3cAaxzTwGSa,,none,l2,1978
peter cetera,peter cetera,peter cetera,peter cetera,Peter Cetera,5xWPOujQqd4wXyB08slZ9Z,soft rock,spotify,artist,1993
peter cetera & crystal bernard,peter cetera & crystal bernard,peter cetera,peter cetera,Peter Cetera,5xWPOujQqd4wXyB08slZ9Z,soft rock,spotify,l2,1995
peter cetera (duet with chaka khan),peter cetera,peter cetera,peter cetera,Peter Cetera,5xWPOujQqd4wXyB08slZ9Z,soft rock,spotify,l1,1993
peter cetera featuring az yet,peter cetera,peter cetera,peter cetera,Peter Cetera,5xWPOujQqd4wXyB08slZ9Z,soft rock,spotify,l1,1997
peter cetera with amy grant,peter cetera with amy grant,peter cetera,peter cetera,Peter Cetera,5xWPOujQqd4wXyB08slZ9Z,soft rock,spotify,l2,1987
peter frampton,peter frampton,peter frampton,peter frampton,Peter Frampton,0543y7yrvny4KymoaneT4W,classic rock,spotify,artist,1986
peter gabriel,peter gabriel,peter gabriel,peter gabriel,Peter Gabriel,7C4sUpWGlTy7IANjruj02I,art rock,spotify,artist,1993
peter gabriel/kate bush,peter gabriel,peter gabriel,peter gabriel,Peter Gabriel,7C4sUpWGlTy7IANjruj02I,art rock,spotify,l1,1987
peter mcian,peter mcian,peter mcian,peter mcian,,,,none,,1980
peter mccann,peter mccann,peter mccann,peter mccann,Peter McCann,6LJLkqGPy0xFsVCdPP6PJI,aor,spotify,artist,1977
peter murphy,peter murphy,peter murphy,peter murphy,Peter Murphy,7zeHJIIfNStVfxlbT72UwY,gothic rock;darkwave;post-punk;deathrock;new wave,spotify,artist,1990
peter nero,peter nero,peter nero,peter nero,Peter Nero,4LRsjW7ygBG4oiTRn08gEx,,none,artist,1972
peter sarstedt,peter sarstedt,peter sarstedt,peter sarstedt,Peter Sarstedt,3ExGDjEKejMhyciAgxPe0B,,none,artist,1969
peter schilling,peter schilling,peter schilling,peter schilling,Peter Schilling,7ip3CWlgPZbQHvgJpmcGSS,neue deutsche welle;synthpop,spotify,artist,1989
peter shelley,peter shelley,peter shelley,peter shelley,Peter Shelley,1Rqm4lxi4IhNatGFqKSXlW,,none,artist,1975
peter skellern,peter skellern,peter skellern,peter skellern,Peter Skellern,0PV9WCEGu2Yu89ArTqR6b6,,none,artist,1973
peter tosh,peter tosh,peter tosh,peter tosh,Peter Tosh,0oea1hwGMfUxZbLxJc1XUN,reggae;roots reggae;rocksteady;ragga;dub,spotify,artist,1983
peter tosh with mick jagger,peter tosh with mick jagger,peter tosh,peter tosh,Peter Tosh,0oea1hwGMfUxZbLxJc1XUN,reggae;roots reggae;rocksteady;ragga;dub,spotify,l2,1978
peter wolf,peter wolf,peter wolf,peter wolf,Peter Wolf,2aubnptKIcTqMZeSvz9StF,,none,artist,1990
peter yarrow,peter yarrow,peter yarrow,peter yarrow,Peter Yarrow,5NXaUj5eqN5RP6zPUIk926,folk,spotify,artist,1972
"peter, paul & mary","peter, paul & mary",peter,peter,,,,none,,1970
petey pablo,petey pablo,petey pablo,petey pablo,Petey Pablo,4Js9eYwAf9rypNtV8pNSw9,crunk;southern hip hop,spotify,artist,2007
petula clark,petula clark,petula clark,petula clark,Petula Clark,6nKqt1nbSBEq3iUXD1Xgz8,,none,artist,1982
phajja,phajja,phajja,phajja,Phajja,1adRKMcWd0Ek17ANQOaCbd,soul,spotify,artist,1998
pharoahe monch,pharoahe monch,pharoahe monch,pharoahe monch,Pharoahe Monch,5DKuVtlpDH0agZQUFDy8O7,east coast hip hop,spotify,artist,1999
pharrell & miley cyrus,pharrell & miley cyrus,pharrell,pharrell,Pharrell,2HXMHr81vzSW4ZfHKGvRCW,,none,l2,2024
pharrell featuring gwen stefani,pharrell,pharrell,pharrell,Pharrell,2HXMHr81vzSW4ZfHKGvRCW,,none,l1,2005
pharrell featuring jay-z,pharrell,pharrell,pharrell,Pharrell,2HXMHr81vzSW4ZfHKGvRCW,,none,l1,2003
pharrell featuring kanye west,pharrell,pharrell,pharrell,Pharrell,2HXMHr81vzSW4ZfHKGvRCW,,none,l1,2006
pharrell williams,pharrell williams,pharrell williams,pharrell williams,Pharrell Williams,2RdwBSPQiwcmiDo9kixcl8,,none,artist,2024
pharrell williams & travis scott,pharrell williams & travis scott,pharrell williams,pharrell williams,Pharrell Williams,2RdwBSPQiwcmiDo9kixcl8,,none,l2,2022
"pharrell williams featuring 21 savage & tyler, the creator",pharrell williams,pharrell williams,pharrell williams,Pharrell Williams,2RdwBSPQiwcmiDo9kixcl8,,none,l1,2022
pharrell williams x camila cabello,pharrell williams x camila cabello,pharrell williams,pharrell williams,Pharrell Williams,2RdwBSPQiwcmiDo9kixcl8,,none,l2,2018
phil collins,phil collins,phil collins,phil collins,Phil Collins,4lxfqrEsLX6N1N4OCSkILp,soft rock,spotify,artist,2003
phil collins and marilyn martin,phil collins and marilyn martin,phil collins,phil collins,Phil Collins,4lxfqrEsLX6N1N4OCSkILp,soft rock,spotify,l2,1986
phil mclean,phil mclean,phil mclean,phil mclean,,,,none,,1962
phil phillips with the twilights,phil phillips with the twilights,phil phillips,phil phillips,,,,none,,1959
phil seymour,phil seymour,phil seymour,phil seymour,Phil Seymour,2ut1VNKTLERpjYf2uljNWn,power pop;jangle pop,spotify,artist,1981
phil vassar,phil vassar,phil vassar,phil vassar,Phil Vassar,1XhhO2dTs2fKyhILj0aam6,country,spotify,artist,2008
phil wickham,phil wickham,phil wickham,phil wickham,Phil Wickham,5d1JhBfyb58upMXCZOdbQu,worship;christian;ccm,spotify,artist,2025
philadelphia international all stars,philadelphia international all stars,philadelphia international all stars,philadelphia international all stars,,,,none,,1977
philip bailey,philip bailey,philip bailey,philip bailey,Philip Bailey,6ZNeppgfBLPUyugks9Yn1u,yacht rock,spotify,artist,1985
philip bailey with phil collins,philip bailey with phil collins,philip bailey,philip bailey,Philip Bailey,6ZNeppgfBLPUyugks9Yn1u,yacht rock,spotify,l2,1985
philip upchurch combo,philip upchurch combo,philip upchurch combo,philip upchurch combo,,,,none,,1961
phill wilson,phill wilson,phill wilson,phill wilson,,,,none,,1961
phillip phillips,phillip phillips,phillip phillips,phillip phillips,Phillip Phillips,6p5JxpTc7USNnBnLzctyd4,folk pop,spotify,artist,2014
philly cream,philly cream,philly cream,philly cream,Philly Cream,4PcBO8RTEZD9qT3go1hUG1,philly soul,spotify,artist,1979
philly devotions,philly devotions,philly devotions,philly devotions,Philly Devotions,4ewLi2hXQXXAyQ25rgTmXn,northern soul;philly soul,spotify,artist,1975
philly's most wanted,philly's most wanted,philly's most wanted,phillys most wanted,,,,none,,2001
phoebe & maggie,phoebe & maggie,phoebe,phoebe,Phoebe,3AVEJlXqQJciNtMTZn2AjA,,none,l2,2020
phoebe snow,phoebe snow,phoebe snow,phoebe snow,Phoebe Snow,3iuobQyYhofKRr5W6HZoKt,yacht rock,spotify,artist,1981
phoenix,phoenix,phoenix,phoenix,Phoenix,1xU878Z1QtBldR7ru9owdU,indie,spotify,artist,2010
photoglo,photoglo,photoglo,photoglo,,,,none,,1980
phyllis mcguire,phyllis mcguire,phyllis mcguire,phyllis mcguire,Phyllis McGuire,3tM4dXnx3BuCE1ccRq7s0f,,none,artist,1964
phyllis nelson,phyllis nelson,phyllis nelson,phyllis nelson,Phyllis Nelson,1zK07BWbFrx6yqTFz84eH4,hi-nrg,spotify,artist,1986
pia mia featuring chris brown & tyga,pia mia,pia mia,pia mia,Pia Mia,1BhWF9W2PngtPSyobKg0rP,,none,l1,2015
pia zadora,pia zadora,pia zadora,pia zadora,Pia Zadora,4xOk8sG1KBfhKhR4BOq7Mc,,none,artist,1983
pickettywitch,pickettywitch,pickettywitch,pickettywitch,Pickettywitch,0AgzNSz74RNIGgEIz7W64L,,none,artist,1970
pieces of eight,pieces of eight,pieces of eight,pieces of eight,Pieces of Eight,5AJinRdvOw6jMAmuldxyeY,,none,artist,1967
pierce the veil,pierce the veil,pierce the veil,pierce the veil,Pierce The Veil,4iJLPqClelZOBCBifm8Fzv,emo;screamo;post-hardcore,spotify,artist,2025
piero soffici,piero soffici,piero soffici,piero soffici,Piero Soffici,58H39TvzLUJ9W8dxNYYioH,orchestral,spotify,artist,1961
piero umiliani,piero umiliani,piero umiliani,piero umiliani,Piero Umiliani,5sD7Cf3SaTVcrg81GQi1Xk,exotica,spotify,artist,1969
pigmeat markham,pigmeat markham,pigmeat markham,pigmeat markham,Pigmeat Markham,1GJzkNMzrQ8uGjU4gzCVzq,comedy,spotify,artist,1968
pilar montenegro,pilar montenegro,pilar montenegro,pilar montenegro,Pilar Montenegro,5CSbKdrAQne1Jaen7pMkPF,grupera,spotify,artist,2002
pilot,pilot,pilot,pilot,Pilot,6PwcexHTG0qJWQQwp05Bpm,glam rock,spotify,artist,1976
"pimmie, partynextdoor & drake","pimmie, partynextdoor & drake",pimmie,pimmie,Pimmie,30AbYddXmSkDXhnW6lB0ll,,none,l2,2025
pink floyd,pink floyd,pink floyd,pink floyd,Pink Floyd,0k17h0D3J5VfsdmQ1iZtE9,progressive rock;psychedelic rock;classic rock;art rock;rock,spotify,artist,1994
pink lady,pink lady,pink lady,pink lady,Pink lady,1dltZ4w3x9no1IsQ95Tvt8,,none,artist,1979
pinkpantheress,pinkpantheress,pinkpantheress,pinkpantheress,PinkPantheress,78rUTD7y6Cy67W1RVzYs7t,bedroom pop,spotify,artist,2025
pinkpantheress & ice spice,pinkpantheress & ice spice,pinkpantheress,pinkpantheress,PinkPantheress,78rUTD7y6Cy67W1RVzYs7t,bedroom pop,spotify,l2,2023
pinkfong,pinkfong,pinkfong,pinkfong,Pinkfong,7cTXfwpe9peK0UE1bZyIWZ,children's music;lullaby,spotify,artist,2019
pips,pips,pips,pips,pips,3dhIWmW1pGac65Tk3F6mi5,,none,artist,1961
pistol annies,pistol annies,pistol annies,pistol annies,Pistol Annies,2wSgVsgLUZeDJwoLcPO7ny,country,spotify,artist,2011
pitbull,pitbull,pitbull,pitbull,Pitbull,0TnOYISbd1XYRBk9myaseg,,none,artist,2012
pitbull & ne-yo,pitbull & ne-yo,pitbull,pitbull,Pitbull,0TnOYISbd1XYRBk9myaseg,,none,l2,2015
pitbull featuring akon,pitbull,pitbull,pitbull,Pitbull,0TnOYISbd1XYRBk9myaseg,,none,l1,2010
pitbull featuring chris brown,pitbull,pitbull,pitbull,Pitbull,0TnOYISbd1XYRBk9myaseg,,none,l1,2015
pitbull featuring christina aguilera,pitbull,pitbull,pitbull,Pitbull,0TnOYISbd1XYRBk9myaseg,,none,l1,2013
pitbull featuring enrique iglesias,pitbull,pitbull,pitbull,Pitbull,0TnOYISbd1XYRBk9myaseg,,none,l1,2016
pitbull featuring flo rida & lunchmoney lewis,pitbull,pitbull,pitbull,Pitbull,0TnOYISbd1XYRBk9myaseg,,none,l1,2016
pitbull featuring g.r.l.,pitbull,pitbull,pitbull,Pitbull,0TnOYISbd1XYRBk9myaseg,,none,l1,2014
pitbull featuring jennifer lopez & claudia leitte,pitbull,pitbull,pitbull,Pitbull,0TnOYISbd1XYRBk9myaseg,,none,l1,2014
pitbull featuring john ryan,pitbull,pitbull,pitbull,Pitbull,0TnOYISbd1XYRBk9myaseg,,none,l1,2015
pitbull featuring ke$ha,pitbull,pitbull,pitbull,Pitbull,0TnOYISbd1XYRBk9myaseg,,none,l1,2014
pitbull featuring lil jon,pitbull,pitbull,pitbull,Pitbull,0TnOYISbd1XYRBk9myaseg,,none,l1,2009
pitbull featuring marc anthony,pitbull,pitbull,pitbull,Pitbull,0TnOYISbd1XYRBk9myaseg,,none,l1,2011
"pitbull featuring ne-yo, afrojack & nayer",pitbull,pitbull,pitbull,Pitbull,0TnOYISbd1XYRBk9myaseg,,none,l1,2012
pitbull featuring shakira,pitbull,pitbull,pitbull,Pitbull,0TnOYISbd1XYRBk9myaseg,,none,l1,2012
pitbull featuring t-pain,pitbull,pitbull,pitbull,Pitbull,0TnOYISbd1XYRBk9myaseg,,none,l1,2011
pitbull featuring t-pain & sean paul,pitbull,pitbull,pitbull,Pitbull,0TnOYISbd1XYRBk9myaseg,,none,l1,2011
pitbull featuring tjr,pitbull,pitbull,pitbull,Pitbull,0TnOYISbd1XYRBk9myaseg,,none,l1,2013
pitbull featuring trina & young bo$$,pitbull,pitbull,pitbull,Pitbull,0TnOYISbd1XYRBk9myaseg,,none,l1,2008
pitbull x el chombo x karol g featuring cutty ranks,pitbull x el chombo x karol g,pitbull,pitbull,Pitbull,0TnOYISbd1XYRBk9myaseg,,none,l2,2018
placido domingo & john denver,placido domingo & john denver,placido domingo,placido domingo,,,,none,,1982
plain white t's,plain white t's,plain white t's,plain white ts,,,,none,,2011
planet p,planet p,planet p,planet p,,,,none,,1983
planet soul,planet soul,planet soul,planet soul,Planet Soul,5E0lNHVTNdbK9pcUmQm1S1,chicago house;freestyle,spotify,artist,1996
planet soul featuring brenda dee,planet soul,planet soul,planet soul,Planet Soul,5E0lNHVTNdbK9pcUmQm1S1,chicago house;freestyle,spotify,l1,1996
plastic bertrand,plastic bertrand,plastic bertrand,plastic bertrand,Plastic Bertrand,1KeIof0zqga5ojkmOKg88P,,none,artist,1978
plastic ono band,plastic ono band,plastic ono band,plastic ono band,,,,none,,1970
platinum blonde,platinum blonde,platinum blonde,platinum blonde,Platinum Blonde,5oxTKyMgf6POnzlqM1mduA,,none,artist,1986
play-n-skillz featuring krayzie bone & adina howard,play-n-skillz,play-n-skillz,playnskillz,Play-N-Skillz,7MP4jhYmFEgb0AtiOkw55s,,none,l1,2004
playa,playa,playa,playa,Playa,3bIAUCN08OjlkGrqRjJDji,quiet storm,spotify,artist,1998
playaz circle featuring lil wayne,playaz circle,playaz circle,playaz circle,Playaz Circle,5gV9T9VSwhHBlHcRMojEZw,southern hip hop,spotify,l1,2008
playboi carti,playboi carti,playboi carti,playboi carti,Playboi Carti,699OTQXzgjhIYAHMy9RyPD,rage rap,spotify,artist,2025
playboi carti & future,playboi carti & future,playboi carti,playboi carti,Playboi Carti,699OTQXzgjhIYAHMy9RyPD,rage rap,spotify,l2,2025
playboi carti & kendrick lamar,playboi carti & kendrick lamar,playboi carti,playboi carti,Playboi Carti,699OTQXzgjhIYAHMy9RyPD,rage rap,spotify,l2,2025
playboi carti & lil uzi vert,playboi carti & lil uzi vert,playboi carti,playboi carti,Playboi Carti,699OTQXzgjhIYAHMy9RyPD,rage rap,spotify,l2,2025
playboi carti & skepta,playboi carti & skepta,playboi carti,playboi carti,Playboi Carti,699OTQXzgjhIYAHMy9RyPD,rage rap,spotify,l2,2025
playboi carti & the weeknd,playboi carti & the weeknd,playboi carti,playboi carti,Playboi Carti,699OTQXzgjhIYAHMy9RyPD,rage rap,spotify,l2,2025
playboi carti & travis scott,playboi carti & travis scott,playboi carti,playboi carti,Playboi Carti,699OTQXzgjhIYAHMy9RyPD,rage rap,spotify,l2,2025
playboi carti featuring kanye west,playboi carti,playboi carti,playboi carti,Playboi Carti,699OTQXzgjhIYAHMy9RyPD,rage rap,spotify,l1,2021
playboi carti featuring kendrick lamar & jhene aiko,playboi carti,playboi carti,playboi carti,Playboi Carti,699OTQXzgjhIYAHMy9RyPD,rage rap,spotify,l1,2025
playboi carti featuring kid cudi,playboi carti,playboi carti,playboi carti,Playboi Carti,699OTQXzgjhIYAHMy9RyPD,rage rap,spotify,l1,2021
playboi carti featuring lil uzi vert,playboi carti,playboi carti,playboi carti,Playboi Carti,699OTQXzgjhIYAHMy9RyPD,rage rap,spotify,l1,2018
"playboi carti, future & travis scott","playboi carti, future & travis scott",playboi carti,playboi carti,Playboi Carti,699OTQXzgjhIYAHMy9RyPD,rage rap,spotify,l2,2025
"playboi carti, young thug & ty dolla $ign","playboi carti, young thug & ty dolla $ign",playboi carti,playboi carti,Playboi Carti,699OTQXzgjhIYAHMy9RyPD,rage rap,spotify,l2,2025
player,player,player,player,Player,0fgtHVpOPfXb07S8Jx443z,yacht rock,spotify,artist,1982
pleasure,pleasure,pleasure,pleasure,Pleasure,4XeVhjTp485r7duDSL3PmU,go-go;jazz funk;post-disco;funk,spotify,artist,1980
pleasure p,pleasure p,pleasure p,pleasure p,Pleasure P,6dROiL44pIQZVNZ6Bc0OJO,,none,artist,2009
plies,plies,plies,plies,Plies,3jksrX4oBklxR78ft8gv3j,southern hip hop,spotify,artist,2018
plies featuring akon,plies,plies,plies,Plies,3jksrX4oBklxR78ft8gv3j,southern hip hop,spotify,l1,2008
plies featuring ashanti,plies,plies,plies,Plies,3jksrX4oBklxR78ft8gv3j,southern hip hop,spotify,l1,2009
plies featuring chris j,plies,plies,plies,Plies,3jksrX4oBklxR78ft8gv3j,southern hip hop,spotify,l1,2009
plies featuring jamie foxx & the-dream,plies,plies,plies,Plies,3jksrX4oBklxR78ft8gv3j,southern hip hop,spotify,l1,2008
plies featuring kodak black,plies,plies,plies,Plies,3jksrX4oBklxR78ft8gv3j,southern hip hop,spotify,l1,2017
plies featuring ne-yo,plies,plies,plies,Plies,3jksrX4oBklxR78ft8gv3j,southern hip hop,spotify,l1,2008
plies featuring t-pain,plies,plies,plies,Plies,3jksrX4oBklxR78ft8gv3j,southern hip hop,spotify,l1,2007
pnb rock,pnb rock,pnb rock,pnb rock,PnB Rock,21WS9wngs9AqFckK7yYJPM,melodic rap,spotify,artist,2017
pnb rock & xxxtentacion,pnb rock & xxxtentacion,pnb rock,pnb rock,PnB Rock,21WS9wngs9AqFckK7yYJPM,melodic rap,spotify,l2,2019
pockets,pockets,pockets,pockets,Pockets ,6o0XPdBAnqVIPR8BNY7bRy,,none,artist,1978
poco,poco,poco,poco,Poco,0fyqyjD7pbaVzbu94ylWQR,country rock;yacht rock;soft rock;southern rock,spotify,artist,1990
point blank,point blank,point blank,point blank,Point Blank,5Nz0G9zAjZVmIgqtGfHham,southern hip hop;horrorcore,spotify,artist,1981
poison,poison,poison,poison,Poison,1fBCIkoPOPCDLUxGuWNvyo,glam metal;glam rock,spotify,artist,1993
polly bergen,polly bergen,polly bergen,polly bergen,Polly Bergen,0HI9yKqs1Wfi6cqN2kI5m7,vocal jazz,spotify,artist,1959
polly brown,polly brown,polly brown,polly brown,Polly Brown,55AtMEBbG49K31i2XkvJ4q,,none,artist,1975
polo g,polo g,polo g,polo g,POLO G,5hBnRzBaL5vVHYgsViFaRu,,none,artist,2023
polo g & future,polo g & future,polo g,polo g,POLO G,5hBnRzBaL5vVHYgsViFaRu,,none,l2,2023
polo g & lil wayne,polo g & lil wayne,polo g,polo g,POLO G,5hBnRzBaL5vVHYgsViFaRu,,none,l2,2021
polo g featuring dababy,polo g,polo g,polo g,POLO G,5hBnRzBaL5vVHYgsViFaRu,,none,l1,2021
polo g featuring g herbo,polo g,polo g,polo g,POLO G,5hBnRzBaL5vVHYgsViFaRu,,none,l1,2021
polo g featuring juice wrld,polo g,polo g,polo g,POLO G,5hBnRzBaL5vVHYgsViFaRu,,none,l1,2020
polo g featuring lil baby,polo g,polo g,polo g,POLO G,5hBnRzBaL5vVHYgsViFaRu,,none,l1,2021
polo g featuring lil tjay,polo g,polo g,polo g,POLO G,5hBnRzBaL5vVHYgsViFaRu,,none,l1,2019
polo g featuring moneybagg yo,polo g,polo g,polo g,POLO G,5hBnRzBaL5vVHYgsViFaRu,,none,l1,2021
polo g featuring nle choppa & stunna 4 vegas,polo g,polo g,polo g,POLO G,5hBnRzBaL5vVHYgsViFaRu,,none,l1,2020
polo g featuring pop smoke & fivio foreign,polo g,polo g,polo g,POLO G,5hBnRzBaL5vVHYgsViFaRu,,none,l1,2021
polo g featuring rod wave,polo g,polo g,polo g,POLO G,5hBnRzBaL5vVHYgsViFaRu,,none,l1,2021
polo g featuring the kid laroi & lil durk,polo g,polo g,polo g,POLO G,5hBnRzBaL5vVHYgsViFaRu,,none,l1,2021
ponderosa twins + one,ponderosa twins + one,ponderosa twins,ponderosa twins,,,,none,,1971
poni-tails,poni-tails,poni-tails,ponitails,,,,none,,1959
pooh shiesty featuring 21 savage,pooh shiesty,pooh shiesty,pooh shiesty,Pooh Shiesty,5F1aAS1duwlzExnPs3l2Xe,,none,l1,2021
pooh shiesty featuring big30,pooh shiesty,pooh shiesty,pooh shiesty,Pooh Shiesty,5F1aAS1duwlzExnPs3l2Xe,,none,l1,2021
pooh shiesty featuring lil durk,pooh shiesty,pooh shiesty,pooh shiesty,Pooh Shiesty,5F1aAS1duwlzExnPs3l2Xe,,none,l1,2021
pop smoke,pop smoke,pop smoke,pop smoke,Pop Smoke,0eDvMgVFoNV3TpwtrVCoTj,brooklyn drill;new york drill;drill,spotify,artist,2021
pop smoke featuring 21 savage & 42 dugg,pop smoke,pop smoke,pop smoke,Pop Smoke,0eDvMgVFoNV3TpwtrVCoTj,brooklyn drill;new york drill;drill,spotify,l1,2021
pop smoke featuring 50 cent & roddy ricch,pop smoke,pop smoke,pop smoke,Pop Smoke,0eDvMgVFoNV3TpwtrVCoTj,brooklyn drill;new york drill;drill,spotify,l1,2020
pop smoke featuring a boogie wit da hoodie,pop smoke,pop smoke,pop smoke,Pop Smoke,0eDvMgVFoNV3TpwtrVCoTj,brooklyn drill;new york drill;drill,spotify,l1,2021
pop smoke featuring bizzy banks,pop smoke,pop smoke,pop smoke,Pop Smoke,0eDvMgVFoNV3TpwtrVCoTj,brooklyn drill;new york drill;drill,spotify,l1,2021
pop smoke featuring chris brown,pop smoke,pop smoke,pop smoke,Pop Smoke,0eDvMgVFoNV3TpwtrVCoTj,brooklyn drill;new york drill;drill,spotify,l1,2021
pop smoke featuring dua lipa,pop smoke,pop smoke,pop smoke,Pop Smoke,0eDvMgVFoNV3TpwtrVCoTj,brooklyn drill;new york drill;drill,spotify,l1,2021
pop smoke featuring future,pop smoke,pop smoke,pop smoke,Pop Smoke,0eDvMgVFoNV3TpwtrVCoTj,brooklyn drill;new york drill;drill,spotify,l1,2021
pop smoke featuring kanye west & pusha t,pop smoke,pop smoke,pop smoke,Pop Smoke,0eDvMgVFoNV3TpwtrVCoTj,brooklyn drill;new york drill;drill,spotify,l1,2021
pop smoke featuring karol g,pop smoke,pop smoke,pop smoke,Pop Smoke,0eDvMgVFoNV3TpwtrVCoTj,brooklyn drill;new york drill;drill,spotify,l1,2020
pop smoke featuring king combs,pop smoke,pop smoke,pop smoke,Pop Smoke,0eDvMgVFoNV3TpwtrVCoTj,brooklyn drill;new york drill;drill,spotify,l1,2020
pop smoke featuring lil baby & dababy,pop smoke,pop smoke,pop smoke,Pop Smoke,0eDvMgVFoNV3TpwtrVCoTj,brooklyn drill;new york drill;drill,spotify,l1,2021
pop smoke featuring lil tjay,pop smoke,pop smoke,pop smoke,Pop Smoke,0eDvMgVFoNV3TpwtrVCoTj,brooklyn drill;new york drill;drill,spotify,l1,2020
pop smoke featuring quavo,pop smoke,pop smoke,pop smoke,Pop Smoke,0eDvMgVFoNV3TpwtrVCoTj,brooklyn drill;new york drill;drill,spotify,l1,2020
pop smoke featuring quavo & future,pop smoke,pop smoke,pop smoke,Pop Smoke,0eDvMgVFoNV3TpwtrVCoTj,brooklyn drill;new york drill;drill,spotify,l1,2020
pop smoke featuring rick ross & the-dream,pop smoke,pop smoke,pop smoke,Pop Smoke,0eDvMgVFoNV3TpwtrVCoTj,brooklyn drill;new york drill;drill,spotify,l1,2021
pop smoke featuring rowdy rebel,pop smoke,pop smoke,pop smoke,Pop Smoke,0eDvMgVFoNV3TpwtrVCoTj,brooklyn drill;new york drill;drill,spotify,l1,2020
pop smoke featuring swae lee,pop smoke,pop smoke,pop smoke,Pop Smoke,0eDvMgVFoNV3TpwtrVCoTj,brooklyn drill;new york drill;drill,spotify,l1,2020
pop smoke featuring tyga & quavo,pop smoke,pop smoke,pop smoke,Pop Smoke,0eDvMgVFoNV3TpwtrVCoTj,brooklyn drill;new york drill;drill,spotify,l1,2020
pop-tops,pop-tops,pop-tops,poptops,,,,none,,1971
popp hunna,popp hunna,popp hunna,popp hunna,Popp Hunna,3fyhhXHbGVLuSHFk2SYx4I,,none,artist,2021
porno for pyros,porno for pyros,porno for pyros,porno for pyros,Porno for Pyros,58etTNn7xmsQZhjnfjpAXL,funk rock;grunge,spotify,artist,1993
porter wagoner,porter wagoner,porter wagoner,porter wagoner,Porter Wagoner,4PcLkq6IefIYiRWLXOfwKA,classic country;christian country;traditional country;honky tonk,spotify,artist,1969
portishead,portishead,portishead,portishead,Portishead,6liAMWkVf5LH7YR9yfFy1Y,trip hop;downtempo,spotify,artist,1995
portrait,portrait,portrait,portrait,Portrait,0Ysz1bW2Sd03g2f071oXHb,,none,artist,1995
portugal. the man,portugal. the man,portugal. the man,portugal the man,Portugal. The Man,4kI8Ie27vjvonwaB2ePh8T,,none,artist,2018
positive k,positive k,positive k,positive k,Positive K,5NtJpNZgRqBvRCq6OE08ZU,new jack swing;east coast hip hop;old school hip hop,spotify,artist,1993
post malone,post malone,post malone,post malone,Post Malone,246dkjvS1zLTtiykXe5h60,,none,artist,2024
post malone & swae lee,post malone & swae lee,post malone,post malone,Post Malone,246dkjvS1zLTtiykXe5h60,,none,l2,2019
post malone & the weeknd,post malone & the weeknd,post malone,post malone,Post Malone,246dkjvS1zLTtiykXe5h60,,none,l2,2022
post malone featuring 21 savage,post malone,post malone,post malone,Post Malone,246dkjvS1zLTtiykXe5h60,,none,l1,2018
post malone featuring billy strings,post malone,post malone,post malone,Post Malone,246dkjvS1zLTtiykXe5h60,,none,l1,2024
post malone featuring blake shelton,post malone,post malone,post malone,Post Malone,246dkjvS1zLTtiykXe5h60,,none,l1,2024
post malone featuring brad paisley,post malone,post malone,post malone,Post Malone,246dkjvS1zLTtiykXe5h60,,none,l1,2024
post malone featuring chris stapleton,post malone,post malone,post malone,Post Malone,246dkjvS1zLTtiykXe5h60,,none,l1,2024
post malone featuring dababy,post malone,post malone,post malone,Post Malone,246dkjvS1zLTtiykXe5h60,,none,l1,2020
post malone featuring doja cat,post malone,post malone,post malone,Post Malone,246dkjvS1zLTtiykXe5h60,,none,l1,2023
post malone featuring dolly parton,post malone,post malone,post malone,Post Malone,246dkjvS1zLTtiykXe5h60,,none,l1,2024
post malone featuring ernest,post malone,post malone,post malone,Post Malone,246dkjvS1zLTtiykXe5h60,,none,l1,2024
post malone featuring fleet foxes,post malone,post malone,post malone,Post Malone,246dkjvS1zLTtiykXe5h60,,none,l1,2022
post malone featuring future & halsey,post malone,post malone,post malone,Post Malone,246dkjvS1zLTtiykXe5h60,,none,l1,2019
post malone featuring g-eazy & yg,post malone,post malone,post malone,Post Malone,246dkjvS1zLTtiykXe5h60,,none,l1,2018
post malone featuring gunna,post malone,post malone,post malone,Post Malone,246dkjvS1zLTtiykXe5h60,,none,l1,2022
post malone featuring hardy,post malone,post malone,post malone,Post Malone,246dkjvS1zLTtiykXe5h60,,none,l1,2024
post malone featuring hank williams jr.,post malone,post malone,post malone,Post Malone,246dkjvS1zLTtiykXe5h60,,none,l1,2024
post malone featuring jelly roll,post malone,post malone,post malone,Post Malone,246dkjvS1zLTtiykXe5h60,,none,l1,2024
post malone featuring justin bieber,post malone,post malone,post malone,Post Malone,246dkjvS1zLTtiykXe5h60,,none,l1,2016
post malone featuring lainey wilson,post malone,post malone,post malone,Post Malone,246dkjvS1zLTtiykXe5h60,,none,l1,2024
post malone featuring luke combs,post malone,post malone,post malone,Post Malone,246dkjvS1zLTtiykXe5h60,,none,l1,2025
post malone featuring meek mill & lil baby,post malone,post malone,post malone,Post Malone,246dkjvS1zLTtiykXe5h60,,none,l1,2019
post malone featuring morgan wallen,post malone,post malone,post malone,Post Malone,246dkjvS1zLTtiykXe5h60,,none,l1,2025
post malone featuring nicki minaj,post malone,post malone,post malone,Post Malone,246dkjvS1zLTtiykXe5h60,,none,l1,2018
post malone featuring ozzy osbourne & travis scott,post malone,post malone,post malone,Post Malone,246dkjvS1zLTtiykXe5h60,,none,l1,2020
post malone featuring quavo,post malone,post malone,post malone,Post Malone,246dkjvS1zLTtiykXe5h60,,none,l1,2017
post malone featuring roddy ricch,post malone,post malone,post malone,Post Malone,246dkjvS1zLTtiykXe5h60,,none,l1,2022
post malone featuring sza,post malone,post malone,post malone,Post Malone,246dkjvS1zLTtiykXe5h60,,none,l1,2019
post malone featuring sierra ferrell,post malone,post malone,post malone,Post Malone,246dkjvS1zLTtiykXe5h60,,none,l1,2024
post malone featuring swae lee,post malone,post malone,post malone,Post Malone,246dkjvS1zLTtiykXe5h60,,none,l1,2018
post malone featuring the kid laroi,post malone,post malone,post malone,Post Malone,246dkjvS1zLTtiykXe5h60,,none,l1,2022
post malone featuring tim mcgraw,post malone,post malone,post malone,Post Malone,246dkjvS1zLTtiykXe5h60,,none,l1,2024
post malone featuring ty dolla $ign,post malone,post malone,post malone,Post Malone,246dkjvS1zLTtiykXe5h60,,none,l1,2018
post malone featuring young thug,post malone,post malone,post malone,Post Malone,246dkjvS1zLTtiykXe5h60,,none,l1,2019
potliquor,potliquor,potliquor,potliquor,Potliquor,5VpM6fFIm0z7rA4Zb8t0CI,,none,artist,1972
pousette-dart band,pousette-dart band,pousette-dart band,pousettedart band,Pousette-Dart Band,2TgCuySivyw4HqOmYTGP8Q,,none,artist,1979
powersource (solo...sharon),powersource,powersource,powersource,PowerSource,3AL1t4TmujX9oxpvcyCr1m,,none,l1,1988
powfu featuring beabadoobee,powfu,powfu,powfu,Powfu,6bmlMHgSheBauioMgKv2tn,,none,l1,2020
pozo seco singers,pozo seco singers,pozo seco singers,pozo seco singers,Pozo Seco Singers,25FIeQrCQgGCv2JzuzwzNx,,none,artist,1967
pras michel feat. ol' dirty bastard & introducing mya,pras michel,pras michel,pras michel,Pras Michel,3EiPgpJshyfFf6EaUP2b4W,bhangra,spotify,l1,1998
pratt & mcclain,pratt & mcclain,pratt,pratt,Pratt & McClain,3vNHR4OsgOsktxndG612B7,,none,artist,1976
pratt & mcclain with brother love,pratt & mcclain with brother love,pratt,pratt,,,,none,,1976
prelude,prelude,prelude,prelude,Prelude,7K3BvVOH1cHvjs5YF8sTuF,,none,artist,1976
pressha,pressha,pressha,pressha,pressha,3hk4uWly1l8ZrULv4p29a2,,none,artist,1998
preston epps,preston epps,preston epps,preston epps,Preston Epps,635NhD8wQskmUJhO2Lidhb,exotica;surf rock;rockabilly,spotify,artist,1960
pretenders,pretenders,pretenders,pretenders,Pretenders,0GByy3DcfbQwDvXGCWmzv9,,none,artist,1995
pretty in pink,pretty in pink,pretty in pink,pretty in pink,Pretty In Pink,4vS1f2H9jje8GYjVyYvWSm,,none,artist,1991
pretty poison,pretty poison,pretty poison,pretty poison,Pretty Poison,4Xe7UmOgczT2GMm5uK8Axu,freestyle,spotify,artist,1988
pretty purdie,pretty purdie,pretty purdie,pretty purdie,,,,none,,1967
pretty ricky,pretty ricky,pretty ricky,pretty ricky,Pretty Ricky,6XwcepfAsPhrvwziGxhwju,r&b,spotify,artist,2007
prince,prince,prince,prince,Prince,5a2EaR3hamoenG9rDuVn8j,funk;funk rock,spotify,artist,2016
prince and the n.p.g.,prince and the n.p.g.,prince,prince,Prince,5a2EaR3hamoenG9rDuVn8j,funk;funk rock,spotify,l2,1992
prince and the new power generation,prince and the new power generation,prince,prince,Prince,5a2EaR3hamoenG9rDuVn8j,funk;funk rock,spotify,l2,1993
prince and the revolution,prince and the revolution,prince,prince,Prince,5a2EaR3hamoenG9rDuVn8j,funk;funk rock,spotify,l2,2016
prince and the revolution duet with apollonia,prince and the revolution duet with apollonia,prince,prince,Prince,5a2EaR3hamoenG9rDuVn8j,funk;funk rock,spotify,l2,1985
prince buster,prince buster,prince buster,prince buster,Prince Buster,75S63f1AmZUa9gpQvlt5NB,rocksteady;ska;reggae;dub;roots reggae,spotify,artist,1967
prince markie dee and the soul convention,prince markie dee and the soul convention,prince markie dee,prince markie dee,Prince Markie Dee And The Soul Convention,5fLajPHf2y3mHfUVJqcGWv,new jack swing,spotify,artist,1993
prince royce,prince royce,prince royce,prince royce,Prince Royce,3MHaV05u0io8fQbZ2XPtlC,bachata;latin,spotify,artist,2013
prince royce featuring jennifer lopez & pitbull,prince royce,prince royce,prince royce,Prince Royce,3MHaV05u0io8fQbZ2XPtlC,bachata;latin,spotify,l1,2015
prince royce featuring snoop dogg,prince royce,prince royce,prince royce,Prince Royce,3MHaV05u0io8fQbZ2XPtlC,bachata;latin,spotify,l1,2015
prince with sheena easton,prince with sheena easton,prince,prince,Prince,5a2EaR3hamoenG9rDuVn8j,funk;funk rock,spotify,l2,1990
priscilla block,priscilla block,priscilla block,priscilla block,Priscilla Block,6BpvASijzSWj7gnZD4Dvf1,country,spotify,artist,2022
prism,prism,prism,prism,Prism,5LRNWnDWFkMtRmlxtYdW3I,aor;arena rock;classic rock,spotify,artist,1982
procol harum,procol harum,procol harum,procol harum,Procol Harum,0GbqW5TJr7n4is453VOY4C,progressive rock;baroque pop,spotify,artist,1972
professor morrison's lollipop,professor morrison's lollipop,professor morrison's lollipop,professor morrisons lollipop,,,,none,,1968
profyle,profyle,profyle,profyle,Profyle,4dxHCvn1KCpnHLsezzptVm,,none,artist,2001
project pat,project pat,project pat,project pat,Project pat,7xyBszoueLfhhYXYe5MPXP,,none,artist,2001
pseudo echo,pseudo echo,pseudo echo,pseudo echo,Pseudo Echo,0FDW3axHactZo8HU0OnNVy,synthpop,spotify,artist,1987
psychedelic furs,psychedelic furs,psychedelic furs,psychedelic furs,,,,none,,1987
public announcement,public announcement,public announcement,public announcement,Public Announcement,02JTFUpX3CgLWXNKEXIvcb,new jack swing;quiet storm,spotify,artist,2001
public announcement featuring lele,public announcement,public announcement,public announcement,Public Announcement,02JTFUpX3CgLWXNKEXIvcb,new jack swing;quiet storm,spotify,l1,2001
public enemy,public enemy,public enemy,public enemy,Public Enemy,6Mo9PoU6svvhgEum7wh2Nd,old school hip hop;east coast hip hop;hip hop;hardcore hip hop,spotify,artist,1994
puddle of mudd,puddle of mudd,puddle of mudd,puddle of mudd,Puddle Of Mudd,3dXaa6jwM7B52GZpaJEIr5,post-grunge,spotify,artist,2008
puff daddy & faith evans featuring 112,puff daddy & faith evans,puff daddy,puff daddy,Puff Daddy,18WzSVxhKR3EcfIAB3Vp7c,,none,l2,1998
puff daddy & the family (feat. the notorious b.i.g. & mase),puff daddy & the family,puff daddy,puff daddy,Puff Daddy,18WzSVxhKR3EcfIAB3Vp7c,,none,l2,1998
puff daddy & the family featuring the notorious b.i.g. & busta rh,puff daddy & the family,puff daddy,puff daddy,Puff Daddy,18WzSVxhKR3EcfIAB3Vp7c,,none,l2,1998
puff daddy (featuring mase),puff daddy,puff daddy,puff daddy,Puff Daddy,18WzSVxhKR3EcfIAB3Vp7c,,none,l1,1997
puff daddy featuring jimmy page,puff daddy,puff daddy,puff daddy,Puff Daddy,18WzSVxhKR3EcfIAB3Vp7c,,none,l1,1998
puff daddy featuring mario winans & hezekiah walker & the love fe,puff daddy,puff daddy,puff daddy,Puff Daddy,18WzSVxhKR3EcfIAB3Vp7c,,none,l1,2000
puff daddy featuring r. kelly,puff daddy,puff daddy,puff daddy,Puff Daddy,18WzSVxhKR3EcfIAB3Vp7c,,none,l1,2000
puff johnson,puff johnson,puff johnson,puff johnson,Puff Johnson,4tZuiycQazMlEVhiPXuKLk,soul,spotify,artist,1996
pure prairie league,pure prairie league,pure prairie league,pure prairie league,Pure Prairie League,1MXwwmS2JpmsHZhdMeOL2s,southern rock;country rock;yacht rock;soft rock,spotify,artist,1981
pure soul,pure soul,pure soul,pure soul,Pure Soul,2lEOOTSlqVgalboIc3IXb6,,none,artist,1996
pure sugar,pure sugar,pure sugar,pure sugar,Pure Sugar,2P7bu5DbhTuppbjrRC77Pt,,none,artist,1998
purple reign,purple reign,purple reign,purple reign,Purple Reign,0TRSxJtLAxr3Q7y21hoT2l,philly soul,spotify,artist,1976
purple ribbon all-stars,purple ribbon all-stars,purple ribbon all-stars,purple ribbon allstars,,,,none,,2006
pusha t,pusha t,pusha t,pusha t,Pusha T,0ONHkAv9pCAFxb0zJwDNTy,,none,artist,2022
pusha t featuring jay-z & pharrell williams,pusha t,pusha t,pusha t,Pusha T,0ONHkAv9pCAFxb0zJwDNTy,,none,l1,2022
pusha t featuring kanye west,pusha t,pusha t,pusha t,Pusha T,0ONHkAv9pCAFxb0zJwDNTy,,none,l1,2022
pusha t featuring kanye west & kid cudi,pusha t,pusha t,pusha t,Pusha T,0ONHkAv9pCAFxb0zJwDNTy,,none,l1,2022
pusha t featuring lil uzi vert & don toliver,pusha t,pusha t,pusha t,Pusha T,0ONHkAv9pCAFxb0zJwDNTy,,none,l1,2022
pusha t kanye west,pusha t kanye west,pusha t kanye west,pusha t kanye west,,,,none,,2012
python lee jackson,python lee jackson,python lee jackson,python lee jackson,Python Lee Jackson,7lWPkt4uoVwqSO7QpuYmdN,,none,artist,1972
q,q,q,q,,,,none,,1977
q-tip,q-tip,q-tip,qtip,Q-Tip,3ZotbHeyVQKxQCPDJuQ4SU,east coast hip hop,spotify,artist,2000
q-feel,q-feel,q-feel,qfeel,Q-Feel,2XTBNxQq62Jbego4YsbnyF,hi-nrg,spotify,artist,1989
qb finest featuring nas & bravehearts,qb finest,qb finest,qb finest,QB Finest,06X9ub06B2zsqDpmHUqh3K,,none,l1,2001
qt,qt,qt,qt,,,,none,,1997
qkumba zoo,qkumba zoo,qkumba zoo,qkumba zoo,Qkumba Zoo,6XzQc5fLTjuCchmMFFh16u,,none,artist,1996
quad city dj's,quad city dj's,quad city dj's,quad city djs,,,,none,,1997
quaker city boys,quaker city boys,quaker city boys,quaker city boys,,,,none,,1959
quarterflash,quarterflash,quarterflash,quarterflash,Quarterflash,3VJakY5Yw5phAOF4Bada5v,,none,artist,1985
quavo,quavo,quavo,quavo,Quavo,0VRj0yCOv2FXJNP47XQnx5,,none,artist,2018
quavo & future,quavo & future,quavo,quavo,Quavo,0VRj0yCOv2FXJNP47XQnx5,,none,l2,2023
quavo & lana del rey,quavo & lana del rey,quavo,quavo,Quavo,0VRj0yCOv2FXJNP47XQnx5,,none,l2,2024
quavo & lil yachty,quavo & lil yachty,quavo,quavo,Quavo,0VRj0yCOv2FXJNP47XQnx5,,none,l2,2018
quavo & takeoff,quavo & takeoff,quavo,quavo,Quavo,0VRj0yCOv2FXJNP47XQnx5,,none,l2,2023
quavo featuring 21 savage,quavo,quavo,quavo,Quavo,0VRj0yCOv2FXJNP47XQnx5,,none,l1,2018
quavo featuring drake,quavo,quavo,quavo,Quavo,0VRj0yCOv2FXJNP47XQnx5,,none,l1,2018
quavo featuring lil baby,quavo,quavo,quavo,Quavo,0VRj0yCOv2FXJNP47XQnx5,,none,l1,2018
quavo featuring travis scott,quavo,quavo,quavo,Quavo,0VRj0yCOv2FXJNP47XQnx5,,none,l1,2018
"quavo, takeoff & youngboy never broke again","quavo, takeoff & youngboy never broke again",quavo,quavo,Quavo,0VRj0yCOv2FXJNP47XQnx5,,none,l2,2022
"quavo, takeoff & offset","quavo, takeoff & offset",quavo,quavo,Quavo,0VRj0yCOv2FXJNP47XQnx5,,none,l2,2017
queen,queen,queen,queen,Queen,1dfeR4HaWDbWqFHLkxsg1d,classic rock;rock;glam rock,spotify,artist,2018
queen & david bowie,queen & david bowie,queen,queen,Queen,1dfeR4HaWDbWqFHLkxsg1d,classic rock;rock;glam rock,spotify,l2,2016
queen latifah,queen latifah,queen latifah,queen latifah,Queen Latifah,5m7wCUhYhBh7A3A3YMxrbt,musicals;east coast hip hop,spotify,artist,1997
queen latifah featuring apache,queen latifah,queen latifah,queen latifah,Queen Latifah,5m7wCUhYhBh7A3A3YMxrbt,musicals;east coast hip hop,spotify,l1,1998
queen naija,queen naija,queen naija,queen naija,Queen Naija,3nViOFa3kZW8OMSNOzwr98,,none,artist,2018
queen naija & big sean,queen naija & big sean,queen naija,queen naija,Queen Naija,3nViOFa3kZW8OMSNOzwr98,,none,l2,2022
queen pen featuring eric williams,queen pen,queen pen,queen pen,Queen Pen,0VbIlorLz3I5SEtIsc5vAr,new jack swing,spotify,l1,1998
queen pen featuring teddy riley,queen pen,queen pen,queen pen,Queen Pen,0VbIlorLz3I5SEtIsc5vAr,new jack swing,spotify,l1,1998
"queen pen featuring teddy riley, nutta butta, markell & jesse wes",queen pen,queen pen,queen pen,Queen Pen,0VbIlorLz3I5SEtIsc5vAr,new jack swing,spotify,l1,1998
queens of the stone age,queens of the stone age,queens of the stone age,queens of the stone age,Queens of the Stone Age,4pejUc4iciQfgdX6OKulQn,stoner rock;alternative rock,spotify,artist,2005
queensryche,queensryche,queensryche,queensryche,,,,none,,1991
quicksilver messenger service,quicksilver messenger service,quicksilver messenger service,quicksilver messenger service,Quicksilver Messenger Service,7DCnwoFMqGN6eZULdcLZeL,acid rock;psychedelic rock,spotify,artist,1971
quiet riot,quiet riot,quiet riot,quiet riot,Quiet Riot,1dLWg6m8RRhizsdqJbhyj3,glam metal;hard rock;glam rock,spotify,artist,1984
quincy jones,quincy jones,quincy jones,quincy jones,Quincy Jones,3rxIQc9kWT6Ueg4BhnOwRK,soul jazz;big band;quiet storm,spotify,artist,1990
quincy jones (feat. the brothers johnson),quincy jones,quincy jones,quincy jones,Quincy Jones,3rxIQc9kWT6Ueg4BhnOwRK,soul jazz;big band;quiet storm,spotify,l1,1975
quincy jones featuring babyface & tamia with portrai,quincy jones,quincy jones,quincy jones,Quincy Jones,3rxIQc9kWT6Ueg4BhnOwRK,soul jazz;big band;quiet storm,spotify,l1,1996
quincy jones featuring james ingram,quincy jones,quincy jones,quincy jones,Quincy Jones,3rxIQc9kWT6Ueg4BhnOwRK,soul jazz;big band;quiet storm,spotify,l1,1982
quincy jones featuring ray charles & chaka khan,quincy jones,quincy jones,quincy jones,Quincy Jones,3rxIQc9kWT6Ueg4BhnOwRK,soul jazz;big band;quiet storm,spotify,l1,1990
quincy jones introducing tamia,quincy jones introducing tamia,quincy jones introducing tamia,quincy jones introducing tamia,,,,none,,1996
quincy jones with tevin campbell,quincy jones with tevin campbell,quincy jones,quincy jones,Quincy Jones,3rxIQc9kWT6Ueg4BhnOwRK,soul jazz;big band;quiet storm,spotify,l2,1990
r. city featuring adam levine,r. city,r. city,r city,R. City,4TH4BHy0LdBi3dpBW4P2UX,,none,l1,2016
r. dean taylor,r. dean taylor,r. dean taylor,r dean taylor,R. Dean Taylor,4Yg38CnYMoN09sMLf6KDdW,northern soul;motown,spotify,artist,1972
r. kelly,r. kelly,r. kelly,r kelly,R. Kelly,2mxe0TnaNL039ysAj51xPQ,r&b,spotify,artist,2011
r. kelly & celine dion,r. kelly & celine dion,r. kelly,r kelly,R. Kelly,2mxe0TnaNL039ysAj51xPQ,r&b,spotify,l2,1999
r. kelly & jay-z,r. kelly & jay-z,r. kelly,r kelly,R. Kelly,2mxe0TnaNL039ysAj51xPQ,r&b,spotify,l2,2004
r. kelly & public announcement,r. kelly & public announcement,r. kelly,r kelly,R. Kelly,2mxe0TnaNL039ysAj51xPQ,r&b,spotify,l2,1993
r. kelly duet with usher,r. kelly duet with usher,r. kelly,r kelly,R. Kelly,2mxe0TnaNL039ysAj51xPQ,r&b,spotify,l2,2007
r. kelly featuring 2 chainz,r. kelly,r. kelly,r kelly,R. Kelly,2mxe0TnaNL039ysAj51xPQ,r&b,spotify,l1,2013
r. kelly featuring big tigger,r. kelly,r. kelly,r kelly,R. Kelly,2mxe0TnaNL039ysAj51xPQ,r&b,spotify,l1,2003
r. kelly featuring jay-z,r. kelly,r. kelly,r kelly,R. Kelly,2mxe0TnaNL039ysAj51xPQ,r&b,spotify,l1,2001
r. kelly featuring keith murray,r. kelly,r. kelly,r kelly,R. Kelly,2mxe0TnaNL039ysAj51xPQ,r&b,spotify,l1,1999
r. kelly featuring keri hilson,r. kelly,r. kelly,r kelly,R. Kelly,2mxe0TnaNL039ysAj51xPQ,r&b,spotify,l1,2009
r. kelly featuring ronald isley,r. kelly,r. kelly,r kelly,R. Kelly,2mxe0TnaNL039ysAj51xPQ,r&b,spotify,l1,1996
r. kelly featuring the game,r. kelly,r. kelly,r kelly,R. Kelly,2mxe0TnaNL039ysAj51xPQ,r&b,spotify,l1,2005
r. kelly or bow wow (featuring t.i. & t-pain),r. kelly or bow wow,r. kelly or bow wow,r kelly or bow wow,,,,none,,2007
r.b. greaves,r.b. greaves,r.b. greaves,rb greaves,R.B. Greaves,1BdNzKPyPDOhHdFhvwytQt,,none,artist,1970
r.e.m.,r.e.m.,r.e.m.,rem,R.E.M.,4KWTAlx2RvbpseOGMEmROg,jangle pop;alternative rock;rock,spotify,artist,2008
"r.l., snoop dogg & lil' kim","r.l., snoop dogg & lil' kim",r.l.,rl,rl,2lEalpmzOYUIL5eoGNASVw,dark r&b;hyperpop,spotify,l3,2002
raye,raye,raye,raye,RAYE,5KKpBU5eC2tJDzf0wmlRp2,,none,artist,2025
raye featuring 070 shake,raye,raye,raye,RAYE,5KKpBU5eC2tJDzf0wmlRp2,,none,l1,2023
raab,raab,raab,raab,Raab,47ixkrAGZ7XCBcgBlong46,new jack swing;quiet storm,spotify,artist,1993
rbd,rbd,rbd,rbd,RBD,7cjh6y0V9SsyCrWSXTzwOs,latin pop,spotify,artist,2007
rcr,rcr,rcr,rcr,RCR,4E8VIoUmu1My2RwEXhDqxt,hindi hip hop;desi hip hop,spotify,artist,1980
reo speedwagon,reo speedwagon,reo speedwagon,reo speedwagon,REO Speedwagon,55vs7NT1KxcFjbMC4y202E,soft rock;aor;classic rock,spotify,artist,1990
rkm & ken-y,rkm & ken-y,rkm,rkm,RKM,3qwEX97pCD0v8vvZpsP0ez,,none,l2,2006
rm with youjeen,rm with youjeen,rm,rm,RM,2auC28zjQyVTsiZKNgPRGs,k-pop;k-rap,spotify,l2,2022
rockmafia,rockmafia,rockmafia,rockmafia,,,,none,,2010
rose,rose,rose,rose,,,,none,,2024
rose & bruno mars,rose & bruno mars,rose,rose,,,,none,,2025
rtz,rtz,rtz,rtz,Rtz,4mghkDV9wSayZ9f1kf6qpj,aor;arena rock,spotify,artist,1992
rza feat. method man & cappadonna,rza,rza,rza,RZA,4iCwCMnqsNZ6atvRiADgtn,east coast hip hop,spotify,l1,1996
rachel platten,rachel platten,rachel platten,rachel platten,Rachel Platten,3QLIkT4rD2FMusaqmkepbq,,none,artist,2016
rachel sweet,rachel sweet,rachel sweet,rachel sweet,Rachel Sweet,3E8iIu6yKztcuEHrKFBNMS,,none,artist,1983
radiants,radiants,radiants,radiants,Radiants,4F0l801AsPAeAyWoA9w8ge,,none,artist,1968
radiohead,radiohead,radiohead,radiohead,Radiohead,4Z8W4fKeB5YxbusRsdQVPb,art rock;alternative rock,spotify,artist,2025
rae sremmurd,rae sremmurd,rae sremmurd,rae sremmurd,Rae Sremmurd,7iZtZyCzp3LItcw1wtPI3D,,none,artist,2017
rae sremmurd & juicy j,rae sremmurd & juicy j,rae sremmurd,rae sremmurd,Rae Sremmurd,7iZtZyCzp3LItcw1wtPI3D,,none,l2,2018
rae sremmurd & travis scott,rae sremmurd & travis scott,rae sremmurd,rae sremmurd,Rae Sremmurd,7iZtZyCzp3LItcw1wtPI3D,,none,l2,2018
rae sremmurd featuring gucci mane,rae sremmurd,rae sremmurd,rae sremmurd,Rae Sremmurd,7iZtZyCzp3LItcw1wtPI3D,,none,l1,2017
rae sremmurd featuring nicki minaj & young thug,rae sremmurd,rae sremmurd,rae sremmurd,Rae Sremmurd,7iZtZyCzp3LItcw1wtPI3D,,none,l1,2015
raelynn,raelynn,raelynn,raelynn,RaeLynn,5dMnvpYEfXvSexjwnSRH5n,country,spotify,artist,2015
raekwon,raekwon,raekwon,raekwon,Raekwon,2yQf6b8hxahZaT5dHlWaB1,east coast hip hop;hardcore hip hop;old school hip hop;hip hop,spotify,artist,1996
raeletts,raeletts,raeletts,raeletts,,,,none,,1970
rag'n'bone man,rag'n'bone man,rag'n'bone man,ragnbone man,,,,none,,2017
rage against the machine,rage against the machine,rage against the machine,rage against the machine,Rage Against The Machine,2d0hyoQ5ynDBnkvAbJKORj,rap metal;rap rock;alternative metal;nu metal,spotify,artist,2000
raheem devaughn,raheem devaughn,raheem devaughn,raheem devaughn,Raheem DeVaughn,59NO6KX7wQCG7jGdtH1NtL,neo soul;quiet storm,spotify,artist,2008
rainbow,rainbow,rainbow,rainbow,Rainbow,6SLAMfhOi7UJI0fMztaK0m,hard rock;aor;metal;heavy metal,spotify,artist,1984
ral donner,ral donner,ral donner,ral donner,Ral Donner,0j4ZVeMLH38uXEup39Hjvb,doo-wop;rockabilly,spotify,artist,1962
ralph carter,ralph carter,ralph carter,ralph carter,Ralph Carter,2OB8oXgxFsm5obmQE2R5N2,,none,artist,1975
ralph demarco,ralph demarco,ralph demarco,ralph demarco,,,,none,,1959
ralph macdonald with bill withers,ralph macdonald with bill withers,ralph macdonald,ralph macdonald,Ralph MacDonald,1RJ851hDpoU9UUIiC9duIU,,none,l2,1984
ralph tresvant,ralph tresvant,ralph tresvant,ralph tresvant,Ralph Tresvant,6MLDcHrNh4OqxDZAjMt5pt,new jack swing;quiet storm,spotify,artist,1992
ram jam,ram jam,ram jam,ram jam,Ram Jam,6FITmSxIMsk6TfulFiCIIz,southern rock,spotify,artist,1977
ramones,ramones,ramones,ramones,Ramones,1co4F2pPNH8JjTutZkmgSm,punk;proto-punk,spotify,artist,1978
rampage featuring billy lawrence,rampage,rampage,rampage,Rampage,6edzoyx2aOvZpdFeCCWU1t,east coast hip hop,spotify,l1,1997
ramrods,ramrods,ramrods,ramrods,Ramrods,3bQJk8MoaUGW0rrDlRRpVH,hardcore punk,spotify,artist,1961
ramsey lewis,ramsey lewis,ramsey lewis,ramsey lewis,Ramsey Lewis,7Kfrmups2Z3ncDQmNS5jRc,jazz funk;smooth jazz;soul jazz;northern soul;jazz,spotify,artist,1976
"ramsey lewis and earth, wind & fire","ramsey lewis and earth, wind & fire",ramsey lewis,ramsey lewis,Ramsey Lewis,7Kfrmups2Z3ncDQmNS5jRc,jazz funk;smooth jazz;soul jazz;northern soul;jazz,spotify,l2,1975
ramsey lewis trio,ramsey lewis trio,ramsey lewis trio,ramsey lewis trio,Ramsey Lewis Trio,4jZOiPysIzYxbDcDEOZmhu,soul jazz;jazz,spotify,artist,1966
randy & the rainbows,randy & the rainbows,randy,randy,Randy & The Rainbows,2V0ryJRGIdudWKl27c806m,doo-wop,spotify,artist,1963
randy bell,randy bell,randy bell,randy bell,Randy Bell,5yt63DPCn2dJvouyoIyp3W,,none,artist,1984
randy brown,randy brown,randy brown,randy brown,Randy Brown,5ZvCdT0yXfPC2r5uIQwpHm,texas country,spotify,artist,1979
randy edelman,randy edelman,randy edelman,randy edelman,Randy Edelman,3shMd6Vll0mOcviQ3hrk8m,,none,artist,1975
randy houser,randy houser,randy houser,randy houser,Randy Houser,56x8mYvS3cyDGAi8N2FxbB,country;acoustic country,spotify,artist,2016
randy meisner,randy meisner,randy meisner,randy meisner,Randy Meisner,00f43SIUld0KU349dnwsmC,country rock,spotify,artist,1982
randy newman,randy newman,randy newman,randy newman,Randy Newman,3HQyFCFFfJO3KKBlUfZsyW,,none,artist,1989
randy newman & paul simon,randy newman & paul simon,randy newman,randy newman,Randy Newman,3HQyFCFFfJO3KKBlUfZsyW,,none,l2,1983
randy travis,randy travis,randy travis,randy travis,Randy Travis,1pTuR132U5b4Rizal2Pr7m,christian country;classic country;country;traditional country,spotify,artist,2003
randy vanwarmer,randy vanwarmer,randy vanwarmer,randy vanwarmer,Randy VanWarmer,6IRQiyNmNGjGlrmEl0iArm,,none,artist,1981
raphael saadiq,raphael saadiq,raphael saadiq,raphael saadiq,Raphael Saadiq,6g0Wah2YFtb1rFgKhUktlo,neo soul;soul;retro soul,spotify,artist,1995
raphael saadiq & q-tip,raphael saadiq & q-tip,raphael saadiq,raphael saadiq,Raphael Saadiq,6g0Wah2YFtb1rFgKhUktlo,neo soul;soul;retro soul,spotify,l2,1999
raphael saadiq featuring d'angelo,raphael saadiq,raphael saadiq,raphael saadiq,Raphael Saadiq,6g0Wah2YFtb1rFgKhUktlo,neo soul;soul;retro soul,spotify,l1,2002
rapination & kym mazelle,rapination & kym mazelle,rapination,rapination,,,,none,,1993
rappin' 4-tay,rappin' 4-tay,rappin' 4-tay,rappin 4tay,Rappin' 4-Tay,4tzxCsdhR0IIUNyzwrag4C,g-funk;west coast hip hop;old school hip hop;hyphy,spotify,artist,1996
rappin' 4-tay featuring the spinners,rappin' 4-tay,rappin' 4-tay,rappin 4tay,Rappin' 4-Tay,4tzxCsdhR0IIUNyzwrag4C,g-funk;west coast hip hop;old school hip hop;hyphy,spotify,l1,1995
rare earth,rare earth,rare earth,rare earth,Rare Earth,6eEsIl4wosvhuWI0mfXxAF,motown;acid rock,spotify,artist,1978
rascal flatts,rascal flatts,rascal flatts,rascal flatts,Rascal Flatts,0a1gHP0HAqALbEyxaD5Ngn,country,spotify,artist,2021
rascal flatts featuring natasha bedingfield,rascal flatts,rascal flatts,rascal flatts,Rascal Flatts,0a1gHP0HAqALbEyxaD5Ngn,country,spotify,l1,2012
raspberries,raspberries,raspberries,raspberries,Raspberries,7Kkx4dACo6kFSeT9wjfVA5,power pop;jangle pop,spotify,artist,1974
ratt,ratt,ratt,ratt,Ratt,3tufWJzpCiAGleBt5TkmTn,glam metal;glam rock;hard rock,spotify,artist,1989
rauw alejandro,rauw alejandro,rauw alejandro,rauw alejandro,Rauw Alejandro,4nE8H1cOpxhOA7qsSF9htT,,none,artist,2024
rauw alejandro & bad bunny,rauw alejandro & bad bunny,rauw alejandro,rauw alejandro,Rauw Alejandro,4nE8H1cOpxhOA7qsSF9htT,,none,l2,2025
rauw alejandro & chencho corleone,rauw alejandro & chencho corleone,rauw alejandro,rauw alejandro,Rauw Alejandro,4nE8H1cOpxhOA7qsSF9htT,,none,l2,2022
rauw alejandro & feid,rauw alejandro & feid,rauw alejandro,rauw alejandro,Rauw Alejandro,4nE8H1cOpxhOA7qsSF9htT,,none,l2,2024
rauw alejandro & laura pausini,rauw alejandro & laura pausini,rauw alejandro,rauw alejandro,Rauw Alejandro,4nE8H1cOpxhOA7qsSF9htT,,none,l2,2024
rauw alejandro & romeo santos,rauw alejandro & romeo santos,rauw alejandro,rauw alejandro,Rauw Alejandro,4nE8H1cOpxhOA7qsSF9htT,,none,l2,2025
"rauw alejandro, lyanno & brray","rauw alejandro, lyanno & brray",rauw alejandro,rauw alejandro,Rauw Alejandro,4nE8H1cOpxhOA7qsSF9htT,,none,l2,2022
raven-symone,raven-symone,raven-symone,ravensymone,,,,none,,1993
ravyn lenae,ravyn lenae,ravyn lenae,ravyn lenae,Ravyn Lenae,5RTLRtXjbXI2lSXc6jxlAz,alternative r&b;indie soul,spotify,artist,2025
ray and bob,ray and bob,ray,ray,Ray And Bob,39JEDw71HZWBFu9Hfo61aF,rockabilly,spotify,artist,1962
ray anthony,ray anthony,ray anthony,ray anthony,Ray Anthony,428zeiMjfBhCMFHLF2UQxI,,none,artist,1963
ray anthony and his orchestra,ray anthony and his orchestra,ray anthony,ray anthony,Ray Anthony,428zeiMjfBhCMFHLF2UQxI,,none,l2,1959
ray barretto,ray barretto,ray barretto,ray barretto,Ray Barretto,2h4ndKS2vRWeFLpq8ARu0D,latin jazz;salsa;son cubano;cha cha cha;mambo,spotify,artist,1963
ray bryant,ray bryant,ray bryant,ray bryant,Ray Bryant,617L0tV5Y7lMvUHGHR43AR,jazz;vocal jazz,spotify,artist,1967
ray bryant combo,ray bryant combo,ray bryant combo,ray bryant combo,Ray Bryant Combo,4YRmlGRIdL7pS3Xqr69HcQ,,none,artist,1960
ray charles,ray charles,ray charles,ray charles,Ray Charles,1eYhYunlNJlDoQhtYBvPsi,jazz blues;soul;soul blues;blues;classic soul,spotify,artist,1975
ray charles & betty carter,ray charles & betty carter,ray charles,ray charles,Ray Charles,1eYhYunlNJlDoQhtYBvPsi,jazz blues;soul;soul blues;blues;classic soul,spotify,l2,1962
ray charles & jimmy lewis,ray charles & jimmy lewis,ray charles,ray charles,Ray Charles,1eYhYunlNJlDoQhtYBvPsi,jazz blues;soul;soul blues;blues;classic soul,spotify,l2,1969
ray charles & the raelets,ray charles & the raelets,ray charles,ray charles,Ray Charles,1eYhYunlNJlDoQhtYBvPsi,jazz blues;soul;soul blues;blues;classic soul,spotify,l2,1966
ray charles and his orchestra with the raelettes,ray charles and his orchestra with the raelettes,ray charles,ray charles,Ray Charles,1eYhYunlNJlDoQhtYBvPsi,jazz blues;soul;soul blues;blues;classic soul,spotify,l2,1961
ray charles and his orchestra,ray charles and his orchestra,ray charles,ray charles,Ray Charles,1eYhYunlNJlDoQhtYBvPsi,jazz blues;soul;soul blues;blues;classic soul,spotify,l2,1966
ray charles with the raylettes,ray charles with the raylettes,ray charles,ray charles,Ray Charles,1eYhYunlNJlDoQhtYBvPsi,jazz blues;soul;soul blues;blues;classic soul,spotify,l2,1959
ray conniff and the singers,ray conniff and the singers,ray conniff,ray conniff,Ray Conniff,7LfRnzGM0wRSyS5mmAwJbv,orchestral;easy listening;big band,spotify,l2,1966
ray conniff his orchestra and chorus,ray conniff his orchestra and chorus,ray conniff his orchestra,ray conniff his orchestra,,,,none,,1960
ray ellis,ray ellis,ray ellis,ray ellis,Ray Ellis,0Ad4kws7g5wmcp02xipx4S,,none,artist,1960
ray ellis and his orchestra,ray ellis and his orchestra,ray ellis,ray ellis,Ray Ellis,0Ad4kws7g5wmcp02xipx4S,,none,l2,1961
ray j,ray j,ray j,ray j,Ray J,6gbGGM0E8Q1hE511psqxL0,,none,artist,2006
ray j & yung berg,ray j & yung berg,ray j,ray j,Ray J,6gbGGM0E8Q1hE511psqxL0,,none,l2,2008
ray j featuring bobby brackins,ray j,ray j,ray j,Ray J,6gbGGM0E8Q1hE511psqxL0,,none,l1,2013
ray j featuring lil' kim,ray j,ray j,ray j,Ray J,6gbGGM0E8Q1hE511psqxL0,,none,l1,2001
ray kennedy,ray kennedy,ray kennedy,ray kennedy,Ray Kennedy,6CPNVbAOtmZGh4N2PHZRQe,aor;arena rock,spotify,artist,1980
ray lamontagne,ray lamontagne,ray lamontagne,ray lamontagne,Ray LaMontagne,6DoH7ywD5BcQvjloe9OcIj,,none,artist,2008
ray parker jr.,ray parker jr.,ray parker jr.,ray parker jr,Ray Parker Jr.,0NyzfcGDZZ6GM25EBG9BYK,,none,artist,2024
ray parker jr. & raydio,ray parker jr. & raydio,ray parker jr.,ray parker jr,Ray Parker Jr.,0NyzfcGDZZ6GM25EBG9BYK,,none,l2,1981
"ray parker,jr. & helen terry","ray parker,jr. & helen terry",ray parker,ray parker,Ray Parker,3ntALbApeCg3CHREEqMaeU,,none,l2,1986
ray peterson,ray peterson,ray peterson,ray peterson,Ray Peterson,7BDI9Iqt24gl4RGdS6hWs9,adult standards,spotify,artist,1964
ray price,ray price,ray price,ray price,Ray Price,5sAg1HZePcFfhrs0G8A8OP,classic country;honky tonk;traditional country,spotify,artist,1973
ray sawyer,ray sawyer,ray sawyer,ray sawyer,Ray Sawyer,4Qm80YHGbBBGXJyX4SGm7A,,none,artist,1976
ray sharpe,ray sharpe,ray sharpe,ray sharpe,Ray Sharpe,4Tnu2xPRWy7IsD0ja3WP7D,rockabilly;doo-wop,spotify,artist,1959
ray smith,ray smith,ray smith,ray smith,Ray Smith,22MW0C6OvdKXdabkA7u2ao,,none,artist,1960
ray stevens,ray stevens,ray stevens,ray stevens,Ray Stevens,7MpUvihmfilIxyN20kXwQj,comedy;classic country,spotify,artist,1979
"ray, goodman & brown","ray, goodman & brown",ray,ray,"Ray, Goodman & Brown",58U0OwuIViimy39WEbRbXh,quiet storm;classic soul,spotify,artist,1980
raybon bros.,raybon bros.,raybon bros.,raybon bros,,,,none,,1997
raydio,raydio,raydio,raydio,Raydio,1lUeg6GEZY31pVyUN8AtAF,,none,artist,1979
raymond lefevre and his orchestra,raymond lefevre and his orchestra,raymond lefevre,raymond lefevre,,,,none,,1968
rayvon,rayvon,rayvon,rayvon,Rayvon,1oqC0QCUYf3c2pPB8h5EAj,,none,artist,1994
razzy,razzy,razzy,razzy,Razzy,6dIEPi0OSswsGvA46dfRtY,,none,artist,1974
re-flex,re-flex,re-flex,reflex,RE-FLEX,1fFq8nPWwsjCjj3mtQxskn,,none,artist,1984
ready for the world,ready for the world,ready for the world,ready for the world,Ready For The World,6h29EZDlc2NTvmCUe4yoXV,new jack swing;quiet storm,spotify,artist,1987
real boston richey,real boston richey,real boston richey,real boston richey,Real Boston Richey,1iwUuIOKYjV7SKIg27v4zi,,none,artist,2025
real life,real life,real life,real life,Real Life,1n0pe6Cx9pCNvXYkX9TTLX,new wave;synthpop,spotify,artist,1989
real mccoy,real mccoy,real mccoy,real mccoy,Real McCoy,2vRfKzjQYJQd67X8x49MOh,eurodance;europop,spotify,artist,1997
realestk,realestk,realestk,realestk,RealestK,35R1B97CfrqKFFI3QBkTDx,,none,artist,2021
reality,reality,reality,reality,Reality,0FvRr7kKHIwQJxpRwf5OCw,,none,artist,1994
reba,reba,reba,reba,Reba,0I2iJ4qXhWez7QzSRd2UX6,,none,artist,2011
reba mcentire,reba mcentire,reba mcentire,reba mcentire,Reba McEntire,02rd0anEWfMtF7iMku9uor,country;classic country,spotify,artist,2005
reba mcentire duet with kelly clarkson,reba mcentire duet with kelly clarkson,reba mcentire,reba mcentire,Reba McEntire,02rd0anEWfMtF7iMku9uor,country;classic country,spotify,l2,2007
rebbie jackson,rebbie jackson,rebbie jackson,rebbie jackson,Rebbie Jackson,4FRnFYyWy6yzCXQySCsOfb,post-disco,spotify,artist,1985
rebecca black,rebecca black,rebecca black,rebecca black,Rebecca Black,3Vl9fyKMIdLMswk8ai3mm9,hyperpop,spotify,artist,2011
rebecca black & dave days,rebecca black & dave days,rebecca black,rebecca black,Rebecca Black,3Vl9fyKMIdLMswk8ai3mm9,hyperpop,spotify,l2,2013
rebecca lynn howard,rebecca lynn howard,rebecca lynn howard,rebecca lynn howard,Rebecca Lynn Howard,12bBoCZdPZbBEq1xHT0heD,christian country,spotify,artist,2002
rebekah,rebekah,rebekah,rebekah,Rebekah,7rmuxvt1D8dIU920lNcR67,hard techno;acid techno;techno;tekno;industrial,spotify,artist,1998
red eye,red eye,red eye,red eye,Red Eye,4yu1crXDHBTb27yiM5otx5,j-rap;hip hop,spotify,artist,1971
red hot chili peppers,red hot chili peppers,red hot chili peppers,red hot chili peppers,Red Hot Chili Peppers,0L8ExT028jH3ddEcZwqJJ5,funk rock;alternative rock;rock,spotify,artist,2022
red rider,red rider,red rider,red rider,Red Rider,4EGlaDAVZTNNknDdKHrHRp,classic rock,spotify,artist,1984
red river dave,red river dave,red river dave,red river dave,Red River Dave,4TUxVYUlW8rB7UW3Iwz2es,southern gothic,spotify,artist,1960
red rockers,red rockers,red rockers,red rockers,Red Rockers,1XSr5JDq8gNy49oQcyYmcO,dub,spotify,artist,1983
red skelton,red skelton,red skelton,red skelton,Red Skelton,0YknRjcsjkgJS26Rzgvd2t,comedy,spotify,artist,1969
red sovine,red sovine,red sovine,red sovine,Red Sovine,7wVgfy012qNvQ607JM5Qsf,classic country,spotify,artist,1976
redbone,redbone,redbone,redbone,Redbone,0w7HLMvZOHatWVbAKee1zF,native american music,spotify,artist,1974
redeye,redeye,redeye,redeye,redeye,5ssCZr5pZ8xQTYsdO0FdRk,,none,artist,1971
redhead kingpin & the f.b.i.,redhead kingpin & the f.b.i.,redhead kingpin,redhead kingpin,Redhead Kingpin,3eru99lOKhgL99zE3hZOxw,new jack swing,spotify,l2,1992
redman,redman,redman,redman,Redman,7xTKLpo7UCzXSnlH7fOIoM,east coast hip hop;old school hip hop;hardcore hip hop;hip hop,spotify,artist,1997
redman featuring dj kool,redman,redman,redman,Redman,7xTKLpo7UCzXSnlH7fOIoM,east coast hip hop;old school hip hop;hardcore hip hop;hip hop,spotify,l1,2001
redman featuring k-solo,redman,redman,redman,Redman,7xTKLpo7UCzXSnlH7fOIoM,east coast hip hop;old school hip hop;hardcore hip hop;hip hop,spotify,l1,1997
redman/method man,redman,redman,redman,Redman,7xTKLpo7UCzXSnlH7fOIoM,east coast hip hop;old school hip hop;hardcore hip hop;hip hop,spotify,l1,1995
rednex,rednex,rednex,rednex,Rednex,22Zqu1yyebVnbve8FxbJ2g,,none,artist,1995
reel 2 real featuring the mad stuntman,reel 2 real,reel 2 real,reel 2 real,Reel 2 Real,4AXX8UN3xaPrxHSqrgE3Ta,eurodance;hip house,spotify,l1,1994
reel tight,reel tight,reel tight,reel tight,Reel Tight,3RDn4MbEVElc5Z7hBVaHxx,,none,artist,1998
reeve carney featuring bono & the edge,reeve carney,reeve carney,reeve carney,Reeve Carney,7qDUWeBzKcDnh15yhYBf2U,musicals,spotify,l1,2011
refugee camp all stars featuring pras (with ky-mani),refugee camp all stars,refugee camp all stars,refugee camp all stars,,,,none,,1997
reg owen & his orchestra,reg owen & his orchestra,reg owen,reg owen,Reg Owen,2mm1A1eXCxcnKwV7mRoUqL,,none,l2,1959
regard,regard,regard,regard,Regard,4ofCBoyEiGSePFAG500xev,,none,artist,2020
regard x troye sivan x tate mcrae,regard x troye sivan x tate mcrae,regard,regard,Regard,4ofCBoyEiGSePFAG500xev,,none,l2,2021
regina,regina,regina,regina,Regina,3MOaTMa6KdlpTt5PUskLks,worship,spotify,artist,1986
regina belle,regina belle,regina belle,regina belle,Regina Belle,3J9tQvcK0bY3CcVcgRELxH,quiet storm,spotify,artist,1993
regina spektor,regina spektor,regina spektor,regina spektor,Regina Spektor,3z6Gk257P9jNcZbBXJNX5i,anti-folk,spotify,artist,2007
rehab,rehab,rehab,rehab,Rehab,1qh1aHXy7LRcb7eyriuJTS,country hip hop,spotify,artist,2008
reik featuring ozuna & wisin,reik,reik,reik,Reik,0vR2qb8m9WHeZ5ByCbimq2,latin pop,spotify,l1,2018
reina,reina,reina,reina,reina,6FVP7BKUUx1uCNPbX35fdf,j-r&b,spotify,artist,2003
reiss featuring special guest michie mee,reiss,reiss,reiss,REISS,3BSkPwyf7Wb9mY3xFijUiq,,none,l1,1998
rej3ctz,rej3ctz,rej3ctz,rej3ctz,Rej3ctz,67oiK9STe75g3hNiUFyaRo,,none,artist,2011
rejoice!,rejoice!,rejoice!,rejoice,Rejoice,74t8gOskGO2qibLmbu8zi3,hardcore;hardcore punk,spotify,l3,1968
relient k,relient k,relient k,relient k,Relient K,3nJWBJvK7uGvfp4iZh9CkN,christian rock;christian alternative rock;pop punk,spotify,artist,2006
rell featuring jay-z,rell,rell,rell,Rell,0EOoSsmM3oV2aoGL3Od3E3,,none,l1,1998
rema & selena gomez,rema & selena gomez,rema,rema,Rema,46pWGuE3dSwY3bMMXGBvVS,afrobeats;afrobeat;afropop;afropiano,spotify,l2,2023
remedy,remedy,remedy,remedy,Remedy,0Z5hmVxMatrIWgNi989seP,,none,artist,1993
remy ma,remy ma,remy ma,remy ma,Remy Ma,39mHYiNmLR7p8PXNG8Wll6,,none,artist,2006
remy shand,remy shand,remy shand,remy shand,Remy Shand,0uPJNqmDRzjZJZXXG6HDtt,neo soul,spotify,artist,2002
rene & angela,rene & angela,rene,rene,Rene & Angela,01Wck2m10xhdxUrLaMq60y,quiet storm;post-disco,spotify,artist,1986
rene & rene,rene & rene,rene,rene,,,,none,,1969
rene and ray,rene and ray,rene,rene,Rene And Ray,1JD5s93dL9RxiWIs9Mz6Mx,,none,artist,1962
reparata,reparata,reparata,reparata,Reparata,7pjiMmGVz6Fz9UrHVrSzt3,northern soul,spotify,artist,1975
reparata and the delrons,reparata and the delrons,reparata,reparata,Reparata,7pjiMmGVz6Fz9UrHVrSzt3,northern soul,spotify,l2,1965
republica,republica,republica,republica,Republica,06YQ6XwCdPUn8rAXV70gge,britpop,spotify,artist,1997
restless heart,restless heart,restless heart,restless heart,Restless Heart,0FcmRWJUfnCuwoXE1H2b0H,classic country,spotify,artist,1993
restless heart featuring warren hill,restless heart,restless heart,restless heart,Restless Heart,0FcmRWJUfnCuwoXE1H2b0H,classic country,spotify,l1,1993
reuben howell,reuben howell,reuben howell,reuben howell,Reuben Howell,11QbPRY2p7BeMLVmAdGfpP,northern soul;motown,spotify,artist,1974
reunion,reunion,reunion,reunion,Reunion,3o5OdrGG6RqPkAmPfMvMl0,,none,artist,1974
"rev. martin luther king, jr.","rev. martin luther king, jr.",rev. martin luther king,rev martin luther king,,,,none,,1968
revelation,revelation,revelation,revelation,Revelation,4xSp6WltH5N47OrAu4pjKw,hardstyle;frenchcore;hardcore,spotify,artist,1976
rex allen,rex allen,rex allen,rex allen,Rex Allen,66SqnH24eOjN0IEwWjmMyQ,traditional country,spotify,artist,1962
rex smith,rex smith,rex smith,rex smith,Rex Smith,0UUErweJscAbuxMmVo8MON,,none,artist,1979
rex smith/rachel sweet,rex smith,rex smith,rex smith,Rex Smith,0UUErweJscAbuxMmVo8MON,,none,l1,1981
rhinoceros,rhinoceros,rhinoceros,rhinoceros,Rhinoceros,1axiHsrs3sMtvmUejd2Pzn,,none,artist,1969
rhythm heritage,rhythm heritage,rhythm heritage,rhythm heritage,Rhythm Heritage,2ZGlJUO9hdjZEvl710OpVX,,none,artist,1977
rhythm syndicate,rhythm syndicate,rhythm syndicate,rhythm syndicate,Rhythm Syndicate,1sU7qgZ9VopsF8AWtQxA6L,,none,artist,1992
ric ocasek,ric ocasek,ric ocasek,ric ocasek,Ric Ocasek,1iTrwmoisuv7HbdY5tTVUt,,none,artist,1987
ric-a-che featuring darija,ric-a-che,ric-a-che,ricache,Ricache,3lWOryhVF4wWSdW9KwnwzW,,none,l3,2004
ricardo ray,ricardo ray,ricardo ray,ricardo ray,Ricardo Ray,6OiDDqxl5JuyPkWXZn0jUR,,none,artist,1968
ricegum featuring alissa violet,ricegum,ricegum,ricegum,Ricegum,07rW6SaeqR1jLTl9RJjPWt,,none,l1,2017
rich amiri,rich amiri,rich amiri,rich amiri,Rich Amiri,2sF5nNXnrrsCPZlt8ZpyGd,rage rap,spotify,artist,2024
rich boy featuring polow da don,rich boy,rich boy,rich boy,Rich Boy,6mXlDbi03T8wXYwWYew0Ut,southern hip hop;crunk,spotify,l1,2007
"rich gang featuring lil wayne, birdman, future, mack maine, nicki minaj",rich gang,rich gang,rich gang,Rich Gang,5pU9lKGn9IUnVvOCONrcIS,,none,l1,2013
rich gang featuring young thug & rich homie quan,rich gang,rich gang,rich gang,Rich Gang,5pU9lKGn9IUnVvOCONrcIS,,none,l1,2015
rich homie quan,rich homie quan,rich homie quan,rich homie quan,Rich Homie Quan,5lHRUCqkQZCIWeX7xG4sYT,southern hip hop,spotify,artist,2015
rich homie quan featuring problem,rich homie quan,rich homie quan,rich homie quan,Rich Homie Quan,5lHRUCqkQZCIWeX7xG4sYT,southern hip hop,spotify,l1,2014
rich the kid,rich the kid,rich the kid,rich the kid,Rich The Kid,1pPmIToKXyGdsCF6LmqLmI,trap,spotify,artist,2019
rich the kid featuring kendrick lamar,rich the kid,rich the kid,rich the kid,Rich The Kid,1pPmIToKXyGdsCF6LmqLmI,trap,spotify,l1,2018
"richard ""dimples"" fields","richard ""dimples"" fields","richard ""dimples"" fields",richard dimples fields,Richard Dimples Fields,6SNblpZj6cK0YWC1Ci8CKs,,none,l3,1982
"richard ""groove"" holmes","richard ""groove"" holmes","richard ""groove"" holmes",richard groove holmes,,,,none,,1966
richard and the young lions,richard and the young lions,richard,richard,Richard And The Young Lions,3QDerZemTYTDqImkqjcBA8,garage rock;proto-punk;power pop,spotify,artist,1966
richard barrett with the chantels,richard barrett with the chantels,richard barrett,richard barrett,Richard Barrett,1IV8ZDS7ZU7s0Bfk4Spu1k,,none,l2,1959
richard burton,richard burton,richard burton,richard burton,Richard Burton,3nPXtky186MMoAc7uvKFhh,,none,artist,1965
richard chamberlain,richard chamberlain,richard chamberlain,richard chamberlain,Richard Chamberlain,3Ptt9v6BtfyugYPpZXnpDH,,none,artist,1964
richard cocciante,richard cocciante,richard cocciante,richard cocciante,Richard Cocciante,3JyyauuFQaaem8qboNQaZq,,none,artist,1976
richard harris,richard harris,richard harris,richard harris,Richard Harris,0JfhyM4Y1jfxkevddBRVfn,,none,artist,1972
richard hayman and his orchestra,richard hayman and his orchestra,richard hayman,richard hayman,Richard Hayman,68tBK9r9zdViB8V73G5SA9,exotica,spotify,l2,1961
richard marx,richard marx,richard marx,richard marx,Richard Marx,0grdhNhiRLFBaFVyybqsj6,soft rock,spotify,artist,1997
richard marx & donna lewis,richard marx & donna lewis,richard marx,richard marx,Richard Marx,0grdhNhiRLFBaFVyybqsj6,soft rock,spotify,l2,1998
richie allen,richie allen,richie allen,richie allen,Richie Allen,2QycgFiuMbf6EiyqH9jeyY,,none,artist,1960
richie furay,richie furay,richie furay,richie furay,Richie Furay,2KpCZazKx8c2qBDtNXvmvf,country rock;ccm,spotify,artist,1980
richie havens,richie havens,richie havens,richie havens,Richie Havens,4Qk0lWGeXydDvfrDufDQ9p,,none,artist,1971
richie rich,richie rich,richie rich,richie rich,Richie Rich,4hSGrfIm5xRloHXESKxrFd,g-funk;west coast hip hop;hyphy,spotify,artist,1997
richie sambora,richie sambora,richie sambora,richie sambora,Richie Sambora,6uNjT2PKDfR7t48JKhajkh,aor,spotify,artist,1991
richy mitch and the coal miners,richy mitch and the coal miners,richy mitch,richy mitch,Richy Mitch,5p2zg6ZJ1Ai0Ri6KCJUbr7,,none,l2,2024
rick and the keens,rick and the keens,rick,rick,,,,none,,1961
rick astley,rick astley,rick astley,rick astley,Rick Astley,0gxyHStUsqpMadRV0Di1Qt,,none,artist,1994
rick bowles,rick bowles,rick bowles,rick bowles,,,,none,,1982
rick cunha,rick cunha,rick cunha,rick cunha,Rick Cunha,3EttlHwImIiozmPZb1VJox,exotica,spotify,artist,1974
rick dees,rick dees,rick dees,rick dees,Rick Dees,2JfcsTakrXZXEJ8d29Q8Ad,,none,artist,1985
rick dees & his cast of idiots,rick dees & his cast of idiots,rick dees,rick dees,Rick Dees,2JfcsTakrXZXEJ8d29Q8Ad,,none,l2,1977
rick derringer,rick derringer,rick derringer,rick derringer,Rick Derringer,1FX4aA0cUcWndv39j1YoTm,classic rock,spotify,artist,1975
rick james,rick james,rick james,rick james,Rick James,0FrpdcVlJQqibaz5HfBUrL,funk;motown;disco,spotify,artist,1985
rick james and smokey robinson,rick james and smokey robinson,rick james,rick james,Rick James,0FrpdcVlJQqibaz5HfBUrL,funk;motown;disco,spotify,l2,1984
rick nelson,rick nelson,rick nelson,rick nelson,Rick Nelson,7J4x370U8CPXt03tsy48gt,,none,artist,1970
rick nelson and the stone canyon band,rick nelson and the stone canyon band,rick nelson,rick nelson,Rick Nelson,7J4x370U8CPXt03tsy48gt,,none,l2,1973
rick pinette & oak,rick pinette & oak,rick pinette,rick pinette,,,,none,,1980
rick ross,rick ross,rick ross,rick ross,Rick Ross,1sBkRIssrMs1AbVkOJbc7a,southern hip hop,spotify,artist,2006
rick ross & meek mill,rick ross & meek mill,rick ross,rick ross,Rick Ross,1sBkRIssrMs1AbVkOJbc7a,southern hip hop,spotify,l2,2023
rick ross featuring chris brown,rick ross,rick ross,rick ross,Rick Ross,1sBkRIssrMs1AbVkOJbc7a,southern hip hop,spotify,l1,2015
rick ross featuring drake,rick ross,rick ross,rick ross,Rick Ross,1sBkRIssrMs1AbVkOJbc7a,southern hip hop,spotify,l1,2019
rick ross featuring drake & chrisette michele,rick ross,rick ross,rick ross,Rick Ross,1sBkRIssrMs1AbVkOJbc7a,southern hip hop,spotify,l1,2011
rick ross featuring drake & french montana,rick ross,rick ross,rick ross,Rick Ross,1sBkRIssrMs1AbVkOJbc7a,southern hip hop,spotify,l1,2012
rick ross featuring jay z,rick ross,rick ross,rick ross,Rick Ross,1sBkRIssrMs1AbVkOJbc7a,southern hip hop,spotify,l1,2014
rick ross featuring john legend,rick ross,rick ross,rick ross,Rick Ross,1sBkRIssrMs1AbVkOJbc7a,southern hip hop,spotify,l1,2009
rick ross featuring kanye west & big sean,rick ross,rick ross,rick ross,Rick Ross,1sBkRIssrMs1AbVkOJbc7a,southern hip hop,spotify,l1,2014
"rick ross featuring kanye west, t-pain & lil' wayne",rick ross,rick ross,rick ross,Rick Ross,1sBkRIssrMs1AbVkOJbc7a,southern hip hop,spotify,l1,2009
rick ross featuring lil wayne or t.i.,rick ross,rick ross,rick ross,Rick Ross,1sBkRIssrMs1AbVkOJbc7a,southern hip hop,spotify,l1,2011
rick ross featuring ne-yo,rick ross,rick ross,rick ross,Rick Ross,1sBkRIssrMs1AbVkOJbc7a,southern hip hop,spotify,l1,2010
rick ross featuring nelly & avery storm,rick ross,rick ross,rick ross,Rick Ross,1sBkRIssrMs1AbVkOJbc7a,southern hip hop,spotify,l1,2008
rick ross featuring nicki minaj,rick ross,rick ross,rick ross,Rick Ross,1sBkRIssrMs1AbVkOJbc7a,southern hip hop,spotify,l1,2012
rick ross featuring styles p,rick ross,rick ross,rick ross,Rick Ross,1sBkRIssrMs1AbVkOJbc7a,southern hip hop,spotify,l1,2010
rick ross featuring t-pain,rick ross,rick ross,rick ross,Rick Ross,1sBkRIssrMs1AbVkOJbc7a,southern hip hop,spotify,l1,2008
rick ross featuring wale & drake,rick ross,rick ross,rick ross,Rick Ross,1sBkRIssrMs1AbVkOJbc7a,southern hip hop,spotify,l1,2013
rick ross featuring young thug & wale,rick ross,rick ross,rick ross,Rick Ross,1sBkRIssrMs1AbVkOJbc7a,southern hip hop,spotify,l1,2017
rick springfield,rick springfield,rick springfield,rick springfield,Rick Springfield,6IFXsrXBpwbIqtOUOiAa3p,yacht rock,spotify,artist,1988
rick springfield with randy crawford,rick springfield with randy crawford,rick springfield,rick springfield,Rick Springfield,6IFXsrXBpwbIqtOUOiAa3p,yacht rock,spotify,l2,1985
rickie lee jones,rickie lee jones,rickie lee jones,rickie lee jones,Rickie Lee Jones,0dYkMe3wK29DulSa0uR8Rq,singer-songwriter,spotify,artist,1984
ricky martin,ricky martin,ricky martin,ricky martin,Ricky Martin,7slfeZO9LsJbWgpkIoXBUJ,latin pop;latin,spotify,artist,2003
ricky martin duet with christina aguilera,ricky martin duet with christina aguilera,ricky martin,ricky martin,Ricky Martin,7slfeZO9LsJbWgpkIoXBUJ,latin pop;latin,spotify,l2,2001
ricky martin featuring fat joe & amerie,ricky martin,ricky martin,ricky martin,Ricky Martin,7slfeZO9LsJbWgpkIoXBUJ,latin pop;latin,spotify,l1,2005
ricky martin featuring la mari de chambao y tommy torres,ricky martin,ricky martin,ricky martin,Ricky Martin,7slfeZO9LsJbWgpkIoXBUJ,latin pop;latin,spotify,l1,2006
ricky martin featuring meja,ricky martin,ricky martin,ricky martin,Ricky Martin,7slfeZO9LsJbWgpkIoXBUJ,latin pop;latin,spotify,l1,2000
ricky martin featuring natalia jimenez,ricky martin,ricky martin,ricky martin,Ricky Martin,7slfeZO9LsJbWgpkIoXBUJ,latin pop;latin,spotify,l1,2011
ricky nelson,ricky nelson,ricky nelson,ricky nelson,Ricky Nelson,73sSFVlM6pkweLXE8qw1OS,rockabilly;doo-wop,spotify,artist,1963
rico love,rico love,rico love,rico love,Rico Love,2GEcMpeGIad5O23WxDRFMn,,none,artist,2014
riff,riff,riff,riff,Riff,3IyuxBX0pwXqbeFI4DWmhG,argentine rock,spotify,artist,1992
right said fred,right said fred,right said fred,right said fred,Right Said Fred,15ajdFAi5bjj5pS9laBfBL,,none,artist,1992
rihanna,rihanna,rihanna,rihanna,Rihanna,5pKCCKE2ajJHZ9KAiaK11H,,none,artist,2025
rihanna & kanye west & paul mccartney,rihanna & kanye west & paul mccartney,rihanna,rihanna,Rihanna,5pKCCKE2ajJHZ9KAiaK11H,,none,l2,2015
rihanna & sean paul,rihanna & sean paul,rihanna,rihanna,Rihanna,5pKCCKE2ajJHZ9KAiaK11H,,none,l2,2007
rihanna featuring britney spears,rihanna,rihanna,rihanna,Rihanna,5pKCCKE2ajJHZ9KAiaK11H,,none,l1,2011
rihanna featuring calvin harris,rihanna,rihanna,rihanna,Rihanna,5pKCCKE2ajJHZ9KAiaK11H,,none,l1,2023
rihanna featuring chris brown,rihanna,rihanna,rihanna,Rihanna,5pKCCKE2ajJHZ9KAiaK11H,,none,l1,2012
rihanna featuring david guetta,rihanna,rihanna,rihanna,Rihanna,5pKCCKE2ajJHZ9KAiaK11H,,none,l1,2013
rihanna featuring drake,rihanna,rihanna,rihanna,Rihanna,5pKCCKE2ajJHZ9KAiaK11H,,none,l1,2016
rihanna featuring future,rihanna,rihanna,rihanna,Rihanna,5pKCCKE2ajJHZ9KAiaK11H,,none,l1,2013
rihanna featuring jay-z,rihanna,rihanna,rihanna,Rihanna,5pKCCKE2ajJHZ9KAiaK11H,,none,l1,2023
rihanna featuring jeezy,rihanna,rihanna,rihanna,Rihanna,5pKCCKE2ajJHZ9KAiaK11H,,none,l1,2010
rihanna featuring mikky ekko,rihanna,rihanna,rihanna,Rihanna,5pKCCKE2ajJHZ9KAiaK11H,,none,l1,2013
rihanna featuring ne-yo,rihanna,rihanna,rihanna,Rihanna,5pKCCKE2ajJHZ9KAiaK11H,,none,l1,2008
rihanna featuring slash,rihanna,rihanna,rihanna,Rihanna,5pKCCKE2ajJHZ9KAiaK11H,,none,l1,2010
riley green,riley green,riley green,riley green,Riley Green,2QMsj4XJ7ne2hojxt6v5eb,country,spotify,artist,2025
riley green featuring ella langley,riley green,riley green,riley green,Riley Green,2QMsj4XJ7ne2hojxt6v5eb,country,spotify,l1,2025
riley green featuring luke combs,riley green,riley green,riley green,Riley Green,2QMsj4XJ7ne2hojxt6v5eb,country,spotify,l1,2024
ringo starr,ringo starr,ringo starr,ringo starr,Ringo Starr,6DbJi8AcN5ANdtvJcwBSw8,,none,artist,1982
ripple,ripple,ripple,ripple,Ripple,3oLqEQCc3rk0vKKwrCaJZA,funk;jazz funk,spotify,artist,1973
rise against,rise against,rise against,rise against,Rise Against,6Wr3hh341P84m3EI8qdn9O,punk;hardcore punk,spotify,artist,2011
rita coolidge,rita coolidge,rita coolidge,rita coolidge,Rita Coolidge,1vnIL4DMlivP55ioM6KitW,,none,artist,1983
rita ora,rita ora,rita ora,rita ora,Rita Ora,5CCwRZC6euC8Odo6y9X8jr,,none,artist,2014
rita pavone,rita pavone,rita pavone,rita pavone,Rita Pavone,3xc8CD41vwsoBNkGXL3pS7,,none,artist,1964
ritchie valens,ritchie valens,ritchie valens,ritchie valens,Ritchie Valens,5Y9xEAGW4GwGJgbiI6W85P,doo-wop;rock and roll,spotify,artist,1959
ritt momney,ritt momney,ritt momney,ritt momney,Ritt Momney,7MPGCB854Qo4alYMOPkBka,bedroom pop,spotify,artist,2021
rixton,rixton,rixton,rixton,Rixton,0kkxsdcaWmWU2yWAqclDh4,,none,artist,2014
roachford,roachford,roachford,roachford,Roachford,5S3EbUETKlfsBRUiBKnqer,,none,artist,1989
rob $tone featuring j. davi$ & spooks,rob $tone,rob $tone,rob stone,Rob $tone,2hWs22BmQkK4czFtDLnar2,,none,l1,2017
rob base & d.j. e-z rock,rob base & d.j. e-z rock,rob base,rob base,Rob Base,6EEAobOTA45blviMJJAdYr,,none,l2,1989
rob jungklas,rob jungklas,rob jungklas,rob jungklas,Rob Jungklas,5ub4gS30ap9kUPwPABCZfa,,none,artist,1987
rob thomas,rob thomas,rob thomas,rob thomas,Rob Thomas,0adiY7hJfggkVNYaTGZPIU,,none,artist,2010
robbie dupree,robbie dupree,robbie dupree,robbie dupree,Robbie Dupree,3jrgftS3TYbNxcPt5itKhz,yacht rock;aor;soft rock,spotify,artist,1981
robbie nevil,robbie nevil,robbie nevil,robbie nevil,Robbie Nevil,4NkLjsRsFnuPu9B4zqzBqq,,none,artist,1991
robbie patton,robbie patton,robbie patton,robbie patton,Robbie Patton,0To5Xn0CmOwl9Vg4Tys4Ov,aor;arena rock,spotify,artist,1983
robbie williams,robbie williams,robbie williams,robbie williams,Robbie Williams,2HcwFjNelS49kFbfvMxQYw,,none,artist,2000
robbin thompson band,robbin thompson band,robbin thompson band,robbin thompson band,,,,none,,1980
robert & johnny,robert & johnny,robert,robert,Robert & Johnny,55owbkMYdl0SSTlyWuPpZ2,doo-wop,spotify,artist,1958
robert ellis orral with carlene carter,robert ellis orral with carlene carter,robert ellis orral,robert ellis orral,Robert Ellis Orral,3Udtg3uX1JnrLJ5bWjROmb,,none,l2,1983
robert gordon,robert gordon,robert gordon,robert gordon,Robert Gordon,5ZORBYJBAoKNetasAuxmFT,,none,artist,1981
robert gordon with link wray,robert gordon with link wray,robert gordon,robert gordon,Robert Gordon,5ZORBYJBAoKNetasAuxmFT,,none,l2,1977
robert goulet,robert goulet,robert goulet,robert goulet,Robert Goulet,6Qdqv5WM6z1WxWWjuuiogR,adult standards,spotify,artist,1965
robert hazard,robert hazard,robert hazard,robert hazard,Robert Hazard,5jgvMSXT8sGjFuIBhfVNq4,,none,artist,1983
robert john,robert john,robert john,robert john,Robert John,3pbKylceBTiUa0fZk4J4sJ,yacht rock;soft rock,spotify,artist,1983
robert knight,robert knight,robert knight,robert knight,Robert Knight,7LnC096bbrvUl36gnq0yfB,,none,artist,1968
robert maxwell his harp and orchestra,robert maxwell his harp and orchestra,robert maxwell his harp,robert maxwell his harp,,,,none,,1964
robert miles,robert miles,robert miles,robert miles,Robert Miles,2YVF0Ou5zIc4mpgtLIlGN0,trance;eurodance,spotify,artist,1996
robert miles featuring maria nayler,robert miles,robert miles,robert miles,Robert Miles,2YVF0Ou5zIc4mpgtLIlGN0,trance;eurodance,spotify,l1,1997
robert mitchum,robert mitchum,robert mitchum,robert mitchum,Robert Mitchum,3ttV5d4dhwr1R48j5I5FE3,calypso;exotica,spotify,artist,1967
robert palmer,robert palmer,robert palmer,robert palmer,Robert Palmer,530Sdm7eqqzWBdDmILMgnu,yacht rock,spotify,artist,1991
robert parker,robert parker,robert parker,robert parker,ROBERT PARKER,4bS2fVsOFNIb16OfjWWdNz,,none,artist,1967
robert plant,robert plant,robert plant,robert plant,Robert Plant,1OwarW4LEHnoep20ixRA0y,,none,artist,1990
robert tepper,robert tepper,robert tepper,robert tepper,Robert Tepper,5T1bhiyED6hokaKTechcKI,aor,spotify,artist,1986
roberta flack,roberta flack,roberta flack,roberta flack,Roberta Flack,0W498bDDNlJIrYMKXdpLHA,adult standards,spotify,artist,1982
roberta flack & donny hathaway,roberta flack & donny hathaway,roberta flack,roberta flack,Roberta Flack,0W498bDDNlJIrYMKXdpLHA,adult standards,spotify,l2,1972
roberta flack with donny hathaway,roberta flack with donny hathaway,roberta flack,roberta flack,Roberta Flack,0W498bDDNlJIrYMKXdpLHA,adult standards,spotify,l2,1980
roberta flack with maxi priest,roberta flack with maxi priest,roberta flack,roberta flack,Roberta Flack,0W498bDDNlJIrYMKXdpLHA,adult standards,spotify,l2,1992
robey,robey,robey,robey,Robey,0SYzZYiXliEeU03vq8XHbz,,none,artist,1985
robin george,robin george,robin george,robin george,Robin George,0DoAmoqvzOvPirFI1ll9TX,,none,artist,1985
robin gibb,robin gibb,robin gibb,robin gibb,Robin Gibb,4vZduJO8Uukqzx64de5JxV,new wave,spotify,artist,1984
robin lane & the chartbusters,robin lane & the chartbusters,robin lane,robin lane,Robin Lane & The Chartbusters,34XSWQfSZZCVz01n7QP1Kp,power pop;gothic rock;new wave;post-punk,spotify,artist,1980
robin luke,robin luke,robin luke,robin luke,Robin Luke,6BlIMhCsEbMvvrLhMcOHkn,doo-wop,spotify,artist,1958
robin mcnamara,robin mcnamara,robin mcnamara,robin mcnamara,Robin McNamara,5OKNo1RB42IASDuQQ6Fkeo,bubblegum pop,spotify,artist,1970
robin s.,robin s.,robin s.,robin s,Robin S,2WvLeseDGPX1slhmxI59G3,,none,l3,1997
robin schulz featuring francesco yates,robin schulz,robin schulz,robin schulz,Robin Schulz,3t5xRXzsuZmMDkQzgOX35S,tropical house,spotify,l1,2016
robin thicke,robin thicke,robin thicke,robin thicke,Robin Thicke,0ZrpamOxcZybMHGg1AYtHP,,none,artist,2014
robin thicke featuring kendrick lamar,robin thicke,robin thicke,robin thicke,Robin Thicke,0ZrpamOxcZybMHGg1AYtHP,,none,l1,2013
robin thicke featuring t.i. + pharrell,robin thicke,robin thicke,robin thicke,Robin Thicke,0ZrpamOxcZybMHGg1AYtHP,,none,l1,2014
robin trower,robin trower,robin trower,robin trower,Robin Trower,0MAvx5yzdhylg2ztJC3MD3,blues rock;blues;modern blues,spotify,artist,1977
robin ward,robin ward,robin ward,robin ward,Robin Ward,5m4TfDoC3GQHUg8r6jhQX9,,none,artist,1964
robyn,robyn,robyn,robyn,Robyn,6UE7nl9mha6s8z0wFQFIZ2,swedish pop,spotify,artist,1998
rocco granata and the international quintet,rocco granata and the international quintet,rocco granata,rocco granata,Rocco Granata,2VhQDTCxA5WBYclo7t7UcI,italo dance;schlager,spotify,l2,1960
rochell and the candles with johnny wyatt,rochell and the candles with johnny wyatt,rochell,rochell,,,,none,,1961
rock & roll double bubble,rock & roll double bubble,rock,rock,,,,none,,1969
rock and hyde,rock and hyde,rock,rock,,,,none,,1987
rock flowers,rock flowers,rock flowers,rock flowers,Rock Flowers,2lRZc7Aoa2mFClbb2bKNqI,,none,artist,1972
rock-a-teens,rock-a-teens,rock-a-teens,rockateens,,,,none,,1959
rockell,rockell,rockell,rockell,Rockell,6WUYWmJKUgwQWaPjHq5OcP,freestyle;funk melody;miami bass;latin hip hop,spotify,artist,1998
rockell [duet with collage],rockell,rockell,rockell,Rockell,6WUYWmJKUgwQWaPjHq5OcP,freestyle;funk melody;miami bass;latin hip hop,spotify,l1,1998
rockets,rockets,rockets,rockets,Rockets,3iWrgTzTfB3qLRMJPSzC8t,space rock;post-disco,spotify,artist,1980
rockie robbins,rockie robbins,rockie robbins,rockie robbins,Rockie Robbins,2FHuzNTPcnTjS3HAieBHSZ,,none,artist,1980
rockin' rebels,rockin' rebels,rockin' rebels,rockin rebels,Rockin' Rebels,2u1forJS3FuFHyslN1qBM3,,none,artist,1963
rocko,rocko,rocko,rocko,Rocko,0T5OJgMVjKIX3b3W3ekqOl,southern hip hop,spotify,artist,2008
rocko featuring future & rick ross,rocko,rocko,rocko,Rocko,0T5OJgMVjKIX3b3W3ekqOl,southern hip hop,spotify,l1,2013
rockpile,rockpile,rockpile,rockpile,Rockpile,0Tvu0lT7VFnPfLbavseYzJ,roots rock;garage rock,spotify,artist,1981
rockwell,rockwell,rockwell,rockwell,Rockwell,3xs0LEzcPXtgNfMNcHzLIP,,none,artist,2024
rocky burnette,rocky burnette,rocky burnette,rocky burnette,Rocky Burnette,6JGUkLiRAWMNYaHdUCIUvC,rockabilly,spotify,artist,1980
rocky olson,rocky olson,rocky olson,rocky olson,,,,none,,1959
rod bernard,rod bernard,rod bernard,rod bernard,Rod Bernard,2Ys22rHHqQ7Nw2ihQLHLXb,cajun;zydeco,spotify,artist,1960
rod hart,rod hart,rod hart,rod hart,Rod Hart,5UoRKL6kLwjYWQLl6QSHAs,,none,artist,1977
rod lauren,rod lauren,rod lauren,rod lauren,Rod Lauren,7CnCVOXwG67uhjnDX50Wgq,doo-wop,spotify,artist,1960
rod mckuen,rod mckuen,rod mckuen,rod mckuen,Rod McKuen,62JorFOkIjXHHU7GMT9r77,spoken word,spotify,artist,1962
rod stewart,rod stewart,rod stewart,rod stewart,Rod Stewart,2y8Jo9CKhJvtfeKOsYzRdT,soft rock,spotify,artist,1998
rod stewart with faces,rod stewart with faces,rod stewart,rod stewart,Rod Stewart,2y8Jo9CKhJvtfeKOsYzRdT,soft rock,spotify,l2,1972
rod stewart with ronald isley,rod stewart with ronald isley,rod stewart,rod stewart,Rod Stewart,2y8Jo9CKhJvtfeKOsYzRdT,soft rock,spotify,l2,1990
rod wave,rod wave,rod wave,rod wave,Rod Wave,45TgXXqMDdF8BkjA83OM7z,,none,artist,2025
rod wave & be charlotte,rod wave & be charlotte,rod wave,rod wave,Rod Wave,45TgXXqMDdF8BkjA83OM7z,,none,l2,2024
rod wave & kevin gates,rod wave & kevin gates,rod wave,rod wave,Rod Wave,45TgXXqMDdF8BkjA83OM7z,,none,l2,2019
rod wave & sadie jean,rod wave & sadie jean,rod wave,rod wave,Rod Wave,45TgXXqMDdF8BkjA83OM7z,,none,l2,2023
rod wave & wet,rod wave & wet,rod wave,rod wave,Rod Wave,45TgXXqMDdF8BkjA83OM7z,,none,l2,2023
rod wave featuring 21 savage,rod wave,rod wave,rod wave,Rod Wave,45TgXXqMDdF8BkjA83OM7z,,none,l1,2024
rod wave featuring atr son son,rod wave,rod wave,rod wave,Rod Wave,45TgXXqMDdF8BkjA83OM7z,,none,l1,2020
rod wave featuring jack harlow,rod wave,rod wave,rod wave,Rod Wave,45TgXXqMDdF8BkjA83OM7z,,none,l1,2022
rod wave featuring kodak black,rod wave,rod wave,rod wave,Rod Wave,45TgXXqMDdF8BkjA83OM7z,,none,l1,2021
rod wave featuring lil durk,rod wave,rod wave,rod wave,Rod Wave,45TgXXqMDdF8BkjA83OM7z,,none,l1,2021
rod wave featuring lil yachty & lil baby,rod wave,rod wave,rod wave,Rod Wave,45TgXXqMDdF8BkjA83OM7z,,none,l1,2024
rod wave featuring polo g,rod wave,rod wave,rod wave,Rod Wave,45TgXXqMDdF8BkjA83OM7z,,none,l1,2021
roddie joy,roddie joy,roddie joy,roddie joy,Roddie Joy,6WjcsBFHLNYWjozNeTzKTs,northern soul,spotify,artist,1965
roddy ricch,roddy ricch,roddy ricch,roddy ricch,Roddy Ricch,757aE44tKEUQEqRuT6GnEB,melodic rap,spotify,artist,2022
roddy ricch & gunna,roddy ricch & gunna,roddy ricch,roddy ricch,Roddy Ricch,757aE44tKEUQEqRuT6GnEB,melodic rap,spotify,l2,2020
roddy ricch featuring a boogie wit da hoodie,roddy ricch,roddy ricch,roddy ricch,Roddy Ricch,757aE44tKEUQEqRuT6GnEB,melodic rap,spotify,l1,2020
roddy ricch featuring kodak black & 21 savage,roddy ricch,roddy ricch,roddy ricch,Roddy Ricch,757aE44tKEUQEqRuT6GnEB,melodic rap,spotify,l1,2022
roddy ricch featuring lil baby,roddy ricch,roddy ricch,roddy ricch,Roddy Ricch,757aE44tKEUQEqRuT6GnEB,melodic rap,spotify,l1,2022
roddy ricch featuring meek mill,roddy ricch,roddy ricch,roddy ricch,Roddy Ricch,757aE44tKEUQEqRuT6GnEB,melodic rap,spotify,l1,2020
roddy ricch featuring mustard,roddy ricch,roddy ricch,roddy ricch,Roddy Ricch,757aE44tKEUQEqRuT6GnEB,melodic rap,spotify,l1,2020
rodney atkins,rodney atkins,rodney atkins,rodney atkins,Rodney Atkins,2qgvmDsc4jrqbAbjq1HGM2,country;acoustic country,spotify,artist,2011
rodney crowell,rodney crowell,rodney crowell,rodney crowell,Rodney Crowell,4QIJ2i8I6urte2scKgkVoY,americana;outlaw country;alt country;rockabilly,spotify,artist,1980
rodney dangerfield,rodney dangerfield,rodney dangerfield,rodney dangerfield,Rodney Dangerfield,4y9clGQlMhZyKADUMq7PA2,comedy,spotify,artist,1984
rodney o & joe cooley,rodney o & joe cooley,rodney o,rodney o,Rodney O,1xhLJFJK9sXK9B2CPGzt11,miami bass;old school hip hop;west coast hip hop,spotify,l2,1993
rodway,rodway,rodway,rodway,Rodway,44mwimKsgGL7kM2uug4SU3,,none,artist,1983
roger,roger,roger,roger,Roger,3GMoVpWJy4smKuxFuFTwXC,quiet storm,spotify,artist,1988
roger daltrey,roger daltrey,roger daltrey,roger daltrey,Roger Daltrey,5odf7hjI7hyvAw66tmxhGF,aor,spotify,artist,1986
roger hodgson,roger hodgson,roger hodgson,roger hodgson,Roger Hodgson,3lHXm91pKLq9Sxi6CoRKWu,progressive rock,spotify,artist,1985
roger miller,roger miller,roger miller,roger miller,Roger Miller,1RP2UpEaRzkF0Id3JigqD8,classic country,spotify,artist,1969
roger smith,roger smith,roger smith,roger smith,Roger Smith,5z8InI9ogxG51G5koxO7HY,,none,artist,1959
roger voudouris,roger voudouris,roger voudouris,roger voudouris,Roger Voudouris,0AfDBW6x1y3cJ7U8wSasVM,yacht rock;aor;soft rock,spotify,artist,1979
roger whittaker,roger whittaker,roger whittaker,roger whittaker,Roger Whittaker,6pgfx4K1p1kT0RewXjmLfk,schlager;schlagerparty;easy listening,spotify,artist,1975
roger williams,roger williams,roger williams,roger williams,Roger Williams,5rBdcPraUl0FuxJVrE3ofV,,none,artist,1969
rolf harris,rolf harris,rolf harris,rolf harris,Rolf Harris,50KLYZQtZLrR2gGa5oHJEF,,none,artist,1963
roman holliday,roman holliday,roman holliday,roman holliday,Roman Holliday,2McvzikIAERijL9Wr0EFVC,new wave,spotify,artist,1985
rome,rome,rome,rome,ROME,7hlcwaLWsbcwOkPtdxRoCa,reggae rock,spotify,artist,1997
romeo & juliet soundtrack,romeo & juliet soundtrack,romeo,romeo,Romeo,22zht89FeO2HpnYZXKxxa5,indonesian pop;indonesian rock;indorock,spotify,l2,1969
romeo santos,romeo santos,romeo santos,romeo santos,Romeo Santos,5lwmRuXgjX8xIwlnauTZIP,bachata;latin,spotify,artist,2017
romeo santos & justin timberlake,romeo santos & justin timberlake,romeo santos,romeo santos,Romeo Santos,5lwmRuXgjX8xIwlnauTZIP,bachata;latin,spotify,l2,2022
romeo santos featuring drake,romeo santos,romeo santos,romeo santos,Romeo Santos,5lwmRuXgjX8xIwlnauTZIP,bachata;latin,spotify,l1,2014
romeo santos featuring nicky jam & daddy yankee,romeo santos,romeo santos,romeo santos,Romeo Santos,5lwmRuXgjX8xIwlnauTZIP,bachata;latin,spotify,l1,2017
romeo santos featuring usher,romeo santos,romeo santos,romeo santos,Romeo Santos,5lwmRuXgjX8xIwlnauTZIP,bachata;latin,spotify,l1,2011
romeo void,romeo void,romeo void,romeo void,Romeo Void,20kRNjGAzhnBIflemL8JfY,new wave;post-punk,spotify,artist,1984
romeo's daughter,romeo's daughter,romeo's daughter,romeos daughter,,,,none,,1988
ron and the d.c. crew,ron and the d.c. crew,ron,ron,Ron And The D.C. Crew,73deRQzYaBWJeoCDwufbnG,,none,artist,1987
ron banks and the dramatics,ron banks and the dramatics,ron banks,ron banks,Ron Banks,6yICm1P3chGdd2zTHK7X7s,,none,l2,1975
ron holden with the thunderbirds,ron holden with the thunderbirds,ron holden,ron holden,Ron Holden,0orxtneN4LcJWNxbLXtMZu,doo-wop;northern soul,spotify,l2,1960
ronnie carroll,ronnie carroll,ronnie carroll,ronnie carroll,Ronnie Carroll,22WsdE2gbH75bDBfc3BpnB,,none,artist,1963
ronnie dove,ronnie dove,ronnie dove,ronnie dove,Ronnie Dove,3KzYAUHiKXCKpisQgRD2Ja,,none,artist,1969
ronnie dunn,ronnie dunn,ronnie dunn,ronnie dunn,Ronnie Dunn,1iLuTmIgxCEiEllDSWkeIy,country,spotify,artist,2011
ronnie dyson,ronnie dyson,ronnie dyson,ronnie dyson,Ronnie Dyson,3UxJwjLkGvAlRi7NbYekGI,philly soul;classic soul;northern soul;post-disco,spotify,artist,1976
ronnie hawkins,ronnie hawkins,ronnie hawkins,ronnie hawkins,Ronnie Hawkins,5ZnHp781gKfFzPA0TbLknw,,none,artist,1970
ronnie hawkins and the hawks,ronnie hawkins and the hawks,ronnie hawkins,ronnie hawkins,Ronnie Hawkins,5ZnHp781gKfFzPA0TbLknw,,none,l2,1959
ronnie height,ronnie height,ronnie height,ronnie height,RONNIE HEIGHT,3msQ0BGuNeYH87pUyCa424,,none,artist,1959
ronnie laws,ronnie laws,ronnie laws,ronnie laws,Ronnie Laws,4yh5g0DWkL6kRlCH1FPAvC,jazz funk;smooth jazz;acid jazz;jazz fusion,spotify,artist,1981
ronnie love and his orchestra,ronnie love and his orchestra,ronnie love,ronnie love,Ronnie Love,1kxW05e1HgcOpVFnXYGqle,northern soul;rockabilly,spotify,l2,1961
ronnie mcdowell,ronnie mcdowell,ronnie mcdowell,ronnie mcdowell,Ronnie McDowell,0ZZOIWyRv8tdx0kLPlTtMg,classic country,spotify,artist,1978
ronnie milsap,ronnie milsap,ronnie milsap,ronnie milsap,Ronnie Milsap,6Sb8EHpZvyjSTT5KD9DjUZ,classic country;country;traditional country,spotify,artist,1984
ronnie savoy,ronnie savoy,ronnie savoy,ronnie savoy,,,,none,,1961
ronnie spector,ronnie spector,ronnie spector,ronnie spector,Ronnie Spector,3ur7kjN4pd94zjUxrFSMDj,horror punk,spotify,artist,1971
ronnie and the hi-lites,ronnie and the hi-lites,ronnie,ronnie,Ronnie And The Hi-Lites,64NBWzoBYRleutVJjDfpkT,doo-wop,spotify,artist,1962
ronny and the daytonas,ronny and the daytonas,ronny,ronny,Ronny,1y5d1LmE706jNPVBsE0n0X,schlager;sea shanties,spotify,l2,1966
ronny douglas,ronny douglas,ronny douglas,ronny douglas,Ronny Douglas,7Gk7zQEIcdvEBjcGJeRPcX,northern soul,spotify,artist,1961
roosevelt fountain and pens of rhythm,roosevelt fountain and pens of rhythm,roosevelt fountain,roosevelt fountain,,,,none,,1963
rosa linn,rosa linn,rosa linn,rosa linn,Rosa Linn,46xBNx0j6cwY6sD9LgMTm1,,none,artist,2023
rosalia,rosalia,rosalia,rosalia,Rosalia,71PtEDXjsH9TLC8OoPStdu,,none,artist,2022
rosalia & rauw alejandro,rosalia & rauw alejandro,rosalia,rosalia,Rosalia,71PtEDXjsH9TLC8OoPStdu,,none,l2,2023
rosalia & travis scott,rosalia & travis scott,rosalia,rosalia,Rosalia,71PtEDXjsH9TLC8OoPStdu,,none,l2,2020
rosalia featuring the weeknd,rosalia,rosalia,rosalia,Rosalia,71PtEDXjsH9TLC8OoPStdu,,none,l1,2021
rosanne cash,rosanne cash,rosanne cash,rosanne cash,Rosanne Cash,6lx6XS8umFqYRVbBErx9fE,classic country;americana;alt country;folk,spotify,artist,1981
rosco gordon,rosco gordon,rosco gordon,rosco gordon,Rosco Gordon,35SkZMI5CPiCude4FW45O9,boogie-woogie;blues;rockabilly,spotify,artist,1960
rosco martinez,rosco martinez,rosco martinez,rosco martinez,,,,none,,1994
rosco robinson,rosco robinson,rosco robinson,rosco robinson,,,,none,,1966
roscoe dash,roscoe dash,roscoe dash,roscoe dash,Roscoe Dash,0bfX8pF8kuHNCs57Ms4jZb,,none,artist,2012
roscoe dash featuring soulja boy tell'em,roscoe dash,roscoe dash,roscoe dash,Roscoe Dash,0bfX8pF8kuHNCs57Ms4jZb,,none,l1,2010
rose colored glass,rose colored glass,rose colored glass,rose colored glass,,,,none,,1971
rose royce,rose royce,rose royce,rose royce,Rose Royce,1OxJzMLmR9l5zPLap9OxuO,quiet storm;disco;classic soul,spotify,artist,1979
rosemary clooney,rosemary clooney,rosemary clooney,rosemary clooney,Rosemary Clooney,0NkyXWGxE3WTFixDSJ39PK,vocal jazz;big band;christmas,spotify,artist,1960
rosie,rosie,rosie,rosie,ROSIE,2bp65KnFOIsIosBoqPzvNL,,none,artist,1961
rosie and the originals,rosie and the originals,rosie,rosie,ROSIE,2bp65KnFOIsIosBoqPzvNL,,none,l2,1961
"ross lynch, grace phipps and jason evigan","ross lynch, grace phipps and jason evigan",ross lynch,ross lynch,Ross Lynch,4UxLFBvSr4xMDpHe1lrLrH,,none,l2,2013
rossington collins band,rossington collins band,rossington collins band,rossington collins band,Rossington Collins Band,22vadBKWnw6sLJPML2MdKi,southern rock;country rock,spotify,artist,1980
rotary connection,rotary connection,rotary connection,rotary connection,Rotary Connection,3dGTi4MZZo4zXdQaKAS1va,classic soul,spotify,artist,1970
rough trade,rough trade,rough trade,rough trade,Rough Trade,4fd8mrtRK863BrE37LgITd,,none,artist,1983
roula,roula,roula,roula,Roula,5kxZthrgsEh5bONnKr56eO,,none,artist,1995
round robin,round robin,round robin,round robin,Round Robin,1aEDxaUubyLvLj05NJJUXf,,none,artist,1964
roxanne,roxanne,roxanne,roxanne,Roxanne,7tAgr7xmFjzLZqs2xPaPBd,arena rock;aor;glam metal,spotify,artist,1988
roxette,roxette,roxette,roxette,Roxette,2SHhfs4BiDxGQ3oxqf0UHY,swedish pop,spotify,artist,1994
roxy music,roxy music,roxy music,roxy music,Roxy Music,3fhOTtm0LBJ3Ojn4hIljLo,glam rock;art rock,spotify,artist,1980
roy clark,roy clark,roy clark,roy clark,Roy Clark,6iOpZ3mUTWOjjER4mGcZmS,classic country;christian country,spotify,artist,1974
roy drusky,roy drusky,roy drusky,roy drusky,Roy Drusky,76ODQBEHQvAbQIUbALYkyi,traditional country;classic country;christian country;honky tonk,spotify,artist,1961
roy hamilton,roy hamilton,roy hamilton,roy hamilton,Roy Hamilton,1zjgW1JIcOlK6arboSiKUo,,none,artist,1961
roy head,roy head,roy head,roy head,Roy Head,5wKpYtFnMb1OgGxuJsmrPY,rockabilly,spotify,artist,1971
roy head and the traits,roy head and the traits,roy head,roy head,Roy Head,5wKpYtFnMb1OgGxuJsmrPY,rockabilly,spotify,l2,1966
roy orbison,roy orbison,roy orbison,roy orbison,Roy Orbison,0JDkhL4rjiPNEp92jAgJnS,rockabilly,spotify,artist,1989
roy orbison & emmylou harris,roy orbison & emmylou harris,roy orbison,roy orbison,Roy Orbison,0JDkhL4rjiPNEp92jAgJnS,rockabilly,spotify,l2,1980
roy orbison and the candy men,roy orbison and the candy men,roy orbison,roy orbison,Roy Orbison,0JDkhL4rjiPNEp92jAgJnS,rockabilly,spotify,l2,1964
roy rogers,roy rogers,roy rogers,roy rogers,ROY ROGERS,54eAEilYea5cyq4MBq524F,,none,artist,1975
royal philharmonic orchestra,royal philharmonic orchestra,royal philharmonic orchestra,royal philharmonic orchestra,Royal Philharmonic Orchestra,0olxwGdDYUJtsK8B3LUuwj,classical,spotify,artist,1982
royal teens,royal teens,royal teens,royal teens,Royal Teens,2Eh0ohSsLOW7RzToNAsRkg,doo-wop,spotify,artist,1960
royel otis,royel otis,royel otis,royel otis,Royel Otis,5b5bt4mZQpJMoCRbiQ7diH,indie,spotify,artist,2024
rozalla,rozalla,rozalla,rozalla,Rozalla,2wnJCxpnKAagrdBJAvaDrQ,eurodance,spotify,artist,1994
rozetta johnson,rozetta johnson,rozetta johnson,rozetta johnson,Rozetta Johnson,3NeFnGL4kx2lN3jY3KKSYB,northern soul,spotify,artist,1970
rupaul,rupaul,rupaul,rupaul,RuPaul,2SdOKxC1sSxEyv8JYERaNe,ballroom vogue,spotify,artist,1996
rubber rodeo,rubber rodeo,rubber rodeo,rubber rodeo,Rubber Rodeo,3Z0LfVYMu9M5qteRq6ZiJr,,none,artist,1984
ruben studdard,ruben studdard,ruben studdard,ruben studdard,Ruben Studdard,0H0yrKDty3I7pPrNUSH3wW,gospel;gospel r&b,spotify,artist,2006
rubicon,rubicon,rubicon,rubicon,Rubicon,3zifVlZboVdsDh6Nh6desG,,none,artist,1978
ruby and the romantics,ruby and the romantics,ruby,ruby,Ruby And The Romantics,7y0ngZzIllkP8ZOqgTKQFc,doo-wop,spotify,artist,1965
ruby andrews,ruby andrews,ruby andrews,ruby andrews,Ruby Andrews,1mg8nnhxHsBOe2lJHQvGdH,northern soul;classic soul;soul,spotify,artist,1969
ruby winters,ruby winters,ruby winters,ruby winters,Ruby Winters,7e8v9C48pJtQoa5ucb56EJ,northern soul,spotify,artist,1970
ruby wright,ruby wright,ruby wright,ruby wright,Ruby Wright,1jksM8DOlK6YxboHttmEqV,,none,artist,1959
rudimental featuring ed sheeran,rudimental,rudimental,rudimental,Rudimental,4WN5naL3ofxrVBgFpguzKo,,none,l1,2016
ruff endz,ruff endz,ruff endz,ruff endz,Ruff Endz,7liFhc0PDIx8etigqd2WhW,quiet storm;r&b,spotify,artist,2002
ruffneck featuring yavahn,ruffneck,ruffneck,ruffneck,RUFFNECK,7MPtY1p3e5ZixapYgxd9rf,,none,l1,1996
rufus & carla,rufus & carla,rufus,rufus,Rufus & Carla,0QZvxyFZXcweramX6WnRN7,,none,artist,1964
rufus and chaka khan,rufus and chaka khan,rufus,rufus,Rufus,3MCjwjfIor5FkK3h639qkW,quiet storm,spotify,l2,1984
rufus blaq,rufus blaq,rufus blaq,rufus blaq,Rufus Blaq,6uA1jNGT5CJEUM5MEBMgGT,,none,artist,1998
rufus featuring chaka khan,rufus,rufus,rufus,Rufus,3MCjwjfIor5FkK3h639qkW,quiet storm,spotify,l1,1977
rufus thomas,rufus thomas,rufus thomas,rufus thomas,Rufus Thomas,3vsqLrNyfWmJpTjftjzTbo,,none,artist,1972
rufus with chaka khan,rufus with chaka khan,rufus,rufus,Rufus,3MCjwjfIor5FkK3h639qkW,quiet storm,spotify,l2,1982
rufus/chaka khan,rufus,rufus,rufus,Rufus,3MCjwjfIor5FkK3h639qkW,quiet storm,spotify,l1,1978
"rumi, jinu, ejae & andrew choi","rumi, jinu, ejae & andrew choi",rumi,rumi,Rumi,18XMTfdpZNWUtC3RKRhsrC,,none,l2,2025
run-d.m.c.,run-d.m.c.,run-d.m.c.,rundmc,Run-D.M.C.,2D5Wbsa1bfX2Vb3Ipecpa2,,none,artist,1993
runaway june,runaway june,runaway june,runaway june,Runaway June,7yPbJOX7olhT3ynAyuj3Zl,country,spotify,artist,2019
runt,runt,runt,runt,Runt,6PK2b2PTUuXKsq7qoqsi8X,folk punk,spotify,artist,1971
runt-todd rundgren,runt-todd rundgren,runt-todd rundgren,runttodd rundgren,,,,none,,1971
rupee,rupee,rupee,rupee,Rupee,60TYV12IFUaDfnUA0S67zb,soca;dancehall;calypso,spotify,artist,2005
rupert holmes,rupert holmes,rupert holmes,rupert holmes,Rupert Holmes,0TqIPD4IS1w4e30R38B3vj,yacht rock,spotify,artist,1981
rush,rush,rush,rush,Rush,2Hkut4rAAyrQxRdof7FVJq,progressive rock;classic rock;hard rock;rock;aor,spotify,artist,1986
russ,russ,russ,russ,Russ,1z7b1Pr1rSlvWRzsW3HOrS,,none,artist,2023
russ & bia,russ & bia,russ,russ,Russ,1z7b1Pr1rSlvWRzsW3HOrS,,none,l2,2020
russ & ed sheeran,russ & ed sheeran,russ,russ,Russ,1z7b1Pr1rSlvWRzsW3HOrS,,none,l2,2022
russ ballard,russ ballard,russ ballard,russ ballard,Russ Ballard,6lkXS2PLn3FNAkAI76HdWS,,none,artist,1980
russ featuring ktlyn,russ,russ,russ,Russ,1z7b1Pr1rSlvWRzsW3HOrS,,none,l1,2022
russ irwin,russ irwin,russ irwin,russ irwin,Russ Irwin,66CMkVv86OLFmksFPnULzt,arena rock;aor,spotify,artist,1991
russell byrd,russell byrd,russell byrd,russell byrd,Russell Byrd,6zUT7O9hnKCDU3fDOJqJSV,northern soul,spotify,artist,1961
russell dickerson,russell dickerson,russell dickerson,russell dickerson,Russell Dickerson,1E2AEtxaFaJtH0lO7kgNKw,country;pop country,spotify,artist,2025
russell dickerson & jake scott,russell dickerson & jake scott,russell dickerson,russell dickerson,Russell Dickerson,1E2AEtxaFaJtH0lO7kgNKw,country;pop country,spotify,l2,2022
rusted root,rusted root,rusted root,rusted root,Rusted Root,2M3vnW1p5w4uPRkLYTbvdB,,none,artist,1995
rusty draper,rusty draper,rusty draper,rusty draper,Rusty Draper,35pswYHVBIr076EtemYj62,adult standards;traditional country,spotify,artist,1963
rusty wier,rusty wier,rusty wier,rusty wier,Rusty Wier,5lzHv5qwNmlLHFhhL7w9TP,texas country;outlaw country;red dirt,spotify,artist,1975
rusty york,rusty york,rusty york,rusty york,Rusty York,3NVEZEvSlzxzSOZpFGRWlG,rockabilly;bluegrass,spotify,artist,1959
ruth b,ruth b,ruth b,ruth b,Ruth b,1NhmDTd3ck0JXYHTuRZHm4,,none,artist,2016
ruth brown,ruth brown,ruth brown,ruth brown,Ruth Brown,4EYVgfZJ8wKXWmIvCx3gOY,boogie-woogie;jazz blues;swing music;rockabilly;blues,spotify,artist,1962
ryan cabrera,ryan cabrera,ryan cabrera,ryan cabrera,Ryan Cabrera,3C4t1usFGoKHCSRdujm2GN,,none,artist,2005
ryan castro x pe$o pluma,ryan castro x pe$o pluma,ryan castro,ryan castro,Ryan Castro,7j6DKwmjbxvpQO8h914uEz,reggaeton,spotify,l2,2023
ryan duarte,ryan duarte,ryan duarte,ryan duarte,Ryan Duarte,17MU1jI8FK2mJtA2PXRRKN,,none,artist,2004
ryan gosling,ryan gosling,ryan gosling,ryan gosling,Ryan Gosling,6kXm2YCtdUOpRYNKeKhfue,,none,artist,2023
ryan hurd with maren morris,ryan hurd with maren morris,ryan hurd,ryan hurd,Ryan Hurd,7lDVEkjIURPMyUYwoQRrpw,country,spotify,l2,2022
ryan leslie,ryan leslie,ryan leslie,ryan leslie,Ryan Leslie,3aTMDZLtkFlYQfQL7bzccp,,none,artist,2008
rylo rodriguez,rylo rodriguez,rylo rodriguez,rylo rodriguez,Rylo Rodriguez,0gg11prPP6OqtUvBcKnPpq,,none,artist,2023
rylo rodriguez featuring nocap,rylo rodriguez,rylo rodriguez,rylo rodriguez,Rylo Rodriguez,0gg11prPP6OqtUvBcKnPpq,,none,l1,2023
s club 7,s club 7,s club 7,s club 7,,,,none,,2001
s-express,s-express,s-express,sexpress,,,,none,,1988
s.o.a.p.,s.o.a.p.,s.o.a.p.,soap,SOAP,5o5dFyK0UODK3sYQp5ao8V,,none,l3,1998
s.s.o.,s.s.o.,s.s.o.,sso,,,,none,,1976
sf spanish fly,sf spanish fly,sf spanish fly,sf spanish fly,Sf Spanish Fly,3Btbb0uXxFOOmeWrVsyKOU,freestyle;funk melody;latin hip hop;miami bass;chicago house,spotify,artist,1995
shaed,shaed,shaed,shaed,SHAED,3KwmxIhSe9UTSEF37kwngR,,none,artist,2020
shedaisy,shedaisy,shedaisy,shedaisy,SHeDAISY,2qFe0FyUMK8XXoyOsfYJr2,,none,artist,2005
sob x rbe,sob x rbe,sob,sob,SOB X RBE,2TImI3DW7o5MdRXJs4D37h,hyphy,spotify,artist,2018
ssgt barry sadler,ssgt barry sadler,ssgt barry sadler,ssgt barry sadler,,,,none,,1966
swv,swv,swv,swv,SWV,2NmK5FyrQ18HOPXq1UBzqa,new jack swing;r&b,spotify,artist,1998
swv (featuring puff daddy),swv,swv,swv,SWV,2NmK5FyrQ18HOPXq1UBzqa,new jack swing;r&b,spotify,l1,1997
sza,sza,sza,sza,SZA,7tYKF4w9nC0nq9CsPZTHyP,r&b,spotify,artist,2025
sza featuring don toliver,sza,sza,sza,SZA,7tYKF4w9nC0nq9CsPZTHyP,r&b,spotify,l1,2023
sza featuring ol' dirty bastard,sza,sza,sza,SZA,7tYKF4w9nC0nq9CsPZTHyP,r&b,spotify,l1,2022
sza featuring phoebe bridgers,sza,sza,sza,SZA,7tYKF4w9nC0nq9CsPZTHyP,r&b,spotify,l1,2023
sza featuring travis scott,sza,sza,sza,SZA,7tYKF4w9nC0nq9CsPZTHyP,r&b,spotify,l1,2023
sza featuring ty dolla $ign,sza,sza,sza,SZA,7tYKF4w9nC0nq9CsPZTHyP,r&b,spotify,l1,2021
sza with kendrick lamar,sza with kendrick lamar,sza,sza,SZA,7tYKF4w9nC0nq9CsPZTHyP,r&b,spotify,l2,2025
sza x justin timberlake,sza x justin timberlake,sza,sza,SZA,7tYKF4w9nC0nq9CsPZTHyP,r&b,spotify,l2,2020
"sza, the weeknd & travis scott","sza, the weeknd & travis scott",sza,sza,SZA,7tYKF4w9nC0nq9CsPZTHyP,r&b,spotify,l2,2019
safire,safire,safire,safire,Safire,7HZsZ728Eox968phqD2veT,,none,artist,1991
sabrina carpenter,sabrina carpenter,sabrina carpenter,sabrina carpenter,Sabrina Carpenter,74KM79TiuVKeVCqs8QtB0B,pop,spotify,artist,2025
sad cafe,sad cafe,sad cafe,sad cafe,Sad Cafe,0z42pxvl3PTAyC6sdGe3c1,aor;baroque pop,spotify,artist,1981
sada baby featuring nicki minaj,sada baby,sada baby,sada baby,Sada Baby,2JSwnwAT1BupAQkhqcRCUw,,none,l1,2020
sadat x,sadat x,sadat,sadat,Sadat X,1ReV37sGO9H3QAUmTupk94,,none,artist,1996
sade,sade,sade,sade,Sade,47zz7sob9NUcODy0BTDvKx,,none,artist,2010
safaris with the phantom's band,safaris with the phantom's band,safaris,safaris,SAFARIS,3RiHxXc29CvWq8VKWLFMj7,melodic techno;melodic house,spotify,l2,1960
saga,saga,saga,saga,Saga,09u8U2kk11NOZFLcNJEdJF,progressive rock;aor;arena rock;art rock,spotify,artist,1983
sagat,sagat,sagat,sagat,Sagat,2wRVhO48aSB879bPORFbpf,chicago house;hip house,spotify,artist,1994
sage the gemini,sage the gemini,sage the gemini,sage the gemini,Sage The Gemini,6d47Z08T4snK50HgTEHo5Z,hyphy,spotify,artist,2017
sage the gemini featuring iamsu!,sage the gemini,sage the gemini,sage the gemini,Sage The Gemini,6d47Z08T4snK50HgTEHo5Z,hyphy,spotify,l1,2014
sage the gemini featuring nick jonas,sage the gemini,sage the gemini,sage the gemini,Sage The Gemini,6d47Z08T4snK50HgTEHo5Z,hyphy,spotify,l1,2015
sagittarius,sagittarius,sagittarius,sagittarius,Sagittarius,6xkSCwxJW7uGAv86qkl5Nc,,none,artist,1969
saigon kick,saigon kick,saigon kick,saigon kick,Saigon Kick,1Qt3QdA0ZoOoeWfrJzA12d,glam metal;glam rock,spotify,artist,1993
sailcat,sailcat,sailcat,sailcat,Sailcat,5fgVxnlwlHFhYE2QxuHcWe,,none,artist,1972
saint jhn,saint jhn,saint jhn,saint jhn,SAINt JHN,0H39MdGGX6dbnnQPt6NQkZ,,none,artist,2020
saint tropez,saint tropez,saint tropez,saint tropez,Saint Tropez,0fgHs48997SzILs193CR7j,,none,artist,1979
"saja boys: andrew choi, neckwav, danny chung, kevin woo & samuil lee","saja boys: andrew choi, neckwav, danny chung, kevin woo & samuil lee",saja boys: andrew choi,saja boys andrew choi,,,,none,,2025
saliva,saliva,saliva,saliva,Saliva,5S6hjAxgxjsLylsTtMIimO,nu metal;rap metal,spotify,artist,2003
sally field,sally field,sally field,sally field,Sally Field,2BAViIDrv6OSwJyc4XaspY,baroque pop,spotify,artist,1967
salt-n-pepa,salt-n-pepa,salt-n-pepa,saltnpepa,Salt-N-Pepa,7wqtxqI3eo7Gn1P7SpP6cQ,old school hip hop,spotify,artist,1998
salt-n-pepa featuring en vogue,salt-n-pepa,salt-n-pepa,saltnpepa,Salt-N-Pepa,7wqtxqI3eo7Gn1P7SpP6cQ,old school hip hop,spotify,l1,1994
salvage,salvage,salvage,salvage,Salvage,3pakwYP8DjcLqvRFf7Uk3u,,none,artist,1971
sam & bill,sam & bill,sam,sam,Sam & Bill,5DIuI4XOnK4WEtarv2yWWr,,none,artist,1966
sam & dave,sam & dave,sam,sam,Sam & Dave,2BVYdY4PyfCF9z4NrkhEB2,motown;soul;classic soul,spotify,artist,1969
sam adams,sam adams,sam adams,sam adams,Sam Adams,6rutLd7knzS74XXhwPjNRM,,none,artist,2010
sam barber featuring avery anna,sam barber,sam barber,sam barber,Sam Barber,08GfvCW09pv2QP4y9sle2a,country,spotify,l1,2025
sam brown,sam brown,sam brown,sam brown,Sam Brown,3gvT4Mc7kn54IUy08Y0Tr5,,none,artist,1989
sam cooke,sam cooke,sam cooke,sam cooke,Sam Cooke,6hnWRPzGGKiapVX1UCdEAC,motown;soul;classic soul,spotify,artist,1966
sam harris,sam harris,sam harris,sam harris,Sam Harris,5x2QSRTVfMVLiRZpbgJTvY,,none,artist,1986
sam hunt,sam hunt,sam hunt,sam hunt,Sam Hunt,2kucQ9jQwuD8jWdtR9Ef38,country;pop country,spotify,artist,2025
sam neely,sam neely,sam neely,sam neely,Sam Neely,5YpDNLU36qOPEfzgXXNL0y,,none,artist,1977
sam palladio & clare bowen,sam palladio & clare bowen,sam palladio,sam palladio,Sam Palladio,6zO84xQ3YiDtFTfKb2Tg5M,christmas,spotify,l2,2012
sam salter,sam salter,sam salter,sam salter,Sam Salter,0WunUmErbieJiUNcZtKwn4,,none,artist,1998
sam smith,sam smith,sam smith,sam smith,Sam Smith,4kNHs1OvhTfdpGPt7QslOG,jazz fusion;jazz;bebop,spotify,artist,2023
sam smith & demi lovato,sam smith & demi lovato,sam smith,sam smith,Sam Smith,4kNHs1OvhTfdpGPt7QslOG,jazz fusion;jazz;bebop,spotify,l2,2020
sam smith & kim petras,sam smith & kim petras,sam smith,sam smith,Sam Smith,4kNHs1OvhTfdpGPt7QslOG,jazz fusion;jazz;bebop,spotify,l2,2023
sam smith & normani,sam smith & normani,sam smith,sam smith,Sam Smith,4kNHs1OvhTfdpGPt7QslOG,jazz fusion;jazz;bebop,spotify,l2,2019
sam smith featuring logic,sam smith,sam smith,sam smith,Sam Smith,4kNHs1OvhTfdpGPt7QslOG,jazz fusion;jazz;bebop,spotify,l1,2017
sam the sham and the pharaohs,sam the sham and the pharaohs,sam the sham,sam the sham,Sam The Sham,5bWWzYm9ceeupB7ZZWfrMS,,none,l2,1967
samantha barks,samantha barks,samantha barks,samantha barks,Samantha Barks,4gOl5m9dY7IGAipqpul7GZ,musicals,spotify,artist,2013
samantha cole,samantha cole,samantha cole,samantha cole,Samantha Cole,4VnMJXQpix0onjop2VNFvX,,none,artist,1997
samantha fox,samantha fox,samantha fox,samantha fox,Samantha Fox,0ym94xKp2PIOJtTZKpxbAa,hi-nrg;italo disco,spotify,artist,1989
samantha mumba,samantha mumba,samantha mumba,samantha mumba,Samantha Mumba,7L12TqJ0fbwtFljTbwfwRI,,none,artist,2001
samantha sang,samantha sang,samantha sang,samantha sang,Samantha Sang,1IvJtmPLbzpxDxfrw4rMFa,yacht rock,spotify,artist,1979
sami jo,sami jo,sami jo,sami jo,Sami jo,43acd2Fq8Ewxgmvu2wqNYf,,none,artist,1974
sammi smith,sammi smith,sammi smith,sammi smith,Sammi Smith,5kZDCAD5zLelf8NYHoRSHS,classic country;outlaw country;traditional country,spotify,artist,1972
sammie,sammie,sammie,sammie,Sammie,4p07QU02SrLsaORo25h2Lg,,none,artist,2000
sammy davis jr.,sammy davis jr.,sammy davis jr.,sammy davis jr,Sammy Davis Jr.,1NAWG3AngjBXyKbmPaz92D,big band;adult standards;swing music;vocal jazz,spotify,artist,1969
"sammy davis, jr. with the mike curb congregation","sammy davis, jr. with the mike curb congregation",sammy davis,sammy davis,Sammy Davis,3Jvk1fRNWWZvwW3DbDBiqL,,none,l2,1972
sammy hagar,sammy hagar,sammy hagar,sammy hagar,Sammy Hagar,1hXjTjJzZTXDZ75AclOo6N,glam metal;aor;classic rock,spotify,artist,1988
sammy johns,sammy johns,sammy johns,sammy johns,Sammy Johns,5L2UqkzpfZD5OpdA6fSfVH,yacht rock,spotify,artist,1975
sammy kaye and his orchestra,sammy kaye and his orchestra,sammy kaye,sammy kaye,Sammy Kaye and His Orchestra,5ReGan7XIFHboz4YelwwhO,big band,spotify,artist,1964
sammy kershaw,sammy kershaw,sammy kershaw,sammy kershaw,Sammy Kershaw,3tkZthBATD0S45hm1DmB2O,classic country;country;traditional country,spotify,artist,1998
sammy kershaw & lorrie morgan,sammy kershaw & lorrie morgan,sammy kershaw,sammy kershaw,Sammy Kershaw,3tkZthBATD0S45hm1DmB2O,classic country;country;traditional country,spotify,l2,1999
sammy masters,sammy masters,sammy masters,sammy masters,Sammy Masters,0B7vSxGeybLE4STtXT6YNe,rockabilly;rock and roll,spotify,artist,1960
sammy turner,sammy turner,sammy turner,sammy turner,Sammy Turner,7vRKbyzNu0HkFhOmt2ARgV,motown;doo-wop,spotify,artist,1960
sammy turner and the twisters,sammy turner and the twisters,sammy turner,sammy turner,Sammy Turner,7vRKbyzNu0HkFhOmt2ARgV,motown;doo-wop,spotify,l2,1959
san remo golden strings,san remo golden strings,san remo golden strings,san remo golden strings,San Remo Golden Strings,42H0jjSxkK0u5583VOQPTN,northern soul;motown,spotify,artist,1965
sandee,sandee,sandee,sandee,Sandee,35z8HTSE7xlLB8t2EX7SDO,,none,artist,1991
sandie shaw,sandie shaw,sandie shaw,sandie shaw,Sandie Shaw,5uxkcHbgyNbyzq1nyChvCa,,none,artist,1965
sandy nelson,sandy nelson,sandy nelson,sandy nelson,Sandy Nelson,014jAxm71jD7NbsreCGx79,rockabilly,spotify,artist,1964
sandy posey,sandy posey,sandy posey,sandy posey,Sandy Posey,5Xh0e6sCvMXJUNVa4oynvx,,none,artist,1967
sandy stewart,sandy stewart,sandy stewart,sandy stewart,Sandy Stewart,3Guny6rE3VHBKqRIpY0PNu,,none,artist,1963
santa esmeralda,santa esmeralda,santa esmeralda,santa esmeralda,Santa Esmeralda,0iGmfKLgK5eSMgHp8YgLnS,disco,spotify,artist,1978
santa esmeralda starring leroy gomez,santa esmeralda starring leroy gomez,santa esmeralda starring leroy gomez,santa esmeralda starring leroy gomez,,,,none,,1978
santana,santana,santana,santana,Santana,6GI52t8N5F02MxU0g5U69P,,none,artist,1985
santana featuring alex band or chad kroeger,santana,santana,santana,Santana,6GI52t8N5F02MxU0g5U69P,,none,l1,2004
santana featuring chad kroeger,santana,santana,santana,Santana,6GI52t8N5F02MxU0g5U69P,,none,l1,2008
santana featuring michelle branch,santana,santana,santana,Santana,6GI52t8N5F02MxU0g5U69P,,none,l1,2003
santana featuring michelle branch & the wreckers,santana,santana,santana,Santana,6GI52t8N5F02MxU0g5U69P,,none,l1,2005
santana featuring rob thomas,santana,santana,santana,Santana,6GI52t8N5F02MxU0g5U69P,,none,l1,2000
santana featuring the product g&b,santana,santana,santana,Santana,6GI52t8N5F02MxU0g5U69P,,none,l1,2000
santo & johnny,santo & johnny,santo,santo,Santo & Johnny,4hGjngc0tPOBwTgTPci3IK,surf rock;exotica,spotify,artist,1964
sara bareilles,sara bareilles,sara bareilles,sara bareilles,Sara Bareilles,2Sqr0DXoaYABbjBo9HaMkM,,none,artist,2014
sara evans,sara evans,sara evans,sara evans,Sara Evans,7qvsLYsYP0MHD7jkdv6DAG,country;christian country,spotify,artist,2014
sara ramirez,sara ramirez,sara ramirez,sara ramirez,Sara Ramirez,369G5DRwe0MjvyOoyyVXGN,,none,artist,2011
sarah connor,sarah connor,sarah connor,sarah connor,Sarah Connor,7e52Ytzjj1q71DUj2cSlch,german pop;christmas,spotify,artist,2004
sarah dash,sarah dash,sarah dash,sarah dash,Sarah Dash,40GzTuEPg9xjzGeXJESEMH,yacht rock,spotify,artist,1979
sarah jeffery,sarah jeffery,sarah jeffery,sarah jeffery,Sarah Jeffery,0uqrdF1UCmMshSk6veOa5K,,none,artist,2019
sarah mclachlan,sarah mclachlan,sarah mclachlan,sarah mclachlan,Sarah McLachlan,4NgNsOXSwIzXlUIJcpnNUp,,none,artist,2007
sarah vaughan,sarah vaughan,sarah vaughan,sarah vaughan,Sarah Vaughan,1bgyxtWjZwA5PQlDsvs9b8,vocal jazz;jazz,spotify,artist,1966
saraya,saraya,saraya,saraya,Saraya,7EJH4GRkCHu08SoTKVKQm2,,none,artist,1990
sarina paris,sarina paris,sarina paris,sarina paris,Sarina Paris,41gheHlTde3shn2kiwndm7,europop;eurodance,spotify,artist,2001
sass jordan,sass jordan,sass jordan,sass jordan,Sass Jordan,5s2RlLSGQMDvvQcv3dYtAB,blues rock;modern blues,spotify,artist,1994
savage featuring soulja boy tell'em,savage,savage,savage,Savage,2t97iXd3qCH0qMvf83HziW,italo disco;italo dance;hi-nrg,spotify,l1,2008
savage garden,savage garden,savage garden,savage garden,Savage Garden,3NRFinRTEqUCfaTTZmk8ek,,none,artist,2000
saverio saridis,saverio saridis,saverio saridis,saverio saridis,,,,none,,1962
saving abel,saving abel,saving abel,saving abel,Saving Abel,2AVVj8ezW2mJ0v8u7XydiF,post-grunge,spotify,artist,2009
saving jane,saving jane,saving jane,saving jane,Saving Jane,3SFVchRRMmFuOi3Azi0vTo,,none,artist,2006
savoy brown,savoy brown,savoy brown,savoy brown,Savoy Brown,17obwOahRWI121iMUZznh2,blues rock;blues;modern blues;psychedelic rock,spotify,artist,1981
saweetie,saweetie,saweetie,saweetie,Saweetie,6cK3NBO6uP7hh0oyuVELFl,,none,artist,2020
saweetie featuring doja cat,saweetie,saweetie,saweetie,Saweetie,6cK3NBO6uP7hh0oyuVELFl,,none,l1,2021
saweetie featuring h.e.r.,saweetie,saweetie,saweetie,Saweetie,6cK3NBO6uP7hh0oyuVELFl,,none,l1,2022
saweetie featuring jhene aiko,saweetie,saweetie,saweetie,Saweetie,6cK3NBO6uP7hh0oyuVELFl,,none,l1,2021
sawyer brown,sawyer brown,sawyer brown,sawyer brown,Sawyer Brown,50hFWG3MaUUX5phNrrVc97,classic country;country,spotify,artist,1999
sawyer fredericks,sawyer fredericks,sawyer fredericks,sawyer fredericks,Sawyer Fredericks,3GaRKzVcjJv5cIL8CmRAHn,folk pop,spotify,artist,2015
schoolboy q,schoolboy q,schoolboy q,schoolboy q,ScHoolboy Q,5IcR3N7QB1j6KBL8eImZ8m,,none,artist,2019
schoolboy q + travis scott,schoolboy q + travis scott,schoolboy q,schoolboy q,ScHoolboy Q,5IcR3N7QB1j6KBL8eImZ8m,,none,l2,2019
schoolboy q featuring 21 savage,schoolboy q,schoolboy q,schoolboy q,ScHoolboy Q,5IcR3N7QB1j6KBL8eImZ8m,,none,l1,2019
schoolboy q featuring bj the chicago kid,schoolboy q,schoolboy q,schoolboy q,ScHoolboy Q,5IcR3N7QB1j6KBL8eImZ8m,,none,l1,2014
schoolboy q featuring kanye west,schoolboy q,schoolboy q,schoolboy q,ScHoolboy Q,5IcR3N7QB1j6KBL8eImZ8m,,none,l1,2016
schoolboy q featuring kendrick lamar,schoolboy q,schoolboy q,schoolboy q,ScHoolboy Q,5IcR3N7QB1j6KBL8eImZ8m,,none,l1,2014
"schoolboy q, 2 chainz & saudi","schoolboy q, 2 chainz & saudi",schoolboy q,schoolboy q,ScHoolboy Q,5IcR3N7QB1j6KBL8eImZ8m,,none,l2,2018
scandal featuring patty smyth,scandal,scandal,scandal,SCANDAL,7hTZwqQILVH4bAbN67CeEz,j-rock;anime;j-pop,spotify,l1,1985
scarface,scarface,scarface,scarface,Scarface,19KwjzvIL92r29IINtlPNP,southern hip hop;gangster rap;old school hip hop;g-funk,spotify,artist,1995
scarface feat. ice cube,scarface,scarface,scarface,Scarface,19KwjzvIL92r29IINtlPNP,southern hip hop;gangster rap;old school hip hop;g-funk,spotify,l1,1995
scarface featuring 2pac & johnny p,scarface,scarface,scarface,Scarface,19KwjzvIL92r29IINtlPNP,southern hip hop;gangster rap;old school hip hop;g-funk,spotify,l1,1997
scarface featuring jay-z & beanie sigel,scarface,scarface,scarface,Scarface,19KwjzvIL92r29IINtlPNP,southern hip hop;gangster rap;old school hip hop;g-funk,spotify,l1,2002
scarlett & black,scarlett & black,scarlett,scarlett,Scarlett & Black,5WedTUDKS8Ui8MnQEfyiPk,,none,artist,1988
scatman john,scatman john,scatman john,scatman john,Scatman John,4omQQTNN7ILiMsSB2k9eqX,eurodance,spotify,artist,1995
scorpions,scorpions,scorpions,scorpions,Scorpions,27T030eWyCQRmDyuvr1kxY,hard rock;glam metal;rock,spotify,artist,1992
scott english,scott english,scott english,scott english,Scott English,0o5Y1P7CE982DXxW28v3H8,doo-wop,spotify,artist,1972
scott garrett,scott garrett,scott garrett,scott garrett,Scott Garrett,2JQ7e4ZwgichFxTwvQl66N,rockabilly,spotify,artist,1959
scott mckenzie,scott mckenzie,scott mckenzie,scott mckenzie,Scott McKenzie,7d7AZ3CQC457bFhK0wHpSO,,none,artist,1967
scotty emerick with toby keith,scotty emerick with toby keith,scotty emerick,scotty emerick,Scotty Emerick,272S8iugLIOLrjNZYDDqMj,,none,l2,2003
scotty mccreery,scotty mccreery,scotty mccreery,scotty mccreery,Scotty McCreery,6ZV6lGY0prbqpTD0Md8i29,country;acoustic country,spotify,artist,2023
scotty mccreery & hootie & the blowfish,scotty mccreery & hootie & the blowfish,scotty mccreery,scotty mccreery,Scotty McCreery,6ZV6lGY0prbqpTD0Md8i29,country;acoustic country,spotify,l2,2025
scritti politti,scritti politti,scritti politti,scritti politti,Scritti Politti,59luKpdal8UwxcuLJNoKwS,synthpop;new wave,spotify,artist,1986
scritti politti featuring roger,scritti politti,scritti politti,scritti politti,Scritti Politti,59luKpdal8UwxcuLJNoKwS,synthpop;new wave,spotify,l1,1988
sea level,sea level,sea level,sea level,SEA LEVEL,6na2JlJBC5TwSjvYxg7Ekl,,none,artist,1978
seal,seal,seal,seal,Seal,5GtMEZEeFFsuHY8ad4kOxv,,none,artist,2004
seals & crofts,seals & crofts,seals,seals,Seals,3OStLMSee4zTtFai4Ollop,,none,l2,1978
seals & crofts (featuring carolyn willis),seals & crofts,seals,seals,Seals,3OStLMSee4zTtFai4Ollop,,none,l2,1976
sean kingston,sean kingston,sean kingston,sean kingston,Sean Kingston,6S0dmVVn4udvppDhZIWxCr,,none,artist,2010
sean kingston & justin bieber,sean kingston & justin bieber,sean kingston,sean kingston,Sean Kingston,6S0dmVVn4udvppDhZIWxCr,,none,l2,2010
sean kingston featuring chris brown & wiz khalifa,sean kingston,sean kingston,sean kingston,Sean Kingston,6S0dmVVn4udvppDhZIWxCr,,none,l1,2013
sean kingston featuring elan & juelz santana,sean kingston,sean kingston,sean kingston,Sean Kingston,6S0dmVVn4udvppDhZIWxCr,,none,l1,2008
sean kingston featuring nicki minaj,sean kingston,sean kingston,sean kingston,Sean Kingston,6S0dmVVn4udvppDhZIWxCr,,none,l1,2011
sean paul,sean paul,sean paul,sean paul,Sean Paul,2ZVEnkCKF0ytNHpj9cLxte,,none,artist,2012
sean paul feat. keyshia cole,sean paul,sean paul,sean paul,Sean Paul,2ZVEnkCKF0ytNHpj9cLxte,,none,l1,2006
sean paul featuring alexis jordan,sean paul,sean paul,sean paul,Sean Paul,2ZVEnkCKF0ytNHpj9cLxte,,none,l1,2011
