artist,l1,l2,l3,matched_name,spotify_artist_id,genres_raw,source,matched_from,last_chart_year
sean paul featuring sasha,sean paul,sean paul,sean paul,Sean Paul,2ZVEnkCKF0ytNHpj9cLxte,dancehall;pop;electropop;dance-pop;ragga,musicbrainz,l1,2004
seatrain,seatrain,seatrain,seatrain,Seatrain,4LPvNsd8x4vqhqvy67OQCe,progressive folk;folk rock;psychedelic folk;jazz,musicbrainz,artist,1971
sebastian yatra,sebastian yatra,sebastian yatra,sebastian yatra,Sebastian Yatra,07YUOmWljBTXwIseAUd9TW,colombian pop;reggaeton,spotify,artist,2022
"sech, daddy yankee & j balvin featuring rosalia & farruko","sech, daddy yankee & j balvin",sech,sech,Sech,77ziqFxp5gaInVrF2lj4ht,reggaeton;urbano latino,spotify,l2,2020
"sech, darell, nicky jam, ozuna & anuel aa","sech, darell, nicky jam, ozuna & anuel aa",sech,sech,Sech,77ziqFxp5gaInVrF2lj4ht,reggaeton;urbano latino,spotify,l2,2019
secondhand serenade,secondhand serenade,secondhand serenade,secondhand serenade,Secondhand Serenade,6eouuqqGggqDlYRV63cgPo,emo,spotify,artist,2009
secret ties,secret ties,secret ties,secret ties,,,,none,,1987
seduction,seduction,seduction,seduction,Seduction,66pXn4ZrPf6yzk5PHGkUZA,freestyle,spotify,artist,1990
seether,seether,seether,seether,Seether,6B5c4sch27tWHAGdarpPaW,post-grunge;alternative metal;rock,spotify,artist,2011
seether featuring amy lee,seether,seether,seether,Seether,6B5c4sch27tWHAGdarpPaW,post-grunge;alternative metal;rock,spotify,l1,2005
seiko & donnie wahlberg,seiko & donnie wahlberg,seiko,seiko,SEIKO,6hrcbttKSlKdPTo7bKbOab,j-r&b;new jack swing,spotify,l2,1990
selena,selena,selena,selena,SELENA,43wmHfcsgPq5yhOWqNI52Q,vocaloid,spotify,artist,1996
selena gomez,selena gomez,selena gomez,selena gomez,Selena Gomez,0C8ZW7ezQVs4URX5aX7Kqx,pop;dance-pop;electropop;electro house;teen pop,musicbrainz,artist,2024
selena gomez & benny blanco,selena gomez & benny blanco,selena gomez,selena gomez,Selena Gomez,0C8ZW7ezQVs4URX5aX7Kqx,pop;dance-pop;electropop;electro house;teen pop,musicbrainz,l2,2025
selena gomez & demi lovato,selena gomez & demi lovato,selena gomez,selena gomez,Selena Gomez,0C8ZW7ezQVs4URX5aX7Kqx,pop;dance-pop;electropop;electro house;teen pop,musicbrainz,l2,2009
selena gomez & the scene,selena gomez & the scene,selena gomez,selena gomez,Selena Gomez,0C8ZW7ezQVs4URX5aX7Kqx,pop;dance-pop;electropop;electro house;teen pop,musicbrainz,l2,2012
selena gomez featuring a$ap rocky,selena gomez,selena gomez,selena gomez,Selena Gomez,0C8ZW7ezQVs4URX5aX7Kqx,pop;dance-pop;electropop;electro house;teen pop,musicbrainz,l1,2016
selena gomez featuring gucci mane,selena gomez,selena gomez,selena gomez,Selena Gomez,0C8ZW7ezQVs4URX5aX7Kqx,pop;dance-pop;electropop;electro house;teen pop,musicbrainz,l1,2017
selena gomez with rauw alejandro,selena gomez with rauw alejandro,selena gomez,selena gomez,Selena Gomez,0C8ZW7ezQVs4URX5aX7Kqx,pop;dance-pop;electropop;electro house;teen pop,musicbrainz,l2,2021
selena gomez x marshmello,selena gomez x marshmello,selena gomez,selena gomez,Selena Gomez,0C8ZW7ezQVs4URX5aX7Kqx,pop;dance-pop;electropop;electro house;teen pop,musicbrainz,l2,2018
"selena gomez, benny blanco & gracie abrams","selena gomez, benny blanco & gracie abrams",selena gomez,selena gomez,Selena Gomez,0C8ZW7ezQVs4URX5aX7Kqx,pop;dance-pop;electropop;electro house;teen pop,musicbrainz,l2,2025
"selena gomez, benny blanco & the marias","selena gomez, benny blanco & the marias",selena gomez,selena gomez,Selena Gomez,0C8ZW7ezQVs4URX5aX7Kqx,pop;dance-pop;electropop;electro house;teen pop,musicbrainz,l2,2025
senator bobby & senator mckinley,senator bobby & senator mckinley,senator bobby,senator bobby,Senator Bobby,72V8UKYw17GjsPjH7C5XIH,philly soul,spotify,l2,1967
senator bobby featuring bill minkin,senator bobby,senator bobby,senator bobby,Senator Bobby,72V8UKYw17GjsPjH7C5XIH,philly soul,spotify,l1,1967
senator everett mckinley dirksen,senator everett mckinley dirksen,senator everett mckinley dirksen,senator everett mckinley dirksen,,,,none,,1967
september,september,september,september,September,3ZwN2fJK0cf4FBp8RkYd8Q,dance;pop and chart,musicbrainz,artist,2008
sergio mendes,sergio mendes,sergio mendes,sergio mendes,Sergio Mendes,0MHaW3zlBrMckDiPkgYWwr,bossa nova;latin jazz;jazz;disco;pianist,musicbrainz,artist,1984
sergio mendes & brasil '66,sergio mendes & brasil '66,sergio mendes,sergio mendes,Sergio Mendes,0MHaW3zlBrMckDiPkgYWwr,bossa nova;latin jazz;jazz;disco;pianist,musicbrainz,l2,1969
serj tankian,serj tankian,serj tankian,serj tankian,Serj Tankian,0BEI7i5sgUuivcfwXLzFmM,experimental rock;alternative metal;rock;alternative rock;progressive rock,musicbrainz,artist,2007
"sevdaliza, pabllo vittar & yseult","sevdaliza, pabllo vittar & yseult",sevdaliza,sevdaliza,Sevdaliza,5MraexJKZDrQYzS98kNwie,electronic;pop;dance;hip hop;indie,musicbrainz,l2,2024
seven mary three,seven mary three,seven mary three,seven mary three,Seven Mary Three,2zsLaQhHFdQPdFXqG1nRmM,post-grunge;grunge,spotify,artist,1996
sevyn streeter featuring chris brown,sevyn streeter,sevyn streeter,sevyn streeter,Sevyn Streeter,6If57j6e3TXXk0HiLcIZca,r&b,spotify,l1,2014
sexyy red,sexyy red,sexyy red,sexyy red,Sexyy Red,3DbwFQlvLxRSi2uX8mf81A,hip hop;trap,musicbrainz,artist,2024
sexyy red & bruno mars,sexyy red & bruno mars,sexyy red,sexyy red,Sexyy Red,3DbwFQlvLxRSi2uX8mf81A,hip hop;trap,musicbrainz,l2,2025
sexyy red & drake,sexyy red & drake,sexyy red,sexyy red,Sexyy Red,3DbwFQlvLxRSi2uX8mf81A,hip hop;trap,musicbrainz,l2,2024
sexyy red & tay keith & nicki minaj,sexyy red & tay keith & nicki minaj,sexyy red,sexyy red,Sexyy Red,3DbwFQlvLxRSi2uX8mf81A,hip hop;trap,musicbrainz,l2,2023
sha na na,sha na na,sha na na,sha na na,Sha Na Na,2SmjZ060s1uBMud6afmImP,musicals;doo-wop,spotify,artist,1975
shabba ranks,shabba ranks,shabba ranks,shabba ranks,Shabba Ranks,3j7Sw80qzL2FJlryUhI3wG,dancehall;ragga;reggae;lovers rock,spotify,artist,1995
shabba ranks (featuring johnny gill),shabba ranks,shabba ranks,shabba ranks,Shabba Ranks,3j7Sw80qzL2FJlryUhI3wG,dancehall;ragga;reggae;lovers rock,spotify,l1,1993
shabba ranks (featuring maxi priest),shabba ranks,shabba ranks,shabba ranks,Shabba Ranks,3j7Sw80qzL2FJlryUhI3wG,dancehall;ragga;reggae;lovers rock,spotify,l1,1992
shabba ranks featuring patra and terri & monica,shabba ranks,shabba ranks,shabba ranks,Shabba Ranks,3j7Sw80qzL2FJlryUhI3wG,dancehall;ragga;reggae;lovers rock,spotify,l1,1994
shaboozey,shaboozey,shaboozey,shaboozey,Shaboozey,3y2cIKLjiOlp1Np37WiUdH,country;hip hop;country pop;stomp and holler,musicbrainz,artist,2025
shaboozey & jelly roll,shaboozey & jelly roll,shaboozey,shaboozey,Shaboozey,3y2cIKLjiOlp1Np37WiUdH,country;hip hop;country pop;stomp and holler,musicbrainz,l2,2025
shades,shades,shades,shades,Shades,3hZYcnuncZYCJzqO9pwpAK,drumstep;bass music;dubstep,spotify,artist,1997
shades of blue,shades of blue,shades of blue,shades of blue,Shades Of Blue,3kzeaOVmlageWLAX1CRODw,,none,artist,1966
shadows of knight,shadows of knight,shadows of knight,shadows of knight,,,garage rock;psychedelic rock,musicbrainz,,1968
shae jones,shae jones,shae jones,shae jones,Shae Jones,5qtdcfmOeoM8S9IdhvGlXG,quiet storm;contemporary r&b,spotify,artist,1999
shaggy,shaggy,shaggy,shaggy,Shaggy,5MKz87111LBfgVVTwWLpte,dancehall;reggae;reggae-pop;ragga;dance-pop,musicbrainz,artist,1995
shaggy (featuring marsha),shaggy,shaggy,shaggy,Shaggy,5MKz87111LBfgVVTwWLpte,dancehall;reggae;reggae-pop;ragga;dance-pop,musicbrainz,l1,1997
"shaggy feat. ricardo ""rikrok"" ducent",shaggy,shaggy,shaggy,Shaggy,5MKz87111LBfgVVTwWLpte,dancehall;reggae;reggae-pop;ragga;dance-pop,musicbrainz,l1,2001
shaggy featuring janet,shaggy,shaggy,shaggy,Shaggy,5MKz87111LBfgVVTwWLpte,dancehall;reggae;reggae-pop;ragga;dance-pop,musicbrainz,l1,1999
"shaggy featuring mohombi, faydee, costi",shaggy,shaggy,shaggy,Shaggy,5MKz87111LBfgVVTwWLpte,dancehall;reggae;reggae-pop;ragga;dance-pop,musicbrainz,l1,2015
shaggy featuring rayvon,shaggy,shaggy,shaggy,Shaggy,5MKz87111LBfgVVTwWLpte,dancehall;reggae;reggae-pop;ragga;dance-pop,musicbrainz,l1,2001
shai,shai,shai,shai,Shai,72y3ZI95ctkQC2O4mjBaU3,new jack swing;quiet storm;r&b,spotify,artist,1996
shakespear's sister,shakespear's sister,shakespear's sister,shakespears sister,Shakespears Sister,7ooOn6bokl4mGV4CEaUz6A,pop;female vocalists;adult contemporary;alternative pop,musicbrainz,l3,1993
shakin' stevens,shakin' stevens,shakin' stevens,shakin stevens,Shakin' Stevens,0wi4yTYlGtEnbGo4ltZTib,christmas;rockabilly,spotify,artist,1984
shakira,shakira,shakira,shakira,Shakira,0EmeFodog0BfCgMzAIvKQp,latin pop,spotify,artist,2023
shakira & cardi b,shakira & cardi b,shakira,shakira,Shakira,0EmeFodog0BfCgMzAIvKQp,latin pop,spotify,l2,2024
shakira & rauw alejandro,shakira & rauw alejandro,shakira,shakira,Shakira,0EmeFodog0BfCgMzAIvKQp,latin pop,spotify,l2,2022
shakira + ozuna,shakira + ozuna,shakira,shakira,Shakira,0EmeFodog0BfCgMzAIvKQp,latin pop,spotify,l2,2023
shakira feat. alejandro sanz,shakira,shakira,shakira,Shakira,0EmeFodog0BfCgMzAIvKQp,latin pop,spotify,l1,2005
shakira featuring el cata or dizzee rascal,shakira,shakira,shakira,Shakira,0EmeFodog0BfCgMzAIvKQp,latin pop,spotify,l1,2011
shakira featuring freshlyground,shakira,shakira,shakira,Shakira,0EmeFodog0BfCgMzAIvKQp,latin pop,spotify,l1,2010
shakira featuring lil wayne,shakira,shakira,shakira,Shakira,0EmeFodog0BfCgMzAIvKQp,latin pop,spotify,l1,2010
shakira featuring maluma,shakira,shakira,shakira,Shakira,0EmeFodog0BfCgMzAIvKQp,latin pop,spotify,l1,2017
shakira featuring nicky jam,shakira,shakira,shakira,Shakira,0EmeFodog0BfCgMzAIvKQp,latin pop,spotify,l1,2017
shakira featuring rihanna,shakira,shakira,shakira,Shakira,0EmeFodog0BfCgMzAIvKQp,latin pop,spotify,l1,2014
shakira featuring wyclef jean,shakira,shakira,shakira,Shakira,0EmeFodog0BfCgMzAIvKQp,latin pop,spotify,l1,2006
shakira x fuerza regida,shakira x fuerza regida,shakira,shakira,Shakira,0EmeFodog0BfCgMzAIvKQp,latin pop,spotify,l2,2023
shalamar,shalamar,shalamar,shalamar,Shalamar,3REpOYo13YkVj1dFzda12A,post-disco;disco;funk,spotify,artist,1985
shamus m'cool,shamus m'cool,shamus m'cool,shamus mcool,,,,none,,1981
shana,shana,shana,shana,Shana,5CXOHLCaT1T30cBkpBB9CO,funk melody;freestyle;miami bass,spotify,artist,1990
shane minor,shane minor,shane minor,shane minor,Shane Minor,1QheZc3qNofzVJzUD92jyZ,traditional country,spotify,artist,1999
shango,shango,shango,shango,Shango,6Z9QjuXJ7r60HjTIhMlcmA,zouk,spotify,artist,1969
shania twain,shania twain,shania twain,shania twain,Shania Twain,5e4Dhzv426EvQe3aDb64jL,country,spotify,artist,2011
shania twain with billy currington or mark mcgrath,shania twain with billy currington or mark mcgrath,shania twain,shania twain,Shania Twain,5e4Dhzv426EvQe3aDb64jL,country,spotify,l2,2005
shanice,shanice,shanice,shanice,Shanice,0Ttph0pOZiPNTD3y2wUUb6,new jack swing,spotify,artist,1999
shanice wilson,shanice wilson,shanice wilson,shanice wilson,Shanice Wilson,6bdynXw42zLZpIS5NTMot6,new jack swing,spotify,artist,1988
shannon,shannon,shannon,shannon,Shannon,2O8QAJmRrwkFXq2aWZnHYB,freestyle;hi-nrg;post-disco,spotify,artist,1985
shaquille o'neal,shaquille o'neal,shaquille o'neal,shaquille oneal,,,hip hop,musicbrainz,,1995
"shaquille o'neal, ice cube, b real, peter gunz & krs-one","shaquille o'neal, ice cube, b real, peter gunz & krs-one",shaquille o'neal,shaquille oneal,,,,none,,1997
shareefa featuring ludacris,shareefa,shareefa,shareefa,Shareefa,6PCMMSSuTf9iCVVxYru5XI,r&b,musicbrainz,l1,2006
sharissa,sharissa,sharissa,sharissa,Sharissa,7MpFA6htW2SzASIffy6jz2,,none,artist,2002
sharon bryant,sharon bryant,sharon bryant,sharon bryant,Sharon Bryant,5spZuyRUAg98WfNBVmuEbu,quiet storm,spotify,artist,1990
sharon paige and harold melvin and the blue notes,sharon paige and harold melvin and the blue notes,sharon paige,sharon paige,Sharon Paige,112QjqKDa4MQbs0FhOAgNk,philly soul;northern soul;soul blues,spotify,l2,1975
sharpees,sharpees,sharpees,sharpees,,,,none,,1966
shaun cassidy,shaun cassidy,shaun cassidy,shaun cassidy,Shaun Cassidy,6XJ5IHDtW2OkjtwVllkANt,,none,artist,1978
shawn christopher,shawn christopher,shawn christopher,shawn christopher,Shawn Christopher,3TONYCzAeoUCwR3i1nAQwB,chicago house,spotify,artist,1992
shawn colvin,shawn colvin,shawn colvin,shawn colvin,Shawn Colvin,0K7VN4aHxHcEb7PqkfoIVA,folk;rock;contemporary folk,musicbrainz,artist,1998
shawn mendes,shawn mendes,shawn mendes,shawn mendes,Shawn Mendes,7n2wHs1TKAczGzO7Dd2rGr,pop;folk pop;pop rock;pop soul;teen pop,musicbrainz,artist,2024
shawn mendes & camila cabello,shawn mendes & camila cabello,shawn mendes,shawn mendes,Shawn Mendes,7n2wHs1TKAczGzO7Dd2rGr,pop;folk pop;pop rock;pop soul;teen pop,musicbrainz,l2,2020
shawn mendes & justin bieber,shawn mendes & justin bieber,shawn mendes,shawn mendes,Shawn Mendes,7n2wHs1TKAczGzO7Dd2rGr,pop;folk pop;pop rock;pop soul;teen pop,musicbrainz,l2,2021
shawn mendes & tainy,shawn mendes & tainy,shawn mendes,shawn mendes,Shawn Mendes,7n2wHs1TKAczGzO7Dd2rGr,pop;folk pop;pop rock;pop soul;teen pop,musicbrainz,l2,2021
shawn mendes featuring khalid,shawn mendes,shawn mendes,shawn mendes,Shawn Mendes,7n2wHs1TKAczGzO7Dd2rGr,pop;folk pop;pop rock;pop soul;teen pop,musicbrainz,l1,2018
shawn mendes x zedd,shawn mendes x zedd,shawn mendes,shawn mendes,Shawn Mendes,7n2wHs1TKAczGzO7Dd2rGr,pop;folk pop;pop rock;pop soul;teen pop,musicbrainz,l2,2019
shawn mullins,shawn mullins,shawn mullins,shawn mullins,Shawn Mullins,4TROLx8HvrnfGGNo2ngL2N,alternative rock;folk;american;classic pop and rock,musicbrainz,artist,1999
shawn phillips,shawn phillips,shawn phillips,shawn phillips,Shawn Phillips,0qgbJLYz20q47xKIkkXBG9,folk rock;folk,spotify,artist,1973
shawn stockman,shawn stockman,shawn stockman,shawn stockman,Shawn Stockman,19dyJWLCu4CSuTgZN1l9Zn,quiet storm,spotify,artist,1996
shawnna,shawnna,shawnna,shawnna,Shawnna,4gpDA7R5796e6zbvZxGNga,southern hip hop,spotify,artist,2006
shawnna featuring ludacris,shawnna,shawnna,shawnna,Shawnna,4gpDA7R5796e6zbvZxGNga,southern hip hop,spotify,l1,2004
shawty lo,shawty lo,shawty lo,shawty lo,Shawty Lo,5mNB8ykTlENptzmsxXRtdS,southern hip hop;crunk,spotify,artist,2008
she moves,she moves,she moves,she moves,She Moves,5FIwcOeHJKwLWh7NA2pSfU,far away,musicbrainz,artist,1998
sheb wooley,sheb wooley,sheb wooley,sheb wooley,Sheb Wooley,2dOTS74R4yPISc7AVU9QzD,rockabilly;country;comedy;rock and roll;novelty,musicbrainz,artist,1962
sheck wes,sheck wes,sheck wes,sheck wes,Sheck Wes,2RDOrhPqAM4jzTRCEb19qX,trap,musicbrainz,artist,2019
sheena easton,sheena easton,sheena easton,sheena easton,Sheena Easton,5dcOK4stT4JDkP6Dqhbz5s,pop;dance;country;ballad;adult contemporary,musicbrainz,artist,1991
sheila,sheila,sheila,sheila,Sheila,5fhRcv2KU96vbXqNE2FEdu,variété française;disco;chanson;french pop,spotify,artist,1982
sheila e.,sheila e.,sheila e.,sheila e,Sheila E.,6OQrOpxSIfPai3cFaN4v4P,pop;funk;percussion,musicbrainz,artist,1987
shelby flint,shelby flint,shelby flint,shelby flint,Shelby Flint,55APUUV6bCtJVEF1O2jKNT,singer-songwriter,musicbrainz,artist,1966
shelley fabares,shelley fabares,shelley fabares,shelley fabares,Shelley Fabares,6ZID5oFfvvgzIRrqXaTJSy,doo-wop,spotify,artist,1963
shep and the limelites,shep and the limelites,shep,shep,Shep And The Limelites,3xaiq6cHhYX5xclwRkT6Jf,doo-wop,spotify,artist,1963
sheppard,sheppard,sheppard,sheppard,Sheppard,6VxCmtR7S3yz4vnzsJqhSV,indie pop;pop rock,musicbrainz,artist,2015
sherbet,sherbet,sherbet,sherbet,sherbet,4kYn3NHCyCcx3WcQbpavHP,soft rock;aor,musicbrainz,artist,1976
sherbs,sherbs,sherbs,sherbs,,,,none,,1981
sheriff,sheriff,sheriff,sheriff,Sheriff,5jllns7VtBfhF3AyjvZP8d,glam metal,spotify,artist,1989
sherrie austin,sherrie austin,sherrie austin,sherrie austin,,,country;aln-sh,musicbrainz,,1999
sheryl crow,sheryl crow,sheryl crow,sheryl crow,Sheryl Crow,4TKTii6gnOnUXQHyuo9JaD,rock;pop;americana;alternative rock;country rock,musicbrainz,artist,2013
sheryl crow & sting,sheryl crow & sting,sheryl crow,sheryl crow,Sheryl Crow,4TKTii6gnOnUXQHyuo9JaD,rock;pop;americana;alternative rock;country rock,musicbrainz,l2,2006
"sheryl crow, kid rock & keith urban","sheryl crow, kid rock & keith urban",sheryl crow,sheryl crow,Sheryl Crow,4TKTii6gnOnUXQHyuo9JaD,rock;pop;americana;alternative rock;country rock,musicbrainz,l2,2010
shinedown,shinedown,shinedown,shinedown,Shinedown,70BYFdaZbEKbeauJ670ysI,post-grunge;alternative metal;rock,spotify,artist,2012
shiny toy guns,shiny toy guns,shiny toy guns,shiny toy guns,Shiny Toy Guns,6UocZe4AprSYBvmn3J0oqY,united states;indie;rock;electronica;american,musicbrainz,artist,2010
shirley & lee,shirley & lee,shirley,shirley,Shirley & Lee,7kowgNVIlvDxx9Uhvcft5Y,doo-wop,spotify,artist,1961
shirley & squirrely,shirley & squirrely,shirley,shirley,,,,none,,1976
shirley and company,shirley and company,shirley,shirley,,,disco;classic pop and rock,musicbrainz,,1975
shirley bassey,shirley bassey,shirley bassey,shirley bassey,Shirley Bassey,090VebphoycdEyH165iMqc,easy listening,spotify,artist,1973
shirley brown,shirley brown,shirley brown,shirley brown,Shirley Brown,5EORJzqrFf7pwweCv9fUnV,classic soul;soul;blues,spotify,artist,1975
shirley caesar,shirley caesar,shirley caesar,shirley caesar,Shirley Caesar,5hrUVXJsPParZB87QtAz1R,gospel,spotify,artist,1975
shirley ellis,shirley ellis,shirley ellis,shirley ellis,Shirley Ellis,4GO3ufZJ7YsEnQ3PiML2Dg,northern soul,spotify,artist,1967
shirley lewis,shirley lewis,shirley lewis,shirley lewis,Shirley Lewis,0IsiGzCZIshsWOTI9iN7ie,,none,artist,1989
shirley murdock,shirley murdock,shirley murdock,shirley murdock,Shirley Murdock,446ZfKMyzU2hwfHA4CI3dy,quiet storm,spotify,artist,1987
shirley and lee,shirley and lee,shirley,shirley,,,,none,,1960
shoes,shoes,shoes,shoes,Shoes,1SyCQtKtDtMfJBBKGm0A8B,power pop;jangle pop,spotify,artist,1979
shontelle,shontelle,shontelle,shontelle,Shontelle,4M6Z1wubeKtwPqbjJygTOc,contemporary r&b;pop,musicbrainz,artist,2010
shooting star,shooting star,shooting star,shooting star,Shooting Star,0UQrtn8QMXcnA0aEtjpQQu,,none,artist,1989
shop boyz,shop boyz,shop boyz,shop boyz,SHOP BOYZ,3v3clM1KQgVfpPjKJFPAmx,hip hop,musicbrainz,artist,2007
shoreline mafia presents ohgeesy & fenix flexin,shoreline mafia presents ohgeesy & fenix flexin,shoreline mafia presents ohgeesy,shoreline mafia presents ohgeesy,,,,none,,2024
shorty long,shorty long,shorty long,shorty long,Shorty Long,2aJC0GVDp9BwwQgXUjZ65K,,none,artist,1968
shot in the dark,shot in the dark,shot in the dark,shot in the dark,Shot In The Dark,6jVgAwagbS8DxWwt2kzgEn,,none,artist,1981
shwayze,shwayze,shwayze,shwayze,Shwayze,6f0hUHWLOCxCSDQMtdVAS7,alternative hip hop,musicbrainz,artist,2008
shwayze featuring cisco adler,shwayze,shwayze,shwayze,Shwayze,6f0hUHWLOCxCSDQMtdVAS7,alternative hip hop,musicbrainz,l1,2008
shyheim,shyheim,shyheim,shyheim,Shyheim,4wHnqY2AhYuZArNOPZ2RCb,hip hop,musicbrainz,artist,1994
shyne featuring barrington levy,shyne,shyne,shyne,Shyne,64ovxBmjJ9ZDqkzEXVWpVc,east coast hip hop,spotify,l1,2000
si zentner and his orchestra,si zentner and his orchestra,si zentner,si zentner,Si Zentner,4ktfAENbpoxfR7STEtKBM6,exotica;big band;easy listening,spotify,l2,1962
sia,sia,sia,sia,Sia,5WUlDfRSoLAfcVSX1WnrxN,pop;electropop;indie pop;dance-pop;australian,musicbrainz,artist,2025
sia featuring kendrick lamar,sia,sia,sia,Sia,5WUlDfRSoLAfcVSX1WnrxN,pop;electropop;indie pop;dance-pop;australian,musicbrainz,l1,2017
sia featuring sean paul,sia,sia,sia,Sia,5WUlDfRSoLAfcVSX1WnrxN,pop;electropop;indie pop;dance-pop;australian,musicbrainz,l1,2017
sick puppies,sick puppies,sick puppies,sick puppies,SICK PUPPIES,7qAcXJgt1PWnxwUgxMdyuk,rock;alternative rock;post-grunge;australian;hard rock,musicbrainz,artist,2011
siedah garrett,siedah garrett,siedah garrett,siedah garrett,Siedah Garrett,7EVlecngyrLHfQUqFMpwkT,,none,artist,1988
sil austin,sil austin,sil austin,sil austin,Sil Austin,4ZER6Et93aVvfwzaiwjjbI,doo-wop,spotify,artist,1959
silento,silento,silento,silento,Silento,48GIkWoBCZ5UPe634lOnfc,,none,artist,2016
silk,silk,silk,silk,Silk,3Z71jEhwoPE4xzzUNhKKGD,quiet storm;new jack swing;r&b,spotify,artist,1999
silk city x dua lipa,silk city x dua lipa,silk city,silk city,Silk City,2X97ZAqRKRMYFIDqtvGgGc,songs,musicbrainz,l2,2019
silk sonic (bruno mars & anderson .paak),silk sonic,silk sonic,silk sonic,Silk Sonic,6PvvGcCY2XtUcSRld1Wilr,funk;r&b;soul;supergroup,musicbrainz,l1,2022
silk sonic (bruno mars & anderson .paak) with thundercat & bootsy collins,silk sonic,silk sonic,silk sonic,Silk Sonic,6PvvGcCY2XtUcSRld1Wilr,funk;r&b;soul;supergroup,musicbrainz,l1,2021
"silkk the shocker featuring master p, destiny's child, o'dell, mo",silkk the shocker,silkk the shocker,silkk the shocker,Silkk The Shocker,0iEVT8dLNSSmipPOrDGu2z,southern hip hop;new orleans bounce,spotify,l1,1998
silkk the shocker featuring mystikal,silkk the shocker,silkk the shocker,silkk the shocker,Silkk The Shocker,0iEVT8dLNSSmipPOrDGu2z,southern hip hop;new orleans bounce,spotify,l1,1999
silver,silver,silver,silver,Silver,7oeuJSyVZTCkm3BurLz8cG,jazz;hard bop;soul jazz,musicbrainz,artist,1976
silver condor,silver condor,silver condor,silver condor,Silver Condor,29depPcBWPGMjwZeqJHbQi,aor;arena rock,spotify,artist,1981
silver convention,silver convention,silver convention,silver convention,Silver Convention,5QHvbEwccF3WANUD5lEIuA,disco,spotify,artist,1976
silverado,silverado,silverado,silverado,Silverado,2NQ4iy4ku04wNsTwg691rc,,none,artist,1981
silversun pickups,silversun pickups,silversun pickups,silversun pickups,Silversun Pickups,6qyi8X6MdP1lu6B1K6yh3h,alternative rock;indie rock;shoegaze;indietronica;rock,musicbrainz,artist,2009
silvetti,silvetti,silvetti,silvetti,Silvetti,6BdtDEvFGMhoxuYDGmk82h,,none,artist,1977
simon & garfunkel,simon & garfunkel,simon,simon,Simon & Garfunkel,70cRZdQywnSFp9pnc2WTCE,folk rock;folk,spotify,artist,1982
simon f,simon f,simon f,simon f,,,,none,,1987
simon stokes,simon stokes,simon stokes,simon stokes,Simon Stokes,3Sdd9xejb3SNEH1QCQRsfZ,,none,artist,1974
simon stokes/nighthawks,simon stokes,simon stokes,simon stokes,Simon Stokes,3Sdd9xejb3SNEH1QCQRsfZ,,none,l1,1969
simple e,simple e,simple e,simple e,Simple E,4N4xnoCeRX0Tk7I6TfcBrk,,none,artist,1994
simple minds,simple minds,simple minds,simple minds,Simple Minds,6hN9F0iuULZYWXppob22Aj,new wave,spotify,artist,1995
simple plan,simple plan,simple plan,simple plan,Simple Plan,2p4FqHnazRucYQHyDCdBrJ,pop punk;punk;emo,spotify,artist,2005
simply red,simply red,simply red,simply red,Simply Red,1fa0cOhromAZdq2xRA4vv8,blue-eyed soul;pop;soul;dance-pop;sophisti-pop,musicbrainz,artist,1992
sims twins,sims twins,sims twins,sims twins,,,,none,,1962
sinead o'connor,sinead o'connor,sinead o'connor,sinead oconnor,,,irish;alternative rock;pop;folk;singer-songwriter,musicbrainz,,1990
single bullet theory,single bullet theory,single bullet theory,single bullet theory,Single Bullet Theory,1NDeoS5h6SJTvejYrQesVw,power pop,spotify,artist,1983
sinitta,sinitta,sinitta,sinitta,Sinitta,1nUUfnmwd9mdpTPwMcM1hd,hi-nrg,spotify,artist,1989
siouxsie & the banshees,siouxsie & the banshees,siouxsie,siouxsie,Siouxsie,5p8r7X8R2Y361VoHLsZ7eV,gothic rock,spotify,l2,1991
sir chauncey and his exciting strings,sir chauncey and his exciting strings,sir chauncey,sir chauncey,,,,none,,1960
sir douglas quintet,sir douglas quintet,sir douglas quintet,sir douglas quintet,Sir Douglas Quintet,3A2UXqQgMDJ3YNvLPyX5NW,tejano;country rock,spotify,artist,1969
sir mix-a-lot,sir mix-a-lot,sir mix-a-lot,sir mixalot,Sir Mix-A-Lot,3TQ9JTBI2n2hfo7aRONEYV,old school hip hop,spotify,artist,1996
sisqo,sisqo,sisqo,sisqo,Sisqo,6x9QLdzo6eBZxJ1bHsDkjg,r&b;pop;hip hop;contemporary r&b;american,musicbrainz,artist,2000
sisqo featuring make it hot,sisqo,sisqo,sisqo,Sisqo,6x9QLdzo6eBZxJ1bHsDkjg,r&b;pop;hip hop;contemporary r&b;american,musicbrainz,l1,2000
sister 7,sister 7,sister 7,sister 7,Sister 7,7uMBGSWI4a50o7E3hZ4h5G,,none,artist,1998
sister hazel,sister hazel,sister hazel,sister hazel,Sister Hazel,7m60UAnbgFFNuJbmS6OxTk,alternative rock;southern rock,musicbrainz,artist,2000
sister janet mead,sister janet mead,sister janet mead,sister janet mead,Sister Janet Mead,2koUqfFTZqZIaTHxtWmT4W,,none,artist,1974
sister sledge,sister sledge,sister sledge,sister sledge,Sister Sledge,6gkWznnJkdkwRPVcmnrays,disco;philly soul,spotify,artist,1985
siw malmkvist-umberto marcato,siw malmkvist-umberto marcato,siw malmkvist-umberto marcato,siw malmkvistumberto marcato,,,,none,,1964
sixpence none the richer,sixpence none the richer,sixpence none the richer,sixpence none the richer,Sixpence None The Richer,0lJlKQvuM2Sd9DPPyUXcHg,pop rock;rock;indie pop;jangle pop;christian rock,musicbrainz,artist,2003
skee-lo,skee-lo,skee-lo,skeelo,Skee-Lo,55Pp4Ns5VfTSFsBraW7MQy,hip hop;pop rap;west coast hip hop;rock and indie,musicbrainz,artist,1995
skeeter davis,skeeter davis,skeeter davis,skeeter davis,Skeeter Davis,5b2OzvLaL6nyxw5pbVbSdy,pop;country;country pop;nashville sound;country gospel,musicbrainz,artist,1964
ski mask the slump god,ski mask the slump god,ski mask the slump god,ski mask the slump god,Ski Mask The Slump God,2rhFzFmezpnW82MNqEKVry,southern hip hop;hip hop;rap,musicbrainz,artist,2019
ski mask the slump god featuring juice wrld,ski mask the slump god,ski mask the slump god,ski mask the slump god,Ski Mask The Slump God,2rhFzFmezpnW82MNqEKVry,southern hip hop;hip hop;rap,musicbrainz,l1,2019
skid row,skid row,skid row,skid row,Skid Row,4opTS86dN9uO313J9CE8xg,glam metal;glam rock;hard rock,spotify,artist,1992
skillet,skillet,skillet,skillet,Skillet,49bzE5vRBRIota4qeHtQM8,christian rock;christian alternative rock;christian,spotify,artist,2009
skin deep featuring li'l kim of junior m.a.f.i.a.,skin deep,skin deep,skin deep,Skin Deep,3amgFFlpXAGSocIYNpHFYH,uk;ska;england,musicbrainz,l1,1996
skip and flip,skip and flip,skip,skip,Skip,0napPQNzPhwVmVM6AMNfAx,southern hip hop;new orleans bounce;crunk,spotify,l2,1960
skrillex,skrillex,skrillex,skrillex,Skrillex,5he5w2lnU9x7JFhnwcekXX,dubstep;edm;electro;electronic,spotify,artist,2012
skrillex & diplo with justin bieber,skrillex & diplo with justin bieber,skrillex,skrillex,Skrillex,5he5w2lnU9x7JFhnwcekXX,dubstep;edm;electro;electronic,spotify,l2,2016
skrillex & rick ross,skrillex & rick ross,skrillex,skrillex,Skrillex,5he5w2lnU9x7JFhnwcekXX,dubstep;edm;electro;electronic,spotify,l2,2016
skrillex featuring sirah,skrillex,skrillex,skrillex,Skrillex,5he5w2lnU9x7JFhnwcekXX,dubstep;edm;electro;electronic,spotify,l1,2012
"skrillex, justin bieber & don toliver","skrillex, justin bieber & don toliver",skrillex,skrillex,Skrillex,5he5w2lnU9x7JFhnwcekXX,dubstep;edm;electro;electronic,spotify,l2,2021
sky (arista),sky,sky,sky,,,,none,,1981
"skylar grey, polo g, mozzy & eminem","skylar grey, polo g, mozzy & eminem",skylar grey,skylar grey,Skylar Grey,4utLUGcTvOJFr6aqIJtYWV,pop;rock,musicbrainz,l2,2021
skylark,skylark,skylark,skylark,Skylark,5U6Sk42bhrMIPhr11xtRPq,drum and bass;liquid funk,spotify,artist,1973
skyy,skyy,skyy,skyy,Skyy,5uFqO7FceiE84xjEjFtQLX,post-disco;funk,spotify,artist,1990
slade,slade,slade,slade,Slade,10n5lhNDoSMUHWLlnST1yw,glam rock;christmas,spotify,artist,1985
slaughter,slaughter,slaughter,slaughter,Slaughter,4ibNXJiMYOPibpS9DB9Qz3,glam metal;glam rock;hard rock,spotify,artist,1992
slaughterhouse featuring eminem,slaughterhouse,slaughterhouse,slaughterhouse,Slaughterhouse,5rVbcJv0JRfhWLA3mgM73r,hip hop,musicbrainz,l1,2012
slave,slave,slave,slave,Slave,5mtKpqeeaFavW15yIX4h5e,funk;post-disco,spotify,artist,1981
sleazyworld go featuring lil baby,sleazyworld go,sleazyworld go,sleazyworld go,SleazyWorld Go,7FOQfJbC3e4GNoheojERnF,hip hop;trap;gangsta rap,musicbrainz,l1,2022
sleep token,sleep token,sleep token,sleep token,Sleep Token,2n2RSaZqBuUUukhbLlpnE6,progressive metal;metalcore,spotify,artist,2025
sleepy brown featuring outkast,sleepy brown,sleepy brown,sleepy brown,Sleepy Brown,7Dnu2NmddNymEI2LMZVH5v,hip hop;georgia;hip-hop,musicbrainz,l1,2004
sleepy hallow,sleepy hallow,sleepy hallow,sleepy hallow,Sleepy Hallow,6EPlBSH2RSiettczlz7ihV,brooklyn drill;new york drill,spotify,artist,2021
sleepy hallow featuring 347aidan,sleepy hallow,sleepy hallow,sleepy hallow,Sleepy Hallow,6EPlBSH2RSiettczlz7ihV,brooklyn drill;new york drill,spotify,l1,2022
sleepy hallow featuring doechii,sleepy hallow,sleepy hallow,sleepy hallow,Sleepy Hallow,6EPlBSH2RSiettczlz7ihV,brooklyn drill;new york drill,spotify,l1,2025
sleepy king,sleepy king,sleepy king,sleepy king,Sleepy King,5o7zApKDJc4jxtnLHUxvLN,doo-wop,spotify,artist,1962
slick rick,slick rick,slick rick,slick rick,Slick Rick,1W9qOBYRTfP7HcizWN43G1,old school hip hop;east coast hip hop,spotify,artist,1994
slim featuring yung joc,slim,slim,slim,Slim,6ilmWgqASE3c1iRqM6kgou,grime;uk drill;uk grime;drill,spotify,l1,2008
slim harpo,slim harpo,slim harpo,slim harpo,Slim Harpo,36hwOoNPgnsKnhoMBYpJrJ,blues;classic blues,spotify,artist,1966
slum village featuring dwele,slum village,slum village,slum village,Slum Village,1020a42xVklY6c56imNcaa,jazz rap,spotify,l1,2002
slum village featuring kanye west & john legend,slum village,slum village,slum village,Slum Village,1020a42xVklY6c56imNcaa,jazz rap,spotify,l1,2004
sly & the family stone,sly & the family stone,sly,sly,Sly & The Family Stone,5m8H6zSadhu1j9Yi04VLqD,funk;motown;classic soul;funk rock;soul,spotify,artist,1974
sly fox,sly fox,sly fox,sly fox,SLY FOX,6cB0PVOn6ueWhoAb3FXbSK,,none,artist,1986
sly stone,sly stone,sly stone,sly stone,Sly Stone,6PEJz1u53h5rN7wgPMKMHE,rock;funk,musicbrainz,artist,1975
small faces,small faces,small faces,small faces,Small Faces,1YqGsKpdixxSVgpfaL2AEQ,proto-punk;psychedelic rock;acid rock;northern soul,spotify,artist,1968
smart e's,smart e's,smart e's,smart es,Smart E's,4kbCrngHWI4kGMaOmAhiRV,rave;breakbeat hardcore,musicbrainz,artist,1993
smash mouth,smash mouth,smash mouth,smash mouth,Smash Mouth,2iEvnFsWxR0Syqu2JNopAd,ska punk;alternative rock;pop rock;power pop;psychedelic pop,musicbrainz,artist,2001
smif-n-wessun,smif-n-wessun,smif-n-wessun,smifnwessun,Smif-N-Wessun,2p0Hf0MF8Nw8lwAXokczf0,east coast hip hop;boom bap;old school hip hop,spotify,artist,1994
smiley featuring drake,smiley,smiley,smiley,Smiley,3gvNMbcnvmnjGaG6hvJfSH,manele,spotify,l1,2021
smilez & southstar,smilez & southstar,smilez,smilez,Smilez,2kLg9vNmVhfMTHPgxpbyLM,hip hop,musicbrainz,l2,2003
smith,smith,smith,smith,SMITH,4XOIQF9cT5At4H0qcjhVL7,indie folk;indie rock;indie pop;singer/songwriter;acoustic rock,musicbrainz,artist,1970
smokey,smokey,smokey,smokey,Smokey,0pjOlblZPSB8G5SC0kduPW,bhajan;devotional,spotify,artist,1975
smokey robinson,smokey robinson,smokey robinson,smokey robinson,Smokey Robinson,0h9smro0z3HqUbD94jotU8,motown;quiet storm;classic soul,spotify,artist,1991
smokey robinson & barbara mitchell,smokey robinson & barbara mitchell,smokey robinson,smokey robinson,Smokey Robinson,0h9smro0z3HqUbD94jotU8,motown;quiet storm;classic soul,spotify,l2,1983
smokey robinson & the miracles,smokey robinson & the miracles,smokey robinson,smokey robinson,Smokey Robinson,0h9smro0z3HqUbD94jotU8,motown;quiet storm;classic soul,spotify,l2,1973
smokie,smokie,smokie,smokie,Smokie,5rIqOJspxDq89aBBCUda1X,glam rock,spotify,artist,1977
smokie norful,smokie norful,smokie norful,smokie norful,Smokie Norful,0sD8Amms4kSxs5tBV4CUmR,gospel;gospel r&b;worship,spotify,artist,2003
smooth,smooth,smooth,smooth,Smooth,7H6YbDjzY80v100UkfvAkx,new jack swing,spotify,artist,1998
snail,snail,snail,snail,snail,7edV4GLbuiGACGGfHCKouP,kawaii future bass;future funk;future bass;electronic;doujin,musicbrainz,artist,1978
snap!,snap!,snap!,snap,SNAP!,2FrKQPjJe4pVMZOgm0ESOx,eurodance,spotify,artist,1993
sneaker,sneaker,sneaker,sneaker,Sneaker,3n1rQ9pPPnrhTC0yfIAXbp,trip-hop;downtempo;alternative;trip hop;rock and indie,musicbrainz,artist,1982
sneaker pimps,sneaker pimps,sneaker pimps,sneaker pimps,Sneaker Pimps,1EJWNhiYbOyeUHbsS7Kp1P,trip hop;downtempo,spotify,artist,1998
sniff 'n' the tears,sniff 'n' the tears,sniff 'n' the tears,sniff n the tears,Sniff 'n' The Tears,3EPScT793Qw5hkf8tvVpRV,classic pop and rock,musicbrainz,artist,1979
snoop dogg,snoop dogg,snoop dogg,snoop dogg,Snoop Dogg,7hJcb9fa4alzcOq3EaNPoG,g-funk;west coast hip hop;gangster rap;hip hop;old school hip hop,spotify,artist,2010
snoop dogg & wiz khalifa featuring bruno mars,snoop dogg & wiz khalifa,snoop dogg,snoop dogg,Snoop Dogg,7hJcb9fa4alzcOq3EaNPoG,g-funk;west coast hip hop;gangster rap;hip hop;old school hip hop,spotify,l2,2012
snoop dogg featuring charlie wilson & justin timberlake,snoop dogg,snoop dogg,snoop dogg,Snoop Dogg,7hJcb9fa4alzcOq3EaNPoG,g-funk;west coast hip hop;gangster rap;hip hop;old school hip hop,spotify,l1,2005
"snoop dogg featuring master p, nate dogg, butch cassidy & tha eastsidaz",snoop dogg,snoop dogg,snoop dogg,Snoop Dogg,7hJcb9fa4alzcOq3EaNPoG,g-funk;west coast hip hop;gangster rap;hip hop;old school hip hop,spotify,l1,2001
snoop dogg featuring mystikal and fiend,snoop dogg,snoop dogg,snoop dogg,Snoop Dogg,7hJcb9fa4alzcOq3EaNPoG,g-funk;west coast hip hop;gangster rap;hip hop;old school hip hop,spotify,l1,1999
snoop dogg featuring pharrell,snoop dogg,snoop dogg,snoop dogg,Snoop Dogg,7hJcb9fa4alzcOq3EaNPoG,g-funk;west coast hip hop;gangster rap;hip hop;old school hip hop,spotify,l1,2005
snoop dogg featuring pharrell & uncle charlie wilson,snoop dogg,snoop dogg,snoop dogg,Snoop Dogg,7hJcb9fa4alzcOq3EaNPoG,g-funk;west coast hip hop;gangster rap;hip hop;old school hip hop,spotify,l1,2003
snoop dogg featuring r. kelly,snoop dogg,snoop dogg,snoop dogg,Snoop Dogg,7hJcb9fa4alzcOq3EaNPoG,g-funk;west coast hip hop;gangster rap;hip hop;old school hip hop,spotify,l1,2007
snoop dogg featuring t-pain,snoop dogg,snoop dogg,snoop dogg,Snoop Dogg,7hJcb9fa4alzcOq3EaNPoG,g-funk;west coast hip hop;gangster rap;hip hop;old school hip hop,spotify,l1,2011
snoop dogg featuring the-dream,snoop dogg,snoop dogg,snoop dogg,Snoop Dogg,7hJcb9fa4alzcOq3EaNPoG,g-funk;west coast hip hop;gangster rap;hip hop;old school hip hop,spotify,l1,2010
snoop dogg featuring tyrese & mr. tan,snoop dogg,snoop dogg,snoop dogg,Snoop Dogg,7hJcb9fa4alzcOq3EaNPoG,g-funk;west coast hip hop;gangster rap;hip hop;old school hip hop,spotify,l1,2001
snoop dogg featuring xzibit & nate dogg,snoop dogg,snoop dogg,snoop dogg,Snoop Dogg,7hJcb9fa4alzcOq3EaNPoG,g-funk;west coast hip hop;gangster rap;hip hop;old school hip hop,spotify,l1,1999
snoop dogg presents tha eastsidaz,snoop dogg presents tha eastsidaz,snoop dogg presents tha eastsidaz,snoop dogg presents tha eastsidaz,,,,none,,2000
snoop dogg presents tha eastsidaz featuring jayo felony and blaqthoven,snoop dogg presents tha eastsidaz,snoop dogg presents tha eastsidaz,snoop dogg presents tha eastsidaz,,,,none,,2000
snoop doggy dogg,snoop doggy dogg,snoop doggy dogg,snoop doggy dogg,Snoop Doggy Dogg,1ffw9MLMC0oyoCqddU7YBU,,none,artist,1994
snootie wild featuring k camp,snootie wild,snootie wild,snootie wild,Snootie Wild,1YXg2Chm7UfZAUAkjJEpqK,southern hip hop;hip hop,musicbrainz,l1,2014
snow,snow,snow,snow,Snow,3uZFBSsMiooimnprFL9jD1,country;nashville sound;traditional country;country gospel;cowboy,musicbrainz,artist,1993
snow patrol,snow patrol,snow patrol,snow patrol,Snow Patrol,3rIZMv9rysU7JkLzEaC5Jp,indie rock;alternative rock;pop rock;british;power pop,musicbrainz,artist,2012
snow patrol featuring martha wainwright,snow patrol,snow patrol,snow patrol,Snow Patrol,3rIZMv9rysU7JkLzEaC5Jp,indie rock;alternative rock;pop rock;british;power pop,musicbrainz,l1,2010
snuff,snuff,snuff,snuff,Snuff,39Yw8FPJXDJyf5L4vK7TD3,skate punk;ska punk;punk;melodic hardcore;ska,spotify,artist,1983
so,so,so,so,,,,none,,1988
somo,somo,somo,somo,SoMo,5AtWO8IEnjhRLzaVVQxFUs,r&b;somo,musicbrainz,artist,2014
"sofi tukker featuring nervo, the knocks & alisa ueno",sofi tukker,sofi tukker,sofi tukker,Sofi Tukker,586uxXMyD5ObPuzjtrzO1Q,dance-pop;electronic;dance;edm,musicbrainz,l1,2018
"sofia carson, cameron boyce, booboo stewart & mitchell hope","sofia carson, cameron boyce, booboo stewart & mitchell hope",sofia carson,sofia carson,Sofia Carson,7bp2lSdh12wcA8LyB1srfJ,pop;dance-pop,musicbrainz,l2,2017
sofia shinas,sofia shinas,sofia shinas,sofia shinas,,,,none,,1992
soft cell,soft cell,soft cell,soft cell,Soft Cell,6aq8T2RcspxVOGgMrTzjWc,synthpop;new wave,spotify,artist,1982
soho,soho,soho,soho,soho,5rCxM6JMlwyQ3tuds8DqPR,lo-fi;lo-fi beats;lo-fi hip hop;jazz beats,spotify,artist,1991
soko,soko,soko,soko,Soko,4Q3f2YYH4gQxWFS3WY5G3j,french indie pop,spotify,artist,2014
solange,solange,solange,solange,Solange,2auiVi8sUZo17dLy1HwrTU,alternative r&b;neo soul,spotify,artist,2016
solange featuring sampha,solange,solange,solange,Solange,2auiVi8sUZo17dLy1HwrTU,alternative r&b;neo soul,spotify,l1,2016
sole featuring jt money & kandi,sole,sole,sole,SOLE,6naXFodImN2DwRmKCQHAUt,k-rap,spotify,l1,2000
solo,solo,solo,solo,Solo,6QgoBfZ1Wh7Nn8n9J2skxI,,none,artist,1998
solomon burke,solomon burke,solomon burke,solomon burke,Solomon Burke,4nts0oxMT67lVUoi5Kjxrb,soul;soul blues;classic soul;motown,spotify,artist,1975
soluna,soluna,soluna,soluna,Soluna,2fRP0DEazBFA0FoLvkyHTY,rock,musicbrainz,artist,2002
somethin' for the people,somethin' for the people,somethin' for the people,somethin for the people,Somethin' For The People,1Hu56IprUt6GltqTkpvguI,new jack swing,spotify,artist,1998
somethin' for the people featuring trina & tamara,somethin' for the people,somethin' for the people,somethin for the people,Somethin' For The People,1Hu56IprUt6GltqTkpvguI,new jack swing,spotify,l1,1998
son by four,son by four,son by four,son by four,Son By Four,1qyAl8T6GTcaOViaI7fs1j,salsa,spotify,artist,2000
sonique,sonique,sonique,sonique,Sonique,5xtqw2B8z8JGfDYi2eAZHI,house;breakbeat;eurodance;dance-pop;british,musicbrainz,artist,2000
sonny,sonny,sonny,sonny,SONNY,3KDKJ7Z0kgJrQS1CH43PM4,jazz;post-bop;hard bop;bebop;avant-garde jazz,musicbrainz,artist,1965
sonny & cher,sonny & cher,sonny,sonny,SONNY,3KDKJ7Z0kgJrQS1CH43PM4,jazz;post-bop;hard bop;bebop;avant-garde jazz,musicbrainz,l2,1973
sonny charles,sonny charles,sonny charles,sonny charles,Sonny Charles,52EK8SbYbZ54LoswxAdZEP,doo-wop,spotify,artist,1983
"sonny charles and the checkmates, ltd.","sonny charles and the checkmates, ltd.",sonny charles,sonny charles,Sonny Charles,52EK8SbYbZ54LoswxAdZEP,doo-wop,spotify,l2,1969
sonny james,sonny james,sonny james,sonny james,Sonny James,0c08N8UlFjDaup9TNDaWxy,classic country;traditional country,spotify,artist,1971
sonny knight,sonny knight,sonny knight,sonny knight,Sonny Knight,7AAm61U1QzhAIWfBq35Sqb,,none,artist,1965
sonny spencer,sonny spencer,sonny spencer,sonny spencer,,,,none,,1959
sons of champlin,sons of champlin,sons of champlin,sons of champlin,Sons Of Champlin,7msArJWXBckgnsTCczfT3j,baroque pop;big beat,spotify,artist,1976
sons of funk,sons of funk,sons of funk,sons of funk,Sons Of Funk,1D9f1goUlrbnQnQaRt6yIP,,none,artist,1997
sophia grace,sophia grace,sophia grace,sophia grace,Sophia Grace,594toSaLN8OvrYWdPe4Oa1,,none,artist,2015
sophie b. hawkins,sophie b. hawkins,sophie b. hawkins,sophie b hawkins,Sophie B. Hawkins,3gdIwZY6Q3RXhDteYr4ZvC,rock;pop;adult contemporary,musicbrainz,artist,1996
sophie ellis-bextor,sophie ellis-bextor,sophie ellis-bextor,sophie ellisbextor,Sophie Ellis-Bextor,2cBh5lVMg222FFuRU7EfDE,dance-pop;rock;pop;house;disco,musicbrainz,artist,2024
soul asylum,soul asylum,soul asylum,soul asylum,Soul Asylum,02da1vDJ2hWqfK7aJL6SJm,alternative rock,spotify,artist,1996
soul brothers six,soul brothers six,soul brothers six,soul brothers six,Soul Brothers Six,0vKsKaHfDbbuGJptC3zSe0,philly soul;northern soul,spotify,artist,1967
soul for real,soul for real,soul for real,soul for real,Soul For Real,296LotOmbj7eOX7r9l46fK,new jack swing,spotify,artist,1995
soul ii soul,soul ii soul,soul ii soul,soul ii soul,Soul II Soul,2sIx6SmAMw9IBySG3Uj0jf,new jack swing,spotify,artist,1990
soul ii soul featuring caron wheeler,soul ii soul,soul ii soul,soul ii soul,Soul II Soul,2sIx6SmAMw9IBySG3Uj0jf,new jack swing,spotify,l1,1989
soul sisters,soul sisters,soul sisters,soul sisters,Soul Sisters,4gRvU0svKkfx0e5LAzUjFX,,none,artist,1964
soul survivors,soul survivors,soul survivors,soul survivors,Soul Survivors,0lkUk9jzDG6YzwirUjWbXx,60s;blue-eyed soul;rhythm and blues;psychedelic soul;philly soul,musicbrainz,artist,1968
soul train gang,soul train gang,soul train gang,soul train gang,Soul Train Gang,07n3hfkLVTqg1gO6WHqEUC,northern soul;philly soul,spotify,artist,1977
souldecision featuring thrust,souldecision,souldecision,souldecision,SoulDecision,6hYrBYtoVGArYJcqvYxN4r,pop,musicbrainz,l1,2000
soulja boy tell 'em featuring sammie,soulja boy tell 'em,soulja boy tell 'em,soulja boy tell em,Soulja Boy Tell 'Em,0bFVBUVTxBOsEpQizdt5tH,,none,l1,2009
soulja boy tell'em,soulja boy tell'em,soulja boy tell'em,soulja boy tellem,,,,none,,2010
soulja boy tell'em featuring arab,soulja boy tell'em,soulja boy tell'em,soulja boy tellem,,,,none,,2008
soulja boy tell'em featuring i-15,soulja boy tell'em,soulja boy tell'em,soulja boy tellem,,,,none,,2008
souls of mischief,souls of mischief,souls of mischief,souls of mischief,Souls Of Mischief,5Rzqmz1zAszembFHGZQuAt,jazz rap;old school hip hop,spotify,artist,1994
soulsister,soulsister,soulsister,soulsister,Soulsister,248REifU1Y7PtT8JUvWCJF,pop;soft rock;classic pop and rock,musicbrainz,artist,1989
sound factory,sound factory,sound factory,sound factory,Sound Factory,0OAOSYqrOSXgUEl1ZHvrLn,,none,artist,1993
soundgarden,soundgarden,soundgarden,soundgarden,Soundgarden,5xUf6j4upBrXZPg6AI4MRK,grunge;post-grunge;hard rock,spotify,artist,2010
sounds of sunshine,sounds of sunshine,sounds of sunshine,sounds of sunshine,,,,none,,1971
sounds orchestral,sounds orchestral,sounds orchestral,sounds orchestral,Sounds Orchestral,0uPfErG0KkEmtYg4y3O7LC,classic pop and rock,musicbrainz,artist,1965
soupy sales,soupy sales,soupy sales,soupy sales,Soupy Sales,7pMMQr1wMaCt2NLRakSmgx,motown,spotify,artist,1965
south shore commission,south shore commission,south shore commission,south shore commission,South Shore Commission,4Qwj0kkTlEB8krqjXtxlpd,philly soul;chicago house;post-disco,spotify,artist,1976
southcote,southcote,southcote,southcote,Southcote,1Nzhh7ofHaRVjs12nMCLHl,,none,artist,1974
southside johnny & the asbury jukes,southside johnny & the asbury jukes,southside johnny,southside johnny,Southside Johnny,461QsZ1KyhIf7p69wovqZK,rock;blue-eyed soul;blues,musicbrainz,l2,1979
southside johnny & the jukes,southside johnny & the jukes,southside johnny,southside johnny,Southside Johnny,461QsZ1KyhIf7p69wovqZK,rock;blue-eyed soul;blues,musicbrainz,l2,1986
"southside, travis scott & future","southside, travis scott & future",southside,southside,Southside,0WZKfnDZopX1oMUi8gPSHt,thai hip hop;thai pop,spotify,l2,2022
southsyde b.o.i.z.,southsyde b.o.i.z.,southsyde b.o.i.z.,southsyde boiz,Southsyde B.O.I.Z.,6ijV6VNvyJw7BgUFLEtRlh,miami bass,spotify,artist,1996
southwest f.o.b.,southwest f.o.b.,southwest f.o.b.,southwest fob,Southwest F.O.B.,3bos36ZwyMSw7RdawbsTX3,acid rock;psychedelic rock,spotify,artist,1968
space,space,space,space,,,alternative rock;british;neo-psychedelia;alternative dance;cocktail nation,musicbrainz,,1979
spacehog,spacehog,spacehog,spacehog,Spacehog,3NZE8jDD2cCzd4vUyZ5CQQ,glam revival;glam rock;alternative rock;britpop,musicbrainz,artist,1996
spacemonkeyz,spacemonkeyz,spacemonkeyz,spacemonkeyz,,,dub;gorillaz,musicbrainz,,1998
spandau ballet,spandau ballet,spandau ballet,spandau ballet,Spandau Ballet,2urZrEdsq72kx0UzfYN8Yv,new wave;synthpop,spotify,artist,1984
spanky and our gang,spanky and our gang,spanky,spanky,Spanky,4eJfAOYPhHgaHorjULrxWr,,none,l2,1969
sparks,sparks,sparks,sparks,Sparks,7pwjGKaqnfkvS7eQbHaqyH,glam rock;synthpop;art pop;art rock;new wave,spotify,artist,1982
sparks & jane wiedlin,sparks & jane wiedlin,sparks,sparks,Sparks,7pwjGKaqnfkvS7eQbHaqyH,glam rock;synthpop;art pop;art rock;new wave,spotify,l2,1983
special delivery featuring terry huff,special delivery,special delivery,special delivery,Special Delivery,4EL4fwJTBnf4uKXruCmjpy,polka,spotify,l1,1976
special generation,special generation,special generation,special generation,Special Generation,6VdS3WDJXv5ldtsO9gU5aW,new jack swing;quiet storm,spotify,artist,1990
spectacular! cast,spectacular! cast,spectacular! cast,spectacular cast,Spectacular! Cast,6LXsctaxlamY9VuhxWlFH1,,none,artist,2009
spellbound,spellbound,spellbound,spellbound,spellbound,28OEKb271mn61oJzl4SYuR,,none,artist,1978
spencer & spencer with the sonia pryor choir,spencer & spencer with the sonia pryor choir,spencer,spencer,,,,none,,1959
spencer ross,spencer ross,spencer ross,spencer ross,,,,none,,1960
spice girls,spice girls,spice girls,spice girls,Spice Girls,0uq5PttqEjj3IH1bzwcrXF,pop;dance-pop;teen pop;nuno;contemporary r&b,musicbrainz,artist,2007
spider,spider,spider,spider,Spider,0ywr1ZAKRKCjUutji6e4P8,malay;malay pop;malaysian pop,spotify,artist,1981
spin,spin,spin,spin,Spin,1eOfgUpfvNT0GJ3ksDiYs9,malay;malaysian pop;malay pop;dangdut,spotify,artist,1976
spin doctors,spin doctors,spin doctors,spin doctors,Spin Doctors,2PSiyldxmJze7xiqbz658m,alternative rock;indie rock;funk rock;blues rock;indie pop,musicbrainz,artist,1994
spiral starecase,spiral starecase,spiral starecase,spiral starecase,Spiral Starecase,2L0rKeh177ttxZoNvefdbX,northern soul,spotify,artist,1969
spiral starecase featuring: pat upton,spiral starecase,spiral starecase,spiral starecase,Spiral Starecase,2L0rKeh177ttxZoNvefdbX,northern soul,spotify,l1,1970
spirit,spirit,spirit,spirit,Spirit,5q9nLsvWwbSUW1kRyhZLAx,acid rock;psychedelic rock;progressive rock,spotify,artist,1973
splender,splender,splender,splender,Splender,7MxmZT4IaRann7cfbHMbwr,,none,artist,2000
splinter,splinter,splinter,splinter,Splinter,5TxDnqQVW2Rc5AWpHo8gXR,hardcore,spotify,artist,1975
split enz,split enz,split enz,split enz,Split Enz,0Upmz8QvuLAkKAfRlJYWTL,new wave,spotify,artist,1980
sponge,sponge,sponge,sponge,Sponge,2JXDwIo5HsiwTcTPQytrZ8,grunge;post-grunge,spotify,artist,1995
sporty thievz featuring mr. woods,sporty thievz,sporty thievz,sporty thievz,Sporty Thievz,4D1sh6dCcdjdAoI0nvuw7R,hip hop,musicbrainz,l1,1999
spose,spose,spose,spose,Spose,3tM6SwRysCaIK0kW4h0mVP,,none,artist,2010
spotemgottem featuring pooh shiesty or dababy,spotemgottem,spotemgottem,spotemgottem,SpotemGottem,3Y2MLcrD3ZQXRXmtn4fZQx,trap,musicbrainz,l1,2021
springwell,springwell,springwell,springwell,,,,none,,1971
spyder turner,spyder turner,spyder turner,spyder turner,Spyder Turner,1WY9RIHsINGWgV7Ne3D8gx,northern soul,spotify,artist,1967
spyro gyra,spyro gyra,spyro gyra,spyro gyra,Spyro Gyra,1Be36RHAlqJpfUt3tsmUQD,smooth jazz;jazz fusion;jazz;jazz funk;cool jazz,spotify,artist,1981
spys,spys,spys,spys,Spys,75hcm65n11BTWPjpIuaEu2,,none,artist,1982
squeak e. clean featuring karen o,squeak e. clean,squeak e. clean,squeak e clean,Squeak E. Clean,7F24NJplqlEzVe5aFllcF7,,none,l1,2005
squeeze,squeeze,squeeze,squeeze,Squeeze,6Jrj26oAY96EEC2lqC6fua,power pop;new wave,spotify,artist,1988
st. etienne,st. etienne,st. etienne,st etienne,St. Etienne,1BZInrq7N31j3mGV74805q,,none,artist,1992
st. lunatics,st. lunatics,st. lunatics,st lunatics,St. Lunatics,6rxiUsSvkn5yTs1kfuV8Le,hip hop,musicbrainz,artist,2001
st. paul,st. paul,st. paul,st paul,St. Paul ,3Qf1sWENF8FhnxoFgx7ppJ,nu disco,spotify,artist,1990
stabilizers,stabilizers,stabilizers,stabilizers,Stabilizers,63A7c9tGFEG9e64GVwuQ5M,aor;new wave;arena rock,spotify,artist,1987
stacey q,stacey q,stacey q,stacey q,Stacey Q,3q8tRS0hCMVCylgKAoA0ya,hi-nrg;italo disco;freestyle,spotify,artist,1988
stacie orrico,stacie orrico,stacie orrico,stacie orrico,Stacie Orrico,5QjWgYDeKNP2iPHTdTttnG,contemporary christian;contemporary r&b,musicbrainz,artist,2004
stacy earl,stacy earl,stacy earl,stacy earl,Stacy Earl,2iBlvmHlA1NJfFBj8HeNjX,,none,artist,1992
stacy earl (featuring the wild pair),stacy earl,stacy earl,stacy earl,Stacy Earl,2iBlvmHlA1NJfFBj8HeNjX,,none,l1,1992
stacy lattisaw,stacy lattisaw,stacy lattisaw,stacy lattisaw,Stacy Lattisaw,0rKnxuiIepvjtMmrYYV2VA,quiet storm;post-disco,spotify,artist,1987
stacy lattisaw & johnny gill,stacy lattisaw & johnny gill,stacy lattisaw,stacy lattisaw,Stacy Lattisaw,0rKnxuiIepvjtMmrYYV2VA,quiet storm;post-disco,spotify,l2,1984
stage dolls,stage dolls,stage dolls,stage dolls,Stage Dolls,6H0YoV8pMik8ovVyM7aZ8m,norsk rock;aor;arena rock;norwegian pop;glam metal,spotify,artist,1989
stagga lee,stagga lee,stagga lee,stagga lee,Stagga Lee,3FnnTmhIr3KK9rVdGchMqa,,none,artist,2003
staind,staind,staind,staind,Staind,5KDIH2gF0VpelTqyQS7udb,post-grunge;nu metal;alternative metal,spotify,artist,2008
stallion,stallion,stallion,stallion,Stallion,4H7l564NLNANlnd5rIrJjy,speed metal;heavy metal;thrash metal,spotify,artist,1977
stampeders,stampeders,stampeders,stampeders,Stampeders,39uv7qSNwIoaAtWNioWnxp,rock,musicbrainz,artist,1976
stan freberg,stan freberg,stan freberg,stan freberg,Stan Freberg,31wLmtRSwO4f50DFG8zv4s,comedy,spotify,artist,1960
stan getz / charlie byrd,stan getz,stan getz,stan getz,Stan Getz,0FMucZsEnCxs5pqBjHjIc8,bossa nova;jazz;brazilian jazz;cool jazz;latin jazz,spotify,l1,1963
stan getz/astrud gilberto,stan getz,stan getz,stan getz,Stan Getz,0FMucZsEnCxs5pqBjHjIc8,bossa nova;jazz;brazilian jazz;cool jazz;latin jazz,spotify,l1,1964
stan kenton,stan kenton,stan kenton,stan kenton,Stan Kenton,2cFCoDyEaPrw8QVnrDlPKU,jazz;swing;cool jazz,musicbrainz,artist,1962
stan robinson,stan robinson,stan robinson,stan robinson,Stan Robinson,4l8rPCIrMQGngP69nYyBCj,,none,artist,1959
stanley clarke/george duke,stanley clarke,stanley clarke,stanley clarke,Stanley Clarke,1lGt9WgdYGpMnmwGkcCm05,jazz fusion;jazz funk;smooth jazz;jazz,spotify,l1,1981
starbuck,starbuck,starbuck,starbuck,Starbuck,0P8YAnEwTGZBkm0IudCZxl,yacht rock;soft rock,spotify,artist,1978
stardust,stardust,stardust,stardust,Stardust,38TrPZladTcJA0sY9QV6ye,aor;arena rock;hard rock,spotify,artist,1998
stargard,stargard,stargard,stargard,Stargard,5ZvV5BO4R5dwEUPfRKXdUI,post-disco;disco;funk,spotify,artist,1978
stark & mcbrien,stark & mcbrien,stark,stark,Stark & McBrien,1Btavf6puFqIftkTlMQVes,,none,artist,1975
starland vocal band,starland vocal band,starland vocal band,starland vocal band,Starland Vocal Band,66QeIFuFJDNCImNHlFzrY1,yacht rock;soft rock,spotify,artist,1980
starley,starley,starley,starley,Starley,02A3cEvlLLCbIMVDrK2GHV,,none,artist,2017
starpoint,starpoint,starpoint,starpoint,Starpoint,6W9OZQ862LR0HM76QQJJY3,post-disco,spotify,artist,1987
stars on,stars on,stars on,stars on,,,,none,,1982
"stars on 54: ultra nate, amber, jocelyn enriquez","stars on 54: ultra nate, amber, jocelyn enriquez",stars on 54: ultra nate,stars on 54 ultra nate,,,,none,,1999
stars on 45,stars on 45,stars on 45,stars on 45,Stars On 45,4r8b3Hr0AMhzhAg75le0Gx,disco,spotify,artist,1981
starship,starship,starship,starship,Starship,0kObWap02DEg9EAJ3PBxzf,rock;psychedelic rock;arena rock;pop;hard rock,musicbrainz,artist,1991
starz,starz,starz,starz,Starz,3Jk87AV48O8quMXNs7sMIW,aor;power pop;glam rock;arena rock,spotify,artist,1978
state of mine & drew jacobs,state of mine & drew jacobs,state of mine,state of mine,State of Mine,78u21hh7csceByaxzd7pbh,,none,l2,2021
staysolidrocky,staysolidrocky,staysolidrocky,staysolidrocky,StaySolidRocky,1XLWox9w1Yvbodui0SRhUQ,rap;hip hop;english,musicbrainz,artist,2020
stealers wheel,stealers wheel,stealers wheel,stealers wheel,Stealers Wheel,7bPU7cvfoD20ixGD9Qnqki,folk rock;british folk rock;pop rock;2008 universal fire victim;scottish,musicbrainz,artist,1974
steam,steam,steam,steam,Steam,6huJo1XyJ0v3d5WJ5G1cYc,rock;usa;pop rock,musicbrainz,artist,1970
steel breeze,steel breeze,steel breeze,steel breeze,Steel Breeze,2ETBWoTMAG8RXkzZlnFtPi,aor;arena rock,spotify,artist,1983
steel magnolia,steel magnolia,steel magnolia,steel magnolia,Steel Magnolia,7sbNNaQTulMUEWxL5aDTiT,,none,artist,2010
steelheart,steelheart,steelheart,steelheart,STEELHEART,0ecbvwhuhiEAWOLHlRXpqD,glam metal;glam rock,spotify,artist,1991
steely dan,steely dan,steely dan,steely dan,Steely Dan,6P7H3ai06vU1sGvdpBwDmE,yacht rock;classic rock,spotify,artist,1981
stephanie beatriz,stephanie beatriz,stephanie beatriz,stephanie beatriz,Stephanie Beatriz,5PYToRCsrnvikZg3yl2JMr,,none,artist,2022
"stephanie beatriz, olga merediz & encanto cast","stephanie beatriz, olga merediz & encanto cast",stephanie beatriz,stephanie beatriz,Stephanie Beatriz,5PYToRCsrnvikZg3yl2JMr,,none,l2,2022
"stephanie beatriz, olga merediz, john leguizamo, adassa, maluma & encanto cast","stephanie beatriz, olga merediz, john leguizamo, adassa, maluma & encanto cast",stephanie beatriz,stephanie beatriz,Stephanie Beatriz,5PYToRCsrnvikZg3yl2JMr,,none,l2,2022
stephanie mills,stephanie mills,stephanie mills,stephanie mills,Stephanie Mills,0PcIlEZa7rreM7729ot05g,quiet storm;classic soul;post-disco,spotify,artist,1987
stephanie mills featuring teddy pendergrass,stephanie mills,stephanie mills,stephanie mills,Stephanie Mills,0PcIlEZa7rreM7729ot05g,quiet storm;classic soul;post-disco,spotify,l1,1981
stephen bishop,stephen bishop,stephen bishop,stephen bishop,Stephen Bishop,3JhRHqCi8HEzkJVWt19LtN,yacht rock;soft rock,spotify,artist,1984
stephen sanchez,stephen sanchez,stephen sanchez,stephen sanchez,Stephen Sanchez,5XKFrudbV4IiuE5WuTPRmT,folk pop;jangle pop;pop,musicbrainz,artist,2023
stephen stills,stephen stills,stephen stills,stephen stills,Stephen Stills,4WlSvDKaq1PA2Nr7cCIPxX,folk rock;country rock;singer-songwriter,spotify,artist,1984
stephen stills-manassas,stephen stills-manassas,stephen stills-manassas,stephen stillsmanassas,,,,none,,1973
steppenwolf,steppenwolf,steppenwolf,steppenwolf,Steppenwolf,1WRM9i067hd2ujxxi8FI3m,classic rock;acid rock,spotify,artist,1974
stereo mc's,stereo mc's,stereo mc's,stereo mcs,Stereo MC's,1k8VBufn1nBs8LN9n4snc8,acid jazz;madchester,spotify,artist,1993
steve & eydie,steve & eydie,steve,steve,Steve & Eydie,5ImYCMbYyZct38xa9IaGjS,traditional pop;2008 universal fire victim,musicbrainz,artist,1964
steve & eydie featuring the osmonds,steve & eydie,steve,steve,Steve & Eydie,5ImYCMbYyZct38xa9IaGjS,traditional pop;2008 universal fire victim,musicbrainz,l1,1972
steve alaimo,steve alaimo,steve alaimo,steve alaimo,Steve Alaimo,3mnvGu4mOJr5MVVPtvaZo6,rock and roll;rock,musicbrainz,artist,1972
steve allen,steve allen,steve allen,steve allen,Steve Allen,3sMqu88JyGQ5kBmeQIfMaY,2008 universal fire victim;death by automobile;death by heart attack,musicbrainz,artist,1963
steve allen and his orchestra with the copacabana trio,steve allen and his orchestra with the copacabana trio,steve allen,steve allen,Steve Allen,3sMqu88JyGQ5kBmeQIfMaY,2008 universal fire victim;death by automobile;death by heart attack,musicbrainz,l2,1963
steve aoki & louis tomlinson,steve aoki & louis tomlinson,steve aoki,steve aoki,Steve Aoki,77AiFEVeAVj2ORpC85QVJs,electro house;edm,spotify,l2,2017
steve aoki featuring bts,steve aoki,steve aoki,steve aoki,Steve Aoki,77AiFEVeAVj2ORpC85QVJs,electro house;edm,spotify,l1,2018
"steve aoki, chris lake & tujamo featuring kid ink","steve aoki, chris lake & tujamo",steve aoki,steve aoki,Steve Aoki,77AiFEVeAVj2ORpC85QVJs,electro house;edm,spotify,l2,2014
steve arrington,steve arrington,steve arrington,steve arrington,Steve Arrington,030gEPJwNJnBcyra7CB9vM,post-disco,spotify,artist,1985
steve azar,steve azar,steve azar,steve azar,Steve Azar,6x9fdTmlcJVJtChlLgT1G3,acoustic country;country,spotify,artist,2002
steve carlisle,steve carlisle,steve carlisle,steve carlisle,Steve Carlisle,3iyMlww8h3Hru5AzHiVAnr,,none,artist,1982
steve dahl and teenage radiation,steve dahl and teenage radiation,steve dahl,steve dahl,Steve Dahl,5IBenYsRyWSCkViFn77KiQ,comedy,spotify,l2,1979
steve forbert,steve forbert,steve forbert,steve forbert,Steve Forbert,3oAbjWINfcTSAuVUlXXMty,singer-songwriter,spotify,artist,1980
steve greenberg,steve greenberg,steve greenberg,steve greenberg,Steve Greenberg,1xiHjRF2hR4qz2K37X5Yiw,,none,artist,1969
steve harley and cockney rebel,steve harley and cockney rebel,steve harley,steve harley,Steve Harley,3dS8rLINyM7EYuMXryXJym,glam rock,spotify,l2,1976
steve holy,steve holy,steve holy,steve holy,Steve Holy,0iYwcf0XreyCAswJOJMOII,country,spotify,artist,2011
steve lacy,steve lacy,steve lacy,steve lacy,Steve Lacy,57vWImR43h4CaDao012Ofp,jazz;avant-garde jazz;free jazz;post-bop;vocal jazz,musicbrainz,artist,2023
steve lawrence,steve lawrence,steve lawrence,steve lawrence,Steve Lawrence,271pvVqDFiREx6PqzwOX8p,adult standards;easy listening,spotify,artist,1964
steve martin,steve martin,steve martin,steve martin,Steve Martin,1Bd4UVlqlaKEXYRG3wgrCK,bluegrass;comedy;newgrass,spotify,artist,1979
steve martin and the toot uncommons,steve martin and the toot uncommons,steve martin,steve martin,Steve Martin,1Bd4UVlqlaKEXYRG3wgrCK,bluegrass;comedy;newgrass,spotify,l2,1978
steve miller,steve miller,steve miller,steve miller,Steve Miller,3T77wBtAOGA9X5imxc6GKo,blues rock;psychedelic rock;rock;pop rock;country rock,musicbrainz,artist,1985
steve perry,steve perry,steve perry,steve perry,Steve Perry,5xQKoGD7Ql92fWd1uWwKkf,yacht rock;aor,spotify,artist,1995
steve sperry,steve sperry,steve sperry,steve sperry,Steve Sperry,5YIc0yYttAqxKAlJTPGG4Q,,none,artist,1977
steve wariner,steve wariner,steve wariner,steve wariner,Steve Wariner,45S8rtgQSxj1a0tzCNhSeD,classic country;country;traditional country,spotify,artist,1999
steve winwood,steve winwood,steve winwood,steve winwood,Steve Winwood,5gxynDEKwNDgxGJmJjZyte,yacht rock;soft rock,spotify,artist,1991
steven tyler,steven tyler,steven tyler,steven tyler,Steven Tyler,32zks9ovi0IExzUd1C7W6o,rock;hard rock,musicbrainz,artist,2015
stevie b,stevie b,stevie b,stevie b,Stevie B,6V7pNWhlJpD0s0bMdB1PU9,funk melody;freestyle;miami bass;latin hip hop,spotify,artist,1995
stevie nicks,stevie nicks,stevie nicks,stevie nicks,Stevie Nicks,7crPfGd2k81ekOoSqQKWWz,rock;pop rock;pop;country rock;singer-songwriter,musicbrainz,artist,1994
stevie nicks with don henley,stevie nicks with don henley,stevie nicks,stevie nicks,Stevie Nicks,7crPfGd2k81ekOoSqQKWWz,rock;pop rock;pop;country rock;singer-songwriter,musicbrainz,l2,1982
stevie nicks with tom petty and the heartbreakers,stevie nicks with tom petty and the heartbreakers,stevie nicks,stevie nicks,Stevie Nicks,7crPfGd2k81ekOoSqQKWWz,rock;pop rock;pop;country rock;singer-songwriter,musicbrainz,l2,1981
stevie wonder,stevie wonder,stevie wonder,stevie wonder,Stevie Wonder,7guDJrEfX3qb6FEbdPA5qi,motown;classic soul;soul,spotify,artist,2005
stevie wonder & michael jackson,stevie wonder & michael jackson,stevie wonder,stevie wonder,Stevie Wonder,7guDJrEfX3qb6FEbdPA5qi,motown;classic soul;soul,spotify,l2,1988
stevie woods,stevie woods,stevie woods,stevie woods,Stevie Woods,4ReLjO7IQ9EehWClyzlPds,yacht rock;aor;soft rock,spotify,artist,1982
stillwater,stillwater,stillwater,stillwater,Stillwater,2P0AnWmwKPfEPtVebL2LDe,,none,artist,1978
sting,sting,sting,sting,Sting,0Ty63ceoRnnJKVEYP0VQpk,soft rock,spotify,artist,1996
sting & the police,sting & the police,sting,sting,Sting,0Ty63ceoRnnJKVEYP0VQpk,soft rock,spotify,l2,1998
sting featuring cheb mami,sting,sting,sting,Sting,0Ty63ceoRnnJKVEYP0VQpk,soft rock,spotify,l1,2000
stone poneys featuring linda ronstadt,stone poneys,stone poneys,stone poneys,Stone Poneys,2X9nnux4eS3CFBDSjcnoBQ,baroque pop,spotify,l1,1968
stone sour,stone sour,stone sour,stone sour,Stone Sour,49qiE8dj4JuNdpYGRPdKbF,post-grunge;alternative metal;nu metal,spotify,artist,2007
stone temple pilots,stone temple pilots,stone temple pilots,stone temple pilots,Stone Temple Pilots,2UazAtjfzqBF0Nho2awK4z,grunge;alternative rock;post-grunge;rock,spotify,artist,2000
stonebolt,stonebolt,stonebolt,stonebolt,,,,none,,1979
stonewall jackson,stonewall jackson,stonewall jackson,stonewall jackson,Stonewall Jackson,0NqxUSg57tX1o1WG7VU1Vp,classic country;honky tonk;traditional country,spotify,artist,1960
stoney & meatloaf,stoney & meatloaf,stoney,stoney,Stoney,2VUXN4uwKPz4iDguepvRzQ,motown,spotify,l2,1971
stories,stories,stories,stories,stories,2TzZg302CB0oW5ZMeTW98p,power pop;art rock;pop rock;pop soul,musicbrainz,artist,1973
strawberry alarm clock,strawberry alarm clock,strawberry alarm clock,strawberry alarm clock,Strawberry Alarm Clock,1nyQBzKgZ2hBLr7PnyV7cI,psychedelic rock;acid rock;baroque pop,spotify,artist,1969
stray cats,stray cats,stray cats,stray cats,Stray Cats,2ibPkysx2PXqWLmxFD7jSg,rockabilly;psychobilly,spotify,artist,1984
stray kids,stray kids,stray kids,stray kids,Stray Kids,2dIgFjalVxs4ThymZ67YCE,k-pop;noise music,spotify,artist,2025
stray kids featuring charlie puth,stray kids,stray kids,stray kids,Stray Kids,2dIgFjalVxs4ThymZ67YCE,k-pop;noise music,spotify,l1,2024
streek,streek,streek,streek,Streek,1wLZBTLjNwYp62hpLnu2fg,,none,artist,1981
street people,street people,street people,street people,Street People,4hw2kdMapUMa6hctMi9KXu,bubblegum pop,spotify,artist,1970
streets,streets,streets,streets,Streets,3QwQWnVXIXbKPUqSFjANCK,aor;arena rock;glam metal,spotify,artist,1983
stromae & pomme,stromae & pomme,stromae,stromae,Stromae,5j4HeCoUlzhfWtjAfM1acR,french pop,spotify,l2,2024
stryper,stryper,stryper,stryper,Stryper,6lE1ly8K8H7u8k2ej2plvv,christian rock;glam metal;glam rock,spotify,artist,1988
studio all-stars,studio all-stars,studio all-stars,studio allstars,Studio Allstars,0dJ4EXAj8j47TP3U47T4Sj,,none,l3,2008
styles,styles,styles,styles,Styles,4E4og4XSSjE9uVnhT3zzHW,hip hop;gangsta rap;east coast hip hop;hip hop rnb and dance hall,musicbrainz,artist,2002
styx,styx,styx,styx,Styx,4salDzkGmfycRqNUbyBphh,classic rock;aor;progressive rock;arena rock,spotify,artist,1991
suave,suave,suave,suave,Suave,4TDSoJ3FSsVWC2AgVR4ngQ,new york drill;drill;melodic bass;jersey club,spotify,artist,1988
sublime,sublime,sublime,sublime,Sublime,0LwcPzKR2Gf5twm6Mz4Kpv,lo-fi,spotify,artist,1998
subway,subway,subway,subway,Subway,3Fvbvyqm3GBJKSqf1UwHKQ,quiet storm,spotify,artist,1995
subway (featuring 702),subway,subway,subway,Subway,3Fvbvyqm3GBJKSqf1UwHKQ,quiet storm,spotify,l1,1995
sudden change,sudden change,sudden change,sudden change,,,,none,,1994
sue thompson,sue thompson,sue thompson,sue thompson,Sue Thompson,4KCnuZQWRl9FEwAcduZhP9,,none,artist,1965
sueco,sueco,sueco,sueco,Sueco,4iDroUFo89Y7YBsdDTBmTD,,none,artist,2021
suga free,suga free,suga free,suga free,Suga Free,7AjokpCIqf0gHMZJlodw2k,g-funk;west coast hip hop;gangster rap,spotify,artist,1997
sugababes,sugababes,sugababes,sugababes,Sugababes,7rZNSLWMjTbwdLNskFbzFf,pop;british;dance-pop;contemporary r&b;electropop,musicbrainz,artist,2004
sugar bears,sugar bears,sugar bears,sugar bears,,,,none,,1972
sugar pie desanto,sugar pie desanto,sugar pie desanto,sugar pie desanto,Sugar Pie DeSanto,3xIkJAnwLy7NwZpPwvaSPc,northern soul,spotify,artist,1964
sugar ray,sugar ray,sugar ray,sugar ray,Sugar Ray,4uN3DsfENc7dp0OLO0FEIb,alternative rock;hardcore punk;pop rock;pop punk;funk metal,musicbrainz,artist,2001
sugarhill gang,sugarhill gang,sugarhill gang,sugarhill gang,,,hip hop;east coast hip hop;electro;funk;pop rap,musicbrainz,,1982
sugarland,sugarland,sugarland,sugarland,Sugarland,0hYxQe3AK5jBPCr5MumLHD,country,spotify,artist,2011
sugarland featuring little big town & jake owen,sugarland,sugarland,sugarland,Sugarland,0hYxQe3AK5jBPCr5MumLHD,country,spotify,l1,2008
sugarland featuring taylor swift,sugarland,sugarland,sugarland,Sugarland,0hYxQe3AK5jBPCr5MumLHD,country,spotify,l1,2018
sugarloaf,sugarloaf,sugarloaf,sugarloaf,Sugarloaf,1T3RPiMH711kvoXymKUTYH,rock,musicbrainz,artist,1971
sugarloaf/jerry corbetta,sugarloaf,sugarloaf,sugarloaf,Sugarloaf,1T3RPiMH711kvoXymKUTYH,rock,musicbrainz,l1,1975
sum 41,sum 41,sum 41,sum 41,Sum 41,0qT79UgT5tY4yudH9VfsdT,pop punk;punk;skate punk,spotify,artist,2001
summer walker,summer walker,summer walker,summer walker,Summer Walker,57LYzLEk2LcFghVwuWbcuS,r&b,spotify,artist,2025
summer walker & ari lennox,summer walker & ari lennox,summer walker,summer walker,Summer Walker,57LYzLEk2LcFghVwuWbcuS,r&b,spotify,l2,2021
summer walker & cardi b,summer walker & cardi b,summer walker,summer walker,Summer Walker,57LYzLEk2LcFghVwuWbcuS,r&b,spotify,l2,2021
summer walker & j. cole,summer walker & j. cole,summer walker,summer walker,Summer Walker,57LYzLEk2LcFghVwuWbcuS,r&b,spotify,l2,2023
summer walker & jt,summer walker & jt,summer walker,summer walker,Summer Walker,57LYzLEk2LcFghVwuWbcuS,r&b,spotify,l2,2021
summer walker & omarion,summer walker & omarion,summer walker,summer walker,Summer Walker,57LYzLEk2LcFghVwuWbcuS,r&b,spotify,l2,2021
summer walker & partynextdoor,summer walker & partynextdoor,summer walker,summer walker,Summer Walker,57LYzLEk2LcFghVwuWbcuS,r&b,spotify,l2,2020
summer walker & sza,summer walker & sza,summer walker,summer walker,Summer Walker,57LYzLEk2LcFghVwuWbcuS,r&b,spotify,l2,2022
summer walker & usher,summer walker & usher,summer walker,summer walker,Summer Walker,57LYzLEk2LcFghVwuWbcuS,r&b,spotify,l2,2020
summer walker featuring a boogie wit da hoodie,summer walker,summer walker,summer walker,Summer Walker,57LYzLEk2LcFghVwuWbcuS,r&b,spotify,l1,2019
summer walker featuring jhene aiko,summer walker,summer walker,summer walker,Summer Walker,57LYzLEk2LcFghVwuWbcuS,r&b,spotify,l1,2019
summer walker featuring lil durk,summer walker,summer walker,summer walker,Summer Walker,57LYzLEk2LcFghVwuWbcuS,r&b,spotify,l1,2021
summer walker x drake,summer walker x drake,summer walker,summer walker,Summer Walker,57LYzLEk2LcFghVwuWbcuS,r&b,spotify,l2,2019
"summer walker, pharrell williams & the neptunes","summer walker, pharrell williams & the neptunes",summer walker,summer walker,Summer Walker,57LYzLEk2LcFghVwuWbcuS,r&b,spotify,l2,2021
sun,sun,sun,sun,,,jazz;avant-garde jazz;free jazz;free improvisation;electronic,musicbrainz,,1976
sundance head,sundance head,sundance head,sundance head,Sundance Head,3HgDVnEnlN20dfe1vvaBXH,texas country;red dirt,spotify,artist,2016
sunday,sunday,sunday,sunday,,,emo;rock and indie,musicbrainz,,2001
sundown company,sundown company,sundown company,sundown company,,,,none,,1976
sunny & the sunglows,sunny & the sunglows,sunny,sunny,Sunny & The Sunglows,0s4lAMIrmAdSrf8TPfU13O,tejano,spotify,artist,1963
sunny & the sunliners,sunny & the sunliners,sunny,sunny,Sunny & The Sunliners,7vsHbcgOIbaeMqv3GvvHdO,tejano,spotify,artist,1964
sunny sweeney,sunny sweeney,sunny sweeney,sunny sweeney,Sunny Sweeney,3uBMhKEXqr2UtRlx7Jn9LL,texas country;red dirt,spotify,artist,2011
sunscreem,sunscreem,sunscreem,sunscreem,Sunscreem,0rMScAC6pl5e5tF5zrwjdI,trance;electronic;rave;house;british,musicbrainz,artist,1993
sunshine anderson,sunshine anderson,sunshine anderson,sunshine anderson,Sunshine Anderson,0hnmRa5ahunapQbPjKUbMK,neo soul,spotify,artist,2001
super cat,super cat,super cat,super cat,Super Cat,7hHDN8REbPLpv46ROortOM,dancehall;ragga;reggae,spotify,artist,1995
superstar pride,superstar pride,superstar pride,superstar pride,Superstar Pride,3FBEsNyIwRnOHOf1Rv3SLa,,none,artist,2023
supertramp,supertramp,supertramp,supertramp,Supertramp,3JsMj0DEzyWc0VDlHuy9Bx,progressive rock;classic rock,spotify,artist,1985
supertramp featuring rick davies,supertramp,supertramp,supertramp,Supertramp,3JsMj0DEzyWc0VDlHuy9Bx,progressive rock;classic rock,spotify,l1,1983
supertramp featuring roger hodgson,supertramp,supertramp,supertramp,Supertramp,3JsMj0DEzyWc0VDlHuy9Bx,progressive rock;classic rock,spotify,l1,1983
supremes & temptations,supremes & temptations,supremes,supremes,,,,none,,1969
surf curse,surf curse,surf curse,surf curse,Surf Curse,1gl0S9pS0Zw0qfa14rDD3D,indie,spotify,artist,2024
surf mesa featuring emilee,surf mesa,surf mesa,surf mesa,Surf Mesa,1lmU3giNF3CSbkVSQmLpHQ,electronic;dance;english;house,musicbrainz,l1,2020
surface,surface,surface,surface,Surface,7dXeJ8kAqTqtvNWQNV3sdU,quiet storm;new jack swing,spotify,artist,1991
surfaces,surfaces,surfaces,surfaces,Surfaces,4ETSs924pXMzjIeD6E9b4u,pop,musicbrainz,artist,2020
survivor,survivor,survivor,survivor,Survivor,5ocYCa3PoMc3VMGbwCmFRe,rock;hard rock;adult contemporary;pop rock;aor,musicbrainz,artist,1989
susan boyle,susan boyle,susan boyle,susan boyle,Susan Boyle,1qAuetfG6mhtDgsVIffWQc,christmas,spotify,artist,2009
susan christie,susan christie,susan christie,susan christie,Susan Christie,2HrnWNplSXSbwjlRdcDQkB,,none,artist,1966
susan jacks,susan jacks,susan jacks,susan jacks,Susan Jacks,7N3f3j43FCxIzBLeM3nItn,singer-songwriter,musicbrainz,artist,1975
susan raye,susan raye,susan raye,susan raye,Susan Raye,09efpf4ONuA3Ezctd8lXza,classic country;traditional country;christian country,spotify,artist,1971
susanna hoffs,susanna hoffs,susanna hoffs,susanna hoffs,Susanna Hoffs,2Sc4ukCRllIu02LZfHF0RL,power pop;jangle pop,spotify,artist,1997
sutherland brothers and quiver,sutherland brothers and quiver,sutherland brothers,sutherland brothers,,,rock;pop;psychedelic rock;pop rock;classic pop and rock,musicbrainz,,1976
suzanne fellini,suzanne fellini,suzanne fellini,suzanne fellini,Suzanne Fellini,65ssWIUbBTrsTU6hwCvza8,power pop;aor,spotify,artist,1980
suzanne vega,suzanne vega,suzanne vega,suzanne vega,Suzanne Vega,3X0tJzVYoWlfjLYI0Ridsw,singer-songwriter,spotify,artist,1987
suzi quatro,suzi quatro,suzi quatro,suzi quatro,Suzi Quatro,15jHZ1EZwmm2QDjKctvqJQ,glam rock,spotify,artist,1981
suzi quatro & chris norman,suzi quatro & chris norman,suzi quatro,suzi quatro,Suzi Quatro,15jHZ1EZwmm2QDjKctvqJQ,glam rock,spotify,l2,1979
suzy and the red stripes,suzy and the red stripes,suzy,suzy,Suzy,4U80LJd8sG6U9YTFP5izka,k-ballad;soundtrack,spotify,l2,1977
swae lee featuring drake,swae lee,swae lee,swae lee,Swae Lee,1zNqQNIdeOUZHb8zbZRFMX,pop rap;hip hop;r&b;alternative r&b;trap,musicbrainz,l1,2019
swae lee featuring slim jxmmi,swae lee,swae lee,swae lee,Swae Lee,1zNqQNIdeOUZHb8zbZRFMX,pop rap;hip hop;r&b;alternative r&b;trap,musicbrainz,l1,2018
sweathog,sweathog,sweathog,sweathog,Sweathog,3YWSmoTEG3HokPwvvXMeRh,southern rock,spotify,artist,1972
swedish house mafia & the weeknd,swedish house mafia & the weeknd,swedish house mafia,swedish house mafia,Swedish House Mafia,1h6Cn3P4NGzXbaXidqURXs,edm,spotify,l2,2022
swedish house mafia featuring john martin,swedish house mafia,swedish house mafia,swedish house mafia,Swedish House Mafia,1h6Cn3P4NGzXbaXidqURXs,edm,spotify,l1,2013
sweeney todd,sweeney todd,sweeney todd,sweeney todd,Sweeney Todd,7vyRisgvM6Wm0Pnp0qXx6m,glam rock;power pop,spotify,artist,1976
sweeney todd featuring bryan guy adams,sweeney todd,sweeney todd,sweeney todd,Sweeney Todd,7vyRisgvM6Wm0Pnp0qXx6m,glam rock;power pop,spotify,l1,1976
sweet,sweet,sweet,sweet,Sweet,3JaAGmSTpJK35DqWrDUzBz,glam rock,spotify,artist,1978
sweet dreams,sweet dreams,sweet dreams,sweet dreams,Sweet Dreams,6Aj3vDLGFSxGAxscbsMVHU,polly browne;pickettywitch,musicbrainz,artist,1974
sweet sable,sweet sable,sweet sable,sweet sable,Sweet Sable,6QYdqWktIVMdOnG9mYo5Zm,new jack swing,spotify,artist,1994
sweet sensation,sweet sensation,sweet sensation,sweet sensation,Sweet Sensation,0DSE3n3008wiKzfd8vNhWy,freestyle;chicago house;funk melody;hi-nrg,spotify,artist,1990
sweet sensation (with romeo j.d.),sweet sensation,sweet sensation,sweet sensation,Sweet Sensation,0DSE3n3008wiKzfd8vNhWy,freestyle;chicago house;funk melody;hi-nrg,spotify,l1,1989
sweetbox,sweetbox,sweetbox,sweetbox,Sweetbox,6G7NK00vdfxNtdjLOfdUnZ,,none,artist,1998
swing out sister,swing out sister,swing out sister,swing out sister,Swing Out Sister,4phr5rAgWhcZtWJu8w8lKv,classic pop and rock;acid jazz;sophisti-pop,musicbrainz,artist,1992
swingin' medallions,swingin' medallions,swingin' medallions,swingin medallions,,,pop;beach;rock,musicbrainz,,1966
swirl 360,swirl 360,swirl 360,swirl 360,Swirl 360,3yllucl3269fkBdlam9Xot,,none,artist,1998
switch,switch,switch,switch,Switch,273A7R9wiZyELSDRw8HvIj,quiet storm,spotify,artist,1980
switchfoot,switchfoot,switchfoot,switchfoot,Switchfoot,6S58b0fr8TkWrEHOH4tRVu,christian rock;christian alternative rock;ccm;christian,spotify,artist,2005
swizz beatz,swizz beatz,swizz beatz,swizz beatz,Swizz Beatz,2cADQgiLMjNhbsfeN52Bf3,hip hop;producer;rapper;hip hop rnb and dance hall;hip-hop,musicbrainz,artist,2007
sybil,sybil,sybil,sybil,Sybil,1EbIfIjVcauDatNO4vagL1,new jack swing,spotify,artist,1993
sydney youngblood,sydney youngblood,sydney youngblood,sydney youngblood,Sydney Youngblood,6uqxysZACHU1O1DVGPa8rZ,funk;soul,musicbrainz,artist,1990
syl johnson,syl johnson,syl johnson,syl johnson,Syl Johnson,6XItHNeKXecnFpkJHOn5JL,soul;soul blues;northern soul;classic soul,spotify,artist,1975
sylk-e. fyne featuring chill,sylk-e. fyne,sylk-e. fyne,sylke fyne,Sylk-E. Fyne,52VojorjhJpYwNHOEueb0P,,none,l1,1998
sylvester,sylvester,sylvester,sylvester,Sylvester,5TGTpu4g8siFOIctZuQO7y,disco;hi-nrg;post-disco,spotify,artist,1979
sylvia,sylvia,sylvia,sylvia,Sylvia,4MTyRJuQSGVdZQNUI4xRiR,classic country,spotify,artist,1983
sylvia (r&b),sylvia,sylvia,sylvia,Sylvia,4MTyRJuQSGVdZQNUI4xRiR,classic country,spotify,l1,1973
sylvia and ralfi pagan,sylvia and ralfi pagan,sylvia,sylvia,Sylvia,4MTyRJuQSGVdZQNUI4xRiR,classic country,spotify,l2,1973
sylvia and the moments,sylvia and the moments,sylvia,sylvia,Sylvia,4MTyRJuQSGVdZQNUI4xRiR,classic country,spotify,l2,1974
syndicate of sound,syndicate of sound,syndicate of sound,syndicate of sound,Syndicate Of Sound,2y84iEkH5jHZcou93YUSXE,garage rock;proto-punk,spotify,artist,1970
system of a down,system of a down,system of a down,system of a down,System Of A Down,5eAWCfyUhZtHHtBdNk56l1,nu metal;metal;alternative metal;rap metal;rock,spotify,artist,2006
t'pau,t'pau,t'pau,tpau,,,pop;british;uk;hard rock;english,musicbrainz,,1987
t-boz,t-boz,t-boz,tboz,T-Boz,5z67HRLMUYoZhaZPWUoV94,,none,artist,1996
t-connection,t-connection,t-connection,tconnection,T-Connection,4zLYrCC0iBYDV8QmEYzUFS,post-disco;disco;funk,spotify,artist,1979
t-pain,t-pain,t-pain,tpain,T-Pain,3aQeKQSyrW4qWr35idm0cy,pop;hip hop;electropop;pop rap;contemporary r&b,musicbrainz,artist,2010
t-pain & kehlani,t-pain & kehlani,t-pain,tpain,T-Pain,3aQeKQSyrW4qWr35idm0cy,pop;hip hop;electropop;pop rap;contemporary r&b,musicbrainz,l2,2021
t-pain featuring akon,t-pain,t-pain,tpain,T-Pain,3aQeKQSyrW4qWr35idm0cy,pop;hip hop;electropop;pop rap;contemporary r&b,musicbrainz,l1,2007
t-pain featuring b.o.b,t-pain,t-pain,tpain,T-Pain,3aQeKQSyrW4qWr35idm0cy,pop;hip hop;electropop;pop rap;contemporary r&b,musicbrainz,l1,2014
t-pain featuring chris brown,t-pain,t-pain,tpain,T-Pain,3aQeKQSyrW4qWr35idm0cy,pop;hip hop;electropop;pop rap;contemporary r&b,musicbrainz,l1,2011
t-pain featuring joey galaxy,t-pain,t-pain,tpain,T-Pain,3aQeKQSyrW4qWr35idm0cy,pop;hip hop;electropop;pop rap;contemporary r&b,musicbrainz,l1,2011
t-pain featuring lil wayne,t-pain,t-pain,tpain,T-Pain,3aQeKQSyrW4qWr35idm0cy,pop;hip hop;electropop;pop rap;contemporary r&b,musicbrainz,l1,2011
t-pain featuring ludacris,t-pain,t-pain,tpain,T-Pain,3aQeKQSyrW4qWr35idm0cy,pop;hip hop;electropop;pop rap;contemporary r&b,musicbrainz,l1,2009
t-pain featuring mike jones,t-pain,t-pain,tpain,T-Pain,3aQeKQSyrW4qWr35idm0cy,pop;hip hop;electropop;pop rap;contemporary r&b,musicbrainz,l1,2006
t-pain featuring rick ross,t-pain,t-pain,tpain,T-Pain,3aQeKQSyrW4qWr35idm0cy,pop;hip hop;electropop;pop rap;contemporary r&b,musicbrainz,l1,2010
t-pain featuring wiz khalifa & lily allen,t-pain,t-pain,tpain,T-Pain,3aQeKQSyrW4qWr35idm0cy,pop;hip hop;electropop;pop rap;contemporary r&b,musicbrainz,l1,2012
t-pain featuring yung joc,t-pain,t-pain,tpain,T-Pain,3aQeKQSyrW4qWr35idm0cy,pop;hip hop;electropop;pop rap;contemporary r&b,musicbrainz,l1,2007
t-wayne,t-wayne,t-wayne,twayne,T-Wayne,4MIULe6tfg2loNzBy5B9eu,,none,artist,2015
t. rex,t. rex,t. rex,t rex,T. Rex,3dBVyJ7JuOMt4GE9607Qin,glam rock;proto-punk,spotify,artist,1972
t.g. sheppard,t.g. sheppard,t.g. sheppard,tg sheppard,T.G. Sheppard,23C7hNBr8GRdsk3VoTSZXh,classic country;traditional country,spotify,artist,1982
t.g. sheppard with clint eastwood,t.g. sheppard with clint eastwood,t.g. sheppard,tg sheppard,T.G. Sheppard,23C7hNBr8GRdsk3VoTSZXh,classic country;traditional country,spotify,l2,1984
t.i.,t.i.,t.i.,ti,T.I.,4OBJLual30L7gRl5UkeRcT,southern hip hop,spotify,artist,2012
t.i. featuring b.o.b.,t.i.,t.i.,ti,T.I.,4OBJLual30L7gRl5UkeRcT,southern hip hop,spotify,l1,2011
t.i. featuring big k.r.i.t.,t.i.,t.i.,ti,T.I.,4OBJLual30L7gRl5UkeRcT,southern hip hop,spotify,l1,2011
t.i. featuring chris brown,t.i.,t.i.,ti,T.I.,4OBJLual30L7gRl5UkeRcT,southern hip hop,spotify,l1,2010
t.i. featuring eminem,t.i.,t.i.,ti,T.I.,4OBJLual30L7gRl5UkeRcT,southern hip hop,spotify,l1,2011
t.i. featuring iggy azalea,t.i.,t.i.,ti,T.I.,4OBJLual30L7gRl5UkeRcT,southern hip hop,spotify,l1,2014
t.i. featuring justin timberlake,t.i.,t.i.,ti,T.I.,4OBJLual30L7gRl5UkeRcT,southern hip hop,spotify,l1,2009
t.i. featuring keri hilson,t.i.,t.i.,ti,T.I.,4OBJLual30L7gRl5UkeRcT,southern hip hop,spotify,l1,2010
t.i. featuring lil baby,t.i.,t.i.,ti,T.I.,4OBJLual30L7gRl5UkeRcT,southern hip hop,spotify,l1,2020
t.i. featuring lil wayne,t.i.,t.i.,ti,T.I.,4OBJLual30L7gRl5UkeRcT,southern hip hop,spotify,l1,2013
t.i. featuring mary j. blige,t.i.,t.i.,ti,T.I.,4OBJLual30L7gRl5UkeRcT,southern hip hop,spotify,l1,2009
t.i. featuring rihanna,t.i.,t.i.,ti,T.I.,4OBJLual30L7gRl5UkeRcT,southern hip hop,spotify,l1,2009
t.i. featuring swizz beatz,t.i.,t.i.,ti,T.I.,4OBJLual30L7gRl5UkeRcT,southern hip hop,spotify,l1,2008
t.i. featuring wyclef jean,t.i.,t.i.,ti,T.I.,4OBJLual30L7gRl5UkeRcT,southern hip hop,spotify,l1,2007
t.i. featuring young thug,t.i.,t.i.,ti,T.I.,4OBJLual30L7gRl5UkeRcT,southern hip hop,spotify,l1,2015
t.k. hulin,t.k. hulin,t.k. hulin,tk hulin,T.K. Hulin,7kitEiRYbimAJPWDRZ2J0C,cajun;zydeco;rockabilly,spotify,artist,1963
t.m.g.,t.m.g.,t.m.g.,tmg,TMG,64mOijpAMeO7jaZRajmuaN,arena rock,spotify,l3,1979
t.o.k.,t.o.k.,t.o.k.,tok,,,aln-sh;soul,musicbrainz,,2005
t.p.e.,t.p.e.,t.p.e.,tpe,,,,none,,1991
t.s. monk,t.s. monk,t.s. monk,ts monk,T.S. Monk,3dNwAPe7GZxgNZjNhMyx5f,post-disco,spotify,artist,1981
t.w.d.y. featuring too short & mac mall,t.w.d.y.,t.w.d.y.,twdy,T.W.D.Y.,23zijH6m9I846Pnj5t7nCN,g-funk;hyphy,spotify,l1,1999
the anxiety: willow & tyler cole,the anxiety: willow & tyler cole,the anxiety: willow,the anxiety willow,,,,none,,2022
"the scotts, travis scott & kid cudi","the scotts, travis scott & kid cudi",the scotts,the scotts,THE SCOTTS,2PaZWGu5T5nHjY2xxAkFsT,,none,l2,2020
tk kravitz featuring jacqueez,tk kravitz,tk kravitz,tk kravitz,TK Kravitz,65rDIPdQD7ijLSOq32cMXo,,none,l1,2018
tka,tka,tka,tka,TKA,4ihWkKDRxQFy33afJaI95y,freestyle;funk melody;miami bass;chicago house;latin hip hop,spotify,artist,1992
tka featuring michelle visage,tka,tka,tka,TKA,4ihWkKDRxQFy33afJaI95y,freestyle;funk melody;miami bass;chicago house;latin hip hop,spotify,l1,1991
tlc,tlc,tlc,tlc,TLC,0TImkz4nPqjegtVSMZnMRq,contemporary r&b;pop;pop rap;crunk;new jack swing,musicbrainz,artist,2003
tq,tq,tq,tq,TQ,5a6nqHiBS9v3CxYOs7ttET,rnb,musicbrainz,artist,1999
trustcompany,trustcompany,trustcompany,trustcompany,TRUSTcompany,21ALJSG7U07dShegeJQ2xA,nu metal;post-grunge;alternative metal,spotify,artist,2002
ta mara & the seen,ta mara & the seen,ta mara,ta mara,Ta Mara & The Seen,120j6GjMpmMWO7hQDo4Lfx,post-disco,spotify,artist,1986
tab hunter,tab hunter,tab hunter,tab hunter,Tab Hunter,0Vxg2n7uwG4P9ZdDFlygac,,none,artist,1959
taco,taco,taco,taco,Taco,6Dxf1ZaJBrpbumiqTTnlIH,electro swing,spotify,artist,1983
taeyang featuring jimin,taeyang,taeyang,taeyang,TAEYANG,6udveWUgX4vu75FF0DTrXV,k-pop,spotify,l1,2023
tag,tag,tag,tag,TAG,6wWzrvB5m2BSseIfpeWtJX,speedcore,spotify,artist,1992
tag team,tag team,tag team,tag team,Tag Team,3NfJ6VPVz0lf3jWy5F1N7g,miami bass,spotify,artist,1994
"tag team, mickey, minnie, and goofy","tag team, mickey, minnie, and goofy",tag team,tag team,Tag Team,3NfJ6VPVz0lf3jWy5F1N7g,miami bass,spotify,l2,1995
tai verdes,tai verdes,tai verdes,tai verdes,Tai Verdes,2kCO8LXN1usaOPL3iEE28I,,none,artist,2021
tainy & bad bunny,tainy & bad bunny,tainy,tainy,Tainy,0GM7qgcRCORpGnfcN2tCiB,reggaeton,spotify,l2,2023
"tainy, anuel aa & ozuna","tainy, anuel aa & ozuna",tainy,tainy,Tainy,0GM7qgcRCORpGnfcN2tCiB,reggaeton,spotify,l2,2019
"tainy, bad bunny & julieta venegas","tainy, bad bunny & julieta venegas",tainy,tainy,Tainy,0GM7qgcRCORpGnfcN2tCiB,reggaeton,spotify,l2,2021
taio cruz,taio cruz,taio cruz,taio cruz,Taio Cruz,6MF9fzBmfXghAz953czmBC,contemporary r&b;pop;electropop;dance-pop;r&b,musicbrainz,artist,2011
taio cruz featuring flo rida,taio cruz,taio cruz,taio cruz,Taio Cruz,6MF9fzBmfXghAz953czmBC,contemporary r&b;pop;electropop;dance-pop;r&b,musicbrainz,l1,2011
taio cruz featuring ke$ha,taio cruz,taio cruz,taio cruz,Taio Cruz,6MF9fzBmfXghAz953czmBC,contemporary r&b;pop;electropop;dance-pop;r&b,musicbrainz,l1,2010
taio cruz featuring ludacris,taio cruz,taio cruz,taio cruz,Taio Cruz,6MF9fzBmfXghAz953czmBC,contemporary r&b;pop;electropop;dance-pop;r&b,musicbrainz,l1,2010
taio cruz featuring travie mccoy,taio cruz,taio cruz,taio cruz,Taio Cruz,6MF9fzBmfXghAz953czmBC,contemporary r&b;pop;electropop;dance-pop;r&b,musicbrainz,l1,2011
taja sevelle,taja sevelle,taja sevelle,taja sevelle,Taja Sevelle,6Kk2qRZ9uzYmVPyn2N0slh,,none,artist,1987
taka boom,taka boom,taka boom,taka boom,Taka Boom,2W0FB05S1QFXtILtcn5bgT,,none,artist,1979
take that,take that,take that,take that,Take That,1XgFuvRd7r5g0h844A5ZUQ,pop;dance-pop;boy band;teen pop;british,musicbrainz,artist,1996
takeoff,takeoff,takeoff,takeoff,Takeoff,3EW0kQ1skZiK1NHg3Spt9J,trap,musicbrainz,artist,2018
taking back sunday,taking back sunday,taking back sunday,taking back sunday,Taking Back Sunday,24XtlMhEMNdi822vi0MhY1,emo;pop punk;screamo;post-hardcore;punk,spotify,artist,2006
tal bachman,tal bachman,tal bachman,tal bachman,Tal Bachman,3KEb1kbIZN5jumsjFEWgSW,rock,musicbrainz,artist,1999
talib kweli,talib kweli,talib kweli,talib kweli,Talib Kweli,0lEssBAxQl2In4RpaB1C2Y,east coast hip hop,spotify,artist,2003
talk talk,talk talk,talk talk,talk talk,Talk Talk,7Fo8TAyGJr4VmhE68QamMf,new wave;synthpop,spotify,artist,1986
talking heads,talking heads,talking heads,talking heads,Talking Heads,2x9SpqnPi8rlE9pjHBwmSC,new wave;post-punk,spotify,artist,1987
tamar braxton,tamar braxton,tamar braxton,tamar braxton,Tamar Braxton,1MT1Wz4G9Z9EVOg4L5zZMS,r&b,spotify,artist,2013
tame impala,tame impala,tame impala,tame impala,Tame Impala,5INjqkS1o8h1imAzPqGZBb,neo-psychedelic;indie,spotify,artist,2025
tami davis,tami davis,tami davis,tami davis,,,,none,,1998
tami show,tami show,tami show,tami show,Tami Show,5UjNBSmKzsLjAfyvoBtoh6,aor,spotify,artist,1991
tamia,tamia,tamia,tamia,Tamia,0le01dl1WllSHhjEXRl4in,r&b,spotify,artist,2003
tamiko jones,tamiko jones,tamiko jones,tamiko jones,Tamiko Jones,7JUa4i7gpgKlNX6DqAf13t,northern soul,spotify,artist,1975
tamiko jones with herbie mann,tamiko jones with herbie mann,tamiko jones,tamiko jones,Tamiko Jones,7JUa4i7gpgKlNX6DqAf13t,northern soul,spotify,l2,1966
tammi terrell,tammi terrell,tammi terrell,tammi terrell,Tammi Terrell,75jNCko3SnEMI5gwGqrbb8,motown,spotify,artist,1969
tammy cochran,tammy cochran,tammy cochran,tammy cochran,Tammy Cochran,7EVaoxToIYScm77vpplHXf,traditional country,spotify,artist,2001
tammy montgomery,tammy montgomery,tammy montgomery,tammy montgomery,Tammy Montgomery,77nF3Eq6C9AHxUhi5UkfSp,northern soul;motown,spotify,artist,1963
tammy wynette,tammy wynette,tammy wynette,tammy wynette,Tammy Wynette,1LFKKuzn302wp15dYH28id,classic country;traditional country;honky tonk;country,spotify,artist,1976
tane cain,tane cain,tane cain,tane cain,,,,none,,1982
tangier,tangier,tangier,tangier,Tangier,51iWVVN8kzisWn43nGqGWT,,none,artist,1989
tank,tank,tank,tank,Tank,4mwXUEKaW4ftbncf9Hi58l,r&b,spotify,artist,2018
tanto metro & devonte,tanto metro & devonte,tanto metro,tanto metro,Tanto Metro & Devonte,4mVpYIVAOE8sEdYuL8HDpd,dancehall;reggae;ragga;soca;riddim,spotify,artist,2002
tanya blount,tanya blount,tanya blount,tanya blount,Tanya Blount,5rXaQs7vQItcuzbm8SYCtF,new jack swing;quiet storm,spotify,artist,1994
tanya tucker,tanya tucker,tanya tucker,tanya tucker,Tanya Tucker,7dmeVSH4lJqxXU7C87dKIB,classic country;country;outlaw country,spotify,artist,1979
tara kemp,tara kemp,tara kemp,tara kemp,Tara Kemp,1eOD8TGo5Ek80Gv7VIqFij,new jack swing,spotify,artist,1991
tasha holiday,tasha holiday,tasha holiday,tasha holiday,Tasha Holiday,6EVl1CXeN3s9xZNduHXcI1,new jack swing,spotify,artist,1997
tasha thomas,tasha thomas,tasha thomas,tasha thomas,Tasha Thomas,5adnn0CpGyBknDRC2vW0cx,post-disco;disco,spotify,artist,1979
tasmin archer,tasmin archer,tasmin archer,tasmin archer,Tasmin Archer,6EgtYGZoF5jLydCpz43xu1,pop;pop rock;british;english;uk,musicbrainz,artist,1993
tate mcrae,tate mcrae,tate mcrae,tate mcrae,Tate McRae,45dkTj5sMRSjrmBSBeiHym,pop;dance-pop;2020s;female vocals;pop rock,musicbrainz,artist,2025
tate mcrae featauring the kid laroi,tate mcrae,tate mcrae,tate mcrae,Tate McRae,45dkTj5sMRSjrmBSBeiHym,pop;dance-pop;2020s;female vocals;pop rock,musicbrainz,l1,2025
tate mcrae featuring flo milli,tate mcrae,tate mcrae,tate mcrae,Tate McRae,45dkTj5sMRSjrmBSBeiHym,pop;dance-pop;2020s;female vocals;pop rock,musicbrainz,l1,2025
tate mcrae x khalid,tate mcrae x khalid,tate mcrae,tate mcrae,Tate McRae,45dkTj5sMRSjrmBSBeiHym,pop;dance-pop;2020s;female vocals;pop rock,musicbrainz,l2,2021
tatyana ali,tatyana ali,tatyana ali,tatyana ali,Tatyana Ali,4ZYkqq2f8wA9vkV4iQIo4C,,none,artist,1998
tavares,tavares,tavares,tavares,Tavares,3LfO03nEZMdWNHG2tLpMa0,disco;philly soul,spotify,artist,1983
tay-k,tay-k,tay-k,tayk,Tay-K,2ODbg2404zUzTi02qIPEjB,,none,artist,2018
taylor dayne,taylor dayne,taylor dayne,taylor dayne,Taylor Dayne,32lVGr0fSRGT6okLKHiP68,pop;dance-pop;rock;electronic;house,musicbrainz,artist,1994
taylor hicks,taylor hicks,taylor hicks,taylor hicks,Taylor Hicks,3E3tW69eMfAffLGgsmP3GG,american idol;blue-eyed soul;rock;blues;american,musicbrainz,artist,2006
taylor john williams,taylor john williams,taylor john williams,taylor john williams,Taylor John Williams,73r6cgVUoNL47qnJAF0Ihw,,none,artist,2014
taylor swift,taylor swift,taylor swift,taylor swift,Taylor Swift,06HL4z0CvFAxyc27GXpf02,pop;country;country pop;singer/songwriter;female vocals,musicbrainz,artist,2024
taylor swift featuring bon iver,taylor swift,taylor swift,taylor swift,Taylor Swift,06HL4z0CvFAxyc27GXpf02,pop;country;country pop;singer/songwriter;female vocals,musicbrainz,l1,2020
taylor swift featuring brendon urie,taylor swift,taylor swift,taylor swift,Taylor Swift,06HL4z0CvFAxyc27GXpf02,pop;country;country pop;singer/songwriter;female vocals,musicbrainz,l1,2019
taylor swift featuring chris stapleton,taylor swift,taylor swift,taylor swift,Taylor Swift,06HL4z0CvFAxyc27GXpf02,pop;country;country pop;singer/songwriter;female vocals,musicbrainz,l1,2021
taylor swift featuring colbie caillat,taylor swift,taylor swift,taylor swift,Taylor Swift,06HL4z0CvFAxyc27GXpf02,pop;country;country pop;singer/songwriter;female vocals,musicbrainz,l1,2008
taylor swift featuring dixie chicks,taylor swift,taylor swift,taylor swift,Taylor Swift,06HL4z0CvFAxyc27GXpf02,pop;country;country pop;singer/songwriter;female vocals,musicbrainz,l1,2019
taylor swift featuring ed sheeran,taylor swift,taylor swift,taylor swift,Taylor Swift,06HL4z0CvFAxyc27GXpf02,pop;country;country pop;singer/songwriter;female vocals,musicbrainz,l1,2021
taylor swift featuring ed sheeran & future,taylor swift,taylor swift,taylor swift,Taylor Swift,06HL4z0CvFAxyc27GXpf02,pop;country;country pop;singer/songwriter;female vocals,musicbrainz,l1,2018
taylor swift featuring fall out boy,taylor swift,taylor swift,taylor swift,Taylor Swift,06HL4z0CvFAxyc27GXpf02,pop;country;country pop;singer/songwriter;female vocals,musicbrainz,l1,2023
taylor swift featuring florence + the machine,taylor swift,taylor swift,taylor swift,Taylor Swift,06HL4z0CvFAxyc27GXpf02,pop;country;country pop;singer/songwriter;female vocals,musicbrainz,l1,2024
taylor swift featuring gary lightbody of snow patrol,taylor swift,taylor swift,taylor swift,Taylor Swift,06HL4z0CvFAxyc27GXpf02,pop;country;country pop;singer/songwriter;female vocals,musicbrainz,l1,2021
taylor swift featuring haim,taylor swift,taylor swift,taylor swift,Taylor Swift,06HL4z0CvFAxyc27GXpf02,pop;country;country pop;singer/songwriter;female vocals,musicbrainz,l1,2021
taylor swift featuring hayley williams,taylor swift,taylor swift,taylor swift,Taylor Swift,06HL4z0CvFAxyc27GXpf02,pop;country;country pop;singer/songwriter;female vocals,musicbrainz,l1,2023
taylor swift featuring ice spice,taylor swift,taylor swift,taylor swift,Taylor Swift,06HL4z0CvFAxyc27GXpf02,pop;country;country pop;singer/songwriter;female vocals,musicbrainz,l1,2023
taylor swift featuring kendrick lamar,taylor swift,taylor swift,taylor swift,Taylor Swift,06HL4z0CvFAxyc27GXpf02,pop;country;country pop;singer/songwriter;female vocals,musicbrainz,l1,2015
taylor swift featuring lana del rey,taylor swift,taylor swift,taylor swift,Taylor Swift,06HL4z0CvFAxyc27GXpf02,pop;country;country pop;singer/songwriter;female vocals,musicbrainz,l1,2023
taylor swift featuring maren morris,taylor swift,taylor swift,taylor swift,Taylor Swift,06HL4z0CvFAxyc27GXpf02,pop;country;country pop;singer/songwriter;female vocals,musicbrainz,l1,2021
taylor swift featuring phoebe bridgers,taylor swift,taylor swift,taylor swift,Taylor Swift,06HL4z0CvFAxyc27GXpf02,pop;country;country pop;singer/songwriter;female vocals,musicbrainz,l1,2021
taylor swift featuring post malone,taylor swift,taylor swift,taylor swift,Taylor Swift,06HL4z0CvFAxyc27GXpf02,pop;country;country pop;singer/songwriter;female vocals,musicbrainz,l1,2025
taylor swift featuring the civil wars,taylor swift,taylor swift,taylor swift,Taylor Swift,06HL4z0CvFAxyc27GXpf02,pop;country;country pop;singer/songwriter;female vocals,musicbrainz,l1,2012
taylor swift featuring the national,taylor swift,taylor swift,taylor swift,Taylor Swift,06HL4z0CvFAxyc27GXpf02,pop;country;country pop;singer/songwriter;female vocals,musicbrainz,l1,2020
teairra mari,teairra mari,teairra mari,teairra mari,Teairra Mari,3BgBZSHsiYdhfG7mZbTPzg,,none,artist,2005
tears for fears,tears for fears,tears for fears,tears for fears,Tears For Fears,4bthk9UfsYUYdcFyqxmSUU,new wave;synthpop,spotify,artist,1993
tech n9ne featuring 2 chainz & b.o.b,tech n9ne,tech n9ne,tech n9ne,Tech N9ne,6UBA15slIuadJ8h2lPRPos,horrorcore,spotify,l1,2015
technotronic,technotronic,technotronic,technotronic,Technotronic,2Cd98zHVdZeOCisc6Gi2sB,eurodance;hip house;dance,spotify,artist,1990
technotronic featuring felly,technotronic,technotronic,technotronic,Technotronic,2Cd98zHVdZeOCisc6Gi2sB,eurodance;hip house;dance,spotify,l1,1990
technotronic featuring ya kid k,technotronic,technotronic,technotronic,Technotronic,2Cd98zHVdZeOCisc6Gi2sB,eurodance;hip house;dance,spotify,l1,1995
ted nugent,ted nugent,ted nugent,ted nugent,Ted Nugent,21ysNsPzHdqYN2fQ75ZswG,classic rock;southern rock,spotify,artist,1980
ted taylor,ted taylor,ted taylor,ted taylor,Ted Taylor,2jTwya2USmxOx5BIld3BIt,soul;soul blues,musicbrainz,artist,1965
teddy & the twilights,teddy & the twilights,teddy,teddy,Teddy,0a6Q2oHRwUYaZMChVBZWts,emo rap,spotify,l2,1962
teddy geiger,teddy geiger,teddy geiger,teddy geiger,Teddy Geiger,1YIpZOfyHXMUgUaxxxgbaC,queer,musicbrainz,artist,2006
teddy pendergrass,teddy pendergrass,teddy pendergrass,teddy pendergrass,Teddy Pendergrass,68kACMx6A3D2BYiO056MeQ,philly soul;quiet storm;classic soul;soul,spotify,artist,1997
teddy pendergrass and whitney houston,teddy pendergrass and whitney houston,teddy pendergrass,teddy pendergrass,Teddy Pendergrass,68kACMx6A3D2BYiO056MeQ,philly soul;quiet storm;classic soul;soul,spotify,l2,1984
teddy randazzo,teddy randazzo,teddy randazzo,teddy randazzo,Teddy Randazzo,7IAvIH8JtrxdwsydRKwh24,doo-wop,spotify,artist,1963
teddy riley featuring guy,teddy riley,teddy riley,teddy riley,Teddy Riley,5VDmBevaLkMLnK0rLOjijw,new jack swing,spotify,l1,1989
teddy swims,teddy swims,teddy swims,teddy swims,Teddy Swims,33qOK5uJ8AR2xuQQAhHump,pop;pop soul;rock;alternative rock;soul,musicbrainz,artist,2025
teddy swims & giveon,teddy swims & giveon,teddy swims,teddy swims,Teddy Swims,33qOK5uJ8AR2xuQQAhHump,pop;pop soul;rock;alternative rock;soul,musicbrainz,l2,2025
teddy vann,teddy vann,teddy vann,teddy vann,Teddy Vann,1q9PIBzFBAMgM9Aa637NbH,,none,artist,1961
tee grizzley,tee grizzley,tee grizzley,tee grizzley,Tee Grizzley,6AUl0ykLLpvTktob97x9hO,trap;hip hop;detroit trap,musicbrainz,artist,2017
tee grizzley & j. cole,tee grizzley & j. cole,tee grizzley,tee grizzley,Tee Grizzley,6AUl0ykLLpvTktob97x9hO,trap;hip hop;detroit trap,musicbrainz,l2,2024
"tee grizzley, mariah the scientist & chris brown","tee grizzley, mariah the scientist & chris brown",tee grizzley,tee grizzley,Tee Grizzley,6AUl0ykLLpvTktob97x9hO,trap;hip hop;detroit trap,musicbrainz,l2,2024
teeflii featuring 2 chainz,teeflii,teeflii,teeflii,TeeFLii,1pCVxwkdixCeBPTboRZIi2,ratchet music;contemporary r&b;west coast hip hop;pop rap,musicbrainz,l1,2014
teegarden & van winkle,teegarden & van winkle,teegarden,teegarden,Teegarden & Van Winkle,6fcXGjaPyXKgp0HugDNzFI,,none,artist,1970
teena marie,teena marie,teena marie,teena marie,Teena Marie,61UT1Zj9dFgPAjZfwnsqsb,quiet storm;post-disco,spotify,artist,1988
teena marie featuring baby,teena marie,teena marie,teena marie,Teena Marie,61UT1Zj9dFgPAjZfwnsqsb,quiet storm;post-disco,spotify,l1,2004
teena marie featuring gerald levert,teena marie,teena marie,teena marie,Teena Marie,61UT1Zj9dFgPAjZfwnsqsb,quiet storm;post-disco,spotify,l1,2005
tegan and sara,tegan and sara,tegan,tegan,Tegan and Sara,5e1BZulIiYWPRm8yogwUYH,indie pop;alternative rock;indie rock;indie;synth-pop,musicbrainz,artist,2013
tegan and sara featuring the lonely island,tegan and sara,tegan,tegan,Tegan and Sara,5e1BZulIiYWPRm8yogwUYH,indie pop;alternative rock;indie rock;indie;synth-pop,musicbrainz,l1,2014
tela featuring eightball & mjg,tela,tela,tela,Tela,0tsdit2ueGK3CtFt1ueg0y,southern hip hop,spotify,l1,1997
telepopmusik,telepopmusik,telepopmusik,telepopmusik,Telepopmusik,4hIbIDyX3WDaZeso6i7Me6,downtempo;electronic,musicbrainz,artist,2003
tems,tems,tems,tems,Tems,687cZJR45JO7jhk1LHIbgq,afrobeats;afro r&b;alté;afrobeat,spotify,artist,2022
ten wheel drive with genya ravan,ten wheel drive with genya ravan,ten wheel drive,ten wheel drive,Ten Wheel Drive,2ZScr2wDTaoDFg4XzPkoxQ,,none,l2,1970
ten years after,ten years after,ten years after,ten years after,Ten Years After,7nkLRaWHImCvWGHdNGnhVE,blues rock;psychedelic rock,spotify,artist,1973
tenacious d,tenacious d,tenacious d,tenacious d,Tenacious D,1XpDYCrUJnvCo9Ez6yeMWh,comedy,spotify,artist,2006
tender slim,tender slim,tender slim,tender slim,Tender Slim,3numTvkoIR26Vkq83bmxcO,blues,spotify,artist,1960
tene williams,tene williams,tene williams,tene williams,,,,none,,1993
tenille arts,tenille arts,tenille arts,tenille arts,Tenille Arts,0gSAxSvAApQc71cTpoXDFu,country,spotify,artist,2021
tennessee ernie ford,tennessee ernie ford,tennessee ernie ford,tennessee ernie ford,Tennessee Ernie Ford,7u6FSuqT3SWE2kO8rNVjfp,christian country;classic country,spotify,artist,1959
terence trent d'arby,terence trent d'arby,terence trent d'arby,terence trent darby,,,soul;contemporary r&b;pop;funk;sananda maitreya,musicbrainz,,1993
teresa brewer,teresa brewer,teresa brewer,teresa brewer,Teresa Brewer,2mPL4g4v9DS55zi6QctLbP,adult standards,spotify,artist,1961
teri desario,teri desario,teri desario,teri desario,Teri DeSario,0234x9nNrcIxRQ51AFqgJx,,none,artist,1978
teri desario with k.c.,teri desario with k.c.,teri desario,teri desario,Teri DeSario,0234x9nNrcIxRQ51AFqgJx,,none,l2,1980
terri clark,terri clark,terri clark,terri clark,Terri Clark,0HLOP0AdsaWe5Pt5TNueGC,country;classic country,spotify,artist,2004
terri gibbs,terri gibbs,terri gibbs,terri gibbs,Terri Gibbs,53I5L1MaOYGfbRM1uZ80xg,classic country,spotify,artist,1981
terror fabulous featuring nadine sutherland,terror fabulous,terror fabulous,terror fabulous,Terror Fabulous,1Oq1UznFoef8kJK0c57xIF,dancehall;ragga;reggae;lovers rock;soca,spotify,l1,1994
terror squad,terror squad,terror squad,terror squad,Terror Squad,2BvzbqWWwLN11XGBYgDZzx,hip hop;gangsta rap;hip hop rnb and dance hall,musicbrainz,artist,2005
terry black,terry black,terry black,terry black,Terry Black,7uhZRBcuWtkP1lNnt45oLQ,,none,artist,1964
terry black & laurel ward,terry black & laurel ward,terry black,terry black,Terry Black,7uhZRBcuWtkP1lNnt45oLQ,,none,l2,1972
terry bradshaw,terry bradshaw,terry bradshaw,terry bradshaw,Terry Bradshaw,11trTKBmeHMpXiOmZOvdds,southern gospel,spotify,artist,1976
terry cashman,terry cashman,terry cashman,terry cashman,Terry Cashman,55ibMbwUTLT562NiuJba3d,,none,artist,1976
terry dexter,terry dexter,terry dexter,terry dexter,Terry Dexter,1RrZPFsImAKmgX6rcY0PwC,french jazz,spotify,artist,1999
terry ellis,terry ellis,terry ellis,terry ellis,Terry Ellis,3VLPKOMqpsbmC1D2auAXR7,quiet storm,spotify,artist,1996
terry jacks,terry jacks,terry jacks,terry jacks,Terry Jacks,09dDdtfi4mWLdC2BHOrIrl,singer-songwriter;pop rock;pop;folk pop;singer/songwriter,musicbrainz,artist,1974
terry knight and the pack,terry knight and the pack,terry knight,terry knight,Terry Knight And The Pack,6qLZdPW7iYL5oF8tc0g3p0,garage rock;pop rock;psychedelic rock;baroque pop;detroit rock,musicbrainz,artist,1967
terry mcdermott,terry mcdermott,terry mcdermott,terry mcdermott,Terry McDermott,70vDOyUxrgVhYM63LkJfvV,,none,artist,2012
terry stafford,terry stafford,terry stafford,terry stafford,Terry Stafford,4kmoIUly5v8RsaKDhevAjT,doo-wop,spotify,artist,1964
tesla,tesla,tesla,tesla,Tesla,0dgnITyIAN4NrmUVisvxHU,glam metal;glam rock;hard rock,spotify,artist,1992
tessanne chin,tessanne chin,tessanne chin,tessanne chin,Tessanne Chin,2UKYsnNMcMf1CcTD6NuwX8,reggae;lovers rock,spotify,artist,2014
tessanne chin & adam levine,tessanne chin & adam levine,tessanne chin,tessanne chin,Tessanne Chin,2UKYsnNMcMf1CcTD6NuwX8,reggae;lovers rock,spotify,l2,2014
tevin campbell,tevin campbell,tevin campbell,tevin campbell,Tevin Campbell,5VfqJBmXcf6ZqXoGij5qTE,new jack swing;quiet storm,spotify,artist,1999
tex ritter,tex ritter,tex ritter,tex ritter,Tex Ritter,0m7gTbaLi5fM22MiRaRf7G,classic country;traditional country,spotify,artist,1974
texas,texas,texas,texas,Texas,5JsdVATHNPE0XdMFMRoSuf,alternative rock;scottish;rock;british;uk,musicbrainz,artist,1989
tha alkaholiks featuring ol' dirty bastard,tha alkaholiks,tha alkaholiks,tha alkaholiks,Tha Alkaholiks,2FiRV4AeJUGaW98BhDIAKI,west coast hip hop;old school hip hop;underground hip hop,spotify,l1,1997
tha dogg pound featuring michel'le,tha dogg pound,tha dogg pound,tha dogg pound,Tha Dogg Pound,60CFNa0ggWjV8OSDey8aGT,g-funk;west coast hip hop;gangster rap;old school hip hop,spotify,l1,1996
thalia featuring fat joe,thalia,thalia,thalia,Thalia,23wEWD21D4TPYiJugoXmYb,latin pop,spotify,l1,2003
that mexican ot,that mexican ot,that mexican ot,that mexican ot,That Mexican OT,3BAgmPNIK5IJl7zMK1wvMA,hip hop,musicbrainz,artist,2024
"that mexican ot, paul wall & drodi","that mexican ot, paul wall & drodi",that mexican ot,that mexican ot,That Mexican OT,3BAgmPNIK5IJl7zMK1wvMA,hip hop,musicbrainz,l2,2023
"the ""5"" royales","the ""5"" royales","the ""5"" royales",the 5 royales,,,doo-wop;r&b,musicbrainz,,1961
"the ""you know who"" group!","the ""you know who"" group!","the ""you know who"" group!",the you know who group,,,danish;pop,musicbrainz,,1965
the 1975,the 1975,the 1975,the 1975,The 1975,3mIj9lX2MWuHmhNCA7LSCW,indie rock;pop rock;art pop;new wave;synthpop,musicbrainz,artist,2015
the 2 live crew,the 2 live crew,the 2 live crew,the 2 live crew,,,miami bass;hip hop,musicbrainz,,1996
the 21st century,the 21st century,the 21st century,the 21st century,The 21st Century,6Ytjm5VLHjlnd7Q3MXPvDt,soul,musicbrainz,artist,1975
the 3 friends,the 3 friends,the 3 friends,the 3 friends,The 3 Friends,4TsWU2ouEBQo5si064obtV,doo-wop,spotify,artist,1961
the 4 of us,the 4 of us,the 4 of us,the 4 of us,The 4 Of Us,1Yr9lXq2m3KO4otqQKcllY,rock;alternative rock,musicbrainz,artist,1990
the 4 seasons,the 4 seasons,the 4 seasons,the 4 seasons,,,,none,,1995
the 4 seasons featuring frankie valli,the 4 seasons,the 4 seasons,the 4 seasons,,,,none,,1963
"the 4 seasons featuring the ""sound of frankie valli""",the 4 seasons,the 4 seasons,the 4 seasons,,,aln-sh;classic pop and rock,musicbrainz,,1969
the 5 chanels,the 5 chanels,the 5 chanels,the 5 chanels,The 5 Chanels,2XHwiSqppIEZwWgczxOjGk,doo-wop;northern soul,spotify,artist,1958
the 5 stairsteps,the 5 stairsteps,the 5 stairsteps,the 5 stairsteps,The 5 Stairsteps,1L5mHg10huszFz2rzmxU5Y,northern soul,spotify,artist,1970
the 5th dimension,the 5th dimension,the 5th dimension,the 5th dimension,The 5th Dimension,1UUYAQ9LiRsZF0ZukQNWXM,pop;vocal group;sunshine pop;psychedelic pop;psychedelic soul,musicbrainz,artist,1976
the 8th day,the 8th day,the 8th day,the 8th day,The 8th Day,0WCIUu5T9saxPNjg1n8F1G,northern soul;philly soul,spotify,artist,1972
the abbey tavern singers,the abbey tavern singers,the abbey tavern singers,the abbey tavern singers,The Abbey Tavern Singers,68f2brJqhpFncUVbnFHsWY,,none,artist,1966
the accents,the accents,the accents,the accents,The Accents,3BeQEcwjCACfooKPLgH0O4,soul,musicbrainz,artist,1959
the ad libs,the ad libs,the ad libs,the ad libs,The Ad Libs,3ahRanZQnsZmAVMNqRsimM,doo-wop;northern soul,spotify,artist,1965
the adventures,the adventures,the adventures,the adventures,The Adventures,4c4aXbJsahvmOSbkpbX1Yu,surf rock,spotify,artist,1988
the adventures of stevie v,the adventures of stevie v,the adventures of stevie v,the adventures of stevie v,The Adventures Of Stevie V,7HOmuShc6sajk74rYV7zR2,,none,artist,1991
the afternoon delights,the afternoon delights,the afternoon delights,the afternoon delights,,,,none,,1981
the afters,the afters,the afters,the afters,The Afters,1Q9nxD19emMUTTWtFi7jZc,christian;ccm;christian alternative rock;christian rock;christian pop,spotify,artist,2006
the alan parsons project,the alan parsons project,the alan parsons project,the alan parsons project,The Alan Parsons Project,2m62cc253Xvd9qYQ8d2X3d,progressive rock;classic rock,spotify,artist,1986
the alarm,the alarm,the alarm,the alarm,The Alarm,0oQLexIBY9SlMhtbSIPFAO,new wave,spotify,artist,1989
"the alchemist featuring prodigy, illa ghee & nina sky",the alchemist,the alchemist,the alchemist,The Alchemist,6eU3DrwgsSDQ51qz0Y4Wd9,hip hop;producer;hip-hop;instrumental hip hop;drumless hip hop,musicbrainz,l1,2005
the all-american rejects,the all-american rejects,the all-american rejects,the allamerican rejects,The All-American Rejects,3vAaWhdBR38Q02ohXqaNHT,pop punk;emo,spotify,artist,2009
the alley cats,the alley cats,the alley cats,the alley cats,The Alley Cats,6pSo5F15qsAxY0qYkpmsvJ,doo-wop,spotify,artist,1963
the allisons,the allisons,the allisons,the allisons,The Allisons,3Fc3e55Hpm24q5XzsTyyo4,,none,artist,1963
the allman brothers band,the allman brothers band,the allman brothers band,the allman brothers band,,,southern rock;blues rock;rock;jam band;electric blues,musicbrainz,,1981
the amboy dukes,the amboy dukes,the amboy dukes,the amboy dukes,The Amboy Dukes,5cVLuEqb7aOHuzwssXHzWI,acid rock;psychedelic rock;proto-punk;garage rock,spotify,artist,1968
the american breed,the american breed,the american breed,the american breed,The American Breed,77ZSVx5tJdeJdJsdJ3z2UX,garage rock;go-go,spotify,artist,1968
the american comedy network,the american comedy network,the american comedy network,the american comedy network,,,,none,,1984
the ames brothers,the ames brothers,the ames brothers,the ames brothers,The Ames Brothers,4oXaAEofJFedGweFqy5qiv,adult standards,spotify,artist,1960
the angels,the angels,the angels,the angels,The Angels,2PeqTZKroEc2oDwTfmB2al,hard rock;pub rock;rock;classic rock,musicbrainz,artist,1964
the animals,the animals,the animals,the animals,The Animals,3huPPvMcRhxxUepvjTZpMu,psychedelic rock;blues rock;rock;mod;british blues,musicbrainz,artist,1983
the appalachians,the appalachians,the appalachians,the appalachians,The Appalachians,2E737dqjrpHpbNKSXTiKxv,,none,artist,1963
the applejacks,the applejacks,the applejacks,the applejacks,The Applejacks,27up4HDNmGpKK60gRie2tB,beat music,musicbrainz,artist,1959
the arbors,the arbors,the arbors,the arbors,The Arbors,63Dt0x6oCx3qBDz6G6A5uv,baroque pop,spotify,artist,1969
the archies,the archies,the archies,the archies,The Archies,33QmoCkSqADuQEtMCysYLh,classic pop and rock;bubblegum pop;pop;fictitious artist;fictitious-artist,musicbrainz,artist,1970
the arrows featuring davie allan,the arrows,the arrows,the arrows,The Arrows,7skPgnuedpZWHgEf2GRI9W,rock,musicbrainz,l1,1965
the art of noise featuring duane eddy,the art of noise,the art of noise,the art of noise,The Art Of Noise,77zrvBORXcnTyysjjKRfBU,synthpop,spotify,l1,1986
the art of noise featuring tom jones,the art of noise,the art of noise,the art of noise,The Art Of Noise,77zrvBORXcnTyysjjKRfBU,synthpop,spotify,l1,1989
the artistics,the artistics,the artistics,the artistics,The Artistics,2iy394hZHUSLDMIxAnrz8x,northern soul;motown;classic soul,spotify,artist,1967
the assembled multitude,the assembled multitude,the assembled multitude,the assembled multitude,The Assembled Multitude,0Iu81d083UWM0dQoWShgjd,,none,artist,1971
the association,the association,the association,the association,The Association,2kuNswDC82PL9xRbfaZJaS,baroque pop;acid rock,spotify,artist,1981
the astors,the astors,the astors,the astors,The Astors,11c6d21TC7e9MENwkEGykn,northern soul;classic soul;soul,spotify,artist,1965
the astronauts,the astronauts,the astronauts,the astronauts,The Astronauts,5ln3nV0TJaRzoch6Ivmi3d,rock & roll;surf rock,musicbrainz,artist,1963
the ataris,the ataris,the ataris,the ataris,The Ataris,3LC8PXXgk7YtAIobtjSdNi,pop punk;skate punk;punk,spotify,artist,2003
the atlanta disco band,the atlanta disco band,the atlanta disco band,the atlanta disco band,,,,none,,1976
the avant-garde,the avant-garde,the avant-garde,the avantgarde,The Avantgarde,6xRKskofBBhMbHLX7TKWWS,,none,l3,1968
the b-52s,the b-52s,the b-52s,the b52s,,,pop rock;new wave;dance-pop;dance-rock;pop,musicbrainz,,1992
the b.c. 52's,the b.c. 52's,the b.c. 52's,the bc 52s,,,,none,,1994
the babys,the babys,the babys,the babys,The Babys,6z7wrwE2QW7Keb9ozoF0rg,aor,spotify,artist,1981
the bachelors,the bachelors,the bachelors,the bachelors,The Bachelors,4zpyeJXjUKrfaYh7IP7qqp,irish;folk;folk rock,musicbrainz,artist,1967
the badlees,the badlees,the badlees,the badlees,The Badlees,25VSFgiz95XMZ5O7MmIxs1,roots rock,spotify,artist,1996
the baja marimba band,the baja marimba band,the baja marimba band,the baja marimba band,The Baja Marimba Band,63eNjNGaOdu9zPJzyDF9fl,exotica;easy listening,spotify,artist,1964
the ballads,the ballads,the ballads,the ballads,The Ballads,63T71o0R0YOBgk2aqqNoiq,northern soul,spotify,artist,1968
the balloon farm,the balloon farm,the balloon farm,the balloon farm,,,psychedelic rock;garage rock,musicbrainz,,1968
the baltimore and ohio marching band,the baltimore and ohio marching band,the baltimore,the baltimore,,,,none,,1967
the banana splits,the banana splits,the banana splits,the banana splits,The Banana Splits,1IFqL5UiEPVc2CCzgsKTtA,bubblegum pop,spotify,artist,1969
the band,the band,the band,the band,The Band,4vpDg7Y7fU982Ds30zawDA,folk rock;roots rock;southern rock;americana,spotify,artist,1976
the band of the black watch,the band of the black watch,the band of the black watch,the band of the black watch,The Band Of The Black Watch,0rmOHKGZm4GoleKbmm4ryl,,none,artist,1976
the band perry,the band perry,the band perry,the band perry,The Band Perry,75FnCoo4FBxH5K1Rrx0k5A,country,spotify,artist,2014
the bangles,the bangles,the bangles,the bangles,The Bangles,51l0uqRxGaczYr4271pVIC,jangle pop,spotify,artist,1989
the bar-kays,the bar-kays,the bar-kays,the barkays,The Bar-Kays,0Z4CzYz9ieK8q9XiVMPkW5,funk;post-disco,spotify,artist,1977
the barbarians,the barbarians,the barbarians,the barbarians,The Barbarians,2ef4kVtzQfLfRwUVYjPixh,garage rock;proto-punk,spotify,artist,1966
the barbusters (joan jett and the blackhearts),the barbusters,the barbusters,the barbusters,,,,none,,1987
the barden bellas,the barden bellas,the barden bellas,the barden bellas,The Barden Bellas,2BaKphge9AdjZIxQqv7WoQ,fictitious artist;fictitious-artist;fictional artist;fictional,musicbrainz,artist,2013
"the barden bellas, the treblemakers & the bu harmonics","the barden bellas, the treblemakers & the bu harmonics",the barden bellas,the barden bellas,The Barden Bellas,2BaKphge9AdjZIxQqv7WoQ,fictitious artist;fictitious-artist;fictional artist;fictional,musicbrainz,l2,2013
the barron knights,the barron knights,the barron knights,the barron knights,The Barron Knights,5971B5frCeQXuIgCvPy1Gb,comedy,spotify,artist,1979
the baskerville hounds,the baskerville hounds,the baskerville hounds,the baskerville hounds,The Baskerville Hounds,4Sb4jcMlVKNp4BzGXlU7GN,proto-punk;garage rock,spotify,artist,1969
the beach boys,the beach boys,the beach boys,the beach boys,The Beach Boys,3oDbviiivRWhXwIE8hxkVV,baroque pop,spotify,artist,2025
the beatles,the beatles,the beatles,the beatles,The Beatles,3WrFJ7ztbogyGnTHbHJFl2,classic rock;psychedelic rock,spotify,artist,2023
the beatles with billy preston,the beatles with billy preston,the beatles,the beatles,The Beatles,3WrFJ7ztbogyGnTHbHJFl2,classic rock;psychedelic rock,spotify,l2,1969
the beatles with tony sheridan,the beatles with tony sheridan,the beatles,the beatles,The Beatles,3WrFJ7ztbogyGnTHbHJFl2,classic rock;psychedelic rock,spotify,l2,1964
the beatnuts featuring big punisher & cuban link,the beatnuts,the beatnuts,the beatnuts,The Beatnuts,5ynvmGwc83ZoRx2EIWHXLX,east coast hip hop;old school hip hop,spotify,l1,1997
the beatnuts featuring yellaklaw,the beatnuts,the beatnuts,the beatnuts,The Beatnuts,5ynvmGwc83ZoRx2EIWHXLX,east coast hip hop;old school hip hop,spotify,l1,1999
the beau brummels,the beau brummels,the beau brummels,the beau brummels,The Beau Brummels,4DQj1q0unpi9KF8jO1Wqks,acid rock;garage rock;baroque pop;folk rock;country rock,spotify,artist,1965
the beau-marks,the beau-marks,the beau-marks,the beaumarks,The Beau-Marks,4DdKwKjWP5k7tuT8RyMRQ3,doo-wop;rock quebecois,spotify,artist,1960
the beginning of the end,the beginning of the end,the beginning of the end,the beginning of the end,The Beginning Of The End,5dS6VBacLLPyLDAfK3B0OR,funk;jazz funk,spotify,artist,1971
the bell notes,the bell notes,the bell notes,the bell notes,The Bell Notes,5aeWPt5NxjEZXy5DIXRyxm,doo-wop;rockabilly,spotify,artist,1960
the bellamy brothers,the bellamy brothers,the bellamy brothers,the bellamy brothers,The Bellamy Brothers,5iB5AWIa7qreioi0AF3Bxa,classic country,spotify,artist,1976
the belle stars,the belle stars,the belle stars,the belle stars,The Belle Stars,79mvAIaa8bVyObPdeqs2i3,classic pop and rock,musicbrainz,artist,1989
the bells,the bells,the bells,the bells,The Bells,66akX7UszLtTZqTTdcFvBL,,none,artist,1971
the belmonts,the belmonts,the belmonts,the belmonts,The Belmonts,4vsZZTGEOD72KfbeNDeVyL,doo-wop,spotify,artist,1963
the bermudas,the bermudas,the bermudas,the bermudas,The Bermudas,5llgCV2A1XR0cNOQc2M3MG,,none,artist,1964
the big sound of don ralke,the big sound of don ralke,the big sound of don ralke,the big sound of don ralke,The Big Sound of Don Ralke,2ZOVwqpAUS9cGOX71utk9T,,none,artist,1959
the black crowes,the black crowes,the black crowes,the black crowes,The Black Crowes,5krkohEVJYw0qoB5VWwxaC,southern rock;rock,spotify,artist,1992
the black eyed peas,the black eyed peas,the black eyed peas,the black eyed peas,,,,none,,2011
the black eyed peas featuring macy gray,the black eyed peas,the black eyed peas,the black eyed peas,,,,none,,2001
the black keys,the black keys,the black keys,the black keys,The Black Keys,7mnBLXK823vNxN3UWB7Gfz,blues rock;garage rock;modern blues;rock,spotify,artist,2014
the blackbyrds,the blackbyrds,the blackbyrds,the blackbyrds,The Blackbyrds,7uykqYYhDUugFJgKZWXIWq,jazz funk;funk,spotify,artist,1977
the blackout allstars,the blackout allstars,the blackout allstars,the blackout allstars,The Blackout Allstars,3TBR6hnNO9jfoiBrjypSW8,cha cha cha,spotify,artist,1997
the blades of grass,the blades of grass,the blades of grass,the blades of grass,The Blades of Grass,4M70FT5uw7Q5bgZtonLv1Z,baroque pop;exotica,spotify,artist,1967
the blend,the blend,the blend,the blend,The Blend,19meFkUFcBJeGbQ60k0XuC,,none,artist,1979
the blendells,the blendells,the blendells,the blendells,The Blendells,1TnfZiar96TrC900subc1X,northern soul,spotify,artist,1964
the blenders,the blenders,the blenders,the blenders,The Blenders,02hfqI1GbdgIfOTLvObD4v,doo-wop,spotify,artist,1963
the blossoms,the blossoms,the blossoms,the blossoms,The Blossoms,4ZJ3LpOgvziCqzFArpHF91,rhythm and blues;pop;soul;rock and roll,musicbrainz,artist,1961
the blow monkeys,the blow monkeys,the blow monkeys,the blow monkeys,The Blow Monkeys,06tPmk0aHzCFK0T96YzXnN,pop rock;classic pop and rock;pop;rock,musicbrainz,artist,1986
the blue diamonds,the blue diamonds,the blue diamonds,the blue diamonds,The Blue Diamonds,3S9VOVAAECM8pdNr5p7c2J,indorock;nederpop;schlager;hollands,spotify,artist,1960
the blue jays,the blue jays,the blue jays,the blue jays,The Blue Jays,6CSZnQDY5NWMD3NnE1N2FV,rockabilly,spotify,artist,1961
the blue notes,the blue notes,the blue notes,the blue notes,The Blue Notes,0M5Xx4WwFdsurFITn3GMb9,philly soul;r&b;soul;classic pop and rock,musicbrainz,artist,1960
the blue ridge rangers,the blue ridge rangers,the blue ridge rangers,the blue ridge rangers,,,,none,,1973
the blue-belles,the blue-belles,the blue-belles,the bluebelles,The Bluebelles,3o71UUh0wHudH3T2zS1DgU,philly soul;northern soul;classic soul,spotify,l3,1962
the bluenotes,the bluenotes,the bluenotes,the bluenotes,The Bluenotes,5m0IGiT02VkEtP08b8is8R,rockabilly;psychobilly,spotify,artist,1960
the blues project,the blues project,the blues project,the blues project,The Blues Project,1lvclIZLUGZ52gMi7uDDkv,blues rock;psychedelic rock;garage rock;acid rock;proto-punk,spotify,artist,1967
the bobbettes,the bobbettes,the bobbettes,the bobbettes,The Bobbettes,5TesVKMq16peTfJC46PbYw,doo-wop,spotify,artist,1961
the boomtown rats,the boomtown rats,the boomtown rats,the boomtown rats,The Boomtown Rats,40oYPr305MsT2lsiXr9fX9,new wave,spotify,artist,1980
the box tops,the box tops,the box tops,the box tops,The Box Tops,3KGQvnOoqUHi3KxKQMZtXr,blue-eyed soul;mod;pop soul;rock;pop,musicbrainz,artist,1970
the boys,the boys,the boys,the boys,The Boys,4lOXDaGBU2mZM3PZU35ar0,punk;punk rock;pop punk;power pop,musicbrainz,artist,1990
the boys band,the boys band,the boys band,the boys band,The Boys Band,01gEbwBrh6Md0tTfZfwLJq,,none,artist,1982
the boys in the band,the boys in the band,the boys in the band,the boys in the band,The Boys In The Band,19eA32jtOxnivkEvtJgONV,,none,artist,1970
the braids,the braids,the braids,the braids,The Braids,6yVV4wO1AvZvUdkUOmdPEG,,none,artist,1997
the brand new heavies,the brand new heavies,the brand new heavies,the brand new heavies,The Brand New Heavies,3DEveX6KVzhPDqq2VRuN14,acid jazz;jazz funk;funk,spotify,artist,1997
the brand new heavies featuring n'dea davenport,the brand new heavies,the brand new heavies,the brand new heavies,The Brand New Heavies,3DEveX6KVzhPDqq2VRuN14,acid jazz;jazz funk;funk,spotify,l1,1991
the brass ring featuring phil bodner,the brass ring,the brass ring,the brass ring,The Brass Ring,4ZTxcROH7Yypq9ZSVSDpag,exotica;easy listening,spotify,l1,1967
the brat pack,the brat pack,the brat pack,the brat pack,The Brat Pack,4Owess1WievEcwR99goEYE,new jack swing,spotify,artist,1990
the bravery,the bravery,the bravery,the bravery,The Bravery,2bcrMsFlF632EQ6VZERWFu,indie rock;indie;rock;alternative;american,musicbrainz,artist,2005
the braxtons,the braxtons,the braxtons,the braxtons,The Braxtons,1hO5XbzrgqZIwurIDuB3i2,american,musicbrainz,artist,1996
the breakfast club,the breakfast club,the breakfast club,the breakfast club,The Breakfast Club,61rUPiLnxXN6Zo6R0UPpvL,,none,artist,1987
the brecker brothers,the brecker brothers,the brecker brothers,the brecker brothers,The Brecker Brothers,45rpaf8BR69NIPqmeAYb7l,jazz fusion;jazz funk;acid jazz;yacht rock;jazz,spotify,artist,1975
the breeders,the breeders,the breeders,the breeders,The Breeders,1xgFexIwrf2QjbU0buCNnp,riot grrrl;alternative rock,spotify,artist,1994
the brian setzer orchestra,the brian setzer orchestra,the brian setzer orchestra,the brian setzer orchestra,The Brian Setzer Orchestra,7HQH1SJokcVMdstilKJ2S8,rockabilly;swing music;big band;christmas;boogie-woogie,spotify,artist,1998
the brooklyn bridge,the brooklyn bridge,the brooklyn bridge,the brooklyn bridge,The Brooklyn Bridge,5GCr2mkCaB1ZBHmAZfsvwh,psychedelic pop;psychedelic rock;sunshine pop;pop rock,musicbrainz,artist,1970
the brooklyn bridge featuring johnny maestro,the brooklyn bridge,the brooklyn bridge,the brooklyn bridge,The Brooklyn Bridge,5GCr2mkCaB1ZBHmAZfsvwh,psychedelic pop;psychedelic rock;sunshine pop;pop rock,musicbrainz,l1,1969
the brotherhood of man,the brotherhood of man,the brotherhood of man,the brotherhood of man,,,,none,,1971
the brothers four,the brothers four,the brothers four,the brothers four,The Brothers Four,0nd3tsqHVtnAWBCQgwtbIz,folk,spotify,artist,1965
the brothers johnson,the brothers johnson,the brothers johnson,the brothers johnson,The Brothers Johnson,6h3rSZ8VLK7a5vXjEmhfuD,funk;disco,spotify,artist,1981
the browns,the browns,the browns,the browns,The Browns,2E1M05GyQkzhuDkv8gvmJQ,,none,artist,1960
the browns featuring jim edward brown,the browns,the browns,the browns,The Browns,2E1M05GyQkzhuDkv8gvmJQ,,none,l1,1961
the bubble puppy,the bubble puppy,the bubble puppy,the bubble puppy,The Bubble Puppy,6C4KYtkO2ElWXV8088XuI7,acid rock;psychedelic rock;garage rock,spotify,artist,1969
the bucketheads,the bucketheads,the bucketheads,the bucketheads,The Bucketheads,1yjuFciXmV3NaPCzwwHclC,hip hop;pop and chart,musicbrainz,artist,1995
the buckinghams,the buckinghams,the buckinghams,the buckinghams,The Buckinghams,4zmxet3ZPdSmL3Xyv1Wegb,baroque pop,spotify,artist,1968
the buena vistas,the buena vistas,the buena vistas,the buena vistas,The Buena Vistas,0NZla8oecHR7sQ4rb6lW81,northern soul,spotify,artist,1968
the buggles,the buggles,the buggles,the buggles,The Buggles,057gc1fxmJ2vkctjQJ7Tal,,none,artist,1980
the buoys,the buoys,the buoys,the buoys,The Buoys,2VuruIP0MYDbUf7vKvx5eD,dream pop,spotify,artist,1971
the busters,the busters,the busters,the busters,The Busters,4LUQTti0lDj7sw91AzaPNk,german;ska;germany,musicbrainz,artist,1963
the butanes,the butanes,the butanes,the butanes,The Butanes,3zlUDjxwrKGcnAvgPG2c3L,doo-wop,spotify,artist,1961
the butterflys,the butterflys,the butterflys,the butterflys,The Butterflys,4gBBPN9hVSwAY57gaUAGcO,,none,artist,1964
the byrds,the byrds,the byrds,the byrds,The Byrds,1PCZpxHJz7WAMF8EEq8bfc,folk rock;country rock;psychedelic rock;acid rock,spotify,artist,1970
the c.o.d.'s,the c.o.d.'s,the c.o.d.'s,the cods,,,,none,,1966
the caboose,the caboose,the caboose,the caboose,The Caboose,5WLs3g4knwyU2CiLyYaPL8,,none,artist,1970
the cadillacs,the cadillacs,the cadillacs,the cadillacs,The Cadillacs,53P89BUW3MzCG8bxAV8zUS,doo-wop,spotify,artist,1959
the california raisins,the california raisins,the california raisins,the california raisins,,,,none,,1988
the call,the call,the call,the call,The Call,2bSugToVO8DavocRulW3Yj,new wave,spotify,artist,1989
the calling,the calling,the calling,the calling,The Calling,5aMmmNxw4vgpc5XC6hK0zp,pop rock,spotify,artist,2002
the cambridge strings and singers,the cambridge strings and singers,the cambridge strings,the cambridge strings,The Cambridge Strings,0uT9VSJvyKAnBbFUvImAcO,,none,l2,1961
the candymen,the candymen,the candymen,the candymen,The Candymen,6tsqczONFOCQH4Ot2xlK0u,acid rock;psychedelic rock;baroque pop;bubblegum pop,spotify,artist,1967
the cantina band (featuring lou christie),the cantina band,the cantina band,the cantina band,The Cantina Band,6NpdofqhBRC5hqa76xYWhm,,none,l1,1981
the capitols,the capitols,the capitols,the capitols,The Capitols,75T1kPl9ZS56qtABe2ZLvt,,none,artist,1966
the capris,the capris,the capris,the capris,The Capris,42SCX0E1m3YSaY2l3zHVJ4,doo-wop,spotify,artist,1962
the captain & tennille,the captain & tennille,the captain,the captain,The Captain,1KnAMP72uuTq8oQdoPziEA,hard house;tribal house,spotify,l2,1975
the caravelles,the caravelles,the caravelles,the caravelles,The Caravelles,7uZF0rHNG0DlPOd1gd7Tiv,,none,artist,1964
the carefrees,the carefrees,the carefrees,the carefrees,The Carefrees,2P7jtM3uf9eZcQoTZ9UQLX,doo-wop,spotify,artist,1964
the cars,the cars,the cars,the cars,The Cars,6DCIj8jNaNpBz8e5oKFPtp,power pop;new wave;classic rock,spotify,artist,1988
the carters,the carters,the carters,the carters,The Carters,4fpTMHe34LC5t3h5ztK8qu,trap;contemporary r&b;hip hop;grammy winner,musicbrainz,artist,2018
the cascades,the cascades,the cascades,the cascades,The Cascades,6qF0CJP412Gd50Rn1sFg2o,doo-wop,spotify,artist,1969
the casinos,the casinos,the casinos,the casinos,The Casinos,2oEalcjHCHizuXF2ao47F6,doo-wop,spotify,artist,1967
the caslons,the caslons,the caslons,the caslons,The Caslons,0PMu4intNIukZnnOKqRaH7,doo-wop,spotify,artist,1961
the castaways,the castaways,the castaways,the castaways,The Castaways,6lv8HcGphRLcwA5HcXwXwb,rock and indie,musicbrainz,artist,1965
the castells,the castells,the castells,the castells,The Castells,6DkVBNgQMSVLTQa7OUhMno,doo-wop,spotify,artist,1962
the castle sisters,the castle sisters,the castle sisters,the castle sisters,The Castle Sisters,72HXkxyomWKPrWj0OQUeBw,,none,artist,1962
the chad mitchell trio,the chad mitchell trio,the chad mitchell trio,the chad mitchell trio,,,,none,,1964
the chainsmokers,the chainsmokers,the chainsmokers,the chainsmokers,The Chainsmokers,69GGBxA162lTqCwzJG5jLp,electro house;edm;electropop;future bass;electronic,musicbrainz,artist,2022
the chainsmokers & bebe rexha,the chainsmokers & bebe rexha,the chainsmokers,the chainsmokers,The Chainsmokers,69GGBxA162lTqCwzJG5jLp,electro house;edm;electropop;future bass;electronic,musicbrainz,l2,2019
the chainsmokers & coldplay,the chainsmokers & coldplay,the chainsmokers,the chainsmokers,The Chainsmokers,69GGBxA162lTqCwzJG5jLp,electro house;edm;electropop;future bass;electronic,musicbrainz,l2,2017
the chainsmokers & illenium featuring lennon stella,the chainsmokers & illenium,the chainsmokers,the chainsmokers,The Chainsmokers,69GGBxA162lTqCwzJG5jLp,electro house;edm;electropop;future bass;electronic,musicbrainz,l2,2019
the chainsmokers featuring 5 seconds of summer,the chainsmokers,the chainsmokers,the chainsmokers,The Chainsmokers,69GGBxA162lTqCwzJG5jLp,electro house;edm;electropop;future bass;electronic,musicbrainz,l1,2019
the chainsmokers featuring daya,the chainsmokers,the chainsmokers,the chainsmokers,The Chainsmokers,69GGBxA162lTqCwzJG5jLp,electro house;edm;electropop;future bass;electronic,musicbrainz,l1,2017
the chainsmokers featuring emily warren,the chainsmokers,the chainsmokers,the chainsmokers,The Chainsmokers,69GGBxA162lTqCwzJG5jLp,electro house;edm;electropop;future bass;electronic,musicbrainz,l1,2018
the chainsmokers featuring halsey,the chainsmokers,the chainsmokers,the chainsmokers,The Chainsmokers,69GGBxA162lTqCwzJG5jLp,electro house;edm;electropop;future bass;electronic,musicbrainz,l1,2017
the chainsmokers featuring kelsea ballerini,the chainsmokers,the chainsmokers,the chainsmokers,The Chainsmokers,69GGBxA162lTqCwzJG5jLp,electro house;edm;electropop;future bass;electronic,musicbrainz,l1,2019
the chainsmokers featuring phoebe ryan,the chainsmokers,the chainsmokers,the chainsmokers,The Chainsmokers,69GGBxA162lTqCwzJG5jLp,electro house;edm;electropop;future bass;electronic,musicbrainz,l1,2017
the chainsmokers featuring rozes,the chainsmokers,the chainsmokers,the chainsmokers,The Chainsmokers,69GGBxA162lTqCwzJG5jLp,electro house;edm;electropop;future bass;electronic,musicbrainz,l1,2016
the chainsmokers featuring xylo,the chainsmokers,the chainsmokers,the chainsmokers,The Chainsmokers,69GGBxA162lTqCwzJG5jLp,electro house;edm;electropop;future bass;electronic,musicbrainz,l1,2016
the chakachas,the chakachas,the chakachas,the chakachas,The Chakachas,0dEvx7Y18jVslvbP4IksQl,,none,artist,1972
the chambers brothers,the chambers brothers,the chambers brothers,the chambers brothers,The Chambers Brothers,0OwaxYpG77PWKSLtj1QzG8,acid rock;psychedelic rock,spotify,artist,1969
the champs,the champs,the champs,the champs,The Champs,3yt4IVDHz0luREG9Uf9xrp,doo-wop,spotify,artist,1962
the champs' boys orchestra,the champs' boys orchestra,the champs' boys orchestra,the champs boys orchestra,The Champs' Boys Orchestra,4yxsiuPVsXQ2OMZF8yraQm,,none,artist,1976
the changin' times,the changin' times,the changin' times,the changin times,,,,none,,1965
the chantels,the chantels,the chantels,the chantels,The Chantels,08kLJJHCIH3KZGk4FZmWSK,doo-wop,spotify,artist,1963
the chanters,the chanters,the chanters,the chanters,The Chanters,5CoQm6q2dEm15QCcd6uNWQ,doo-wop,spotify,artist,1961
the chargers,the chargers,the chargers,the chargers,The Chargers,0VaC6lWgLz8h2gyJZ7ys8b,doo-wop,musicbrainz,artist,1958
the charles randolph grean sounde,the charles randolph grean sounde,the charles randolph grean sounde,the charles randolph grean sounde,,,,none,,1969
the charlie daniels band,the charlie daniels band,the charlie daniels band,the charlie daniels band,The Charlie Daniels Band,12d4iIvTOk7JkI6ecvc3ca,southern rock;outlaw country;classic country;country rock;country,spotify,artist,1982
the charmettes,the charmettes,the charmettes,the charmettes,The Charmettes,4mqahmRKzCIZ7yJdMEQvvp,doo-wop,spotify,artist,1963
the chartbusters,the chartbusters,the chartbusters,the chartbusters,The Chartbusters,6sc8EzxfldgjcED8gVrkXQ,,none,artist,1964
"the checkmates, ltd.","the checkmates, ltd.",the checkmates,the checkmates,The Checkmates,6YU3dTfvzThOATHd0pfp3f,doo-wop;indorock,spotify,l2,1969
"the checkmates, ltd. featuring sonny charles","the checkmates, ltd.",the checkmates,the checkmates,The Checkmates,6YU3dTfvzThOATHd0pfp3f,doo-wop;indorock,spotify,l2,1969
the cheetah girls,the cheetah girls,the cheetah girls,the cheetah girls,The Cheetah Girls,4ntkql3f3ect7NDRUJ7aAY,,none,artist,2006
the chemical brothers,the chemical brothers,the chemical brothers,the chemical brothers,The Chemical Brothers,1GhPHrq36VKCY3ucVaZCfo,big beat;alternative dance;electronic;breakbeat,spotify,artist,1997
the cherry people,the cherry people,the cherry people,the cherry people,The Cherry People,6DjoQKQjrxrfTW6QlQEyDE,,none,artist,1968
the chi-lites,the chi-lites,the chi-lites,the chilites,The Chi-Lites,7BFr36uI1dzJyo6tpa5Ued,classic soul;motown;philly soul;soul,spotify,artist,1975
the chicago bears shufflin' crew,the chicago bears shufflin' crew,the chicago bears shufflin' crew,the chicago bears shufflin crew,,,,none,,1986
the chicago loop,the chicago loop,the chicago loop,the chicago loop,,,,none,,1966
the chiffons,the chiffons,the chiffons,the chiffons,The Chiffons,05sIdEkXAYDbDDdv3T56Oj,doo-wop;motown,spotify,artist,1966
the chimes,the chimes,the chimes,the chimes,The Chimes,1vdjrsXdrp9zh95qEUynqo,classic pop and rock,musicbrainz,artist,1990
the chipmunks with david seville,the chipmunks with david seville,the chipmunks,the chipmunks,The Chipmunks,3ahSiORCSHCHa5XntlI8Ai,fictitious artist;fictitious-artist;aln-sh;fictional;rock,musicbrainz,l2,1962
the choice four,the choice four,the choice four,the choice four,The Choice Four,07u5IlqfCATdL3ucE40duL,,none,artist,1975
the choir,the choir,the choir,the choir,,,alternative rock;christian rock,musicbrainz,,1967
the chordettes,the chordettes,the chordettes,the chordettes,The Chordettes,62GnBjssWSXBlKvQohT2Bk,doo-wop,spotify,artist,1961
the church,the church,the church,the church,The Church,2ZfogSsOWP4mVfEqfpLXCt,jangle pop;new wave;neo-psychedelic;post-punk;dream pop,spotify,artist,1988
the citizens of halloween,the citizens of halloween,the citizens of halloween,the citizens of halloween,The Citizens of Halloween,4LazDzEGshEUn9D2zbm6w2,,none,artist,2024
the clark family experience,the clark family experience,the clark family experience,the clark family experience,,,country,musicbrainz,,2001
the clash,the clash,the clash,the clash,The Clash,3RGLhK1IP9jnYFH4BRFJBS,punk,spotify,artist,1983
the classics,the classics,the classics,the classics,The Classics,30kkXz8Vew8lXymsqHmc2u,,none,artist,1963
the cleftones,the cleftones,the cleftones,the cleftones,The Cleftones,55vDUEAKaeyEYSlzm5rRyf,doo-wop,spotify,artist,1962
the click,the click,the click,the click,The Click,3s1xcekYgnSkBm8QK1uBYD,west coast hip hop;g-funk;hyphy,spotify,artist,1996
the click five,the click five,the click five,the click five,The Click Five,01lz5VBfkMFDteSA9pKJuP,,none,artist,2005
the clique,the clique,the clique,the clique,The Clique,12byEH9cFZrokt4R7QMVXO,pop,musicbrainz,artist,1970
the clovers,the clovers,the clovers,the clovers,The Clovers,0ckkj0a9CvIJr4h84B0OlN,doo-wop,spotify,artist,1960
the coasters,the coasters,the coasters,the coasters,The Coasters,3QZKZBEmr54lAVI5XvmjnM,doo-wop;rock and roll,spotify,artist,1972
the college boyz,the college boyz,the college boyz,the college boyz,,,,none,,1992
the commitments,the commitments,the commitments,the commitments,The Commitments,5kiBy7FO5L4ywMz1xF70PX,soul;soul/r&b,musicbrainz,artist,1991
the communards,the communards,the communards,the communards,The Communards,17U2ImH5IyYMvjkCfPhMHT,hi-nrg;synthpop,spotify,artist,1988
the conscious daughters,the conscious daughters,the conscious daughters,the conscious daughters,The Conscious Daughters,4fMUioNRs0K1Dv0hiN6gPN,,none,artist,1994
the continental 4,the continental 4,the continental 4,the continental 4,The Continental 4,6B8MS7K4qSa3kYc4iL1BwJ,,none,artist,1971
the contours,the contours,the contours,the contours,The Contours,2ugPdplEWBmyU6EcIzlcY1,motown;northern soul,spotify,artist,1988
the cookies,the cookies,the cookies,the cookies,THE COOKIES,2YVAaAaywRDlXholWZrCdC,,none,artist,1964
the corrs,the corrs,the corrs,the corrs,The Corrs,1VbWUxZTRNY2gw3qZ1tg9W,celtic rock,spotify,artist,2001
"the corsairs featuring jay ""bird"" uzzell",the corsairs,the corsairs,the corsairs,The Corsairs,2kGgGd3VsDFJc2HYOFggI6,,none,l1,1962
the courtship,the courtship,the courtship,the courtship,The Courtship,7GhYK4l8CkV1ajA9wSwsjN,philly soul;motown;northern soul,spotify,artist,1972
the cover girls,the cover girls,the cover girls,the cover girls,The Cover Girls,6D01mATo26VaiiCfZzpWAm,freestyle;funk melody;miami bass;chicago house,spotify,artist,1992
the cowsills,the cowsills,the cowsills,the cowsills,The Cowsills,4ZSzroBNV7HzBDO9aohuF1,baroque pop,spotify,artist,1969
the crampton sisters,the crampton sisters,the crampton sisters,the crampton sisters,,,,none,,1964
the cranberries,the cranberries,the cranberries,the cranberries,The Cranberries,7t0rwkOPGlDPEhaOcVtOt9,alternative rock;rock;pop rock;jangle pop;dream pop,musicbrainz,artist,1997
the crazy world of arthur brown,the crazy world of arthur brown,the crazy world of arthur brown,the crazy world of arthur brown,The Crazy World Of Arthur Brown,4O3KM3YqZt4swarynBQsGd,psychedelic rock;uk;english;classic pop and rock;british,musicbrainz,artist,1968
the crescents featuring chiyo,the crescents,the crescents,the crescents,The Crescents,2w6O1flNmt7EE4QZUdvGj4,indorock;doo-wop;surf rock,spotify,l1,1964
the crests,the crests,the crests,the crests,The Crests,64vw6q9ZBTop3Tf2ol1x4U,doo-wop,spotify,artist,1960
the crests featuring johnny mastro,the crests,the crests,the crests,The Crests,64vw6q9ZBTop3Tf2ol1x4U,doo-wop,spotify,l1,1960
the cretones,the cretones,the cretones,the cretones,,,,none,,1980
the crickets,the crickets,the crickets,the crickets,The Crickets,4r7JUeiYy24L7BuzCq9EjR,rockabilly;doo-wop;rock and roll,spotify,artist,1958
the critters,the critters,the critters,the critters,The Critters,5E8zJydP0U8dsNBBywuYSu,,none,artist,1967
the crooklyn dodgers,the crooklyn dodgers,the crooklyn dodgers,the crooklyn dodgers,,,hip hop,musicbrainz,,1994
the crusaders,the crusaders,the crusaders,the crusaders,The Crusaders,3Bhgbs9kIwl8SuU0eIqN6b,jazz funk;jazz fusion;smooth jazz;soul jazz,spotify,artist,1979
the crusaders with joe cocker,the crusaders with joe cocker,the crusaders,the crusaders,The Crusaders,3Bhgbs9kIwl8SuU0eIqN6b,jazz funk;jazz fusion;smooth jazz;soul jazz,spotify,l2,1981
the cryan' shames,the cryan' shames,the cryan' shames,the cryan shames,The Cryan' Shames,4PBcyZV3dsAmDIcODCttYP,garage rock,spotify,artist,1968
the crystal mansion,the crystal mansion,the crystal mansion,the crystal mansion,,,,none,,1969
the crystals,the crystals,the crystals,the crystals,The Crystals,7rewR1TVjhisjI6gauUamf,doo-wop;motown,spotify,artist,1964
the cuff links,the cuff links,the cuff links,the cuff links,The Cuff Links,1VKy7hIBFmlBnfKPgPkuLH,bubblegum pop;doo-wop,spotify,artist,1970
the cult,the cult,the cult,the cult,The Cult,49DW3KvkyjHO35mK1JnSyS,hard rock;gothic rock;glam metal,spotify,artist,1989
the cupids,the cupids,the cupids,the cupids,The Cupids,3NExlfiW247XcyUl3qukXv,doo-wop,spotify,artist,1963
the cure,the cure,the cure,the cure,The Cure,7bu3H8JO7d0UbMoVzbo70s,new wave;post-punk;gothic rock;darkwave,spotify,artist,1996
the cyrkle,the cyrkle,the cyrkle,the cyrkle,The Cyrkle,4qnb4cn5aykCACoyuCirGg,baroque pop,spotify,artist,1967
the danleers,the danleers,the danleers,the danleers,The Danleers,1W0oUYvRe6jjI2SuaiigFv,doo-wop,spotify,artist,1958
the dartells,the dartells,the dartells,the dartells,,,,none,,1963
the dave brubeck quartet,the dave brubeck quartet,the dave brubeck quartet,the dave brubeck quartet,The Dave Brubeck Quartet,4iRZAbYvBqnxrbs6K25aJ7,jazz;cool jazz,spotify,artist,1963
the dave clark five,the dave clark five,the dave clark five,the dave clark five,The Dave Clark Five,2HBbky0Z08ZcCKVsXWbNE4,pop;british;uk;psychedelic pop;pop rock,musicbrainz,artist,1968
the david rockingham trio,the david rockingham trio,the david rockingham trio,the david rockingham trio,,,,none,,1963
the de franco family,the de franco family,the de franco family,the de franco family,,,,none,,1974
the decastro sisters,the decastro sisters,the decastro sisters,the decastro sisters,The DeCastro Sisters,4AXHSUtE5n3OiGTMt97ANp,adult standards;latin jazz;exotica,spotify,artist,1959
the defranco family featuring tony defranco,the defranco family,the defranco family,the defranco family,The DeFranco Family featuring Tony DeFranco,6Tfk6zhQU1KGfVeRoeqWDl,,none,artist,1974
the deadly nightshade,the deadly nightshade,the deadly nightshade,the deadly nightshade,The Deadly Nightshade,3m04hapKxRSgYvQRU3AgNw,country rock,musicbrainz,artist,1976
the deele,the deele,the deele,the deele,The Deele,7ohSq6OUvkH1hkslgXfGMi,quiet storm;post-disco;new jack swing,spotify,artist,1988
the del fuegos,the del fuegos,the del fuegos,the del fuegos,The Del Fuegos,5I2TgxUl2Ovnb65E33evR2,roots rock;jangle pop;power pop,spotify,artist,1986
the delacardos,the delacardos,the delacardos,the delacardos,The Delacardos,5PHQJHRhBfg7fJhzv2de7r,doo-wop;northern soul,spotify,artist,1961
the delegates,the delegates,the delegates,the delegates,The Delegates,4pCzU1Kq3a7KgbLstYMbKN,,none,artist,1972
the delfonics,the delfonics,the delfonics,the delfonics,The Delfonics,6YPRXu1dazGYcSZv4HJEH4,philly soul;classic soul;motown,spotify,artist,1973
the dells,the dells,the dells,the dells,The Dells,0wbrRIw2po5DV4LeaHw55S,northern soul;doo-wop;classic soul;philly soul;motown,spotify,artist,1974
the demensions,the demensions,the demensions,the demensions,The Demensions,5RmvCSl3IoND65aePiv6WI,doo-wop,spotify,artist,1963
the detergents,the detergents,the detergents,the detergents,The Detergents,1WbH0e5a1gdnw5oVPZ8OJV,,none,artist,1965
the devotions,the devotions,the devotions,the devotions,The Devotions,1ansEr5xlP7Ko8MAZXqhkm,doo-wop;go-go,spotify,artist,1964
the diamonds,the diamonds,the diamonds,the diamonds,The Diamonds,3s9kaLrpplvv4vIzZBYPga,doo-wop,spotify,artist,1961
the dillards,the dillards,the dillards,the dillards,The Dillards,3WAkTbMThUvVRq5keECFtS,bluegrass;newgrass,spotify,artist,1971
the dillman band,the dillman band,the dillman band,the dillman band,The DIllman Band,5ojz8TfbzjB1CDvUkcXbXA,arena rock;aor,spotify,artist,1981
the diplomats,the diplomats,the diplomats,the diplomats,The Diplomats,0P8YNJXX7QeQ8iZIUCXJgi,east coast hip hop,spotify,artist,1964
the dirt band,the dirt band,the dirt band,the dirt band,The Dirt Band,0OKqlLmhbrF597AlrATD4U,,none,artist,1981
the dirty heads featuring rome,the dirty heads,the dirty heads,the dirty heads,,,,none,,2010
the dixie cups,the dixie cups,the dixie cups,the dixie cups,The Dixie Cups,7ICvZfP4VHAPZ5Wdt03772,doo-wop,spotify,artist,1965
the dixie drifter,the dixie drifter,the dixie drifter,the dixie drifter,,,,none,,1965
the dixiebelles,the dixiebelles,the dixiebelles,the dixiebelles,The Dixiebelles,0hrdLMGOZtvJCdiuXyzPYE,,none,artist,1964
the dolphins,the dolphins,the dolphins,the dolphins,The Dolphins,7CVxwLV5VkD3spnJ0656j2,,none,artist,1965
the don harrison band,the don harrison band,the don harrison band,the don harrison band,,,rock,musicbrainz,,1976
the doobie brothers,the doobie brothers,the doobie brothers,the doobie brothers,The Doobie Brothers,39T6qqI0jDtSWWioX8eGJz,yacht rock;classic rock;soft rock;southern rock,spotify,artist,1989
the doolittle band,the doolittle band,the doolittle band,the doolittle band,,,,none,,1980
the doors,the doors,the doors,the doors,The Doors,22WZ7M8sxp5THdruNY3gXt,psychedelic rock;classic rock;acid rock,spotify,artist,1984
the dove shack,the dove shack,the dove shack,the dove shack,The Dove Shack,22F3I3DN5zCdFzkeMtdlf6,hip hop;west coast hip hop;g-funk,musicbrainz,artist,1995
the dovells,the dovells,the dovells,the dovells,The Dovells,6LaraO4gcDKWw0fwIOTodm,doo-wop,spotify,artist,1963
the dramatics,the dramatics,the dramatics,the dramatics,The Dramatics,2W8UTum7bU7ue6m0r14H97,classic soul;soul;philly soul;quiet storm;motown,spotify,artist,1977
the dream academy,the dream academy,the dream academy,the dream academy,The Dream Academy,1JVoO5bwfU8GNuAZLpBoHe,baroque pop,spotify,artist,1986
the dreamlovers,the dreamlovers,the dreamlovers,the dreamlovers,The Dreamlovers,1K5jhhrHEs3S7rlf5OfDmD,doo-wop,spotify,artist,1961
the drew-vels,the drew-vels,the drew-vels,the drewvels,The Drew-Vels,7A6VK9tgegVrrYd4anKQvK,doo-wop;philly soul;northern soul,spotify,artist,1964
the drifters,the drifters,the drifters,the drifters,The Drifters,1FqqOl9itIUpXr4jZPIVoT,doo-wop;motown,spotify,artist,1967
the drifters featuring clyde mcphatter and bill pinkney,the drifters,the drifters,the drifters,The Drifters,1FqqOl9itIUpXr4jZPIVoT,doo-wop;motown,spotify,l1,1962
the dubs,the dubs,the dubs,the dubs,The Dubs,6NsxC1URU6rnrNkre83xKI,,none,artist,1959
the dukays,the dukays,the dukays,the dukays,,,,none,,1961
the duke of earl,the duke of earl,the duke of earl,the duke of earl,,,,none,,1962
the duprees,the duprees,the duprees,the duprees,The Duprees,6nYTjfJFNic9m83TROYHUS,doo-wop,spotify,artist,1965
the duprees featuring joey vann,the duprees,the duprees,the duprees,The Duprees,6nYTjfJFNic9m83TROYHUS,doo-wop,spotify,l1,1964
the dyna-sores,the dyna-sores,the dyna-sores,the dynasores,The Dyna-Sores,6nAWkzyyVKbREKpukRzKhT,exotica,spotify,artist,1960
the dynamics,the dynamics,the dynamics,the dynamics,The Dynamics,3BzWroS3sIPZeZQwtF8rZp,,none,artist,1969
the dynatones,the dynatones,the dynatones,the dynatones,The Dynatones,6DWBCmYTGxSXjc6BF39G7i,polka,spotify,artist,1966
the earls,the earls,the earls,the earls,The Earls,1mRDomWIhGzqhd4ty48Rko,doo-wop,musicbrainz,artist,1963
the easybeats,the easybeats,the easybeats,the easybeats,The Easybeats,1pJEZXU2hJApJW3rM7LmMu,proto-punk;psychedelic rock,spotify,artist,1969
the ebonys,the ebonys,the ebonys,the ebonys,The Ebonys,5lIu3yk3Vz3a2dVSoBHJDt,philly soul;classic soul;quiet storm,spotify,artist,1973
the echoes,the echoes,the echoes,the echoes,The Echoes,3NIenDn2OsCH7GDyY3Uw2w,doo-wop,spotify,artist,1961
the edsels,the edsels,the edsels,the edsels,The Edsels,37GvOiYw9uyXXBHiy31qEX,doo-wop,spotify,artist,1961
the edwin hawkins' singers featuring dorothy combs morrison,the edwin hawkins' singers,the edwin hawkins' singers,the edwin hawkins singers,The Edwin Hawkins Singers,0lEzfSVcNRLDUKdI7fBDD3,,none,l3,1969
the electric express,the electric express,the electric express,the electric express,The Electric Express,6oOhe2d34O9hYBhjBImxbR,,none,artist,1971
the electric indian,the electric indian,the electric indian,the electric indian,The Electric Indian,2A2EjqniNZkM43JKtdYIyW,northern soul;philly soul,spotify,artist,1969
the electric prunes,the electric prunes,the electric prunes,the electric prunes,The Electric Prunes,1kkpNi8Ii5MhBMxmUhN5g9,acid rock;psychedelic rock;proto-punk;garage rock,spotify,artist,1967
the elegants,the elegants,the elegants,the elegants,The Elegants,7bNoMfBqbaLJrfH3Vw1q6L,doo-wop,spotify,artist,1958
the eleventh hour,the eleventh hour,the eleventh hour,the eleventh hour,The Eleventh Hour,6Z4Uu1CaYlV02n12rhp7s8,disco;soul;funk;pop;rock,musicbrainz,artist,1976
the elgins,the elgins,the elgins,the elgins,The Elgins,0CMVsLgjlp9Tk02TikMAQK,northern soul;motown;classic soul,spotify,artist,1967
the elton john band,the elton john band,the elton john band,the elton john band,,,,none,,1975
the emotions,the emotions,the emotions,the emotions,The Emotions,64CuUOOirKmdAYLQSfaOyr,disco;motown,spotify,artist,1978
the emperor's,the emperor's,the emperor's,the emperors,The Emperors,2NqUeZIkViIvOLb2b8TBDX,northern soul;philly soul;acid rock,spotify,l3,1967
the enchanters,the enchanters,the enchanters,the enchanters,The Enchanters,0aTreVEtpuoM3lzKJuvOWP,,none,artist,1964
the english congregation,the english congregation,the english congregation,the english congregation,,,,none,,1972
the epic splendor,the epic splendor,the epic splendor,the epic splendor,,,,none,,1968
the equals,the equals,the equals,the equals,The Equals,2cwhkGSddemWfuFzfCJHtA,british;uk;english,musicbrainz,artist,1968
the escape club,the escape club,the escape club,the escape club,The Escape Club,6mRev5KzKOgQcZjWanwBdd,rock;new wave;glam rock;pop rock;dance-rock,musicbrainz,artist,1991
the esquires,the esquires,the esquires,the esquires,The Esquires,6LmBY0KXUzjmMcqI2aAu7f,surf rock;rockabilly,spotify,artist,1969
the essex,the essex,the essex,the essex,The Essex,0s90rRszp5JKrTDfJkJGHx,r&b,musicbrainz,artist,1963
the essex featuring anita humes,the essex,the essex,the essex,The Essex,0s90rRszp5JKrTDfJkJGHx,r&b,musicbrainz,l1,1963
the eternals,the eternals,the eternals,the eternals,The Eternals,6f5pI7L1djYcTHZ7gc80yE,jersey club;footwork,spotify,artist,1959
the everly brothers,the everly brothers,the everly brothers,the everly brothers,The Everly Brothers,4ACplpEqD6JIVgKrafauzs,doo-wop,spotify,artist,1984
the excellents,the excellents,the excellents,the excellents,The Excellents,4lUmmtBrzbwOVRJHAUSEw6,doo-wop,spotify,artist,1963
the excels,the excels,the excels,the excels,The Excels,2J8DemAIiqtFWirTklgGTF,doo-wop;garage rock;rockabilly;proto-punk,spotify,artist,1961
the exciters,the exciters,the exciters,the exciters,The Exciters,74iBA2LWbtpsPKdqHtuTkc,pop;soul;girl group;doo-wop,musicbrainz,artist,1966
the exotic sounds of martin denny,the exotic sounds of martin denny,the exotic sounds of martin denny,the exotic sounds of martin denny,,,,none,,1959
the fabulous rhinestones,the fabulous rhinestones,the fabulous rhinestones,the fabulous rhinestones,,,pop rock;blues rock,musicbrainz,,1972
the fabulous thunderbirds,the fabulous thunderbirds,the fabulous thunderbirds,the fabulous thunderbirds,The Fabulous Thunderbirds,6zmLTiN3NBNCDECRbbJKkT,blues;blues rock;southern rock;classic blues;modern blues,spotify,artist,1988
the falcons,the falcons,the falcons,the falcons,The Falcons,0YUnkh1roxXXn3xWWJh5yw,surf rock;rockabilly,spotify,artist,1959
the falcons & band (ohio untouchables),the falcons & band,the falcons,the falcons,The Falcons,0YUnkh1roxXXn3xWWJh5yw,surf rock;rockabilly,spotify,l2,1962
the family,the family,the family,the family,,,funk;soul;psychedelic soul;disco;pop soul,musicbrainz,,1985
the fantastic four,the fantastic four,the fantastic four,the fantastic four,The Fantastic Four,17kU4eEW33U7UfY8JIOsBi,northern soul;motown;classic soul,spotify,artist,1967
the fantastic johnny c,the fantastic johnny c,the fantastic johnny c,the fantastic johnny c,The Fantastic Johnny C,0vKRBfYf1uWjd32OM0ohR9,northern soul;philly soul,spotify,artist,1968
the fantastics,the fantastics,the fantastics,the fantastics,The Fantastics,4yzDFbT08EzJX7nlP3aqiP,doo-wop,spotify,artist,1972
the faragher bros.,the faragher bros.,the faragher bros.,the faragher bros,,,,none,,1979
the farm,the farm,the farm,the farm,The Farm,3lN1TG4RIoaJCff6Ck9KUR,madchester;britpop,spotify,artist,1992
the fascinations,the fascinations,the fascinations,the fascinations,The Fascinations,5XDr7huTcUoEtlM6cTx9RX,northern soul;motown;doo-wop,spotify,artist,1967
the fendermen,the fendermen,the fendermen,the fendermen,The Fendermen,2hOXOavOPsbPgls3ebJLFp,rockabilly,spotify,artist,1960
the finatticz,the finatticz,the finatticz,the finatticz,The Finatticz,3ijA6jiJtu12BEkiEIU6tB,west coast hip hop,spotify,artist,2013
the fiestas,the fiestas,the fiestas,the fiestas,The Fiestas,7xL33iiwCzXDSlGhVwg9K2,doo-wop,spotify,artist,1962
the fifth estate,the fifth estate,the fifth estate,the fifth estate,The Fifth Estate,5TtUi0QdWZ9McITIOceTfp,garage rock;proto-punk;bubblegum pop,spotify,artist,1967
the fireballs,the fireballs,the fireballs,the fireballs,The Fireballs,7y8ZJMNQOASOZQpvQv4Qvg,rockabilly,spotify,artist,1969
the fireflies featuring ritchie adams,the fireflies,the fireflies,the fireflies,The Fireflies,6DyiOcQizoR5rqWNu1re1O,doo-wop,musicbrainz,l1,1960
the firm,the firm,the firm,the firm,The Firm,4rPZAvpw9ObVO3HFGWSHwt,uk;british;english;rock,musicbrainz,artist,1986
the first class,the first class,the first class,the first class,The First Class,5eCpNWLjueqUxYMC9kpU2b,band for hire in south east;band for hire in london;band for event;band for awards ceremony;band for charity ball,musicbrainz,artist,1974
the first edition,the first edition,the first edition,the first edition,The First Edition,5XDSGEZV9xG35PRLJ0O3hx,psychedelic rock,spotify,artist,1969
the five americans,the five americans,the five americans,the five americans,The Five Americans,4B7Kwlv6J5QpJ44vB6STUF,garage rock,spotify,artist,1968
the five blobs,the five blobs,the five blobs,the five blobs,The Five Blobs,7fYVwwluTOElgXLIpv9liK,,none,artist,1958
the five du-tones,the five du-tones,the five du-tones,the five dutones,The Five Du-Tones,1qDxvNPoEt0quatnm19u9i,northern soul,spotify,artist,1963
the five emprees,the five emprees,the five emprees,the five emprees,,,,none,,1965
the five satins,the five satins,the five satins,the five satins,The Five Satins,2YP02JRa1JLejrg3XTssJS,doo-wop,spotify,artist,1961
the five stairsteps,the five stairsteps,the five stairsteps,the five stairsteps,The Five Stairsteps,3Inrg8cs8oc4q8oPES4a6S,,none,artist,1970
the fixx,the fixx,the fixx,the fixx,The Fixx,53RkHTcl0SJZjpzqogkBf4,new wave;synthpop,spotify,artist,1991
the flame,the flame,the flame,the flame,The Flame,5mnhudRiwSB7gvbrXUrIu0,norwegian pop,spotify,artist,1970
the flaming ember,the flaming ember,the flaming ember,the flaming ember,,,,none,,1971
the flaming lips,the flaming lips,the flaming lips,the flaming lips,The Flaming Lips,16eRpMNXSQ15wuJoeqguaB,neo-psychedelic,spotify,artist,1995
the flamingos,the flamingos,the flamingos,the flamingos,The Flamingos,6iygtKnPG7TRvDaTYcLOd6,doo-wop,spotify,artist,1966
the flares,the flares,the flares,the flares,The Flares,6B0qpMetNtZ60W1bjVetLI,doo-wop,musicbrainz,artist,1961
the flavor unit mc's,the flavor unit mc's,the flavor unit mc's,the flavor unit mcs,,,,none,,1993
the fleetwoods,the fleetwoods,the fleetwoods,the fleetwoods,The Fleetwoods,673J686eeEXMYJorgQ70lX,doo-wop;adult standards,spotify,artist,1963
the flirtations,the flirtations,the flirtations,the flirtations,The Flirtations,3P0RaTN2XlZLlq4dtndw9Z,soul,musicbrainz,artist,1969
the floaters,the floaters,the floaters,the floaters,The Floaters,6GpuL6WNTOVhmMl6lZbiKS,classic soul,spotify,artist,1977
the flying lizards,the flying lizards,the flying lizards,the flying lizards,The Flying Lizards,2L9iHIK8h5HvZe6VXb0aOI,new wave,spotify,artist,1980
the flying machine,the flying machine,the flying machine,the flying machine,The Flying Machine,2vHMqOPWLr4SKX8soqQzbo,rock;bubblegum,musicbrainz,artist,1970
the fontane sisters,the fontane sisters,the fontane sisters,the fontane sisters,The Fontane Sisters,1Ml4OuStDoympbREURAM15,christmas,spotify,artist,1958
the fools,the fools,the fools,the fools,The Fools,3qqVreyB3ClW1psryS7UhH,power pop,spotify,artist,1981
the formations,the formations,the formations,the formations,The Formations,4VSXRIlvdkUtEFAXDS4TfQ,northern soul;philly soul;motown,spotify,artist,1968
the fortunes,the fortunes,the fortunes,the fortunes,The Fortunes,4GpIeE34rBNFppvYsWle9c,pop;british;english;beat music,musicbrainz,artist,1971
the forum,the forum,the forum,the forum,The Forum,1qk1BIROz6vtkE54x4TL5c,sunshine pop,musicbrainz,artist,1967
the foundations,the foundations,the foundations,the foundations,The Foundations,4GITZM5LCR2KcdlgEOrNLD,british;uk;soul;english;classic pop and rock,musicbrainz,artist,1969
the four aces,the four aces,the four aces,the four aces,The Four Aces,542GsScaNnc2Ed8yokKLsy,doo-wop;adult standards,spotify,artist,1959
the four coins,the four coins,the four coins,the four coins,The Four Coins,1XQXkciRULT2PXhRUtmmuH,adult standards;philly soul;doo-wop,spotify,artist,1959
the four esquires,the four esquires,the four esquires,the four esquires,The Four Esquires,42DA44zMW1UsmDctUpwEPM,,none,artist,1959
the four knights,the four knights,the four knights,the four knights,The Four Knights,7wzsyXOEYmwxPXCcposy74,doo-wop,spotify,artist,1959
the four lads,the four lads,the four lads,the four lads,The Four Lads,49KaPSI2CXcAPTG9374Fs6,,none,artist,1959
the four pennies,the four pennies,the four pennies,the four pennies,The Four Pennies,37s6Z7SRJ8U3URr6hocF8m,uk;british;english,musicbrainz,artist,1963
the four preps,the four preps,the four preps,the four preps,The Four Preps,1gTDYRKI8ktw9PUUbc2JbI,,none,artist,1964
the four sonics,the four sonics,the four sonics,the four sonics,The Four Sonics,7bNws2Etrx2uvLdW9xWyFt,northern soul,spotify,artist,1968
the four sportsmen,the four sportsmen,the four sportsmen,the four sportsmen,The Four Sportsmen,0HUTVRQ2WPB47hFD2WvH0J,doo-wop,spotify,artist,1961
the four-evers,the four-evers,the four-evers,the fourevers,,,,none,,1964
the frank barber orch.,the frank barber orch.,the frank barber orch.,the frank barber orch,,,,none,,1982
the frantics,the frantics,the frantics,the frantics,The Frantics,2kaUAkoEt6Blt6X2ODbRqJ,canadian;comedy,musicbrainz,artist,1960
the fratellis,the fratellis,the fratellis,the fratellis,The Fratellis,3M4ThdJR28z9eSMcQHAZ5G,indie rock;rock;alternative rock;scottish;british,musicbrainz,artist,2007
the fray,the fray,the fray,the fray,The Fray,0zOcE3mg9nS6l3yxt1Y0bK,alternative rock;rock;pop;pop and chart;seen live,musicbrainz,artist,2014
the free movement,the free movement,the free movement,the free movement,The Free Movement,75LPMzMMXdqp5WxuDrmq7j,2008 universal fire victim,musicbrainz,artist,1971
the friends of distinction,the friends of distinction,the friends of distinction,the friends of distinction,The Friends Of Distinction,2KK4fR5VwOjGzJxjbGxMIu,classic soul;motown,spotify,artist,1971
the frogmen,the frogmen,the frogmen,the frogmen,The Frogmen,0GQ9ZDxcQHx0gjAP2TioBH,surf rock,spotify,artist,1961
the fun and games,the fun and games,the fun,the fun,The Fun And Games,3SeJ6MjtM2TxIpJ7GUaksO,bubblegum;sunshine pop,musicbrainz,artist,1969
the furys,the furys,the furys,the furys,The Furys,5ODonoCabrdt9L0GgWZXVJ,northern soul,musicbrainz,artist,1963
the fuzz,the fuzz,the fuzz,the fuzz,The Fuzz,052NpRSiz4SQTsFnvwMP6t,northern soul;classic soul,spotify,artist,1971
the g-clefs,the g-clefs,the g-clefs,the gclefs,The G-Clefs,2TkNtgnkL37kWPKhyoNKGA,doo-wop,spotify,artist,1962
the galens,the galens,the galens,the galens,,,,none,,1963
the game,the game,the game,the game,The Game,0NbfKEOTQCcwd6o7wSDOHI,west coast hip hop,spotify,artist,2006
the game & kanye west,the game & kanye west,the game,the game,The Game,0NbfKEOTQCcwd6o7wSDOHI,west coast hip hop,spotify,l2,2022
the game featuring 50 cent,the game,the game,the game,The Game,0NbfKEOTQCcwd6o7wSDOHI,west coast hip hop,spotify,l1,2005
the game featuring drake,the game,the game,the game,The Game,0NbfKEOTQCcwd6o7wSDOHI,west coast hip hop,spotify,l1,2015
the game featuring jeremih,the game,the game,the game,The Game,0NbfKEOTQCcwd6o7wSDOHI,west coast hip hop,spotify,l1,2016
the game featuring junior reid,the game,the game,the game,The Game,0NbfKEOTQCcwd6o7wSDOHI,west coast hip hop,spotify,l1,2006
the game featuring kanye west,the game,the game,the game,The Game,0NbfKEOTQCcwd6o7wSDOHI,west coast hip hop,spotify,l1,2007
the game featuring keyshia cole,the game,the game,the game,The Game,0NbfKEOTQCcwd6o7wSDOHI,west coast hip hop,spotify,l1,2008
the game featuring lil wayne,the game,the game,the game,The Game,0NbfKEOTQCcwd6o7wSDOHI,west coast hip hop,spotify,l1,2009
the gants,the gants,the gants,the gants,The Gants,4hQdlCkPUoEWM0l4wSqJbz,garage rock;baroque pop;proto-punk,spotify,artist,1965
the gap band,the gap band,the gap band,the gap band,The Gap Band,4TwHRCIu3Xg9fjS3l7owkp,funk;quiet storm,spotify,artist,1983
the gaylords,the gaylords,the gaylords,the gaylords,The Gaylords,6meQXl5saAZt5MZnQcKCWF,doo-wop,spotify,artist,1958
the genies,the genies,the genies,the genies,The Genies,0pxIV7HgczzPnHLTPQqsNu,doo-wop,spotify,artist,1959
the gentrys,the gentrys,the gentrys,the gentrys,The Gentrys,7CX29P9at96WXxJ89hqZ24,doo-wop,spotify,artist,1971
the georgia satellites,the georgia satellites,the georgia satellites,the georgia satellites,The Georgia Satellites,2hnzQ6eCFkxUIPsVcsdj8A,southern rock,spotify,artist,1989
the gestures,the gestures,the gestures,the gestures,The Gestures,38vfzvLcy3BVAPGUo5F3SF,garage rock;proto-punk,spotify,artist,1965
the gibson brothers,the gibson brothers,the gibson brothers,the gibson brothers,The Gibson Brothers,5rJLbEGewsZYI6T33W4DvA,bluegrass;newgrass,spotify,artist,1979
the girlfriends,the girlfriends,the girlfriends,the girlfriends,The Girlfriends,5lNB0oVtUg0DqjDr884jUs,rock;experimental rock;garage rock;noise rock,musicbrainz,artist,1964
the glass bottle,the glass bottle,the glass bottle,the glass bottle,The Glass Bottle,0DS9Sq0o5z2T4l1h7MUoKd,,none,artist,1971
the glass bottle featuring gary criss,the glass bottle,the glass bottle,the glass bottle,The Glass Bottle,0DS9Sq0o5z2T4l1h7MUoKd,,none,l1,1971
the glass house,the glass house,the glass house,the glass house,The Glass House,16Kn80uWm8BNOkOx3k8viY,,none,artist,1970
the glencoves,the glencoves,the glencoves,the glencoves,The Glencoves,5JmwL9gUTOOKcR3S1uJIUP,,none,artist,1963
the glitter band,the glitter band,the glitter band,the glitter band,The Glitter Band,5T367l9J8qiud4dRobcgnz,glam rock,spotify,artist,1976
the glories,the glories,the glories,the glories,The Glories,3XIPMlnUdH1PofanVSdnao,northern soul;classic soul,spotify,artist,1967
the goodees,the goodees,the goodees,the goodees,The Goodees,61sm4xCwu0Ifw6m1nXd6Bh,,none,artist,1969
the goodies,the goodies,the goodies,the goodies,The Goodies,59Bfut90iG5c4ysSas0ZhV,doo-wop,spotify,artist,1975
the goodmen,the goodmen,the goodmen,the goodmen,The Goodmen,7rdTmLj9DnKwwLVxboJ2Bx,,none,artist,1994
the goodtimers,the goodtimers,the goodtimers,the goodtimers,The Goodtimers,32FvE5rHEFyB4CrfmpWKBa,modern blues,spotify,artist,1961
the graces,the graces,the graces,the graces,The Graces,1M1jSJdwrJgaVgv4YrtOcl,,none,artist,1989
the grass roots,the grass roots,the grass roots,the grass roots,The Grass Roots,2IU5UBup85LmAXh5U36DeC,folk rock,spotify,artist,1975
the grateful dead,the grateful dead,the grateful dead,the grateful dead,,,,none,,1975
the greenwood county singers,the greenwood county singers,the greenwood county singers,the greenwood county singers,The Greenwood County Singers,724QpsMSqsqh1KnNnQN8gV,,none,artist,1964
the greenwoods,the greenwoods,the greenwoods,the greenwoods,,,,none,,1966
the gregg allman band,the gregg allman band,the gregg allman band,the gregg allman band,The Gregg Allman Band,5jTAPkN0XtPH0cinWMRyzw,southern rock;country rock,spotify,artist,1987
the guess who,the guess who,the guess who,the guess who,The Guess Who,0cQuYRSzlItquYxsQKDvVc,classic rock,spotify,artist,1975
the gunter kallmann chorus,the gunter kallmann chorus,the gunter kallmann chorus,the gunter kallmann chorus,,,,none,,1967
the halos,the halos,the halos,the halos,The Halos,3dxrqc4D4sWOqQcglh9lL2,doo-wop,spotify,artist,1961
the happenings,the happenings,the happenings,the happenings,The Happenings,5ojumrbWWohLIuzArVoyDs,baroque pop,spotify,artist,1969
the harden trio,the harden trio,the harden trio,the harden trio,The Harden Trio,4NpvTrjODQU5pCxWeMlXQc,classic country,spotify,artist,1966
the hardtimes,the hardtimes,the hardtimes,the hardtimes,The Hardtimes,0NGfBgjZZDHW4oT0VrUyeQ,rockabilly;psychobilly,spotify,artist,1967
the harptones,the harptones,the harptones,the harptones,The Harptones,3ldj7TJdwN9Ei96ZIUU3M7,doo-wop,spotify,artist,1961
the harry simeone chorale,the harry simeone chorale,the harry simeone chorale,the harry simeone chorale,,,,none,,1962
the headboys,the headboys,the headboys,the headboys,The Headboys,6nWqtFnTOCnqvONmyQIopB,power pop;jangle pop;glam rock,spotify,artist,1979
the headpins,the headpins,the headpins,the headpins,,,,none,,1984
the heart and soul orchestra,the heart and soul orchestra,the heart,the heart,,,,none,,1977
the heartbeats,the heartbeats,the heartbeats,the heartbeats,The Heartbeats,37VwkFyZxye3pDQmR6hg5d,power pop,spotify,artist,1960
the hearts,the hearts,the hearts,the hearts,The Hearts,7izVf2hlyBQizC8DufiTym,doo-wop;northern soul,spotify,artist,1963
the heights,the heights,the heights,the heights,The Heights,3aGbWE50WPve3lpoQLbaIk,,none,artist,1993
the hesitations,the hesitations,the hesitations,the hesitations,The Hesitations,5sKvJYz1CVVQ4t2P0URnfd,northern soul,spotify,artist,1968
the heyettes,the heyettes,the heyettes,the heyettes,,,,none,,1976
the heywoods,the heywoods,the heywoods,the heywoods,,,,none,,1972
the high keyes,the high keyes,the high keyes,the high keyes,,,,none,,1963
the highwaymen,the highwaymen,the highwaymen,the highwaymen,The Highwaymen,6e7QpHYqEiyJGiM98IysLa,outlaw country;classic country;country,spotify,artist,1962
the hillside singers,the hillside singers,the hillside singers,the hillside singers,The Hillside Singers,3E01lD3PRzQfjBkQo2tiHu,,none,artist,1972
the hippies (formerly the tams),the hippies,the hippies,the hippies,The Hippies,1BeoaX80n2u8tXOrIznqWB,motown,spotify,l1,1963
the hives,the hives,the hives,the hives,The Hives,4DToQR3aKrHQSSRzSz8Nzt,garage rock,spotify,artist,2002
the holidays,the holidays,the holidays,the holidays,The Holidays,6ZyY2k05SA5YL93FgsGMP4,pop rock;indie rock;soul,musicbrainz,artist,1966
the hollies,the hollies,the hollies,the hollies,The Hollies,6waa8mKu91GjzD4NlONlNJ,pop;pop rock;psychedelic pop;rock;sunshine pop,musicbrainz,artist,1983
the hollyridge strings,the hollyridge strings,the hollyridge strings,the hollyridge strings,,,,none,,1964
the hollywood stars,the hollywood stars,the hollywood stars,the hollywood stars,The Hollywood Stars,6piiChdjB4mmBVvOs7rWco,power pop;glam rock;proto-punk,spotify,artist,1977
the hombres,the hombres,the hombres,the hombres,The Hombres,5Kd7EaN14eunBIyNux2c3z,,none,artist,1967
the hondells,the hondells,the hondells,the hondells,The Hondells,0iiY1woiw7gL0gbd1Isc17,surf rock,spotify,artist,1966
the honey cone,the honey cone,the honey cone,the honey cone,The Honey Cone,0X4RLwBkxpH6mr7CXxgCVn,motown,spotify,artist,1972
the honeycombs,the honeycombs,the honeycombs,the honeycombs,The Honeycombs,2322gLwXvyJa6PejhOWQEH,uk;english;british,musicbrainz,artist,1965
the honeydrippers,the honeydrippers,the honeydrippers,the honeydrippers,The Honeydrippers,7J7YRBSoiXpdTmcbkKZL2C,,none,artist,1985
the hudson brothers,the hudson brothers,the hudson brothers,the hudson brothers,The Hudson Brothers,1v3YvmxpL1ZuTc7jRaYkUw,classic blues,spotify,artist,1976
the hues corporation,the hues corporation,the hues corporation,the hues corporation,The Hues Corporation,5vVoZFbMw8sSPPY4VhxP5t,disco;pop soul;soul;smooth soul,musicbrainz,artist,1977
the hullaballoos,the hullaballoos,the hullaballoos,the hullaballoos,The Hullaballoos,2tTp5fAvfkbY3pfIev4M3I,,none,artist,1965
the human beinz,the human beinz,the human beinz,the human beinz,The Human Beinz,7KdxWrkwsSjIxyHL0HNtiv,psychedelic rock;rhythm & blues;garage rock;rock,musicbrainz,artist,1968
the human league,the human league,the human league,the human league,The Human League,1aX2dmV8XoHYCOQRxjPESG,new wave;synthpop,spotify,artist,1995
the ides of march,the ides of march,the ides of march,the ides of march,The Ides Of March,1Csjn2SQV7R9szDhhR7Aji,jazz rock;pop rock;classic pop and rock,musicbrainz,artist,1971
the ikettes,the ikettes,the ikettes,the ikettes,The Ikettes,4vNCmeT4klWtM1xgF0oohu,northern soul,spotify,artist,1965
the illusion,the illusion,the illusion,the illusion,The Illusion,6reJy8dwG0f9z7wbTp3dKS,psychedelic rock,musicbrainz,artist,1970
the impalas,the impalas,the impalas,the impalas,The Impalas,1OTR9mH8N5qvv4q0LZy3PI,doo-wop,spotify,artist,1959
the impressions,the impressions,the impressions,the impressions,The Impressions,1b1N51wmSK0ckxFAMPSSHO,motown;soul;classic soul;northern soul;doo-wop,spotify,artist,1975
the in crowd,the in crowd,the in crowd,the in crowd,The in Crowd,66J2pmrjMpKr2W58xwVrlb,,none,artist,1966
the incredible bongo band,the incredible bongo band,the incredible bongo band,the incredible bongo band,,,,none,,1973
the independents,the independents,the independents,the independents,The Independents,1VpNQRngVhNb2LitAFa8Av,horror punk;usa,musicbrainz,artist,1974
the inmates,the inmates,the inmates,the inmates,The Inmates,5WwKEo5A3gZBAvo7pqlqpa,uk r&b;power pop;gothic rock;rockabilly,spotify,artist,1980
the innocence,the innocence,the innocence,the innocence,The Innocence,2DmjPZsk3JrVqKRJO7LJiL,freestyle;chicago house;latin hip hop;miami bass,spotify,artist,1967
the innocents,the innocents,the innocents,the innocents,The Innocents,0exEg9qRm6KaIMmY7Aaeht,,none,artist,1961
the intrigues,the intrigues,the intrigues,the intrigues,The Intrigues,092AotSuuUXotTqVVWpDuI,northern soul;philly soul,spotify,artist,1971
the intruders,the intruders,the intruders,the intruders,The Intruders,30q5mqJmdYPaKabPMytzvv,philly soul;classic soul,spotify,artist,1974
the invisible man's band,the invisible man's band,the invisible man's band,the invisible mans band,,,,none,,1980
the irish rovers,the irish rovers,the irish rovers,the irish rovers,The Irish Rovers,0tkKwWigaADLYB9HdFCjYo,sea shanties;celtic;celtic rock;celtic punk,spotify,artist,1968
the islanders,the islanders,the islanders,the islanders,The Islanders,2CJg3zNxWClxXTF6L1gCmP,likedis auto,musicbrainz,artist,1959
the isley brothers,the isley brothers,the isley brothers,the isley brothers,The Isley Brothers,53QzNeFpzAaXYnrDBbDrIp,motown;quiet storm;soul;classic soul;funk,spotify,artist,1997
the isley brothers featuring angela winbush,the isley brothers,the isley brothers,the isley brothers,The Isley Brothers,53QzNeFpzAaXYnrDBbDrIp,motown;quiet storm;soul;classic soul;funk,spotify,l1,1997
the isley brothers featuring ronald isley,the isley brothers,the isley brothers,the isley brothers,The Isley Brothers,53QzNeFpzAaXYnrDBbDrIp,motown;quiet storm;soul;classic soul;funk,spotify,l1,2003
the iveys,the iveys,the iveys,the iveys,The Iveys,4DfWZliaM2iPkHWyyeNz0j,psychedelic pop,musicbrainz,artist,1969
the ivy league,the ivy league,the ivy league,the ivy league,The Ivy League,4xzeOvWTraQHZgxOgpz59N,baroque pop,spotify,artist,1965
the ivy three,the ivy three,the ivy three,the ivy three,The Ivy Three,6Uk6YP0Dt3lq1SIXF3l8Bh,pop;doo-wop,musicbrainz,artist,1960
the j. geils band,the j. geils band,the j. geils band,the j geils band,The J. Geils Band,69Mj3u4FTUrpyeGNSIaU6F,classic rock,spotify,artist,1985
the jb's,the jb's,the jb's,the jbs,,,,none,,1972
the jack halloran singers,the jack halloran singers,the jack halloran singers,the jack halloran singers,The Jack Halloran Singers,41dORS0PcGBP0Cc3cbMUqk,,none,artist,1962
the jacksons,the jacksons,the jacksons,the jacksons,The Jacksons,2yrbLiuBmc9j81lTX3XUuI,disco;motown;philly soul,spotify,artist,1989
the jaggerz,the jaggerz,the jaggerz,the jaggerz,The Jaggerz,05aFikcWbrmnDKsCHaH0Ce,pop rock;blue-eyed soul,musicbrainz,artist,1970
the jags,the jags,the jags,the jags,the jags,0V5vYf6Ljl7CURYPQzz7bT,rockabilly,spotify,artist,1980
the james boys,the james boys,the james boys,the james boys,The James Boys,4t6nYAHnezc0edgoKzZKwP,,none,artist,1968
the james brown soul train,the james brown soul train,the james brown soul train,the james brown soul train,The James Brown Soul Train,1oyEDC7pq66tOiz4BnC6mo,funk,spotify,artist,1972
the james gang,the james gang,the james gang,the james gang,The James Gang,11qDTHBMB8TnD8p3kheNsM,,none,artist,1974
the jamies,the jamies,the jamies,the jamies,The Jamies,2Ltwdhr24434z5cGEv2vvq,doo-wop;baroque pop,spotify,artist,1962
the janedear girls,the janedear girls,the janedear girls,the janedear girls,the JaneDear girls,1OEqn1sz93LEk4xqzq4tBe,country pop;contemporary country,musicbrainz,artist,2011
the jarmels,the jarmels,the jarmels,the jarmels,The Jarmels,7e5v9t1Ld1T9cQMBiRY3K6,doo-wop,spotify,artist,1961
the jaynetts,the jaynetts,the jaynetts,the jaynetts,The Jaynetts,0AIj40Eh5327K0Ywz7upNG,doo-wop,spotify,artist,1963
the jazz crusaders,the jazz crusaders,the jazz crusaders,the jazz crusaders,The Jazz Crusaders,4lCyUdctLeOU24ymRBmiSt,hard bop;bebop;soul jazz;jazz fusion;jazz,spotify,artist,1971
the jeff healey band,the jeff healey band,the jeff healey band,the jeff healey band,The Jeff Healey Band,3d2hJTVTwo08F9b0ZFQukJ,blues rock;blues;modern blues,spotify,artist,1993
the jelly beans,the jelly beans,the jelly beans,the jelly beans,The Jelly Beans,3irIzMWYIiECedVUJDGDUX,northern soul;doo-wop,spotify,artist,1964
the jesus and mary chain,the jesus and mary chain,the jesus,the jesus,The Jesus and Mary Chain,4rjlerN21ygkIhmUv55irs,shoegaze;post-punk;dream pop;noise rock;new wave,spotify,artist,1994
the jets,the jets,the jets,the jets,The Jets,3AHq6rutf72JF0ul8GB6G2,rocksteady,spotify,artist,1989
the jewels,the jewels,the jewels,the jewels,The Jewels,3i1Qdd2HoZ3XCILURd1cs7,roots reggae;rocksteady;reggae,spotify,artist,1964
the jimi hendrix experience,the jimi hendrix experience,the jimi hendrix experience,the jimi hendrix experience,,,psychedelic rock;blues rock;acid rock;hard rock;british,musicbrainz,,1969
the jimmy castor bunch,the jimmy castor bunch,the jimmy castor bunch,the jimmy castor bunch,The Jimmy Castor Bunch,7E5taE9LniGvMzEHpiOupV,funk;breakbeat,spotify,artist,1975
the jive five,the jive five,the jive five,the jive five,The Jive Five,2HWsf577KqaPhXyBFzei7L,doo-wop,spotify,artist,1965
the jive five with eugene pitts,the jive five with eugene pitts,the jive five,the jive five,The Jive Five,2HWsf577KqaPhXyBFzei7L,doo-wop,spotify,l2,1962
the jive five with joe rene and orchestra,the jive five with joe rene and orchestra,the jive five,the jive five,The Jive Five,2HWsf577KqaPhXyBFzei7L,doo-wop,spotify,l2,1961
the joe chemay band,the joe chemay band,the joe chemay band,the joe chemay band,,,,none,,1981
the joe cuba sextet,the joe cuba sextet,the joe cuba sextet,the joe cuba sextet,,,,none,,1967
the joe jeffrey group,the joe jeffrey group,the joe jeffrey group,the joe jeffrey group,,,,none,,1969
the john hall band,the john hall band,the john hall band,the john hall band,,,,none,,1983
the johnny average band featuring nikki wills,the johnny average band,the johnny average band,the johnny average band,The Johnny Average Band,4H3sMihUfodRdJecXAub76,,none,l1,1981
the johnny mann singers,the johnny mann singers,the johnny mann singers,the johnny mann singers,The Johnny Mann Singers,26fpZeMJX2vN9xuGq70yve,,none,artist,1967
the johnny otis show,the johnny otis show,the johnny otis show,the johnny otis show,The Johnny Otis Show,4pdM1TI8b1tZW3Jprzn5II,,none,artist,1960
the jones girls,the jones girls,the jones girls,the jones girls,The Jones Girls,7aHa6IZwZ13FoC5AXFkCSh,philly soul;post-disco;quiet storm;classic soul,spotify,artist,1979
the joneses,the joneses,the joneses,the joneses,The Joneses,5RDeRHFEjtSan6cWA3KwDI,punk;punk rock;usa,musicbrainz,artist,1975
the juliana hatfield 3,the juliana hatfield 3,the juliana hatfield 3,the juliana hatfield 3,,,,none,,1994
the klf,the klf,the klf,the klf,The KLF,6dYrdRlNZSKaVxYg5IrvCH,acid house,spotify,artist,1992
the klf featuring tammy wynette,the klf,the klf,the klf,The KLF,6dYrdRlNZSKaVxYg5IrvCH,acid house,spotify,l1,1992
the kalin twins,the kalin twins,the kalin twins,the kalin twins,,,,none,,1959
the kane gang,the kane gang,the kane gang,the kane gang,The Kane Gang,1S2wZg1HsTZaHGX5Xgw4tL,,none,artist,1988
the keane brothers,the keane brothers,the keane brothers,the keane brothers,,,pop,musicbrainz,,1976
the kendalls,the kendalls,the kendalls,the kendalls,The Kendalls,1rFQlnVFNwI3H6QLDL7LFN,classic country;traditional country,spotify,artist,1977
the kenny wayne shepherd band,the kenny wayne shepherd band,the kenny wayne shepherd band,the kenny wayne shepherd band,,,,none,,1998
the kid laroi,the kid laroi,the kid laroi,the kid laroi,The Kid LAROI,2tIP7SsRs7vjIcLrU85W8J,hip hop;emo rap;pop rap;rap;english,musicbrainz,artist,2024
the kid laroi & juice wrld,the kid laroi & juice wrld,the kid laroi,the kid laroi,The Kid LAROI,2tIP7SsRs7vjIcLrU85W8J,hip hop;emo rap;pop rap;rap;english,musicbrainz,l2,2021
the kid laroi & justin bieber,the kid laroi & justin bieber,the kid laroi,the kid laroi,The Kid LAROI,2tIP7SsRs7vjIcLrU85W8J,hip hop;emo rap;pop rap;rap;english,musicbrainz,l2,2022
the kid laroi featuring machine gun kelly,the kid laroi,the kid laroi,the kid laroi,The Kid LAROI,2tIP7SsRs7vjIcLrU85W8J,hip hop;emo rap;pop rap;rap;english,musicbrainz,l1,2020
the kid laroi featuring mustard,the kid laroi,the kid laroi,the kid laroi,The Kid LAROI,2tIP7SsRs7vjIcLrU85W8J,hip hop;emo rap;pop rap;rap;english,musicbrainz,l1,2021
the kid laroi featuring polo g & stunna gambino,the kid laroi,the kid laroi,the kid laroi,The Kid LAROI,2tIP7SsRs7vjIcLrU85W8J,hip hop;emo rap;pop rap;rap;english,musicbrainz,l1,2021
the kid laroi featuring youngboy never brok again & internet money,the kid laroi,the kid laroi,the kid laroi,The Kid LAROI,2tIP7SsRs7vjIcLrU85W8J,hip hop;emo rap;pop rap;rap;english,musicbrainz,l1,2020
"the kid laroi, jung kook & central cee","the kid laroi, jung kook & central cee",the kid laroi,the kid laroi,The Kid LAROI,2tIP7SsRs7vjIcLrU85W8J,hip hop;emo rap;pop rap;rap;english,musicbrainz,l2,2023
the kids next door,the kids next door,the kids next door,the kids next door,The Kids Next Door,1fEynYDVh3F1QvGeAeoeuf,boogie-woogie,spotify,artist,1965
the kiki dee band,the kiki dee band,the kiki dee band,the kiki dee band,The Kiki Dee Band,4b4IZJ8ClQ3LayffEW061s,,none,artist,1975
the killers,the killers,the killers,the killers,The Killers,0ZcQiK3eMNwImAAQErUszR,alternative rock;indie rock;pop rock;new wave;post-punk revival,musicbrainz,artist,2012
the killers featuring toni halliday,the killers,the killers,the killers,The Killers,0ZcQiK3eMNwImAAQErUszR,alternative rock;indie rock;pop rock;new wave;post-punk revival,musicbrainz,l1,2007
the kimberlys,the kimberlys,the kimberlys,the kimberlys,The Kimberlys,1AlPE0RUo0BXJmIgIXoBla,outlaw country;traditional country;classic country,spotify,artist,1971
the king pins,the king pins,the king pins,the king pins,The King Pins,2TT5xUTlIBwV14sKuHzfMG,,none,artist,1963
the kingbees,the kingbees,the kingbees,the kingbees,The Kingbees,3Zog2iDlr49dG8OOwERn5X,rockabilly;power pop;psychobilly,spotify,artist,1980
the kingpins,the kingpins,the kingpins,the kingpins,The Kingpins,70zbBfpm0GT4skylOveAVY,ska;ska punk,spotify,artist,1967
the kings,the kings,the kings,the kings,The Kings,6555ocN2C4hPD1wntJtEZK,power pop,spotify,artist,1981
the kingsmen,the kingsmen,the kingsmen,the kingsmen,The Kingsmen,2iIn8H3l2NNBNHFpYKWbfo,proto-punk;garage rock,spotify,artist,1966
the kingston trio,the kingston trio,the kingston trio,the kingston trio,The Kingston Trio,3qtcbDvdIgQOXkPbtRvBaQ,folk;traditional folk,spotify,artist,1964
the kinks,the kinks,the kinks,the kinks,The Kinks,1SQRv42e4PjEYfPhS0Tk9E,proto-punk;baroque pop,spotify,artist,1985
the kinleys,the kinleys,the kinleys,the kinleys,The Kinleys,54WwKfYhkYzFRtynSgtTw2,country;contemporary country,musicbrainz,artist,1999
the kirby stone four,the kirby stone four,the kirby stone four,the kirby stone four,The Kirby Stone Four,4QhZ32ItPR4fQfSFxUYnG9,,none,artist,1958
the klowns,the klowns,the klowns,the klowns,The Klowns,0xa13zpEeUX95tT2MdZsCC,ambient,spotify,artist,1970
the knack,the knack,the knack,the knack,The Knack,0Nn9YwJzcaeuU1jJL06e3r,power pop,spotify,artist,1994
the knickerbockers,the knickerbockers,the knickerbockers,the knickerbockers,The Knickerbockers,3L13VZ9rCpmR1p7p6A2WGu,garage rock;proto-punk;power pop,spotify,artist,1966
the knight bros.,the knight bros.,the knight bros.,the knight bros,The Knight Bros.,5J7gN14K1uoofCVqUM5g5c,,none,artist,1965
the knightsbridge strings,the knightsbridge strings,the knightsbridge strings,the knightsbridge strings,The Knightsbridge Strings,0ctL1BmMfXfpDzpXDh8MGU,orchestral,spotify,artist,1959
the knockouts,the knockouts,the knockouts,the knockouts,The Knockouts,3oIyI2qBg5yzJEt2tsXnaF,psychobilly;rockabilly,spotify,artist,1960
the korgis,the korgis,the korgis,the korgis,The Korgis,1P7KjNghtUVn4uGoQnj4Vk,synth-pop;pop rock;soft rock;new wave;80s,musicbrainz,artist,1981
the lox,the lox,the lox,the lox,The LOX,0A7g2YbCA9FlyZvAG6VmKP,east coast hip hop;hardcore hip hop,spotify,artist,1998
the lox featuring timbaland and eve,the lox,the lox,the lox,The LOX,0A7g2YbCA9FlyZvAG6VmKP,east coast hip hop;hardcore hip hop,spotify,l1,2000
the lox [featuring dmx & lil' kim],the lox,the lox,the lox,The LOX,0A7g2YbCA9FlyZvAG6VmKP,east coast hip hop;hardcore hip hop,spotify,l1,1998
the la's,the la's,the la's,the las,,,indie rock;jangle pop;britpop;indie pop;liverpool,musicbrainz,,1991
the lady of rage,the lady of rage,the lady of rage,the lady of rage,The Lady Of Rage,5CxwOBCoGSvWxfDgNoa1Nv,g-funk;west coast hip hop;old school hip hop;gangster rap,spotify,artist,1994
the lafayettes,the lafayettes,the lafayettes,the lafayettes,The Lafayettes,66JemjUumKkqBJicPaueVW,doo-wop,spotify,artist,1962
the larks,the larks,the larks,the larks,The Larks,4EfBwiYjsIu8YP0FHV1MeI,philly soul;doo-wop,spotify,artist,1965
the last goodnight,the last goodnight,the last goodnight,the last goodnight,The Last Goodnight,4UrGiQXrpB2CmzVGVFtH5E,,none,artist,2008
the last word,the last word,the last word,the last word,The Last Word,64EFbm5ljQr1grKfDWW5rJ,,none,artist,1967
the leaves,the leaves,the leaves,the leaves,The Leaves,4W4sulI6VlpIMp9HVjavUG,folk rock;progressive rock,spotify,artist,1966
the left banke,the left banke,the left banke,the left banke,The Left Banke,382aCtCMEd2Rg2DmcU9xw9,baroque pop,spotify,artist,1967
the lemon pipers,the lemon pipers,the lemon pipers,the lemon pipers,The Lemon Pipers,2rUmEpDSHKMhamwClclHs5,psychedelic rock;bubblegum pop;acid rock;baroque pop,spotify,artist,1968
the lemonheads,the lemonheads,the lemonheads,the lemonheads,The Lemonheads,6w7fc6IZlo5zwBaKT5jU1X,power pop;alternative rock,spotify,artist,1994
the lennon sisters,the lennon sisters,the lennon sisters,the lennon sisters,The Lennon Sisters,6FQRjLSuGHEAdioKxIGBdZ,2008 universal fire victim,musicbrainz,artist,1961
the lettermen,the lettermen,the lettermen,the lettermen,The Lettermen,3lzlUccNrekC1oFPCjNIOX,adult standards;easy listening,spotify,artist,1971
the lewis & clarke expedition,the lewis & clarke expedition,the lewis,the lewis,The Lewis,7KsZgTSeyJIOF7qKWxpfj5,bluegrass gospel,musicbrainz,l2,1967
the limeliters,the limeliters,the limeliters,the limeliters,The Limeliters,08Zx5pufnilNAjm28CauiH,traditional folk;folk,spotify,artist,1961
the little dippers,the little dippers,the little dippers,the little dippers,The Little Dippers,0cT2S58Ulp0BGro6KXAm56,,none,artist,1960
the london quireboys,the london quireboys,the london quireboys,the london quireboys,,,,none,,1990
the london symphony orchestra/john williams,the london symphony orchestra,the london symphony orchestra,the london symphony orchestra,The London Symphony Orchestra,2r9EB9U548Hk7w6ndPb9uh,,none,l1,1979
the lonely island,the lonely island,the lonely island,the lonely island,The Lonely Island,1f5GqyOPo0CkotzzRwviBu,comedy,spotify,artist,2009
the lonely island featuring adam levine & kendrick lamar,the lonely island,the lonely island,the lonely island,The Lonely Island,1f5GqyOPo0CkotzzRwviBu,comedy,spotify,l1,2013
the lonely island featuring akon,the lonely island,the lonely island,the lonely island,The Lonely Island,1f5GqyOPo0CkotzzRwviBu,comedy,spotify,l1,2011
the lonely island featuring michael bolton,the lonely island,the lonely island,the lonely island,The Lonely Island,1f5GqyOPo0CkotzzRwviBu,comedy,spotify,l1,2011
the lonely island featuring nicki minaj,the lonely island,the lonely island,the lonely island,The Lonely Island,1f5GqyOPo0CkotzzRwviBu,comedy,spotify,l1,2011
the lonely island featuring t-pain,the lonely island,the lonely island,the lonely island,The Lonely Island,1f5GqyOPo0CkotzzRwviBu,comedy,spotify,l1,2009
the lost generation,the lost generation,the lost generation,the lost generation,The Lost Generation,3hFvU7aGAOWgBJCsHUIcxL,soul,musicbrainz,artist,1970
the lost trailers,the lost trailers,the lost trailers,the lost trailers,The Lost Trailers,3A5urS1Gh3qwxSvQgCx9ow,acoustic country,spotify,artist,2008
the love generation,the love generation,the love generation,the love generation,The Love Generation,721FL0xknvdDd6uTBB24yF,rocksteady,spotify,artist,1968
the lovelites,the lovelites,the lovelites,the lovelites,The Lovelites,3NEdaN1cD2sJUdeo8USj27,,none,artist,1970
the lovers,the lovers,the lovers,the lovers,The Lovers,3j8hAiM92P5CHKVNq8KYN2,,none,artist,1977
the lovin' spoonful,the lovin' spoonful,the lovin' spoonful,the lovin spoonful,The Lovin' Spoonful,7CCn4PFRRRZF127jtCBAUe,folk rock,spotify,artist,1969
the lumineers,the lumineers,the lumineers,the lumineers,The Lumineers,16oZKvXb6WkQlVAjwo2Wbg,folk pop;indie folk,spotify,artist,2016
the ly - dells,the ly - dells,the ly - dells,the ly dells,,,,none,,1961
the mad lads,the mad lads,the mad lads,the mad lads,The Mad Lads,4x2osw7xi8s1Jy04R6rTrn,classic soul,spotify,artist,1969
the magic lantern,the magic lantern,the magic lantern,the magic lantern,The Magic Lantern,31onWBgCVPI9x4kkXbwEHQ,acid rock;stoner metal;space rock;stoner rock;krautrock,spotify,artist,1972
the magic lanterns,the magic lanterns,the magic lanterns,the magic lanterns,The Magic Lanterns,4MsRrSmwLShaRyrttLSU9E,freakbeat;pop rock,musicbrainz,artist,1971
the magic mushrooms,the magic mushrooms,the magic mushrooms,the magic mushrooms,The Magic Mushrooms,5D9K6IdxliBuErytwSNu5K,garage rock;proto-punk,spotify,artist,1966
the magistrates,the magistrates,the magistrates,the magistrates,The Magistrates,12v7NulIklXSxTjkzOcVED,frenchcore;hardcore;hardcore techno,spotify,artist,1968
the magnificent men,the magnificent men,the magnificent men,the magnificent men,The Magnificent Men,6FTuawhNb1FosigKdDNHPC,northern soul;philly soul,spotify,artist,1967
the main ingredient,the main ingredient,the main ingredient,the main ingredient,The Main Ingredient,6vuD08WKtmp1yc7kQx1rBm,classic soul;philly soul,spotify,artist,1975
the majors,the majors,the majors,the majors,The Majors,0Yngbr2R750d0ySIWWraym,,none,artist,1962
the mamas & the papas,the mamas & the papas,the mamas,the mamas,The Mamas & The Papas,1bs7HoMkSyQwcobCpE9KpN,folk rock,spotify,artist,1972
the manhattan transfer,the manhattan transfer,the manhattan transfer,the manhattan transfer,The Manhattan Transfer,2dogRElUKV20C2khRHqjRc,vocal jazz,spotify,artist,1985
the manhattans,the manhattans,the manhattans,the manhattans,The Manhattans,1DpIDwg8FGD50N9Tfunfsf,philly soul;classic soul;motown,spotify,artist,1985
the mar-keys,the mar-keys,the mar-keys,the markeys,The Mar-Keys,4EYRKWX3RvHihDHDr8TocR,classic soul;northern soul;soul,spotify,artist,1966
the marathons,the marathons,the marathons,the marathons,The Marathons,5DuKxKFhqUwCrzIEpBjwi3,doo-wop,spotify,artist,1961
the marc tanner band,the marc tanner band,the marc tanner band,the marc tanner band,,,,none,,1979
the marcels,the marcels,the marcels,the marcels,The Marcels,1JQYskbOoudT9cylam24a3,doo-wop,spotify,artist,1962
the marias,the marias,the marias,the marias,The Marias,4kW7U6HRwlqr5IqqSwEB1g,indie pop;dream pop;lo-fi;psychedelic pop;2020s,musicbrainz,artist,2025
the mark ii,the mark ii,the mark ii,the mark ii,The Mark II,37WKuaumqPDRbr8pHmK03C,,none,artist,1960
the mark iv,the mark iv,the mark iv,the mark iv,The Mark IV,73eQP9eZMhdjR68qQLJQCZ,garage rock;acid rock;proto-punk,spotify,artist,1959
the marketts,the marketts,the marketts,the marketts,The Marketts,2W9dD4SfW7p19JtzRgWGjz,surf rock;northern soul,spotify,artist,1966
the marmalade,the marmalade,the marmalade,the marmalade,,,,none,,1970
the mars volta,the mars volta,the mars volta,the mars volta,The Mars Volta,75U40yZLLPglFgXbDVnmVs,progressive rock;progressive metal;art rock,spotify,artist,2005
the marshall tucker band,the marshall tucker band,the marshall tucker band,the marshall tucker band,The Marshall Tucker Band,59QxeZBL6k9L4oJBGSyukd,southern rock;country rock;classic rock,spotify,artist,1980
the marvelettes,the marvelettes,the marvelettes,the marvelettes,The Marvelettes,0MponVSpW81oLvJZ53vYZH,motown;northern soul;doo-wop;classic soul,spotify,artist,1969
the marvelows,the marvelows,the marvelows,the marvelows,The Marvelows,5UBLqIfKvD6GNuZefZQ504,doo-wop,spotify,artist,1965
the mary kaye trio,the mary kaye trio,the mary kaye trio,the mary kaye trio,The Mary Kaye Trio,3OAnW4pgYLDtoAE347CdTv,exotica,spotify,artist,1959
the maskman & the agents,the maskman & the agents,the maskman,the maskman,,,,none,,1969
the masqueraders,the masqueraders,the masqueraders,the masqueraders,The Masqueraders,2abMHoZDIPUIbDoqbjcSuA,northern soul,spotify,artist,1968
the matys bros.,the matys bros.,the matys bros.,the matys bros,,,,none,,1963
the mauds,the mauds,the mauds,the mauds,The Mauds,5sVlWS5GRBAF32wGKnlE6T,garage rock,spotify,artist,1968
the mccoys,the mccoys,the mccoys,the mccoys,The McCoys,6etIM3JbzGPxTdfNWWfsVH,psychedelic rock;pop rock;garage rock;sunshine pop,musicbrainz,artist,1968
the mccrarys,the mccrarys,the mccrarys,the mccrarys,The McCrarys,6LyH8I33ztRvEXtm1sZbpY,post-disco,spotify,artist,1978
the mcguire sisters,the mcguire sisters,the mcguire sisters,the mcguire sisters,The McGuire Sisters,6oXkzBf6bMupenvf4tKtmN,adult standards,spotify,artist,1961
the megatons,the megatons,the megatons,the megatons,The Megatons,1b1x9vOsqngwuX7qUSQ4QL,exotica;northern soul,spotify,artist,1962
the megatrons,the megatrons,the megatrons,the megatrons,,,,none,,1959
the melodeers,the melodeers,the melodeers,the melodeers,The Melodeers,64CcLlZO37HoaaxM8dy6ue,doo-wop,spotify,artist,1960
the merry-go-round,the merry-go-round,the merry-go-round,the merrygoround,The Merry-Go-Round,5OqRrwoMQ2KO578vDoupAs,baroque pop;power pop;garage rock,spotify,artist,1967
the meters,the meters,the meters,the meters,The Meters,2JRvXPGWiINrnJljNJhG5s,funk;soul;jazz funk,spotify,artist,1977
the metros,the metros,the metros,the metros,The Metros,2Cz97ZkPMsV5MUFvtpB9mm,,none,artist,1967
the michael zager band,the michael zager band,the michael zager band,the michael zager band,The Michael Zager Band,1oX1l8zC13ovzEoGm2CAsd,disco,spotify,artist,1978
the mickey mozart quintet,the mickey mozart quintet,the mickey mozart quintet,the mickey mozart quintet,,,,none,,1959
the mighty dub katz,the mighty dub katz,the mighty dub katz,the mighty dub katz,,,,none,,1996
the mike curb congregation,the mike curb congregation,the mike curb congregation,the mike curb congregation,The Mike Curb Congregation,0cjoN30oOBz7LXmASZECTd,,none,artist,1971
the mills brothers,the mills brothers,the mills brothers,the mills brothers,The Mills Brothers,5v8bwWRbu7AI3YFhzoM6Ha,big band;adult standards;swing music,spotify,artist,1968
the mindbenders,the mindbenders,the mindbenders,the mindbenders,The Mindbenders,16QtUGLCcAypi0eZJsu0zd,pop;pop rock;beat music;rock;classic pop and rock,musicbrainz,artist,1966
the miniature men,the miniature men,the miniature men,the miniature men,,,,none,,1962
the miracles,the miracles,the miracles,the miracles,The Miracles,6TqQLejnHXMGr7KcegxUND,motown;doo-wop;classic soul,spotify,artist,1976
"the miracles (featuring bill ""smokey"" robinson)",the miracles,the miracles,the miracles,The Miracles,6TqQLejnHXMGr7KcegxUND,motown;doo-wop;classic soul,spotify,l1,1961
the mirettes,the mirettes,the mirettes,the mirettes,The Mirettes,03bdnCULhXP91INaWhfq9l,northern soul,spotify,artist,1968
the mixtures,the mixtures,the mixtures,the mixtures,The Mixtures,3uPSzsWGSzQZfihkPkAvfN,classic pop and rock,musicbrainz,artist,1971
the mob,the mob,the mob,the mob,The Mob,7nLU9AbWLcRrycbN02e8qT,deathrock;gothic rock;post-punk;punk;hardcore punk,spotify,artist,1971
the mojo men,the mojo men,the mojo men,the mojo men,The Mojo Men,0RMmoLhiIGyaVI6icgcJU9,garage rock;proto-punk;acid rock,spotify,artist,1967
the moments,the moments,the moments,the moments,The Moments,6avGAzQTmqu8mfSmZrN7gT,classic soul;philly soul;northern soul;quiet storm,spotify,artist,1971
the monarchs,the monarchs,the monarchs,the monarchs,The Monarchs,5seygR2zAQrOozjGsA76AR,proto-punk;northern soul;doo-wop;surf rock;rockabilly,spotify,artist,1964
the monitors,the monitors,the monitors,the monitors,The Monitors,5UC0IcbRYbqeYKnpwoC0cY,motown,spotify,artist,1966
the monkees,the monkees,the monkees,the monkees,The Monkees,320EPCSEezHt1rtbfwH6Ck,pop;sunshine pop;rock;psychedelic pop;pop rock,musicbrainz,artist,1987
the monroes,the monroes,the monroes,the monroes,The Monroes,0ZscsVe1H1aLqvqflNTyaN,norwegian,musicbrainz,artist,1982
the montanas,the montanas,the montanas,the montanas,The Montanas,5rhqGx4Ls16DAv4OaDU1QW,baroque pop,spotify,artist,1968
the moody blues,the moody blues,the moody blues,the moody blues,The Moody Blues,5BcZ22XONcRoLhTbZRuME1,progressive rock;art rock;blues;psychedelic rock;baroque pop,spotify,artist,1988
the morgan brothers,the morgan brothers,the morgan brothers,the morgan brothers,The Morgan Brothers,4xPn42B9DyCpkwmJeT07aC,,none,artist,1959
the mormon tabernacle choir,the mormon tabernacle choir,the mormon tabernacle choir,the mormon tabernacle choir,The Mormon Tabernacle Choir,5ImjcovzC0q3sOHTuRsKKR,christmas,spotify,artist,1959
the motels,the motels,the motels,the motels,The Motels,6scOultrkXrQsClcbGKM7e,new wave,spotify,artist,1985
the motors,the motors,the motors,the motors,The Motors,4NsDGsuSfCM30e1JSMGeAn,power pop,spotify,artist,1980
the move,the move,the move,the move,The Move,2BLpGstUHxDc6vHfBEiaXm,glam rock;proto-punk;baroque pop;psychedelic rock;power pop,spotify,artist,1972
the movement,the movement,the movement,the movement,The Movement,1qwdTaVUdjYJLLoxtFmsqr,reggae rock;reggae,spotify,artist,1992
the murmaids,the murmaids,the murmaids,the murmaids,The Murmaids,0ZVvRLbxQEcphvO7G8x3c8,doo-wop,spotify,artist,1964
the murmurs,the murmurs,the murmurs,the murmurs,The Murmurs,3cRFdNxnZw5IYKn8MnZ9It,alternative rock;rock;american;pop,musicbrainz,artist,1995
the music explosion,the music explosion,the music explosion,the music explosion,,,,none,,1967
the music machine,the music machine,the music machine,the music machine,The Music Machine,32528qgaF71TqreWcMCGxj,garage rock;psychedelic rock;rock and indie;proto-punk,musicbrainz,artist,1967
the music makers,the music makers,the music makers,the music makers,The Music Makers,1wv3hYVzyY1UTT6gqsETEp,,none,artist,1968
the mustangs,the mustangs,the mustangs,the mustangs,The Mustangs,78jl9sSe9FJLtPwNIVZNM8,,none,artist,1964
the mystic moods,the mystic moods,the mystic moods,the mystic moods,,,,none,,1975
the mystics,the mystics,the mystics,the mystics,The Mystics,6K4SXE0p3oNBQfcG8cmr9h,rock and roll,musicbrainz,artist,1959
the naked brothers band,the naked brothers band,the naked brothers band,the naked brothers band,The Naked Brothers Band,2qi6i5kIHHeEszXyQT7VJb,,none,artist,2007
the nashville teens,the nashville teens,the nashville teens,the nashville teens,The Nashville Teens,5ZMLeokWf9ZKDStGUhokji,garage rock,spotify,artist,1965
the neighborhood,the neighborhood,the neighborhood,the neighborhood,The Neighborhood,1IOQkPr9ZkPUoWibQeyGKM,,none,artist,1970
the neighbourhood,the neighbourhood,the neighbourhood,the neighbourhood,The Neighbourhood,77SW9BnxLY8rJ0RciFqkHh,indie pop;alternative rock;tumblr,musicbrainz,artist,2014
the neon philharmonic,the neon philharmonic,the neon philharmonic,the neon philharmonic,The Neon Philharmonic,3K1Z59H3m2F4AhWvKMzqBR,baroque pop,spotify,artist,1969
the new birth,the new birth,the new birth,the new birth,The New Birth,34Bm9d5DAJjSnaI02BCjdA,classic soul;quiet storm,spotify,artist,1974
the new christy minstrels,the new christy minstrels,the new christy minstrels,the new christy minstrels,The New Christy Minstrels,4GuictCtt49fjwJGfHw7yi,contemporary folk;folk pop;roots revival,musicbrainz,artist,1965
the new colony six,the new colony six,the new colony six,the new colony six,The New Colony Six,2y2vaJMlqKJEAW84HUf98H,garage rock;baroque pop;psychedelic rock;acid rock,spotify,artist,1972
the new establishment,the new establishment,the new establishment,the new establishment,The New Establishment,4x6empkAYVWKtSYHryTogd,philly soul;northern soul,spotify,artist,1969
the new hope,the new hope,the new hope,the new hope,,,,none,,1970
the new seekers,the new seekers,the new seekers,the new seekers,The New Seekers,4jrTNltJtTMUfXybDdsHDn,,none,artist,1973
the new seekers featuring eve graham,the new seekers,the new seekers,the new seekers,The New Seekers,4jrTNltJtTMUfXybDdsHDn,,none,l1,1971
the new seekers featuring marty kristian,the new seekers,the new seekers,the new seekers,The New Seekers,4jrTNltJtTMUfXybDdsHDn,,none,l1,1972
the new vaudeville band,the new vaudeville band,the new vaudeville band,the new vaudeville band,The New Vaudeville Band,3iG59hEE8QxaWMzRvtWK8v,music hall;pop,musicbrainz,artist,1967
the new yorkers,the new yorkers,the new yorkers,the new yorkers,The New Yorkers,2dzoWYmCg5OC739raABG5M,garage rock,musicbrainz,artist,1961
the newbeats,the newbeats,the newbeats,the newbeats,The Newbeats,5nQmgCsL7LotDEh1cG1KCW,,none,artist,1970
the newcomers,the newcomers,the newcomers,the newcomers,The Newcomers,2wjWgyrpWbWmd077lMg04d,northern soul,spotify,artist,1971
the nightcrawlers,the nightcrawlers,the nightcrawlers,the nightcrawlers,The Nightcrawlers,4aqHNaCkw547kOg3vL8yKl,garage rock;proto-punk,spotify,artist,1967
the nite-liters,the nite-liters,the nite-liters,the niteliters,The Nite-Liters,0pNQAy0WBOswRdQ46zluZj,northern soul;jazz funk,spotify,artist,1972
the nitty gritty dirt band,the nitty gritty dirt band,the nitty gritty dirt band,the nitty gritty dirt band,,,,none,,1975
the northern pikes,the northern pikes,the northern pikes,the northern pikes,The Northern Pikes,2BLAzgwe8OzvLOPTZDBCtw,,none,artist,1992
the notorious b.i.g.,the notorious b.i.g.,the notorious b.i.g.,the notorious big,The Notorious B.I.G.,5me0Irg2ANcsgc93uaYrpb,old school hip hop;gangster rap;east coast hip hop;hip hop,spotify,artist,1998
"the notorious b.i.g. featuring diddy, nelly, jagged edge & avery storm",the notorious b.i.g.,the notorious b.i.g.,the notorious big,The Notorious B.I.G.,5me0Irg2ANcsgc93uaYrpb,old school hip hop;gangster rap;east coast hip hop;hip hop,spotify,l1,2006
the notorious b.i.g. featuring puff daddy & lil' kim,the notorious b.i.g.,the notorious b.i.g.,the notorious big,The Notorious B.I.G.,5me0Irg2ANcsgc93uaYrpb,old school hip hop;gangster rap;east coast hip hop;hip hop,spotify,l1,2000
the notorious b.i.g. featuring puff daddy & mase,the notorious b.i.g.,the notorious b.i.g.,the notorious big,The Notorious B.I.G.,5me0Irg2ANcsgc93uaYrpb,old school hip hop;gangster rap;east coast hip hop;hip hop,spotify,l1,1998
the novas,the novas,the novas,the novas,The Novas,5Nmemek3U8c7fL50jHpHYL,garage rock,musicbrainz,artist,1965
the nu tornados,the nu tornados,the nu tornados,the nu tornados,The Nu Tornados,5n2KAlemg4eimgW84rgHlI,,none,artist,1959
the nutty squirrels,the nutty squirrels,the nutty squirrels,the nutty squirrels,The Nutty Squirrels,2n0nKex3SwPBIUoQ9PVZIL,,none,artist,1960
the nylons,the nylons,the nylons,the nylons,The Nylons,6l0IHrGPjoSzh1Qy3w6X1X,funk melody,spotify,artist,1987
the o'jays,the o'jays,the o'jays,the ojays,,,soul;smooth soul;funk;disco;pop soul,musicbrainz,,1997
the o'kaysions,the o'kaysions,the o'kaysions,the okaysions,,,,none,,1968
the oak ridge boys,the oak ridge boys,the oak ridge boys,the oak ridge boys,The Oak Ridge Boys,3XnO697XIus1M0cMuxZjos,classic country;christian country;southern gospel,spotify,artist,1983
the offspring,the offspring,the offspring,the offspring,The Offspring,5LfGQac0EIXyAN8aUwmNAQ,punk;skate punk,spotify,artist,2009
the olympics,the olympics,the olympics,the olympics,The Olympics,01kHlKVcY44suaYR24G061,doo-wop,musicbrainz,artist,1966
the original,the original,the original,the original,The Original,2IwjkUrnzXsfgXkvUtZYKH,pop and chart,musicbrainz,artist,1997
the original caste,the original caste,the original caste,the original caste,The Original Caste,2YF9R3YmOHqZ4yK29iKKgl,,none,artist,1970
the originals,the originals,the originals,the originals,The Originals,1wcOapjnxzHVlXCu456dPS,motown;soul,musicbrainz,artist,1976
the orlons,the orlons,the orlons,the orlons,The Orlons,7JSIM5U7TZym5M3Q1AFG80,doo-wop;northern soul;philly soul,spotify,artist,1964
the osmond brothers,the osmond brothers,the osmond brothers,the osmond brothers,The Osmond Brothers,4ztq5SZ3bNT7r93lgqdR4z,,none,artist,1971
the osmonds,the osmonds,the osmonds,the osmonds,The Osmonds,5fU6lODhpw3GEGGJuaDprR,glam rock,spotify,artist,1976
the other ones,the other ones,the other ones,the other ones,The Other Ones,7MmaW6EvD3XDlbE5b1Cg3u,rock,musicbrainz,artist,1987
the outfield,the outfield,the outfield,the outfield,The Outfield,1zxDewzd2j1ZdSBGaYcr0y,2008 universal fire victim,musicbrainz,artist,1992
the outhere brothers,the outhere brothers,the outhere brothers,the outhere brothers,The Outhere Brothers,4eb7QPyORtTxhMiLBo3YWK,chicago house;hip house;eurodance,spotify,artist,1996
the outlaws,the outlaws,the outlaws,the outlaws,The Outlaws,72JEwd3EjDEwTLypkFYJn9,southern rock;country rock,spotify,artist,1975
the outsiders,the outsiders,the outsiders,the outsiders,The Outsiders,43xb2aGtxk1B1Jgz4hY2lF,nederpop;nederbeat;psychedelic rock;garage rock,musicbrainz,artist,1966
the ovations (featuring louis williams),the ovations,the ovations,the ovations,The Ovations,4pZJw2pjpyxcqdOUmYdwSY,northern soul;doo-wop,spotify,l1,1973
the overlanders,the overlanders,the overlanders,the overlanders,The Overlanders,6CZ47nllxoNELmf1dScwPh,uk;british,musicbrainz,artist,1964
the pack,the pack,the pack,the pack,The Pack,5M6GE2n46o0qBIyGXtzdQz,hyphy,spotify,artist,2006
the packers,the packers,the packers,the packers,The Packers,30jYsKUr5Xn1bR2m71tc22,northern soul,spotify,artist,1966
the parade,the parade,the parade,the parade,The Parade,1FlO1NMLAjUfEdyIZqeIKP,soft rock,musicbrainz,artist,1967
the paradons,the paradons,the paradons,the paradons,The Paradons,3rZKnhYrwfRs3wluf9vnsO,doo-wop,spotify,artist,1960
the paragons,the paragons,the paragons,the paragons,The Paragons,0w9E4Ri4sAEK4Lh5iAwsqR,rocksteady;roots reggae,spotify,artist,1961
the paris sisters,the paris sisters,the paris sisters,the paris sisters,The Paris Sisters,0SDMI2Gkjubw3ol5p5fKtX,doo-wop,spotify,artist,1964
the parkays,the parkays,the parkays,the parkays,,,,none,,1961
the parliaments,the parliaments,the parliaments,the parliaments,The Parliaments,1Ve5PoI7i5jIIP1xudo6AB,northern soul,spotify,artist,1967
the partridge family starring shirley jones featuring david cassidy,the partridge family starring shirley jones,the partridge family starring shirley jones,the partridge family starring shirley jones,,,,none,,1973
the party,the party,the party,the party,The Party,4OEVU4xeqX03Wk1H7EXiaq,new jack swing,spotify,artist,1992
the pasadenas,the pasadenas,the pasadenas,the pasadenas,The Pasadenas,6lr9AruL30Dwl82fDODq9u,contemporary r&b;neo soul;classic pop and rock;r&b;funk,musicbrainz,artist,1989
the passions,the passions,the passions,the passions,The Passions,0hpqDTNBwIxLIIzCiu4Z4h,doo-wop;proto-punk,spotify,artist,1959
the pastel six,the pastel six,the pastel six,the pastel six,The Pastel Six,22LYijsvdEmMGsNIBObsg2,surf rock;exotica,spotify,artist,1963
the peace choir,the peace choir,the peace choir,the peace choir,The Peace Choir,3608nS5w0F806rVjuxJzi3,highlife,spotify,artist,1991
the peanut butter conspiracy,the peanut butter conspiracy,the peanut butter conspiracy,the peanut butter conspiracy,The Peanut Butter Conspiracy,1mUgTcokhM7BSqp8mXhy8U,psychedelic rock;acid rock;baroque pop,spotify,artist,1967
the peels,the peels,the peels,the peels,The Peels,2sdLHOxA7WnKrjCopNQpyG,,none,artist,1966
the pentagons,the pentagons,the pentagons,the pentagons,The Pentagons,3JCb6m9WQm824cTsSiRCqz,doo-wop;northern soul,spotify,artist,1961
the people's choice,the people's choice,the people's choice,the peoples choice,,,,none,,1971
the peppermint rainbow,the peppermint rainbow,the peppermint rainbow,the peppermint rainbow,,,2008 universal fire victim,musicbrainz,,1969
the peppermint trolley company,the peppermint trolley company,the peppermint trolley company,the peppermint trolley company,The Peppermint Trolley Company,64ijtgQIy6sWzgsoyFnMyd,baroque pop;acid rock;psychedelic rock,spotify,artist,1968
the peppers,the peppers,the peppers,the peppers,The Peppers,3hFVEbVkQ4WadrNGOgvHLn,doo-wop,spotify,artist,1974
the percells,the percells,the percells,the percells,The Percells,5ekHxvK2WkJiuTEsoYp4JF,northern soul,spotify,artist,1963
the persuaders,the persuaders,the persuaders,the persuaders,The Persuaders,6PhJqhvF42CZ42NUmxIKLB,classic soul;philly soul,spotify,artist,1974
the pete klint quintet,the pete klint quintet,the pete klint quintet,the pete klint quintet,,,,none,,1967
the pharcyde,the pharcyde,the pharcyde,the pharcyde,The Pharcyde,7yk35uHNQclPXFGFoTU44w,jazz rap;west coast hip hop;old school hip hop,spotify,artist,1996
the philarmonics,the philarmonics,the philarmonics,the philarmonics,,,,none,,1977
the piltdown men,the piltdown men,the piltdown men,the piltdown men,The Piltdown Men,59odcNVoOyBTkXj9Jclyg6,surf rock,spotify,artist,1960
the pipes and drums and the military band of the royal scots dragoon guards,the pipes and drums and the military band of the royal scots dragoon guards,the pipes,the pipes,,,,none,,1972
the pipkins,the pipkins,the pipkins,the pipkins,The Pipkins,7b8blpDsdFfs5DMMMLBuX0,,none,artist,1970
the pixies three,the pixies three,the pixies three,the pixies three,The Pixies Three,4eBQ52kRba7jYsnntGD2Go,doo-wop,spotify,artist,1964
the platters,the platters,the platters,the platters,The Platters,6KWcxMWVNVIYbdOQyJtsSy,doo-wop,spotify,artist,1967
the platters featuring tony williams,the platters,the platters,the platters,The Platters,6KWcxMWVNVIYbdOQyJtsSy,doo-wop,spotify,l1,1960
the playboys,the playboys,the playboys,the playboys,The Playboys,4nExdiuJgs4AcHETljTDTv,rockabilly;psychobilly;doo-wop,spotify,artist,1958
the playmates,the playmates,the playmates,the playmates,THE PLAYMATES,2Tub2lCqsfFhjJOLHRdEEQ,shibuya-kei;power pop;japanese indie,spotify,artist,1962
the plimsouls,the plimsouls,the plimsouls,the plimsouls,The Plimsouls,7BnikuGfXRWkGLJCWS1y9P,power pop;jangle pop;new wave,spotify,artist,1983
the poets,the poets,the poets,the poets,The Poets,11XZpCBI7ExNNqmQoSgcJU,northern soul;proto-punk,spotify,artist,1966
the pointer sisters,the pointer sisters,the pointer sisters,the pointer sisters,The Pointer Sisters,2kreKea2n96dXjcyAU9j5N,disco,spotify,artist,1987
the police,the police,the police,the police,The Police,5NGO30tJxFlKixkPSgXcFE,new wave;rock;pop rock;post-punk;punk,musicbrainz,artist,1986
the poppies,the poppies,the poppies,the poppies,The Poppies,6ncg3TPqFL3bEaMLjYeK1D,northern soul,spotify,artist,1966
the poppy family,the poppy family,the poppy family,the poppy family,The Poppy Family,0XawOhZ28ajmIWwPpRJuDA,,none,artist,1972
the poppy family (featuring susan jacks),the poppy family,the poppy family,the poppy family,The Poppy Family,0XawOhZ28ajmIWwPpRJuDA,,none,l1,1970
the postal service,the postal service,the postal service,the postal service,The Postal Service,5yV1qdnmxyIYiSFB02wpDj,indie pop;electronic;indietronica;rock and indie;american,musicbrainz,artist,2005
the power station,the power station,the power station,the power station,The Power Station,1EemADz12kjlGwkpY4EINv,rock;pop rock,musicbrainz,artist,1985
the precisions,the precisions,the precisions,the precisions,The Precisions,04wcvutO63WXxkQtmuQKkh,northern soul;doo-wop,spotify,artist,1967
the preludes five,the preludes five,the preludes five,the preludes five,,,,none,,1961
the premiers,the premiers,the premiers,the premiers,The Premiers,1YFh5BgqbsPfvgDA1MiONP,garage rock,musicbrainz,artist,1964
the presidents,the presidents,the presidents,the presidents,The Presidents,36dOijpFaohEuL7kkVTVKB,alternative rock;pop punk;indie rock;power pop;post-grunge,musicbrainz,artist,1971
the presidents of the united states of america,the presidents of the united states of america,the presidents of the united states of america,the presidents of the united states of america,The Presidents Of The United States Of America,1lZvg4fNAqHoj6I9N8naBM,grunge;alternative rock,spotify,artist,1996
the proclaimers,the proclaimers,the proclaimers,the proclaimers,The Proclaimers,1A92IAcd7A6npCA33oGM5i,rock;scottish;alternative rock;british;uk,musicbrainz,artist,1993
the prodigy,the prodigy,the prodigy,the prodigy,The Prodigy,4k1ELeJKT1ISyDv8JivPpB,big beat;breakbeat;hardcore techno,spotify,artist,1998
the producers,the producers,the producers,the producers,The Producers,3ei0hhA8dt26Hfo1ea2QMn,,none,artist,1981
the puppies,the puppies,the puppies,the puppies,The Puppies,0RAQaX2XsuwwIP40iW0Qmc,miami bass,spotify,artist,1994
the pussycat dolls,the pussycat dolls,the pussycat dolls,the pussycat dolls,The Pussycat Dolls,6wPhSqRtPu1UhRCDX5yaDJ,dance-pop;pop;electropop;r&b;contemporary r&b,musicbrainz,artist,2009
the pussycat dolls featuring busta rhymes,the pussycat dolls,the pussycat dolls,the pussycat dolls,The Pussycat Dolls,6wPhSqRtPu1UhRCDX5yaDJ,dance-pop;pop;electropop;r&b;contemporary r&b,musicbrainz,l1,2006
the pussycat dolls featuring nicole scherzinger,the pussycat dolls,the pussycat dolls,the pussycat dolls,The Pussycat Dolls,6wPhSqRtPu1UhRCDX5yaDJ,dance-pop;pop;electropop;r&b;contemporary r&b,musicbrainz,l1,2009
the pussycat dolls featuring snoop dogg,the pussycat dolls,the pussycat dolls,the pussycat dolls,The Pussycat Dolls,6wPhSqRtPu1UhRCDX5yaDJ,dance-pop;pop;electropop;r&b;contemporary r&b,musicbrainz,l1,2006
the pussycat dolls featuring timbaland,the pussycat dolls,the pussycat dolls,the pussycat dolls,The Pussycat Dolls,6wPhSqRtPu1UhRCDX5yaDJ,dance-pop;pop;electropop;r&b;contemporary r&b,musicbrainz,l1,2007
the pussycat dolls featuring will.i.am,the pussycat dolls,the pussycat dolls,the pussycat dolls,The Pussycat Dolls,6wPhSqRtPu1UhRCDX5yaDJ,dance-pop;pop;electropop;r&b;contemporary r&b,musicbrainz,l1,2006
the pyramids,the pyramids,the pyramids,the pyramids,The Pyramids,2Kp6gZWK876ALXFQoTbbXT,jazz,musicbrainz,artist,1964
the quarter notes,the quarter notes,the quarter notes,the quarter notes,The Quarter Notes,6HtqIZ3hvaexvaAREhDKoF,doo-wop;rockabilly,spotify,artist,1959
the quin-tones,the quin-tones,the quin-tones,the quintones,The Quin-Tones,1LKeVNHnNqcwu3teGB3a3o,doo-wop,spotify,artist,1958
the raconteurs,the raconteurs,the raconteurs,the raconteurs,The Raconteurs,4wo1267SJuUfHgasdlfNfc,garage rock;alternative rock,spotify,artist,2006
the radiants,the radiants,the radiants,the radiants,The Radiants,4xj5QK2DzfbLDbRdQf69xw,2008 universal fire victim,musicbrainz,artist,1965
the raelets/ray charles orchestra,the raelets,the raelets,the raelets,,,,none,,1967
the raeletts,the raeletts,the raeletts,the raeletts,,,,none,,1971
the raes,the raes,the raes,the raes,The Raes,28rJHBSpGcNbFegsWWSOyM,70s;pop;disco;male-and-female duet,musicbrainz,artist,1979
the rag dolls,the rag dolls,the rag dolls,the rag dolls,The Rag Dolls,74R2Evdd8EmJI3tyzClTBc,philly soul;doo-wop,spotify,artist,1965
the raiders,the raiders,the raiders,the raiders,The Raiders,6nT3GqmGfl9ttDCZzv9hw4,rockabilly,spotify,artist,1973
the raindrops,the raindrops,the raindrops,the raindrops,The Raindrops,3H4vAZU5hzrSYBlfTCcih9,doo-wop;rockabilly,spotify,artist,1964
the rainy daze,the rainy daze,the rainy daze,the rainy daze,,,garage rock;psychedelic rock,musicbrainz,,1967
the ramblers,the ramblers,the ramblers,the ramblers,The Ramblers,7iPrws5wYbnF6sKfx2CX9e,,none,artist,1964
the ramones,the ramones,the ramones,the ramones,,,,none,,1977
the ran-dells,the ran-dells,the ran-dells,the randells,,,,none,,1963
the rascals,the rascals,the rascals,the rascals,The Rascals,4AbdUHpr8lHrExJLPlRRdC,pop rock;blue-eyed soul;sunshine pop;psychedelic pop;classic pop and rock,musicbrainz,artist,1971
the rationals,the rationals,the rationals,the rationals,The Rationals,2meCldH9KV1ehJBoluZZag,garage rock;proto-punk,spotify,artist,1966
the rattles,the rattles,the rattles,the rattles,The Rattles,6VDJhsw3KX07OGVC6XONz2,krautrock,spotify,artist,1970
the ray charles orchestra,the ray charles orchestra,the ray charles orchestra,the ray charles orchestra,,,,none,,1971
the ray charles singers,the ray charles singers,the ray charles singers,the ray charles singers,The Ray Charles Singers,2FbG2PIAVFvzszwgz2QuOL,easy listening,spotify,artist,1970
the ray conniff singers,the ray conniff singers,the ray conniff singers,the ray conniff singers,The Ray Conniff Singers,6WtWmLPWn1imbcisSfmBvy,christmas;orchestral;easy listening;villancicos,spotify,artist,1964
the rays,the rays,the rays,the rays,The Rays,3owdLGoMpuTwee9KIh1Ibv,doo-wop,spotify,artist,1961
the razor's edge,the razor's edge,the razor's edge,the razors edge,,,,none,,1966
the ready set,the ready set,the ready set,the ready set,The Ready Set,2eRJjYEaWyGZbOBGYFLBoC,,none,artist,2011
the real thing,the real thing,the real thing,the real thing,The Real Thing,1NUD5By34MFynmuUynCfSj,r&b;soul;disco;funk;brit funk,musicbrainz,artist,1976
the rebel pebbles,the rebel pebbles,the rebel pebbles,the rebel pebbles,The Rebel Pebbles,1tCf6wXSd8CXPAshLBEYNb,power pop,spotify,artist,1991
the rebels,the rebels,the rebels,the rebels,The Rebels,5DHZNhnoDoZuzDQejFO7h6,calypso,spotify,artist,1963
the records,the records,the records,the records,The Records,3oFRpiLvaflFOVNxvsLrze,power pop;jangle pop;new wave,spotify,artist,1979
the red clay strays,the red clay strays,the red clay strays,the red clay strays,The Red Clay Strays,6IKlXZEFOvk9itrP1s0knJ,country,spotify,artist,2025
the red jumpsuit apparatus,the red jumpsuit apparatus,the red jumpsuit apparatus,the red jumpsuit apparatus,The Red Jumpsuit Apparatus,1SImpQO0GbjRgvlwCcCtFo,pop punk;emo,spotify,artist,2009
the reddings,the reddings,the reddings,the reddings,The Reddings,25J2zw5Yzn51UowSvGjUyJ,post-disco;funk,spotify,artist,1982
the redjacks,the redjacks,the redjacks,the redjacks,,,,none,,1958
the reflections,the reflections,the reflections,the reflections,The Reflections,2oIcFCqVTCJ3xL8vw3GQRT,rocksteady;ska,spotify,artist,1975
the regents,the regents,the regents,the regents,The Regents,16GanSowMIgSX9jpiuovZv,,none,artist,1961
the rembrandts,the rembrandts,the rembrandts,the rembrandts,The Rembrandts,0gDg7FEsF4Y1jWddJJgcn4,power pop;pop and chart,musicbrainz,artist,1996
the rentals,the rentals,the rentals,the rentals,The Rentals,3NmdKZUM96z7NGvL35g5PC,power pop,spotify,artist,1995
the replacements,the replacements,the replacements,the replacements,The Replacements,4WPY0N74T3KUja57xMQTZ3,power pop;jangle pop,spotify,artist,1989
the revels,the revels,the revels,the revels,The Revels,6bbjbeWT0rcuSOEBT9B6t9,sea shanties;medieval,spotify,artist,1959
the revivalists,the revivalists,the revivalists,the revivalists,The Revivalists,5kuJibJcwOC53s3OkoGMRA,,none,artist,2017
the ribbons,the ribbons,the ribbons,the ribbons,The Ribbons,1RCv6y06lVAur95DNr45Oh,doo-wop;northern soul,spotify,artist,1963
the righteous brothers,the righteous brothers,the righteous brothers,the righteous brothers,The Righteous Brothers,4b0WsB47XCa9F83BmwQ7WX,pop;blue-eyed soul;brill building;r&b,musicbrainz,artist,1991
the rings,the rings,the rings,the rings,The Rings,5wvMw5IpMyYuFFXSp5Jxq2,,none,artist,1981
the rinky-dinks,the rinky-dinks,the rinky-dinks,the rinkydinks,The Rinky-Dinks,4uCWfazmHMfNdGI9qumk4I,,none,artist,1958
the rip chords,the rip chords,the rip chords,the rip chords,The Rip Chords,0WnxcAN2X6IKcdaZpi5X1K,surf rock,spotify,artist,1964
the ritchie family,the ritchie family,the ritchie family,the ritchie family,The Ritchie Family,4ePVuod9riblRN6ARU8LQc,,none,artist,1977
the rivieras,the rivieras,the rivieras,the rivieras,The Rivieras,5iIxOyBhMCDCFwAYGM6B3P,surf rock;doo-wop,spotify,artist,1964
the rivingtons,the rivingtons,the rivingtons,the rivingtons,The Rivingtons,75SE13FyXyBw4pcIr4w7tR,doo-wop;northern soul,spotify,artist,1963
the road apples,the road apples,the road apples,the road apples,The Road Apples,0su1US9LAbtAhws20JcHcn,country rock,spotify,artist,1976
the robert cray band,the robert cray band,the robert cray band,the robert cray band,The Robert Cray Band,6cAtGdArQhrU7tTBoeWY3P,blues;modern blues;blues rock;soul blues;classic blues,spotify,artist,1988
the roc project featuring tina arena,the roc project,the roc project,the roc project,The Roc Project,5UMXN6PGxu3uqDwpBSMn8A,trance,spotify,l1,2003
the rock heroes,the rock heroes,the rock heroes,the rock heroes,The Rock Heroes,0wp7cYNFjMgSHBDdla5aC9,,none,artist,2009
the rockin r's,the rockin r's,the rockin r's,the rockin rs,,,,none,,1959
the rocky fellers,the rocky fellers,the rocky fellers,the rocky fellers,The Rocky Fellers,0kAHBQ5DaRNcNWrWkNdqeF,doo-wop,spotify,artist,1963
the rollers,the rollers,the rollers,the rollers,The Rollers,3xM9pNkVkZKZcdVLx4yh5z,,none,artist,1961
the rolling stones,the rolling stones,the rolling stones,the rolling stones,The Rolling Stones,22bE4uQ6baNwSHPVcDxLCe,classic rock;rock,spotify,artist,2003
the romantics,the romantics,the romantics,the romantics,The Romantics,3daM7asS0gCFvyLemNx2EE,power pop,spotify,artist,1985
the romeos,the romeos,the romeos,the romeos,The Romeos,52V3dAlSgQedb9HZuO1tRs,,none,artist,1967
the ron-dels,the ron-dels,the ron-dels,the rondels,The Rondels,5VV2ZMIExZLzUMOKw2okeE,surf rock,spotify,l3,1965
the rondels,the rondels,the rondels,the rondels,The Rondels,5VV2ZMIExZLzUMOKw2okeE,surf rock,spotify,artist,1961
the ronettes,the ronettes,the ronettes,the ronettes,The Ronettes,7CyeXFnOrfC1N6z4naIpgo,christmas,spotify,artist,2025
the ronettes featuring veronica,the ronettes,the ronettes,the ronettes,The Ronettes,7CyeXFnOrfC1N6z4naIpgo,christmas,spotify,l1,1966
the rooftop singers,the rooftop singers,the rooftop singers,the rooftop singers,The Rooftop Singers,6Gb08eT3LlkGynDscl9vbz,,none,artist,1963
the roommates,the roommates,the roommates,the roommates,The Roommates,6UIGXyGhgZ2Fdhol8IBiYM,doo-wop,spotify,artist,1961
the roots,the roots,the roots,the roots,The Roots,78xUyw6FkVZrRAtziFdtdu,east coast hip hop;jazz rap;hip hop,spotify,artist,1997
the roots featuring erykah badu,the roots,the roots,the roots,The Roots,78xUyw6FkVZrRAtziFdtdu,east coast hip hop;jazz rap;hip hop,spotify,l1,1999
the roots featuring musiq,the roots,the roots,the roots,The Roots,78xUyw6FkVZrRAtziFdtdu,east coast hip hop;jazz rap;hip hop,spotify,l1,2003
the rose garden,the rose garden,the rose garden,the rose garden,The Rose Garden,4OlIFruGJ8460GJustxEGj,baroque pop,spotify,artist,1968
the routers,the routers,the routers,the routers,The Routers,4ydeJG48hqnTKKop5GYLDF,surf rock,spotify,artist,1963
the rovers,the rovers,the rovers,the rovers,The Rovers,2tnlMAVUCEOGTDf0Alus5p,,none,artist,1981
the rowans,the rowans,the rowans,the rowans,The Rowans,00nOM3ZEuz8vQmmFlYOfaG,country rock,spotify,artist,1976
the royal guardsmen,the royal guardsmen,the royal guardsmen,the royal guardsmen,The Royal Guardsmen,56u9xfQIHVrlvnG1SoSOgs,rock,musicbrainz,artist,1969
the royalettes,the royalettes,the royalettes,the royalettes,The Royalettes,36dt37fIr1mLQRv0dqazg6,northern soul;doo-wop,spotify,artist,1965
the royaltones,the royaltones,the royaltones,the royaltones,The Royaltones,4TohiTBQiEArgeIjOqxiM9,doo-wop;surf rock,spotify,artist,1961
the rubettes,the rubettes,the rubettes,the rubettes,The Rubettes,44ef9VXkdKxbx4XpoNqH39,glam rock,spotify,artist,1974
the rubinoos,the rubinoos,the rubinoos,the rubinoos,The Rubinoos,0ShV0veaBj1NvWRORhuwlI,power pop;jangle pop,spotify,artist,1977
the rude boys,the rude boys,the rude boys,the rude boys,The Rude Boys,6ZKkosMgiVV41hznxoMtLw,rocksteady;ska,spotify,artist,1991
the rugbys,the rugbys,the rugbys,the rugbys,The Rugbys,59GyfaB3VI1MgsGxuX4MMf,proto-punk;acid rock;garage rock,spotify,artist,1969
the rumblers,the rumblers,the rumblers,the rumblers,The Rumblers,4ngRPG3sLn7V0eiZEPD273,garage rock,musicbrainz,artist,1963
the s.o.s. band,the s.o.s. band,the s.o.s. band,the sos band,The SOS Band,1AQXHYhtpa3I0zGxJSBYmy,funk;r&b;classic pop and rock;80s;soul,musicbrainz,l3,1986
the s.o.u.l. s.y.s.t.e.m.,the s.o.u.l. s.y.s.t.e.m.,the s.o.u.l. s.y.s.t.e.m.,the soul system,The Soul System,4iCUUhmEWhmCQe2bhZkx7I,,none,l3,1993
the salsoul orchestra,the salsoul orchestra,the salsoul orchestra,the salsoul orchestra,The Salsoul Orchestra,0m04NLVsIfjqZMBfw7vTf4,philly soul;disco;post-disco,spotify,artist,1977
the san remo golden strings,the san remo golden strings,the san remo golden strings,the san remo golden strings,,,,none,,1965
the sandpebbles,the sandpebbles,the sandpebbles,the sandpebbles,,,,none,,1968
the sandpipers,the sandpipers,the sandpipers,the sandpipers,The Sandpipers,3iBuBivHItWMpdiVmLT0uB,2008 universal fire victim,musicbrainz,artist,1970
the sanford/townsend band,the sanford,the sanford,the sanford,,,,none,,1977
the sapphires,the sapphires,the sapphires,the sapphires,The Sapphires,7hsuVq0DQonl3PnP7qkfvP,northern soul;philly soul;doo-wop,spotify,artist,1965
the satisfactions,the satisfactions,the satisfactions,the satisfactions,The Satisfactions,4pkccTSqZn4jlFoGMTsuhR,northern soul;surf rock,spotify,artist,1970
the scaffold,the scaffold,the scaffold,the scaffold,the scaffold,3N8dNuQm1zdMtIjKcFWvbH,british;uk;english;liverpool;classic pop and rock,musicbrainz,artist,1968
the script,the script,the script,the script,The Script,3AQRLZ9PuTAozP28Skbq8V,soft rock;pop rock;breakeven,musicbrainz,artist,2014
the script featuring will.i.am,the script,the script,the script,The Script,3AQRLZ9PuTAozP28Skbq8V,soft rock;pop rock;breakeven,musicbrainz,l1,2013
the searchers,the searchers,the searchers,the searchers,The Searchers,4QmkLL9JOqM9dusHS1Hghe,uk;english;classic pop and rock;british;liverpool,musicbrainz,artist,1971
the secrets,the secrets,the secrets,the secrets,THE SECRETS,2SaeShT6CgQIrDv6elSP3P,,none,artist,1964
the seeds,the seeds,the seeds,the seeds,The Seeds,5mcarhiatlvfCghqcn73rC,proto-punk;garage rock;acid rock;psychedelic rock,spotify,artist,1967
the seekers,the seekers,the seekers,the seekers,The Seekers,7dedWAqd0IKTdCiqiadUrV,folk pop;folk;australian,musicbrainz,artist,1967
the sensations,the sensations,the sensations,the sensations,The Sensations,79xDv2cFR1OcGwUgkaqjU7,cajun;zydeco,spotify,artist,1962
the sensations featuring yvonne,the sensations,the sensations,the sensations,The Sensations,79xDv2cFR1OcGwUgkaqjU7,cajun;zydeco,spotify,l1,1961
the serendipity singers,the serendipity singers,the serendipity singers,the serendipity singers,The Serendipity Singers,60mbIWU4hFqNwuTFE1jPku,folk,spotify,artist,1964
the sevilles,the sevilles,the sevilles,the sevilles,The Sevilles,2c4EN2lNPD58SX8NPCLQBI,doo-wop,spotify,artist,1961
the shacklefords,the shacklefords,the shacklefords,the shacklefords,,,,none,,1963
the shades of blue,the shades of blue,the shades of blue,the shades of blue,,,,none,,1966
the shadows of knight,the shadows of knight,the shadows of knight,the shadows of knight,The Shadows of Knight,4IbhgGceimkrJA3qJcObv5,garage rock;psychedelic rock,musicbrainz,artist,1966
the shamen,the shamen,the shamen,the shamen,The Shamen,5E704N5StxMVKpalhaJ5L3,acid house;madchester,spotify,artist,1992
the shangri-las,the shangri-las,the shangri-las,the shangrilas,The Shangri-Las,1WvziZcLLYLoMMdmQx7qcN,doo-wop,spotify,artist,1966
the sheep,the sheep,the sheep,the sheep,The Sheep,7kJ6GwyrzlC1Zad3SEOF31,mashup;_download,musicbrainz,artist,1966
the shells,the shells,the shells,the shells,The Shells,0BTYtHWqKmJ3MDZdGALpWV,,none,artist,1961
the shepherd sisters,the shepherd sisters,the shepherd sisters,the shepherd sisters,The Shepherd Sisters,5mi9CjHA1iOxChizM9fpLL,doo-wop,spotify,artist,1963
the sherrys,the sherrys,the sherrys,the sherrys,The Sherrys,3Q79TT5hvYZMPqdvalkmCi,northern soul;philly soul;doo-wop,spotify,artist,1963
the shields,the shields,the shields,the shields,The Shields,45OBxXLz8nWOcdHZG6jpG3,doo-wop,spotify,artist,1958
the shindogs,the shindogs,the shindogs,the shindogs,The Shindogs,7cuPNQHMMKo7IIh2n08FWf,,none,artist,1966
the shins,the shins,the shins,the shins,The Shins,4LG4Bs1Gadht7TCrMytQUO,indie;indie pop,spotify,artist,2007
the shirelles,the shirelles,the shirelles,the shirelles,The Shirelles,0x83OBqixqdCHnStP5VMcn,doo-wop;motown,spotify,artist,1967
the shocking blue,the shocking blue,the shocking blue,the shocking blue,,,,none,,1970
the show stoppers,the show stoppers,the show stoppers,the show stoppers,,,classic pop and rock,musicbrainz,,1968
the showmen,the showmen,the showmen,the showmen,The Showmen,31w23Dr0NHugbNF2TQe6xz,northern soul;doo-wop,spotify,artist,1964
the sidekicks,the sidekicks,the sidekicks,the sidekicks,The Sidekicks,1U3mtAK6E96k7StAo5sm7E,,none,artist,1966
the silencers,the silencers,the silencers,the silencers,The Silencers,1RD6l0Su0sCzSHZGxPeU3d,celtic rock,spotify,artist,1987
the silkie,the silkie,the silkie,the silkie,The Silkie,1pj4SaBrb6hh9WUyg2acsF,,none,artist,1965
the simon sisters,the simon sisters,the simon sisters,the simon sisters,The Simon Sisters,0MgiMwoxbip7wL5pgp8NRx,traditional folk,spotify,artist,1964
the simpsons featuring bart & homer,the simpsons,the simpsons,the simpsons,The Simpsons,7r0Otd9dEStSVIxJ02ml5a,fictional;series title as artist;fictitious artist;tv;2008 universal fire victim,musicbrainz,l1,1991
the singing belles,the singing belles,the singing belles,the singing belles,,,,none,,1960
the singing nun (soeur sourire),the singing nun,the singing nun,the singing nun,The Singing Nun (Soeur Sourire),6IXxyuP3QA8yla9rF1on6b,,none,artist,1964
the ska kings,the ska kings,the ska kings,the ska kings,The Ska Kings,6i72CeS33KvOLKFDt11mD3,,none,artist,1964
the skyliners,the skyliners,the skyliners,the skyliners,The Skyliners,4JeG1IusHcsL2owYnsJ7wk,doo-wop,spotify,artist,1965
the slades,the slades,the slades,the slades,The Slades,0j0Z5OJJ0kKHcmy1zIujYA,doo-wop,spotify,artist,1958
the smashing pumpkins,the smashing pumpkins,the smashing pumpkins,the smashing pumpkins,The Smashing Pumpkins,40Yq4vzPs9VNUrIBG5Jr2i,alternative rock;rock,spotify,artist,2007
the smithereens,the smithereens,the smithereens,the smithereens,The Smithereens,06KgaEpSluofkcChSo7TNr,power pop;jangle pop;new wave,spotify,artist,1992
the smoke ring,the smoke ring,the smoke ring,the smoke ring,The Smoke Ring,5eF6wpqMn0wfXJwp0PtC5U,,none,artist,1969
the smothers brothers,the smothers brothers,the smothers brothers,the smothers brothers,The Smothers Brothers,5ugjlc51azqrMoBLLbOnIg,comedy,spotify,artist,1963
the sons of champlin,the sons of champlin,the sons of champlin,the sons of champlin,The Sons Of Champlin,3LmdSHbQzMs8ZL0GVGpwXb,yacht rock;aor,spotify,artist,1977
"the sopwith ""camel""","the sopwith ""camel""","the sopwith ""camel""",the sopwith camel,,,progressive rock;symphonic prog;canterbury scene;art rock;british,musicbrainz,,1967
the soul children,the soul children,the soul children,the soul children,The Soul Children,74keeJdeVxqce4qJFj6WGx,classic soul;soul,spotify,artist,1974
the soul clan,the soul clan,the soul clan,the soul clan,The Soul Clan,7wxXe95YeLjzgNYhK7BIlK,,none,artist,1968
the soul sisters,the soul sisters,the soul sisters,the soul sisters,The Soul Sisters,4U28MwbiCDIenwFnZJkcBZ,2008 universal fire victim,musicbrainz,artist,1964
the soulful strings,the soulful strings,the soulful strings,the soulful strings,The Soulful Strings,5dv46qmJu6ObT0huPRuN2c,northern soul;acid rock,spotify,artist,1968
the sounds of blackness,the sounds of blackness,the sounds of blackness,the sounds of blackness,,,,none,,1994
the soup dragons,the soup dragons,the soup dragons,the soup dragons,The Soup Dragons,5BEYGWk6aPdNXxBx9pwU8S,madchester;britpop,spotify,artist,1993
the south side movement,the south side movement,the south side movement,the south side movement,The South Side Movement,0tFwoPbPo2weOozdTokWJO,,none,artist,1973
"the souther, hillman, furay band","the souther, hillman, furay band",the souther,the souther,,,country rock;rock,musicbrainz,,1974
the spacemen,the spacemen,the spacemen,the spacemen,The Spacemen,76aqDUIKJxqbPoliE6jgT2,,none,artist,1960
the spats featuring dick johnson,the spats,the spats,the spats,THE SPATS,308fw0YtWjlX5zeSGV2qR7,garage rock,musicbrainz,l1,1964
the spellbinders,the spellbinders,the spellbinders,the spellbinders,The Spellbinders,2Wzja2jxZnsEa22GH7VzZA,northern soul;classic soul;motown,spotify,artist,1966
the spencer davis group,the spencer davis group,the spencer davis group,the spencer davis group,The Spencer Davis Group,3i9hP422d2KMjaupTzBNVS,proto-punk,spotify,artist,1967
the spinners,the spinners,the spinners,the spinners,The Spinners,5fbhwqYYh4YwUoEs582mq5,philly soul;motown;classic soul;soul;northern soul,spotify,artist,1983
the spokesmen,the spokesmen,the spokesmen,the spokesmen,The Spokesmen,0yNy4CEOY4IqNGqCTf97dZ,2008 universal fire victim,musicbrainz,artist,1965
the sports,the sports,the sports,the sports,The Sports,4hJZTbBLW6uHa6RmBwcB6E,new wave;rock,musicbrainz,artist,1979
the springfields,the springfields,the springfields,the springfields,The Springfields,4kwCLM6VuDfkyWAyn9xFlq,jangle pop,spotify,artist,1962
the stairsteps,the stairsteps,the stairsteps,the stairsteps,The Stairsteps,3lHCcywHpZ1vSKZ0kmanSd,,none,artist,1971
the standells,the standells,the standells,the standells,The Standells,4BM6qze88exQPVILQpcYpj,proto-punk;garage rock,spotify,artist,1967
the staple singers,the staple singers,the staple singers,the staple singers,The Staple Singers,7xGGqA85UIWX1GoTVM4itC,soul;motown;classic soul,spotify,artist,1976
the star wars intergalactic droid choir & chorale,the star wars intergalactic droid choir & chorale,the star wars intergalactic droid choir,the star wars intergalactic droid choir,,,,none,,1981
the starlets,the starlets,the starlets,the starlets,The Starlets,0nRUxOFz2nuICx2msYCmnj,garage rock;proto-punk,spotify,artist,1961
the statler brothers,the statler brothers,the statler brothers,the statler brothers,The Statler Brothers,5PSWc8Y94zFsAtZlTe7ipI,christian country;southern gospel;classic country;traditional country,spotify,artist,1975
the statues,the statues,the statues,the statues,The Statues,5dPeAL5g6pwWhcouqC6A8Z,doo-wop,spotify,artist,1960
the status quo,the status quo,the status quo,the status quo,,,,none,,1968
the steelers,the steelers,the steelers,the steelers,The Steelers,1hGmPIM0NzXSVJu3XlA4se,iskelmä;northern soul;finnish rock,spotify,artist,1969
the stereos,the stereos,the stereos,the stereos,The Stereos,3P15qZ57twljh6YA2fGhqi,,none,artist,1961
the steve gibbons band,the steve gibbons band,the steve gibbons band,the steve gibbons band,The Steve Gibbons Band,3T0e5wMm4RZE0LMiFsPRq1,,none,artist,1976
the steve miller band,the steve miller band,the steve miller band,the steve miller band,,,,none,,1993
the stompers,the stompers,the stompers,the stompers,The Stompers,5iIJInLMvZhpyt5OgnYj1l,,none,artist,1983
the storm,the storm,the storm,the storm,The Storm,77kFYakkBOUyJaVHwqktGU,aor;arena rock;glam metal,spotify,artist,1992
the strangeloves,the strangeloves,the strangeloves,the strangeloves,The Strangeloves,4NMkJqM1SsQP3gk81cqk6K,garage rock;proto-punk,spotify,artist,1966
the strangers,the strangers,the strangers,the strangers,The Strangers,4eYZgISQVkajfQ3PAJlqqw,classic country;outlaw country;traditional country;honky tonk,spotify,artist,1959
the string-a-longs,the string-a-longs,the string-a-longs,the stringalongs,The String-A-Longs,7CG3fjmCcZHXOnxYrpgE6W,surf rock;indorock,spotify,artist,1961
the strokes,the strokes,the strokes,the strokes,The Strokes,0epOFNiUfyON9EYx7Tpr6V,garage rock;indie rock;alternative rock,spotify,artist,2005
the strollers,the strollers,the strollers,the strollers,The Strollers,39HE7sWkoOCAuMCICdyF8U,,none,artist,1961
the style council,the style council,the style council,the style council,The Style Council,3loflELg7MzgrOyNqERolN,rock;jazz;pop rock;classic pop and rock,musicbrainz,artist,1984
the stylistics,the stylistics,the stylistics,the stylistics,The Stylistics,2O0Hw1WSMbskB5tD9aWah3,philly soul;classic soul;motown;quiet storm,spotify,artist,1976
"the stylistics featuring russell thompkins,jr.",the stylistics,the stylistics,the stylistics,The Stylistics,2O0Hw1WSMbskB5tD9aWah3,philly soul;classic soul;motown;quiet storm,spotify,l1,1972
the sunglows,the sunglows,the sunglows,the sunglows,The Sunglows,1JQ9a6VTsHAfOw3POJF1RW,tejano,spotify,artist,1965
the sunrays,the sunrays,the sunrays,the sunrays,The Sunrays,7rC9fjh6fYA1yYRR2Hl7yP,surf rock;baroque pop,spotify,artist,1966
the sunshine band,the sunshine band,the sunshine band,the sunshine band,The Sunshine Band,2vyU5IhvTDRLKUtItRItEr,pop;disco;dance-pop;pop soul;funk,musicbrainz,artist,1975
the sunshine company,the sunshine company,the sunshine company,the sunshine company,The Sunshine Company,4Fdp70hK2NKhAcrI22XgfG,baroque pop,spotify,artist,1968
the superbs,the superbs,the superbs,the superbs,The Superbs,6NjVKtdjnHCafT7d982BnH,,none,artist,1964
the supremes,the supremes,the supremes,the supremes,The Supremes,57bUPid8xztkieZfS7OlEV,motown;northern soul;classic soul;soul,spotify,artist,1977
the supremes & four tops,the supremes & four tops,the supremes,the supremes,The Supremes,57bUPid8xztkieZfS7OlEV,motown;northern soul;classic soul;soul,spotify,l2,1971
the surfaris,the surfaris,the surfaris,the surfaris,The Surfaris,6gZVflqhSHhG3MjYrf1dOv,surf rock,spotify,artist,1966
the swallows,the swallows,the swallows,the swallows,The Swallows,75XNFHacGZcgkXNQiOqrdk,,none,artist,1958
the swans,the swans,the swans,the swans,The Swans,3cU6HkaxGwYTl7vUmwe5Zq,doo-wop;northern soul;philly soul,spotify,artist,1964
the sweet,the sweet,the sweet,the sweet,The Sweet,64JgVJdkSDXU6AEJUOnspK,glam rock,spotify,artist,1973
the sweet inspirations,the sweet inspirations,the sweet inspirations,the sweet inspirations,The Sweet Inspirations,1wonEkTZkBGYq7J4w56yZl,classic soul;soul;philly soul,spotify,artist,1968
the swell season (glen hansard & marketa irglova),the swell season,the swell season,the swell season,The Swell Season,2buJppisWV2GWWBWgkK074,,none,l1,2008
the swingin' medallions,the swingin' medallions,the swingin' medallions,the swingin medallions,The Swingin' Medallions,1z53qNFpD23ucu5R20Q9Cq,garage rock,spotify,artist,1966
the swinging blue jeans,the swinging blue jeans,the swinging blue jeans,the swinging blue jeans,The Swinging Blue Jeans,5gNduPlUGHsgy1w7f71obH,merseybeat;beat music,musicbrainz,artist,1964
the swon brothers,the swon brothers,the swon brothers,the swon brothers,The Swon Brothers,1nf0nRF0W4ybnJdda00pKY,christian country;country,spotify,artist,2014
the sylvers,the sylvers,the sylvers,the sylvers,The Sylvers,0efkWb9xKhT6H0E7kgSjFK,disco,spotify,artist,1978
the system,the system,the system,the system,The System,67NN7SgdxKesGnxZOB8YeX,post-disco;new jack swing,spotify,artist,1988
the t-bones,the t-bones,the t-bones,the tbones,The T-Bones,4wyE7hg8TRoAcqOiwPUvK1,,none,artist,1966
the t.s.u. toronadoes,the t.s.u. toronadoes,the t.s.u. toronadoes,the tsu toronadoes,The T.S.U. Toronadoes,4bGpAHLCHpSerD8qZlisgr,northern soul,spotify,artist,1969
the tams,the tams,the tams,the tams,The Tams,4FSD5qtm70EBsOiLMN2eEe,northern soul;motown;classic soul,spotify,artist,1968
the tarney/spencer band,the tarney,the tarney,the tarney,The Tarney/Spencer Band,3dm4xZJn57Vc6acgrbXLdQ,,none,artist,1981
the tassels,the tassels,the tassels,the tassels,The Tassels,7KWF9od7EBdwXaIjHW6zhx,doo-wop,spotify,artist,1959
the teddy bears,the teddy bears,the teddy bears,the teddy bears,The Teddy Bears,4JFunELhYa3ZrJnSWAZl3W,,none,artist,1959
the tee set,the tee set,the tee set,the tee set,,,,none,,1970
the tempos,the tempos,the tempos,the tempos,The Tempos,6vWc4bf4L0lLPEzkXPE2vm,northern soul;doo-wop,spotify,artist,1959
the temprees,the temprees,the temprees,the temprees,The Temprees,3RTmjg2aicwP3HFZP760BU,,none,artist,1972
the temptations,the temptations,the temptations,the temptations,The Temptations,3RwQ26hR2tJtA8F9p2n7jG,motown;classic soul;soul,spotify,artist,1986
the temptations featuring rick james,the temptations,the temptations,the temptations,The Temptations,3RwQ26hR2tJtA8F9p2n7jG,motown;classic soul;soul,spotify,l1,1982
the texans,the texans,the texans,the texans,,,,none,,1961
the third rail,the third rail,the third rail,the third rail,The Third Rail,5LL2DywIzLG6OHVjzlOFgw,baroque pop;psychedelic rock;acid rock;bubblegum pop;garage rock,spotify,artist,1967
the thirteenth floor elevators,the thirteenth floor elevators,the thirteenth floor elevators,the thirteenth floor elevators,,,,none,,1966
the three degrees,the three degrees,the three degrees,the three degrees,The Three Degrees,2zpFG5cvw00QmrYTUsjApa,philly soul;disco;motown,spotify,artist,1975
the three g's,the three g's,the three g's,the three gs,,,,none,,1958
the time,the time,the time,the time,The Time,1EgGVV9cmmlLEsFlunjmvv,funk;funk rock;post-disco,spotify,artist,1990
the timelords,the timelords,the timelords,the timelords,The Timelords,54WvhTxDLZMlQYfbl4M1Cp,acid house,spotify,artist,1989
the timetones,the timetones,the timetones,the timetones,The Timetones,4e4HSlRxKSMGJDI0GiipBq,doo-wop,spotify,artist,1961
the ting tings,the ting tings,the ting tings,the ting tings,The Ting Tings,2wvUfjKGoXvcnDHq7GgMOa,alternative dance,spotify,artist,2009
the tokens,the tokens,the tokens,the tokens,The Tokens,1GAJzApRTMmYZ9EjQ91VOy,doo-wop,spotify,artist,1994
the tommy dorsey orchestra,the tommy dorsey orchestra,the tommy dorsey orchestra,the tommy dorsey orchestra,,,,none,,1959
the tommy dorsey orchestra starring warren covington,the tommy dorsey orchestra starring warren covington,the tommy dorsey orchestra starring warren covington,the tommy dorsey orchestra starring warren covington,,,,none,,1958
the tony rich project,the tony rich project,the tony rich project,the tony rich project,The Tony Rich Project,7uwPrVdjss0FyCCTzpLx5A,quiet storm,spotify,artist,1997
the tornadoes,the tornadoes,the tornadoes,the tornadoes,The Tornadoes,7BWTTLvE8qbUWblxkJcmwi,surf rock;american;rock,musicbrainz,artist,1963
the tourists,the tourists,the tourists,the tourists,The Tourists,5yq0Opz0BRTZoQpI7cOGnD,rock and indie,musicbrainz,artist,1980
the toy dolls,the toy dolls,the toy dolls,the toy dolls,The Toy Dolls,747P2pvOwW22iRcFS9zQDv,punk;ska punk,spotify,artist,1963
the toys,the toys,the toys,the toys,THE TOYS,5pokGZ1K9Hr6etaKPDxSG8,thai pop;t-pop;thai hip hop,spotify,artist,1966
the tractors,the tractors,the tractors,the tractors,The Tractors,4cORFIWQylRGyJX9lYnqk9,rockabilly,musicbrainz,artist,1995
the trade winds,the trade winds,the trade winds,the trade winds,The Trade Winds,31AImzoiPLZCHUvl344aA1,,none,artist,1966
the tradewinds,the tradewinds,the tradewinds,the tradewinds,The Tradewinds,49DKvKvaMet16JVLEY5aYu,baroque pop,spotify,artist,1959
the traits,the traits,the traits,the traits,The Traits,1JQu6UJtiEc3VKHLQHQO9E,rockabilly;psychobilly,spotify,artist,1966
the trammps,the trammps,the trammps,the trammps,The Trammps,1zgNpeHQe8GulzfVkYP2VK,disco;philly soul;northern soul,spotify,artist,1978
the trashmen,the trashmen,the trashmen,the trashmen,The Trashmen,5QEA3sofVt5QckQA6QX2nN,surf rock;proto-punk,spotify,artist,1964
the tree swingers,the tree swingers,the tree swingers,the tree swingers,,,,none,,1960
the tremeloes,the tremeloes,the tremeloes,the tremeloes,The Tremeloes,2VL8sLEJ6lHEwocjc1pN9w,psychedelic pop;british;uk;english;sunshine pop,musicbrainz,artist,1968
the triplets,the triplets,the triplets,the triplets,The Triplets,2NZ05fcfGn3JQDtGT1orqJ,,none,artist,1991
the troggs,the troggs,the troggs,the troggs,The Troggs,57xdnSVt4ahJCIXYLieQ25,proto-punk,spotify,artist,1968
the trolls,the trolls,the trolls,the trolls,The Trolls,5AZ664P7I3j16M4XRWi1hw,,none,artist,1966
the trumpeteers,the trumpeteers,the trumpeteers,the trumpeteers,The Trumpeteers,6V98eDTOMAkAIaarYvV3eI,gospel,spotify,artist,1959
the truth,the truth,the truth,the truth,The Truth,39XWX5LTabxPUp3BNLqldA,electroclash,spotify,artist,1987
the tubes,the tubes,the tubes,the tubes,The Tubes,7zfhej6FnVXN9LIXs6dcoK,rock;hard rock;proto-punk;american;glam rock,musicbrainz,artist,1985
the tuesdays,the tuesdays,the tuesdays,the tuesdays,The Tuesdays,7rzFfE6ZyDTOBQNdvE1hrl,,none,artist,1998
the tune rockers,the tune rockers,the tune rockers,the tune rockers,The Tune Rockers,13oRnp1gAqHi5rHvPH5Nqw,,none,artist,1958
the turtles,the turtles,the turtles,the turtles,The Turtles,2VIoWte1HPDbZ2WqHd2La7,folk rock;psychedelic pop;pop rock;sunshine pop;musical parody,musicbrainz,artist,1970
the tymes,the tymes,the tymes,the tymes,The Tymes,0a1BmEq1mZ5ufKMC2fsziR,northern soul;philly soul;doo-wop;motown,spotify,artist,1976
the u-krew,the u-krew,the u-krew,the ukrew,,,hip hop;new jack swing;1989;r&b;contemporary r&b,musicbrainz,,1990
the undisputed truth,the undisputed truth,the undisputed truth,the undisputed truth,The Undisputed Truth,2tkwWmcZOQPNbbIdknfBsw,motown;classic soul,spotify,artist,1974
the unifics,the unifics,the unifics,the unifics,The Unifics,4ioPxwNlBcCSH3tXAtZgn3,northern soul,spotify,artist,1969
the union gap featuring gary puckett,the union gap,the union gap,the union gap,The Union Gap,5rfZ4lxhjhHzAOnKeSD2Vp,pop rock,musicbrainz,l1,1968
the uniques,the uniques,the uniques,the uniques,The Uniques,5sRjly3liMnFN853YlZoW3,reggae;rocksteady,musicbrainz,artist,1966
the uniques featuring joe stampley,the uniques,the uniques,the uniques,The Uniques,5sRjly3liMnFN853YlZoW3,reggae;rocksteady,musicbrainz,l1,1965
the unknowns,the unknowns,the unknowns,the unknowns,The Unknowns,3l50mTw4btrwgITH6CHHQ8,doo-wop,spotify,artist,1966
the upbeats,the upbeats,the upbeats,the upbeats,The Upbeats,4pS0dLHxXQ3mvMzdLy02nB,doo-wop,spotify,artist,1958
the used and my chemical romance,the used and my chemical romance,the used,the used,The Used,55VydwMyCuGcavwPuhutPL,emo;screamo;post-hardcore;pop punk,spotify,l2,2005
the vacels,the vacels,the vacels,the vacels,The Vacels,6QwHTIijd1PAGyOGoTkV3t,doo-wop,spotify,artist,1965
the valentinos,the valentinos,the valentinos,the valentinos,The Valentinos,6WSL03lrRYV1IJPSkgqJNV,,none,artist,1964
the valentinos (the lovers),the valentinos,the valentinos,the valentinos,The Valentinos,6WSL03lrRYV1IJPSkgqJNV,,none,l1,1963
the van dykes,the van dykes,the van dykes,the van dykes,The Van Dykes,0ukAv4dLteeOA5IcKDpR2X,northern soul;doo-wop,spotify,artist,1966
the vanilla fudge,the vanilla fudge,the vanilla fudge,the vanilla fudge,,,,none,,1968
the vapors,the vapors,the vapors,the vapors,The Vapors,4K3NWDwBIxgktui14SccR2,new wave;power pop,spotify,artist,1981
the vejtables,the vejtables,the vejtables,the vejtables,The Vejtables,6suPCvmAYievmyQH29fvsj,acid rock;garage rock;psychedelic rock,spotify,artist,1965
the velaires,the velaires,the velaires,the velaires,The Velaires,3oGBgXFdqhY5ozYtIX7QlC,doo-wop,spotify,artist,1961
the vels,the vels,the vels,the vels,The Vels,1L8TJUF0PdnN1azi9NowsF,new wave,musicbrainz,artist,1985
the velvelettes,the velvelettes,the velvelettes,the velvelettes,The Velvelettes,72Q7helEnjOptf8FAoZQTi,northern soul;motown;classic soul;soul,spotify,artist,1965
the velvets featuring virgil johnson,the velvets,the velvets,the velvets,The Velvets,6O4MKErxlmkbxyREBUbV53,,none,l1,1961
the venetians,the venetians,the venetians,the venetians,The Venetians,5u5GQrTrE5BtMVEshSeNJ2,,none,artist,1987
the ventures,the ventures,the ventures,the ventures,The Ventures,2GaayiIs1kcyNqRXQuzp35,surf rock,spotify,artist,1969
the veronicas,the veronicas,the veronicas,the veronicas,The Veronicas,1dIdBZaaHRW2bDTkHNfWln,synth-pop;electropop;electroclash;pop rock;dance-pop,musicbrainz,artist,2009
the verve,the verve,the verve,the verve,The Verve,2cGwlqi3k18jFpUyTrsR84,britpop;shoegaze,spotify,artist,1998
the verve pipe,the verve pipe,the verve pipe,the verve pipe,The Verve Pipe,242iqFnwNhlidVBMI9GYKp,post-grunge,spotify,artist,1997
the vibrations,the vibrations,the vibrations,the vibrations,The Vibrations,7voSoRzpiNXbhw8yZkOQ74,2008 universal fire victim,musicbrainz,artist,1968
the victor feldman quartet,the victor feldman quartet,the victor feldman quartet,the victor feldman quartet,,,,none,,1962
the videls,the videls,the videls,the videls,The Videls,5SUaDD55XXU5uxfjv4JM7K,doo-wop,spotify,artist,1960
the village soul choir,the village soul choir,the village soul choir,the village soul choir,,,,none,,1970
the village stompers,the village stompers,the village stompers,the village stompers,The Village Stompers,052sD9jNgGqNAKlYmCAiD8,,none,artist,1964
the virtues,the virtues,the virtues,the virtues,The Virtues,6KabWEVxiAJpnzZmYwZbpo,power pop;rockabilly,spotify,artist,1962
the viscounts,the viscounts,the viscounts,the viscounts,The Viscounts,1jkQOLBogBpRXgAgKZvyWM,doo-wop,spotify,artist,1966
the vogues,the vogues,the vogues,the vogues,The Vogues,0Ma8KxtvoIDSU5fHtuTS9F,doo-wop,spotify,artist,1969
the volume's,the volume's,the volume's,the volumes,The Volumes,4abUfnliFCpatHwaD0V5L2,,none,l3,1962
the vontastics,the vontastics,the vontastics,the vontastics,The Vontastics,4D7zV4QmyU9Mb7bEEpKTMw,northern soul,spotify,artist,1966
the wackers,the wackers,the wackers,the wackers,The Wackers,7c80rSls3eKaRiZSSku2O7,power pop,spotify,artist,1972
the waikikis,the waikikis,the waikikis,the waikikis,The Waikikis,6RyfBQSgtKAAhFnk6b9Vb6,easy listening;2008 universal fire victim,musicbrainz,artist,1965
the wailers,the wailers,the wailers,the wailers,The Wailers,6uSKeCyQEhvPC2NODgiqFE,reggae;roots reggae;rocksteady;ska;ragga,spotify,artist,1964
the waitresses,the waitresses,the waitresses,the waitresses,The Waitresses,57AKOY1SF1062tuVzgAPv8,christmas,spotify,artist,1982
the walker bros.,the walker bros.,the walker bros.,the walker bros,,,,none,,1966
the wallflowers,the wallflowers,the wallflowers,the wallflowers,The Wallflowers,0jJNGWrpjGIHUdTTJiIYeB,american;folk rock;roots rock;rock;alternative rock,musicbrainz,artist,2000
the walter murphy band,the walter murphy band,the walter murphy band,the walter murphy band,The Walter Murphy Band,1DJKkJxrHdlFH3NdpZ4UBl,,none,artist,1977
the walters,the walters,the walters,the walters,The Walters,027TpXKGwdXP7iwbjUSpV8,indie rock;indie pop,musicbrainz,artist,2022
the wanderers,the wanderers,the wanderers,the wanderers,The Wanderers,1YOqIEzkxWd0Kaj638OCtF,,none,artist,1962
the wanted,the wanted,the wanted,the wanted,The Wanted,2NhdGz9EDv2FeUw6udu2g1,boy band;electropop;dance-pop;synthpop;pop,musicbrainz,artist,2013
the watts 103rd street rhythm band,the watts 103rd street rhythm band,the watts 103rd street rhythm band,the watts 103rd street rhythm band,The Watts 103rd Street Rhythm Band,3MMsMmyq35aq1GNaS2JMxf,funk;soul;swing;rock and indie,musicbrainz,artist,1969
the weather girls,the weather girls,the weather girls,the weather girls,The Weather Girls,19xz1vcuKNjniGEftTOSSH,dance-pop;soul;disco;hi-nrg;classic pop and rock,musicbrainz,artist,1983
the weeknd,the weeknd,the weeknd,the weeknd,The Weeknd,1Xyo4u8uXC1ZmMpatF05PJ,r&b;contemporary r&b;alternative r&b;synth-pop;dance-pop,musicbrainz,artist,2025
the weeknd & anitta,the weeknd & anitta,the weeknd,the weeknd,The Weeknd,1Xyo4u8uXC1ZmMpatF05PJ,r&b;contemporary r&b;alternative r&b;synth-pop;dance-pop,musicbrainz,l2,2025
the weeknd & ariana grande,the weeknd & ariana grande,the weeknd,the weeknd,The Weeknd,1Xyo4u8uXC1ZmMpatF05PJ,r&b;contemporary r&b;alternative r&b;synth-pop;dance-pop,musicbrainz,l2,2023
the weeknd & future,the weeknd & future,the weeknd,the weeknd,The Weeknd,1Xyo4u8uXC1ZmMpatF05PJ,r&b;contemporary r&b;alternative r&b;synth-pop;dance-pop,musicbrainz,l2,2025
the weeknd & justice,the weeknd & justice,the weeknd,the weeknd,The Weeknd,1Xyo4u8uXC1ZmMpatF05PJ,r&b;contemporary r&b;alternative r&b;synth-pop;dance-pop,musicbrainz,l2,2025
the weeknd & kendrick lamar,the weeknd & kendrick lamar,the weeknd,the weeknd,The Weeknd,1Xyo4u8uXC1ZmMpatF05PJ,r&b;contemporary r&b;alternative r&b;synth-pop;dance-pop,musicbrainz,l2,2018
the weeknd & lana del rey,the weeknd & lana del rey,the weeknd,the weeknd,The Weeknd,1Xyo4u8uXC1ZmMpatF05PJ,r&b;contemporary r&b;alternative r&b;synth-pop;dance-pop,musicbrainz,l2,2025
the weeknd & playboi carti,the weeknd & playboi carti,the weeknd,the weeknd,The Weeknd,1Xyo4u8uXC1ZmMpatF05PJ,r&b;contemporary r&b;alternative r&b;synth-pop;dance-pop,musicbrainz,l2,2025
the weeknd featuring daft punk,the weeknd,the weeknd,the weeknd,The Weeknd,1Xyo4u8uXC1ZmMpatF05PJ,r&b;contemporary r&b;alternative r&b;synth-pop;dance-pop,musicbrainz,l1,2017
the weeknd featuring ed sheeran,the weeknd,the weeknd,the weeknd,The Weeknd,1Xyo4u8uXC1ZmMpatF05PJ,r&b;contemporary r&b;alternative r&b;synth-pop;dance-pop,musicbrainz,l1,2015
the weeknd featuring future,the weeknd,the weeknd,the weeknd,The Weeknd,1Xyo4u8uXC1ZmMpatF05PJ,r&b;contemporary r&b;alternative r&b;synth-pop;dance-pop,musicbrainz,l1,2023
the weeknd featuring gesaffelstein,the weeknd,the weeknd,the weeknd,The Weeknd,1Xyo4u8uXC1ZmMpatF05PJ,r&b;contemporary r&b;alternative r&b;synth-pop;dance-pop,musicbrainz,l1,2018
the weeknd featuring kendrick lamar,the weeknd,the weeknd,the weeknd,The Weeknd,1Xyo4u8uXC1ZmMpatF05PJ,r&b;contemporary r&b;alternative r&b;synth-pop;dance-pop,musicbrainz,l1,2017
the weeknd featuring labrinth,the weeknd,the weeknd,the weeknd,The Weeknd,1Xyo4u8uXC1ZmMpatF05PJ,r&b;contemporary r&b;alternative r&b;synth-pop;dance-pop,musicbrainz,l1,2015
the weeknd featuring lana del rey,the weeknd,the weeknd,the weeknd,The Weeknd,1Xyo4u8uXC1ZmMpatF05PJ,r&b;contemporary r&b;alternative r&b;synth-pop;dance-pop,musicbrainz,l1,2016
the weeknd featuring lil wayne,the weeknd,the weeknd,the weeknd,The Weeknd,1Xyo4u8uXC1ZmMpatF05PJ,r&b;contemporary r&b;alternative r&b;synth-pop;dance-pop,musicbrainz,l1,2022
"the weeknd featuring tyler, the creator",the weeknd,the weeknd,the weeknd,The Weeknd,1Xyo4u8uXC1ZmMpatF05PJ,r&b;contemporary r&b;alternative r&b;synth-pop;dance-pop,musicbrainz,l1,2022
"the weeknd, jennie & lily-rose depp","the weeknd, jennie & lily-rose depp",the weeknd,the weeknd,The Weeknd,1Xyo4u8uXC1ZmMpatF05PJ,r&b;contemporary r&b;alternative r&b;synth-pop;dance-pop,musicbrainz,l2,2024
"the weeknd, playboi carti & madonna","the weeknd, playboi carti & madonna",the weeknd,the weeknd,The Weeknd,1Xyo4u8uXC1ZmMpatF05PJ,r&b;contemporary r&b;alternative r&b;synth-pop;dance-pop,musicbrainz,l2,2023
"the weeknd, travis scott & florence + the machine","the weeknd, travis scott & florence + the machine",the weeknd,the weeknd,The Weeknd,1Xyo4u8uXC1ZmMpatF05PJ,r&b;contemporary r&b;alternative r&b;synth-pop;dance-pop,musicbrainz,l2,2025
the west coast rap all-stars,the west coast rap all-stars,the west coast rap all-stars,the west coast rap allstars,,,hip hop;supergroup,musicbrainz,,1990
the whatnauts & the whatnaut band,the whatnauts & the whatnaut band,the whatnauts,the whatnauts,The Whatnauts,2SFOkFzbmtkUJ5A6LcYPWB,classic soul,spotify,l2,1970
the whispers,the whispers,the whispers,the whispers,The Whispers,2XzHxDFTNywDd5ReMhgxkg,post-disco;quiet storm;funk;disco;classic soul,spotify,artist,1990
the white buffalo & the forest rangers,the white buffalo & the forest rangers,the white buffalo,the white buffalo,The White Buffalo,3ohcHMuUq1717s8AH17hfT,southern gothic,spotify,l2,2014
the white stripes,the white stripes,the white stripes,the white stripes,The White Stripes,4F84IBURUo98rz4r61KF70,garage rock;blues rock;rock;alternative rock,spotify,artist,2007
the white tie affair,the white tie affair,the white tie affair,the white tie affair,The White Tie Affair,4lmpEOYpB8yNe8buBDP5vF,,none,artist,2009
the who,the who,the who,the who,The Who,67ea9eGLXYMsO2eYQRui3w,classic rock;rock,spotify,artist,1983
the wild-cats,the wild-cats,the wild-cats,the wildcats,The Wildcats,3WXdocqbYGaBvYYA85Mwl5,rockabilly;indorock;aor;southern rock,spotify,l3,1959
the wildweeds,the wildweeds,the wildweeds,the wildweeds,The Wildweeds,5Ns1dtDu74romOJxfqjxgL,acid rock,spotify,artist,1967
the wilkinsons,the wilkinsons,the wilkinsons,the wilkinsons,The Wilkinsons,17VaTNp7RfgYr5JAJKTqAv,,none,artist,1999
the will-o-bees,the will-o-bees,the will-o-bees,the willobees,,,,none,,1968
the williams brothers,the williams brothers,the williams brothers,the williams brothers,The Williams Brothers,6deBxd8qgegXF4iFZOuW2R,gospel,spotify,artist,1992
the wing and a prayer fife & drum corps.,the wing and a prayer fife & drum corps.,the wing,the wing,The Wing,1Pm4HAYi4u7SAZFvMsI34p,,none,l2,1976
the winstons,the winstons,the winstons,the winstons,The Winstons,1VePrTOSgCLcaBecBs7i2q,northern soul,spotify,artist,1969
the wiseguys,the wiseguys,the wiseguys,the wiseguys,The Wiseguys,7oBJEgh7PQKJuxXb1lUEKA,big beat;trip hop,spotify,artist,2001
the wombles,the wombles,the wombles,the wombles,The Wombles,5kskdJ54Y6ZGfxfbz6iHxw,,none,artist,1974
the womenfolk,the womenfolk,the womenfolk,the womenfolk,,,folk,musicbrainz,,1964
the wonder band,the wonder band,the wonder band,the wonder band,,,,none,,1979
the wonder who?,the wonder who?,the wonder who?,the wonder who,The Wonder Who,16ExMdhyqsV5JLFj7al2Qg,baroque pop,spotify,l3,1967
the wonders,the wonders,the wonders,the wonders,The Wonders,7lKQtm4sJL5NLREKDXziH3,,none,artist,1997
the woolies,the woolies,the woolies,the woolies,The Woolies,0LunUqJo6K99sNFMHbML69,garage rock;proto-punk,spotify,artist,1967
the wreckers,the wreckers,the wreckers,the wreckers,The Wreckers,2jI32eTOcSx2bn1MGgRyei,country pop;contemporary country,musicbrainz,artist,2007
the yardbirds,the yardbirds,the yardbirds,the yardbirds,The Yardbirds,2lxX1ivRYp26soIavdG9bX,psychedelic rock;acid rock;blues rock,spotify,artist,1967
the yellow balloon,the yellow balloon,the yellow balloon,the yellow balloon,The Yellow Balloon,2EogrfOq2qlvRnJDaQ5BF0,baroque pop;bubblegum pop,spotify,artist,1967
the young holt trio,the young holt trio,the young holt trio,the young holt trio,,,,none,,1967
the young rascals,the young rascals,the young rascals,the young rascals,The Young Rascals,5X3TuTi9OIsJXMGxPwTKM2,,none,artist,1968
the youngbloods,the youngbloods,the youngbloods,the youngbloods,The Youngbloods,5I6MzhNEMk27cZsCqGAIYo,folk rock;psychedelic pop;folk pop;country rock;blues rock,musicbrainz,artist,1970
the zombies,the zombies,the zombies,the zombies,The Zombies,2jgPkn6LuUazBoBk6vvjh5,baroque pop;psychedelic rock,spotify,artist,1969
the-dream,the-dream,the-dream,thedream,The-Dream,1W3FSF1BLpY3hlVIgvenLz,r&b,spotify,artist,2010
the-dream featuring kanye west,the-dream,the-dream,thedream,The-Dream,1W3FSF1BLpY3hlVIgvenLz,r&b,spotify,l1,2009
the-dream featuring mariah carey,the-dream,the-dream,thedream,The-Dream,1W3FSF1BLpY3hlVIgvenLz,r&b,spotify,l1,2009
thee midniters,thee midniters,thee midniters,thee midniters,Thee Midniters,2Z66arG61B0TdhwE9kWy23,garage rock;proto-punk,musicbrainz,artist,1965
thee prophets,thee prophets,thee prophets,thee prophets,Thee Prophets,6lg29abk7G4SJ4ICS9EqN1,baroque pop,spotify,artist,1969
thelma carpenter,thelma carpenter,thelma carpenter,thelma carpenter,Thelma Carpenter,5NBLIcKY8kA94L3s5wkPAk,vocal jazz;jazz,musicbrainz,artist,1961
thelma houston,thelma houston,thelma houston,thelma houston,Thelma Houston,3sgUnR8TF35euWEV07RPyO,motown;disco,spotify,artist,1979
them,them,them,them,Them,5BaHqGtf6UAZnHfqdPaTDA,proto-punk,spotify,artist,1966
theola kilgore,theola kilgore,theola kilgore,theola kilgore,Theola Kilgore,4jm8xhmqyCBVgQxDhfgxmt,northern soul;motown,spotify,artist,1963
theory of a deadman,theory of a deadman,theory of a deadman,theory of a deadman,Theory of a Deadman,74eX4C98E4FCrAMl39qRsJ,post-grunge;alternative metal,spotify,artist,2010
thin lizzy,thin lizzy,thin lizzy,thin lizzy,Thin Lizzy,6biWAmrHyiMkX49LkycGqQ,classic rock;hard rock,spotify,artist,1976
think,think,think,think,,,,none,,1974
third eye blind,third eye blind,third eye blind,third eye blind,Third Eye Blind,6TcnmlCSxihzWOQJ8k0rNS,alternative rock;power pop;pop rock;post-grunge;favoritos,musicbrainz,artist,2000
third world,third world,third world,third world,Third World,6qfKnsgz1CwyqA7lTdieRJ,reggae;roots reggae,spotify,artist,1979
thirty eight special,thirty eight special,thirty eight special,thirty eight special,,,,none,,1989
thirty seconds to mars,thirty seconds to mars,thirty seconds to mars,thirty seconds to mars,Thirty Seconds To Mars,0RqtSIYZmd4fiBKVFqyIqD,alternative rock;rock;electronic;electropop;pop rock,musicbrainz,artist,2011
thomas & richard frost,thomas & richard frost,thomas,thomas,,,,none,,1969
thomas dolby,thomas dolby,thomas dolby,thomas dolby,Thomas Dolby,2Uz58cSxlJgefDaSikxYQ7,new wave;synthpop,spotify,artist,1984
thomas rhett,thomas rhett,thomas rhett,thomas rhett,Thomas Rhett,6x2LnllRG5uGarZMsD4iO8,country;acoustic country;pop country,spotify,artist,2025
thomas rhett featuring jon pardi,thomas rhett,thomas rhett,thomas rhett,Thomas Rhett,6x2LnllRG5uGarZMsD4iO8,country;acoustic country;pop country,spotify,l1,2020
thomas rhett featuring maren morris,thomas rhett,thomas rhett,thomas rhett,Thomas Rhett,6x2LnllRG5uGarZMsD4iO8,country;acoustic country;pop country,spotify,l1,2017
thomas rhett featuring morgan wallen,thomas rhett,thomas rhett,thomas rhett,Thomas Rhett,6x2LnllRG5uGarZMsD4iO8,country;acoustic country;pop country,spotify,l1,2024
"thomas rhett featuring reba mcentire, hillary scott, chris tomlin & keith urban",thomas rhett,thomas rhett,thomas rhett,Thomas Rhett,6x2LnllRG5uGarZMsD4iO8,country;acoustic country;pop country,spotify,l1,2020
thomas rhett featuring riley green,thomas rhett,thomas rhett,thomas rhett,Thomas Rhett,6x2LnllRG5uGarZMsD4iO8,country;acoustic country;pop country,spotify,l1,2023
thomas rhett featuring teddy swims,thomas rhett,thomas rhett,thomas rhett,Thomas Rhett,6x2LnllRG5uGarZMsD4iO8,country;acoustic country;pop country,spotify,l1,2025
thomas wayne with the delons,thomas wayne with the delons,thomas wayne,thomas wayne,Thomas Wayne,2E7cgFp7B4DfSvBAoVLLv5,rockabilly;death by automobile,musicbrainz,l2,1959
thompson square,thompson square,thompson square,thompson square,Thompson Square,0Bvs8yPjrQSbmVIRqSg1Sp,country,spotify,artist,2014
thompson twins,thompson twins,thompson twins,thompson twins,Thompson Twins,5jVeqi3PNaTOajfvBa4uFn,new wave;synthpop,spotify,artist,1989
three 6 mafia,three 6 mafia,three 6 mafia,three 6 mafia,Three 6 Mafia,26s8LSolLfCIY88ysQbIuT,southern hip hop;horrorcore;crunk;gangster rap,spotify,artist,2006
three 6 mafia featuring chamillionaire,three 6 mafia,three 6 mafia,three 6 mafia,Three 6 Mafia,26s8LSolLfCIY88ysQbIuT,southern hip hop;horrorcore;crunk;gangster rap,spotify,l1,2007
three 6 mafia featuring kalenna,three 6 mafia,three 6 mafia,three 6 mafia,Three 6 Mafia,26s8LSolLfCIY88ysQbIuT,southern hip hop;horrorcore;crunk;gangster rap,spotify,l1,2009
"three 6 mafia featuring project pat, young d & superpower",three 6 mafia,three 6 mafia,three 6 mafia,Three 6 Mafia,26s8LSolLfCIY88ysQbIuT,southern hip hop;horrorcore;crunk;gangster rap,spotify,l1,2008
three 6 mafia featuring young buck & eightball & mjg,three 6 mafia,three 6 mafia,three 6 mafia,Three 6 Mafia,26s8LSolLfCIY88ysQbIuT,southern hip hop;horrorcore;crunk;gangster rap,spotify,l1,2006
three 6 mafia vs. tiesto with sean kingston & flo rida,three 6 mafia vs. tiesto with sean kingston & flo rida,three 6 mafia vs. tiesto,three 6 mafia vs tiesto,,,,none,,2010
three days grace,three days grace,three days grace,three days grace,Three Days Grace,2xiIXseIJcq3nG7C8fHeBj,post-grunge;rock,spotify,artist,2010
three dog night,three dog night,three dog night,three dog night,Three Dog Night,4FAEZeJcsYYBkNq2D3KGTV,rock;soft rock;pop rock;classic pop and rock;never been to spain,musicbrainz,artist,1975
"three the... g. dep, p. diddy & black rob","three the... g. dep, p. diddy & black rob",three the... g. dep,three the g dep,,,,none,,2001
thriving ivory,thriving ivory,thriving ivory,thriving ivory,Thriving Ivory,0gHWXdaWQObi1A6C1rzgRM,hard rock,musicbrainz,artist,2009
thunder,thunder,thunder,thunder,Thunder,0LnP8n2mREw2UvRL00TJqt,tropical house,spotify,artist,1991
thunderclap newman,thunderclap newman,thunderclap newman,thunderclap newman,Thunderclap Newman,1USHlPahTZrCeJXS2v5pkF,acid rock,spotify,artist,1969
thurl ravenscroft,thurl ravenscroft,thurl ravenscroft,thurl ravenscroft,Thurl Ravenscroft,5Gejwv3xz2DpLcxVpMD6hL,christmas,spotify,artist,2025
thxsomch,thxsomch,thxsomch,thxsomch,ThxSoMch,4MvZhE1iuzttcoyepkpfdF,post-punk revival,musicbrainz,artist,2023
tia,tia,tia,tia,Tia,30rNCtpbgMaznRM9h8jlLv,anime,spotify,artist,1987
tiana,tiana,tiana,tiana,Tiana,0PMLvzy0RefowM1e2YWhWe,funk melody;freestyle;miami bass;chicago house;latin hip hop,spotify,artist,1990
tico and the triumphs,tico and the triumphs,tico,tico,TICO,34O1V9jIhxFHb95xMY9P2f,trap soul;dark r&b;soca,spotify,l2,1962
tierra,tierra,tierra,tierra,Tierra,2tfiUsmHWz3xi3BSBpyz6A,heavy metal;war;spanish;power metal;history,musicbrainz,artist,1981
tiesto,tiesto,tiesto,tiesto,Tiesto,3qmK1Rj8hjSawgfHFrh8MU,trance;electronic;dance;house;electro house,musicbrainz,artist,2021
tiesto & ava max,tiesto & ava max,tiesto,tiesto,Tiesto,3qmK1Rj8hjSawgfHFrh8MU,trance;electronic;dance;house;electro house,musicbrainz,l2,2022
tiesto & dzeko featuring preme & post malone,tiesto & dzeko,tiesto,tiesto,Tiesto,3qmK1Rj8hjSawgfHFrh8MU,trance;electronic;dance;house;electro house,musicbrainz,l2,2018
tiesto featuring matthew koma,tiesto,tiesto,tiesto,Tiesto,3qmK1Rj8hjSawgfHFrh8MU,trance;electronic;dance;house;electro house,musicbrainz,l1,2014
tiesto featuring tate mcrae,tiesto,tiesto,tiesto,Tiesto,3qmK1Rj8hjSawgfHFrh8MU,trance;electronic;dance;house;electro house,musicbrainz,l1,2023
tiffany,tiffany,tiffany,tiffany,Tiffany,4C3uGP8vRDzxrhJxZiOjTe,pop;teen pop;rock;electronic;dance,musicbrainz,artist,1989
tiggi clay,tiggi clay,tiggi clay,tiggi clay,,,,none,,1984
tight fit,tight fit,tight fit,tight fit,Tight Fit,4NqFy80ppcFMzupnFxspPr,uk;british;pop,musicbrainz,artist,1981
tim curry,tim curry,tim curry,tim curry,Tim Curry,5upLeyz8OjRZcbFuXOF59B,musicals,spotify,artist,1979
tim davis,tim davis,tim davis,tim davis,Tim Davis,5z9moy8PpvCMs4EXHQ1DX5,,none,artist,1972
tim hardin,tim hardin,tim hardin,tim hardin,Tim Hardin,39GVRVaqlKh7JL8Yl5ZKcb,folk rock;singer-songwriter;folk,spotify,artist,1969
tim mcgraw,tim mcgraw,tim mcgraw,tim mcgraw,Tim McGraw,6roFdX1y5BYSbp60OTJWMd,country;classic country,spotify,artist,2023
tim mcgraw & faith hill,tim mcgraw & faith hill,tim mcgraw,tim mcgraw,Tim McGraw,6roFdX1y5BYSbp60OTJWMd,country;classic country,spotify,l2,2017
tim mcgraw & tyler hubbard,tim mcgraw & tyler hubbard,tim mcgraw,tim mcgraw,Tim McGraw,6roFdX1y5BYSbp60OTJWMd,country;classic country,spotify,l2,2021
tim mcgraw featuring faith hill,tim mcgraw,tim mcgraw,tim mcgraw,Tim McGraw,6roFdX1y5BYSbp60OTJWMd,country;classic country,spotify,l1,2014
tim mcgraw with catherine dunn,tim mcgraw with catherine dunn,tim mcgraw,tim mcgraw,Tim McGraw,6roFdX1y5BYSbp60OTJWMd,country;classic country,spotify,l2,2015
tim mcgraw with faith hill,tim mcgraw with faith hill,tim mcgraw,tim mcgraw,Tim McGraw,6roFdX1y5BYSbp60OTJWMd,country;classic country,spotify,l2,2007
tim mcgraw with taylor swift,tim mcgraw with taylor swift,tim mcgraw,tim mcgraw,Tim McGraw,6roFdX1y5BYSbp60OTJWMd,country;classic country,spotify,l2,2013
tim moore,tim moore,tim moore,tim moore,Tim Moore,2YFajFn7f4Zq9rn3rlyN2A,,none,artist,1977
tim rushlow,tim rushlow,tim rushlow,tim rushlow,Tim Rushlow,3AylAt8rcsBJXs42o2zt4b,,none,artist,2001
tim tam and the turn-ons,tim tam and the turn-ons,tim tam,tim tam,,,,none,,1966
timbaland & magoo,timbaland & magoo,timbaland,timbaland,Timbaland,5Y5TRrQiqgUO4S36tzjIRZ,contemporary r&b;electropop;dance-pop;pop;hip hop,musicbrainz,l2,1998
timbaland & magoo featuring missy elliott,timbaland & magoo,timbaland,timbaland,Timbaland,5Y5TRrQiqgUO4S36tzjIRZ,contemporary r&b;electropop;dance-pop;pop;hip hop,musicbrainz,l2,2003
timbaland featuring drake,timbaland,timbaland,timbaland,Timbaland,5Y5TRrQiqgUO4S36tzjIRZ,contemporary r&b;electropop;dance-pop;pop;hip hop,musicbrainz,l1,2010
timbaland featuring justin timberlake,timbaland,timbaland,timbaland,Timbaland,5Y5TRrQiqgUO4S36tzjIRZ,contemporary r&b;electropop;dance-pop;pop;hip hop,musicbrainz,l1,2010
timbaland featuring katy perry,timbaland,timbaland,timbaland,Timbaland,5Y5TRrQiqgUO4S36tzjIRZ,contemporary r&b;electropop;dance-pop;pop;hip hop,musicbrainz,l1,2010
timbaland featuring keri hilson,timbaland,timbaland,timbaland,Timbaland,5Y5TRrQiqgUO4S36tzjIRZ,contemporary r&b;electropop;dance-pop;pop;hip hop,musicbrainz,l1,2008
"timbaland featuring missy ""misdemeanor"" elliott & magoo",timbaland,timbaland,timbaland,Timbaland,5Y5TRrQiqgUO4S36tzjIRZ,contemporary r&b;electropop;dance-pop;pop;hip hop,musicbrainz,l1,1998
timbaland featuring nelly furtado & justin timberlake,timbaland,timbaland,timbaland,Timbaland,5Y5TRrQiqgUO4S36tzjIRZ,contemporary r&b;electropop;dance-pop;pop;hip hop,musicbrainz,l1,2007
timbaland featuring nelly furtado & soshy,timbaland,timbaland,timbaland,Timbaland,5Y5TRrQiqgUO4S36tzjIRZ,contemporary r&b;electropop;dance-pop;pop;hip hop,musicbrainz,l1,2009
timbaland featuring onerepublic,timbaland,timbaland,timbaland,Timbaland,5Y5TRrQiqgUO4S36tzjIRZ,contemporary r&b;electropop;dance-pop;pop;hip hop,musicbrainz,l1,2008
timbaland featuring the fray & esthero,timbaland,timbaland,timbaland,Timbaland,5Y5TRrQiqgUO4S36tzjIRZ,contemporary r&b;electropop;dance-pop;pop;hip hop,musicbrainz,l1,2009
"timbaland, nelly furtado & justin timberlake","timbaland, nelly furtado & justin timberlake",timbaland,timbaland,Timbaland,5Y5TRrQiqgUO4S36tzjIRZ,contemporary r&b;electropop;dance-pop;pop;hip hop,musicbrainz,l2,2023
timbuk 3,timbuk 3,timbuk 3,timbuk 3,Timbuk 3,1NdZSjGpm3jktmGbvkLadW,pop;post-punk,musicbrainz,artist,1987
times two,times two,times two,times two,Times Two,5EvY9SOx23Pi5Mi4SedY1R,,none,artist,1988
timex social club,timex social club,timex social club,timex social club,Timex Social Club,196emfCHFEugL0Te6qjYSv,vietnamese bolero,spotify,artist,1986
timi yuro,timi yuro,timi yuro,timi yuro,Timi Yuro,4PCBkU2IywT4v0PrBrgwme,soul,musicbrainz,artist,1965
timmy shaw,timmy shaw,timmy shaw,timmy shaw,Timmy Shaw,2pUuNkYiBipcp3wYxIahwm,,none,artist,1964
timmy t.,timmy t.,timmy t.,timmy t,Timmy T,5gqcLXiJcBVEduXVle7JN1,freestyle;funk melody;latin hip hop,spotify,l3,1991
timmy thomas,timmy thomas,timmy thomas,timmy thomas,Timmy Thomas,7JLwBH0X2G8tgHceqvOu5B,classic soul,spotify,artist,1984
timothy b. schmit,timothy b. schmit,timothy b. schmit,timothy b schmit,Timothy B. Schmit,2VbrivHnDf4Z43xPTgqvym,yacht rock;aor,spotify,artist,1987
tin tin,tin tin,tin tin,tin tin,,,,none,,1971
tina arena,tina arena,tina arena,tina arena,Tina Arena,1ZTCpKWDwHhbjhkdHhvTm8,variété française,spotify,artist,1996
tina robin,tina robin,tina robin,tina robin,Tina Robin,1VOjDt32kxF7gIrLM0Qh9Y,rockabilly,spotify,artist,1961
tina turner,tina turner,tina turner,tina turner,Tina Turner,1zuJe6b1roixEKMOtyrEak,soul;pop;pop rock;rock;pop soul,musicbrainz,artist,1996
tinashe,tinashe,tinashe,tinashe,Tinashe,0NIIxcxNHmOoyBx03SfTCD,alternative r&b,spotify,artist,2024
tinashe featuring schoolboy q,tinashe,tinashe,tinashe,Tinashe,0NIIxcxNHmOoyBx03SfTCD,alternative r&b,spotify,l1,2014
tinie tempah featuring eric turner,tinie tempah,tinie tempah,tinie tempah,Tinie Tempah,0Tob4H0FLtEONHU1MjpUEp,grime,spotify,l1,2011
tinie tempah featuring wiz khalifa,tinie tempah,tinie tempah,tinie tempah,Tinie Tempah,0Tob4H0FLtEONHU1MjpUEp,grime,spotify,l1,2011
tiny tim,tiny tim,tiny tim,tiny tim,Tiny Tim,0Nc79lkTxXLSIIHDB8mqJC,pop;spoken word;novelty;traditional pop;christmas music,musicbrainz,artist,1969
titiyo,titiyo,titiyo,titiyo,Titiyo,2s5enJCtVBAAdWD94jOIbM,swedish pop,spotify,artist,1991
tito double p,tito double p,tito double p,tito double p,Tito Double P,5eumcnUkdmGvkvcsx1WFNG,corrido;corridos tumbados;corridos bélicos;electro corridos;dembow belico,spotify,artist,2025
tito double p & peso pluma,tito double p & peso pluma,tito double p,tito double p,Tito Double P,5eumcnUkdmGvkvcsx1WFNG,corrido;corridos tumbados;corridos bélicos;electro corridos;dembow belico,spotify,l2,2025
titus turner,titus turner,titus turner,titus turner,Titus Turner,0cilTln9dpUgfKhi52fqP2,rhythm & blues,musicbrainz,artist,1961
to be continued...,to be continued...,to be continued...,to be continued,To be Continued...,0shmHXDH8VE5b6ft8BQIKq,mathcore;metalcore;screamo,spotify,artist,1994
toad the wet sprocket,toad the wet sprocket,toad the wet sprocket,toad the wet sprocket,Toad The Wet Sprocket,4j7EVY3kuDwLPfD2jfC7LC,alternative rock,musicbrainz,artist,1995
tobin mathews & co.,tobin mathews & co.,tobin mathews,tobin mathews,,,,none,,1960
toby beau,toby beau,toby beau,toby beau,Toby Beau,37Gpwr7xXyEPC2YRDArWnu,aor,spotify,artist,1980
toby keith,toby keith,toby keith,toby keith,Toby Keith,2bA6fzP0lMAQ4kz6CF61w8,country;classic country,spotify,artist,2025
toby keith duet with willie nelson,toby keith duet with willie nelson,toby keith,toby keith,Toby Keith,2bA6fzP0lMAQ4kz6CF61w8,country;classic country,spotify,l2,2003
toby keith with sting,toby keith with sting,toby keith,toby keith,Toby Keith,2bA6fzP0lMAQ4kz6CF61w8,country;classic country,spotify,l2,1998
toby love featuring rakim & ken-y,toby love,toby love,toby love,Toby Love,72R3RMGmSmzG57R7OUaDaN,bachata,spotify,l1,2006
today's people,today's people,today's people,todays people,Todays People,0JSBFWEfbK74VqECbFKFRz,northern soul,spotify,l3,1973
todd rundgren,todd rundgren,todd rundgren,todd rundgren,Todd Rundgren,0Lpr5wXzWLtDWm1SjNbpPb,yacht rock;power pop;philly soul,spotify,artist,1983
together? (soundtrack) featuring jackie deshannon,together?,together?,together,Together,6mvpPvzbKE6VRgtUhaSAwT,acid house;madchester,spotify,l3,1980
tom clay,tom clay,tom clay,tom clay,Tom Clay,07PipPbqSffwUKRCQ5AcC6,motown,spotify,artist,1971
tom cochrane,tom cochrane,tom cochrane,tom cochrane,Tom Cochrane,5Jj4mqGYiplyowPLKkJLHt,rock;canadian;country,musicbrainz,artist,1992
tom glazer and the do-re-mi children's chorus,tom glazer and the do-re-mi children's chorus,tom glazer,tom glazer,Tom Glazer,0AGTLzj8ip3y82Lbd756Hr,children's music,spotify,l2,1963
tom johnston,tom johnston,tom johnston,tom johnston,Tom Johnston,6DNpZFodD27BQp5oRTG6g8,rock,musicbrainz,artist,1980
tom jones,tom jones,tom jones,tom jones,Tom Jones,1T0wRBO0CK0vK8ouUMqEl5,pop;pop soul;traditional pop;ballad;welsh,musicbrainz,artist,1977
tom kimmel,tom kimmel,tom kimmel,tom kimmel,Tom Kimmel,2btC8H3Ewks1mTYRFHiXxu,aor,spotify,artist,1987
tom macdonald,tom macdonald,tom macdonald,tom macdonald,Tom MacDonald,6DvlemMOlMH6VD9tB7BPRf,country hip hop,spotify,artist,2025
tom macdonald x ben shapiro,tom macdonald x ben shapiro,tom macdonald,tom macdonald,Tom MacDonald,6DvlemMOlMH6VD9tB7BPRf,country hip hop,spotify,l2,2024
tom northcott,tom northcott,tom northcott,tom northcott,Tom Northcott,6hB3m5Xp515ELY7MudOg7D,baroque pop,spotify,artist,1968
tom petty,tom petty,tom petty,tom petty,Tom Petty,2UZMlIwnkgAEDBsw1Rejkn,classic rock,spotify,artist,2006
tom petty & the heartbreakers with stevie nicks,tom petty & the heartbreakers with stevie nicks,tom petty,tom petty,Tom Petty,2UZMlIwnkgAEDBsw1Rejkn,classic rock,spotify,l2,1986
tom petty and the heartbreakers,tom petty and the heartbreakers,tom petty,tom petty,Tom Petty,2UZMlIwnkgAEDBsw1Rejkn,classic rock,spotify,l2,1996
tom powers,tom powers,tom powers,tom powers,Tom Powers,09c8duPuRCdFKMQIaxlTzL,,none,artist,1977
tom scott,tom scott,tom scott,tom scott,Tom Scott,5cGt0j4SG5OivUN4NY8ncC,contemporary jazz;jazz fusion;smooth jazz;jazz;2008 universal fire victim,musicbrainz,artist,1976
tom t. hall,tom t. hall,tom t. hall,tom t hall,Tom T. Hall,1SvG3y1gYAFOsv9785Xu9T,classic country;outlaw country;traditional country;honky tonk,spotify,artist,1975
tom tom club,tom tom club,tom tom club,tom tom club,Tom Tom Club,1m24736Bdew1oQVxTePOCo,classic pop and rock,musicbrainz,artist,1982
tom and jerrio,tom and jerrio,tom,tom,,,,none,,1965
tommy boyce,tommy boyce,tommy boyce,tommy boyce,Tommy Boyce,7g2jDwzuJkh9EIVqHahjcn,death by suicide,musicbrainz,artist,1962
tommy boyce & bobby hart,tommy boyce & bobby hart,tommy boyce,tommy boyce,Tommy Boyce,7g2jDwzuJkh9EIVqHahjcn,death by suicide,musicbrainz,l2,1968
tommy cash,tommy cash,tommy cash,tommy cash,Tommy Cash,44XzG6GoJZNtkIGW19hsUK,country,musicbrainz,artist,1970
tommy conwell and the young rumblers,tommy conwell and the young rumblers,tommy conwell,tommy conwell,Tommy Conwell,2730sbawpUOrSAvLGXmGpS,philly soul,spotify,l2,1989
tommy dee with carol kay and the teen-aires,tommy dee with carol kay and the teen-aires,tommy dee,tommy dee,Tommy Dee,7KHzRAuZv8zHsQV0NSZKzi,,none,l2,1959
tommy edwards,tommy edwards,tommy edwards,tommy edwards,Tommy Edwards,1ObAu0tz0NlOI6FNHTXchD,doo-wop;adult standards,spotify,artist,1960
tommy facenda,tommy facenda,tommy facenda,tommy facenda,Tommy Facenda,7nxTj4jqZWJzS42NDA9hJu,,none,artist,1960
tommy hunt,tommy hunt,tommy hunt,tommy hunt,TOMMY HUNT,4XaPWi27E1it5S6IAuwpr1,soul,musicbrainz,artist,1963
tommy james,tommy james,tommy james,tommy james,Tommy James,6gNbW2Raibw7iCIonPWfjO,psychedelic rock;psychedelic pop;pop rock;garage rock,musicbrainz,artist,1981
tommy james and the shondells,tommy james and the shondells,tommy james,tommy james,Tommy James,6gNbW2Raibw7iCIonPWfjO,psychedelic rock;psychedelic pop;pop rock;garage rock,musicbrainz,l2,1970
tommy lee,tommy lee,tommy lee,tommy lee,Tommy Lee,4b9L0p4cMof32XvjwT9YrX,nu metal;rock;heavy metal;hard rock,musicbrainz,artist,2005
tommy leonetti,tommy leonetti,tommy leonetti,tommy leonetti,Tommy Leonetti,2H4um84OGttZn086WCpCiz,,none,artist,1969
tommy mara,tommy mara,tommy mara,tommy mara,Tommy Mara,3jzfuZ4XrDuFbHbPFHSPul,,none,artist,1958
tommy mclain,tommy mclain,tommy mclain,tommy mclain,Tommy McLain,2qmpfeyFFJJeOzSF6ZJ0oo,cajun;zydeco,spotify,artist,1966
tommy page,tommy page,tommy page,tommy page,Tommy Page,4TPWj56uIO4N5puju96P0J,pop,musicbrainz,artist,1990
tommy richman,tommy richman,tommy richman,tommy richman,Tommy Richman,1WaFQSHVGZQJTbf0BdxdNo,house,musicbrainz,artist,2025
tommy roe,tommy roe,tommy roe,tommy roe,Tommy Roe,7t4XHvWfj0XtEB8SNFeALw,bubblegum pop,spotify,artist,1973
tommy sands,tommy sands,tommy sands,tommy sands,Tommy Sands,651IBnnG9nIIXO4N40bR6c,rockabilly;doo-wop,spotify,artist,1960
tommy sands and the raiders,tommy sands and the raiders,tommy sands,tommy sands,Tommy Sands,651IBnnG9nIIXO4N40bR6c,rockabilly;doo-wop,spotify,l2,1959
tommy shane steiner,tommy shane steiner,tommy shane steiner,tommy shane steiner,Tommy Shane Steiner,5taaHcEgGsJTuj62xFYy6F,christian country,spotify,artist,2002
tommy shaw,tommy shaw,tommy shaw,tommy shaw,Tommy Shaw,1OHNfpAZnbl4V0G307HeZQ,,none,artist,1988
tommy tucker,tommy tucker,tommy tucker,tommy tucker,Tommy Tucker,3XqN7XLmG0BGYXBvBYf7mb,2008 universal fire victim,musicbrainz,artist,1964
tommy tutone,tommy tutone,tommy tutone,tommy tutone,Tommy Tutone,1n2LWYgwtGp7EzDapUoniE,rock,musicbrainz,artist,1982
tompall & the glaser brothers,tompall & the glaser brothers,tompall,tompall,Tompall & The Glaser Brothers,5bv06lZROKdyVlOlCnr2py,outlaw country;classic country;traditional country,spotify,artist,1969
tone-loc,tone-loc,tone-loc,toneloc,Tone-Loc,5Y8EphH8Vdqu5SLj6K5vjj,hip hop;pop rap;west coast hip hop;classic pop and rock,musicbrainz,artist,1992
tones and i,tones and i,tones,tones,Tones And I,2NjfBq1NflQcKSeiDooVjY,dance-pop;electropop;pop soul;indie pop;english,musicbrainz,artist,2020
toni arden,toni arden,toni arden,toni arden,Toni Arden,3f47kMra4vxv9McXckx3up,2008 universal fire victim,musicbrainz,artist,1958
toni basil,toni basil,toni basil,toni basil,Toni Basil,59hMeIYY3k3NoX54rrVGPv,pop;rock;dance;80s;rock and indie,musicbrainz,artist,1984
toni braxton,toni braxton,toni braxton,toni braxton,Toni Braxton,3X458ddYA2YcVWuVIGGOYe,r&b,spotify,artist,2000
toni braxton featuring loon,toni braxton,toni braxton,toni braxton,Toni Braxton,3X458ddYA2YcVWuVIGGOYe,r&b,spotify,l1,2003
toni childs,toni childs,toni childs,toni childs,Toni Childs,7lQC1mHpO4lvLpN9XYZlIH,rock;childs;toni;frog,musicbrainz,artist,1988
toni fisher,toni fisher,toni fisher,toni fisher,Toni Fisher,5pEtyfC9ZeFGakgX4hjhaG,adult standards,spotify,artist,1962
tony and joe,tony and joe,tony,tony,Tony And Joe,4cfoeh6rsn6OA7N0TtlTVb,,none,artist,1958
tony bellus,tony bellus,tony bellus,tony bellus,Tony Bellus,0mzo8CV1TMFNcqGl0JCOcE,adult standards;doo-wop,spotify,artist,1959
tony bennett,tony bennett,tony bennett,tony bennett,Tony Bennett,2lolQgalUvZDfp5vvVtTYV,vocal jazz;christmas;big band;adult standards;jazz,spotify,artist,1967
tony bennett & amy winehouse,tony bennett & amy winehouse,tony bennett,tony bennett,Tony Bennett,2lolQgalUvZDfp5vvVtTYV,vocal jazz;christmas;big band;adult standards;jazz,spotify,l2,2011
tony burrows,tony burrows,tony burrows,tony burrows,Tony Burrows,2S3b6uIOzRfKJFdYsjogLJ,,none,artist,1970
tony camillo's bazuka,tony camillo's bazuka,tony camillo's bazuka,tony camillos bazuka,,,,none,,1975
tony carey,tony carey,tony carey,tony carey,Tony Carey,4PNOImTMDj8yDKFR74aZGv,rock;progressive rock;instrumental;hard rock;space rock,musicbrainz,artist,1984
tony clarke,tony clarke,tony clarke,tony clarke,Tony Clarke,5WGJeKhqVQnItDnS67kbGC,northern soul,spotify,artist,1965
tony cole,tony cole,tony cole,tony cole,Tony Cole,5YzXaZJbBw380RGS2ALxcE,garage rock;singer-songwriter,musicbrainz,artist,1972
tony dallara,tony dallara,tony dallara,tony dallara,Tony Dallara,4orjVsYoukreqxDhhL8q3d,,none,artist,1959
tony joe white,tony joe white,tony joe white,tony joe white,Tony Joe White,6QvgWa4x3Ij4tvBpFMo11P,blues;blues rock,spotify,artist,1980
tony lucca,tony lucca,tony lucca,tony lucca,Tony Lucca,57pCBFOQPsfYKCnlsn75f7,afro house,spotify,artist,2012
tony orlando,tony orlando,tony orlando,tony orlando,Tony Orlando,6PNZ6ZfwWLiUA2BrranFl3,pop,musicbrainz,artist,1979
tony orlando & dawn,tony orlando & dawn,tony orlando,tony orlando,Tony Orlando,6PNZ6ZfwWLiUA2BrranFl3,pop,musicbrainz,l2,1977
tony terry,tony terry,tony terry,tony terry,Tony Terry,1IEiax2qJ9BZiCKs0DXzc1,quiet storm;new jack swing,spotify,artist,1992
tony thompson,tony thompson,tony thompson,tony thompson,Tony Thompson,7eITpSreXxCEfJGPr7JdOJ,contemporary r&b,musicbrainz,artist,1995
tony yayo featuring 50 cent,tony yayo,tony yayo,tony yayo,Tony Yayo,50UMTib697JJ44le8DO2Va,hip hop;east coast hip hop,spotify,l1,2005
tony! toni! tone!,tony! toni! tone!,tony! toni! tone!,tony toni tone,,,funk;quiet storm;new jack swing;pop soul;contemporary r&b,musicbrainz,,1997
too $hort,too $hort,too $hort,too short,Too $hort,4sb7rZNN93BSS6Gqgepo4v,hyphy;west coast hip hop;g-funk;old school hip hop;gangster rap,spotify,artist,1998
too short & lil' kim,too short & lil' kim,too short,too short,Too Short,4zv9jEHIAmNICF8jKmqfRU,,none,l2,1997
too short featuring lil jon & the east side boyz,too short,too short,too short,Too Short,4zv9jEHIAmNICF8jKmqfRU,,none,l1,2004
too short featuring parliament funkadelic,too short,too short,too short,Too Short,4zv9jEHIAmNICF8jKmqfRU,,none,l1,1996
tool,tool,tool,tool,TOOL,2yEwvVSSSUkcLeSTNyHKh8,progressive metal;alternative metal;progressive rock;metal,spotify,artist,2019
toosii,toosii,toosii,toosii,Toosii,6BH1xcDkwbbyrLMUKECsW1,hip hop;trap;pop rap,musicbrainz,artist,2023
topic & a7s,topic & a7s,topic,topic,Topic,1mKz1znhUcO9yz6Xs0Yqj6,dance;edm,musicbrainz,l2,2020
tora tora,tora tora,tora tora,tora tora,Tora Tora,7MxRSOIsrKKrMc7pAzKlqs,glam metal;glam rock,spotify,artist,1989
tori amos,tori amos,tori amos,tori amos,Tori Amos,1KsASRNugxU85T0u6zSg32,singer-songwriter;art pop,spotify,artist,1999
tori kelly,tori kelly,tori kelly,tori kelly,Tori Kelly,1vSN1fsvrzpbttOYGsliDr,soul;pop;contemporary r&b,musicbrainz,artist,2016
toronto,toronto,toronto,toronto,Toronto,2HGQd1vKFmNzTZ8CZ8tU83,aor;arena rock,spotify,artist,1982
"torrey carter featuring missy ""misdemeanor"" elliott",torrey carter,torrey carter,torrey carter,Torrey Carter,7JZlwHigpDkuz8XbuuK72j,soul,musicbrainz,l1,2000
tory lanez,tory lanez,tory lanez,tory lanez,Tory Lanez,2jku7tDXc6XoB6MO2hFuqg,hip hop;r&b;dancehall;alternative hip hop;contemporary r&b,musicbrainz,artist,2023
tory lanez & rich the kid,tory lanez & rich the kid,tory lanez,tory lanez,Tory Lanez,2jku7tDXc6XoB6MO2hFuqg,hip hop;r&b;dancehall;alternative hip hop;contemporary r&b,musicbrainz,l2,2019
tory lanez & t-pain,tory lanez & t-pain,tory lanez,tory lanez,Tory Lanez,2jku7tDXc6XoB6MO2hFuqg,hip hop;r&b;dancehall;alternative hip hop;contemporary r&b,musicbrainz,l2,2020
tory lanez featuring chris brown,tory lanez,tory lanez,tory lanez,Tory Lanez,2jku7tDXc6XoB6MO2hFuqg,hip hop;r&b;dancehall;alternative hip hop;contemporary r&b,musicbrainz,l1,2019
tory lanez featuring snoop dogg,tory lanez,tory lanez,tory lanez,Tory Lanez,2jku7tDXc6XoB6MO2hFuqg,hip hop;r&b;dancehall;alternative hip hop;contemporary r&b,musicbrainz,l1,2019
total,total,total,total,Total,1urjDGTd4iBze91Z1W1gu7,r&b;new jack swing,spotify,artist,1999
total coelo,total coelo,total coelo,total coelo,,,,none,,1983
total featuring missy elliott,total,total,total,Total,1urjDGTd4iBze91Z1W1gu7,r&b;new jack swing,spotify,l1,1999
total featuring the notorious b.i.g.,total,total,total,Total,1urjDGTd4iBze91Z1W1gu7,r&b;new jack swing,spotify,l1,1995
toto,toto,toto,toto,TOTO,0PFtn5NtBbbUNbU9EAmIWF,yacht rock;soft rock,spotify,artist,1988
touch,touch,touch,touch,Touch,1THQzxTZTD4QrzlN5vFYdj,arabic hip hop,spotify,artist,1981
toussaint mccall,toussaint mccall,toussaint mccall,toussaint mccall,Toussaint McCall,421kKwxa5GC9nLddFuqtNL,northern soul,spotify,artist,1967
tove lo,tove lo,tove lo,tove lo,Tove Lo,4NHQUGzhtTLFvgF5SZesLK,electropop;dance-pop;pop;contemporary r&b;alternative pop,musicbrainz,artist,2016
tower of power,tower of power,tower of power,tower of power,Tower Of Power,0JCxGVxsISZzJHJPUOtceB,funk;jazz funk,spotify,artist,1976
toya,toya,toya,toya,Toya,02ehFoytLUjat0JMYpYsml,contemporary r&b;r&b;dance-pop;pop,musicbrainz,artist,2002
trace adkins,trace adkins,trace adkins,trace adkins,Trace Adkins,79FMDwzZQxHgSkIYBl3ODU,country;acoustic country,spotify,artist,2011
tracey dey,tracey dey,tracey dey,tracey dey,Tracey Dey,0BwzBcJsd575sLbNPgMzbJ,,none,artist,1964
tracey lee,tracey lee,tracey lee,tracey lee,Tracey Lee,1Kj6RMoWZS5b0NHFEo4PZh,hip hop,musicbrainz,artist,1997
tracey ullman,tracey ullman,tracey ullman,tracey ullman,Tracey Ullman,6f8l45N3qZB1xSCH1qFCFB,pop;rock and indie,musicbrainz,artist,1984
tracie spencer,tracie spencer,tracie spencer,tracie spencer,Tracie Spencer,2SwRWWKpFqktihz7o2rfYX,new jack swing;quiet storm,spotify,artist,2000
tracy byrd,tracy byrd,tracy byrd,tracy byrd,Tracy Byrd,0xxJO75NeIAF5jYruLYIDT,country;classic country,spotify,artist,2004
tracy chapman,tracy chapman,tracy chapman,tracy chapman,Tracy Chapman,7oPgCQqMMXEXrNau5vxYZP,folk rock;blues rock;contemporary folk;rock;pop,musicbrainz,artist,2024
tracy lawrence,tracy lawrence,tracy lawrence,tracy lawrence,Tracy Lawrence,2BQVRw9md4UKcGUrDXABCD,country;classic country;traditional country,spotify,artist,2007
trade martin,trade martin,trade martin,trade martin,Trade Martin,5m474HTTHz2fAq4sKr0Pzl,doo-wop;northern soul,spotify,artist,1962
traffic,traffic,traffic,traffic,Traffic,1CD77o9fbdyQFrHnUPUEsF,psychedelic rock;acid rock;classic rock;progressive rock,spotify,artist,1972
traffic featuring stevie winwood,traffic,traffic,traffic,Traffic,1CD77o9fbdyQFrHnUPUEsF,psychedelic rock;acid rock;classic rock;progressive rock,spotify,l1,1967
"traffic, etc.","traffic, etc.",traffic,traffic,Traffic,1CD77o9fbdyQFrHnUPUEsF,psychedelic rock;acid rock;classic rock;progressive rock,spotify,l2,1971
"tragedy, capone, infinite","tragedy, capone, infinite",tragedy,tragedy,Tragedy,6H0LnhDF6W7g2H234i6z3Q,hardcore punk;grindcore;hardcore;sludge metal,spotify,l2,1998
train,train,train,train,Train,3FUY2gzHeIiaesXtOAdB7A,soft pop,spotify,artist,2017
train featuring ashley monroe,train,train,train,Train,3FUY2gzHeIiaesXtOAdB7A,soft pop,spotify,l1,2013
trans-x,trans-x,trans-,trans,Trans-X,4JyfkCTV9FO5Yipee3f9EI,hi-nrg;italo disco;italo dance;disco,spotify,artist,1986
transvision vamp,transvision vamp,transvision vamp,transvision vamp,Transvision Vamp,7oIgcNOdEHNwP8NFl9tYWs,,none,artist,1988
"trapp featuring 2pac, notorious b.i.g.",trapp,trapp,trapp,trapp,3vDXgdwZwZHBDfavQmOhGa,hip hop,musicbrainz,l1,1997
trapt,trapt,trapt,trapt,Trapt,1UdQqCUR7RwB9YYJONwbdM,post-grunge,spotify,artist,2004
traveling wilburys,traveling wilburys,traveling wilburys,traveling wilburys,Traveling Wilburys,2hO4YtXUFJiUYS2uYFvHNK,classic rock;folk rock;country rock;rock;rock and roll,musicbrainz,artist,1989
travi$ scott featuring future & 2 chainz,travi$ scott,travi$ scott,travis scott,Travi$ Scott,73oyk0Ex7sLESQQD6SRNfW,,none,l1,2015
travie mccoy featuring bruno mars,travie mccoy,travie mccoy,travie mccoy,Travie McCoy,7o9Nl7K1Al6NNAHX6jn6iG,pop;pop rap;hip hop,musicbrainz,l1,2010
travie mccoy featuring jason mraz,travie mccoy,travie mccoy,travie mccoy,Travie McCoy,7o9Nl7K1Al6NNAHX6jn6iG,pop;pop rap;hip hop,musicbrainz,l1,2013
travis & bob,travis & bob,travis,travis,Travis & Bob,42s2jsRhlTFXFmzni2s0S0,,none,artist,1959
travis denning,travis denning,travis denning,travis denning,Travis Denning,6CegFHnUqJcOBipgphZ2CJ,country,spotify,artist,2020
travis porter,travis porter,travis porter,travis porter,Travis Porter,6z1cicLMt9XArxN10q7m8a,southern hip hop;hip hop,musicbrainz,artist,2011
travis porter featuring tyga,travis porter,travis porter,travis porter,Travis Porter,6z1cicLMt9XArxN10q7m8a,southern hip hop;hip hop,musicbrainz,l1,2012
travis scott,travis scott,travis scott,travis scott,Travis Scott,0Y5tJX1MQlPlqiwlOH1tJY,rap,spotify,artist,2025
travis scott & beyonce,travis scott & beyonce,travis scott,travis scott,Travis Scott,0Y5tJX1MQlPlqiwlOH1tJY,rap,spotify,l2,2023
travis scott & don toliver,travis scott & don toliver,travis scott,travis scott,Travis Scott,0Y5tJX1MQlPlqiwlOH1tJY,rap,spotify,l2,2025
travis scott & glorilla,travis scott & glorilla,travis scott,travis scott,Travis Scott,0Y5tJX1MQlPlqiwlOH1tJY,rap,spotify,l2,2025
travis scott & hvme,travis scott & hvme,travis scott,travis scott,Travis Scott,0Y5tJX1MQlPlqiwlOH1tJY,rap,spotify,l2,2021
travis scott featuring drake,travis scott,travis scott,travis scott,Travis Scott,0Y5tJX1MQlPlqiwlOH1tJY,rap,spotify,l1,2023
travis scott featuring james blake & 21 savage,travis scott,travis scott,travis scott,Travis Scott,0Y5tJX1MQlPlqiwlOH1tJY,rap,spotify,l1,2023
travis scott featuring kid cudi,travis scott,travis scott,travis scott,Travis Scott,0Y5tJX1MQlPlqiwlOH1tJY,rap,spotify,l1,2023
travis scott featuring lil uzi vert & kanye west,travis scott,travis scott,travis scott,Travis Scott,0Y5tJX1MQlPlqiwlOH1tJY,rap,spotify,l1,2018
travis scott featuring playboi carti,travis scott,travis scott,travis scott,Travis Scott,0Y5tJX1MQlPlqiwlOH1tJY,rap,spotify,l1,2024
travis scott featuring rob49 & 21 savage,travis scott,travis scott,travis scott,Travis Scott,0Y5tJX1MQlPlqiwlOH1tJY,rap,spotify,l1,2023
travis scott featuring sza & future,travis scott,travis scott,travis scott,Travis Scott,0Y5tJX1MQlPlqiwlOH1tJY,rap,spotify,l1,2023
travis scott featuring teezo touchdown,travis scott,travis scott,travis scott,Travis Scott,0Y5tJX1MQlPlqiwlOH1tJY,rap,spotify,l1,2023
travis scott featuring the weeknd & swae lee,travis scott,travis scott,travis scott,Travis Scott,0Y5tJX1MQlPlqiwlOH1tJY,rap,spotify,l1,2023
travis scott featuring westside gunn,travis scott,travis scott,travis scott,Travis Scott,0Y5tJX1MQlPlqiwlOH1tJY,rap,spotify,l1,2023
travis scott featuring young thug,travis scott,travis scott,travis scott,Travis Scott,0Y5tJX1MQlPlqiwlOH1tJY,rap,spotify,l1,2023
travis scott featuring young thug & m.i.a.,travis scott,travis scott,travis scott,Travis Scott,0Y5tJX1MQlPlqiwlOH1tJY,rap,spotify,l1,2020
travis scott featuring yung lean & dave chappelle,travis scott,travis scott,travis scott,Travis Scott,0Y5tJX1MQlPlqiwlOH1tJY,rap,spotify,l1,2023
"travis scott, bad bunny & the weeknd","travis scott, bad bunny & the weeknd",travis scott,travis scott,Travis Scott,0Y5tJX1MQlPlqiwlOH1tJY,rap,spotify,l2,2023
"travis scott, playboi carti & future","travis scott, playboi carti & future",travis scott,travis scott,Travis Scott,0Y5tJX1MQlPlqiwlOH1tJY,rap,spotify,l2,2025
"travis scott, sheck wes & don toliver","travis scott, sheck wes & don toliver",travis scott,travis scott,Travis Scott,0Y5tJX1MQlPlqiwlOH1tJY,rap,spotify,l2,2025
travis tritt,travis tritt,travis tritt,travis tritt,Travis Tritt,2M4Yt7oKGoYd0wqU44k4i2,classic country;country;outlaw country;traditional country,spotify,artist,2002
travis wammack,travis wammack,travis wammack,travis wammack,Travis Wammack,3WMInzBGPhpDHCDv2wsZVj,,none,artist,1975
tre,tre,tre,tre,,,,none,,1997
trent tomlinson,trent tomlinson,trent tomlinson,trent tomlinson,Trent Tomlinson,1Zn69emN3uZsF6YwCrkgYp,country;acoustic country,spotify,artist,2007
trevor daniel,trevor daniel,trevor daniel,trevor daniel,Trevor Daniel,7uaIm6Pw7xplS8Dy06V6pT,hip hop;english;englisch;usa;rap,musicbrainz,artist,2020
trevor daniel x selena gomez,trevor daniel x selena gomez,trevor daniel,trevor daniel,Trevor Daniel,7uaIm6Pw7xplS8Dy06V6pT,hip hop;english;englisch;usa;rap,musicbrainz,l2,2020
trey lewis,trey lewis,trey lewis,trey lewis,Trey Lewis,15tTVhFpH8EFXeDgO9xkRO,country,spotify,artist,2020
trey lorenz,trey lorenz,trey lorenz,trey lorenz,Trey Lorenz,23kP8xlQifcAV4nd84iHbW,american;quiet storm;new jack swing;pop soul;contemporary r&b,musicbrainz,artist,1993
trey songz,trey songz,trey songz,trey songz,Trey Songz,2iojnBLj0qIMiKPvVhLnsH,r&b,spotify,artist,2017
trey songz featuring drake,trey songz,trey songz,trey songz,Trey Songz,2iojnBLj0qIMiKPvVhLnsH,r&b,spotify,l1,2011
trey songz featuring fabolous,trey songz,trey songz,trey songz,Trey Songz,2iojnBLj0qIMiKPvVhLnsH,r&b,spotify,l1,2010
trey songz featuring gucci mane & soulja boy tell'em,trey songz,trey songz,trey songz,Trey Songz,2iojnBLj0qIMiKPvVhLnsH,r&b,spotify,l1,2009
trey songz featuring nicki minaj,trey songz,trey songz,trey songz,Trey Songz,2iojnBLj0qIMiKPvVhLnsH,r&b,spotify,l1,2015
trey songz featuring t.i.,trey songz,trey songz,trey songz,Trey Songz,2iojnBLj0qIMiKPvVhLnsH,r&b,spotify,l1,2012
trey songz featuring twista,trey songz,trey songz,trey songz,Trey Songz,2iojnBLj0qIMiKPvVhLnsH,r&b,spotify,l1,2005
tricia leigh fisher,tricia leigh fisher,tricia leigh fisher,tricia leigh fisher,Tricia Leigh Fisher,3lfjox4XL3DRX76UbnSxsQ,,none,artist,1990
trick daddy,trick daddy,trick daddy,trick daddy,Trick Daddy,12FHARd9fY0Tu0ila4Ua25,southern hip hop;crunk,spotify,artist,2001
trick daddy featuring cee-lo & big boi,trick daddy,trick daddy,trick daddy,Trick Daddy,12FHARd9fY0Tu0ila4Ua25,southern hip hop;crunk,spotify,l1,2002
"trick daddy featuring duece poppito, trina, co",trick daddy,trick daddy,trick daddy,Trick Daddy,12FHARd9fY0Tu0ila4Ua25,southern hip hop;crunk,spotify,l1,2000
trick daddy featuring latocha scott,trick daddy,trick daddy,trick daddy,Trick Daddy,12FHARd9fY0Tu0ila4Ua25,southern hip hop;crunk,spotify,l1,2003
trick daddy featuring lil jon & twista,trick daddy,trick daddy,trick daddy,Trick Daddy,12FHARd9fY0Tu0ila4Ua25,southern hip hop;crunk,spotify,l1,2005
"trick daddy featuring ludacris, lil' kim & cee-lo",trick daddy,trick daddy,trick daddy,Trick Daddy,12FHARd9fY0Tu0ila4Ua25,southern hip hop;crunk,spotify,l1,2005
trick daddy featuring the sns express,trick daddy,trick daddy,trick daddy,Trick Daddy,12FHARd9fY0Tu0ila4Ua25,southern hip hop;crunk,spotify,l1,2001
trick daddy featuring trina,trick daddy,trick daddy,trick daddy,Trick Daddy,12FHARd9fY0Tu0ila4Ua25,southern hip hop;crunk,spotify,l1,1999
trick pony,trick pony,trick pony,trick pony,Trick Pony,1Tdrtr2WwDDde01GJllidM,country,musicbrainz,artist,2001
trick-trick featuring eminem,trick-trick,trick-trick,tricktrick,,,,none,,2005
trillville,trillville,trillville,trillville,Trillville,3jahzTuztFVegfKXChatkY,crunk;southern hip hop,spotify,artist,2004
trillville featuring cutty,trillville,trillville,trillville,Trillville,3jahzTuztFVegfKXChatkY,crunk;southern hip hop,spotify,l1,2005
trilogy,trilogy,trilogy,trilogy,Trilogy,3c24oOZo7a3mchm4okumqw,drum and bass,musicbrainz,artist,1991
trina,trina,trina,trina,Trina,4PrinKSrmILmo0kERG0Ogn,hip hop,musicbrainz,artist,2000
trina & tamara,trina & tamara,trina,trina,Trina,4PrinKSrmILmo0kERG0Ogn,hip hop,musicbrainz,l2,1999
trina featuring kelly rowland,trina,trina,trina,Trina,4PrinKSrmILmo0kERG0Ogn,hip hop,musicbrainz,l1,2006
trina featuring ludacris,trina,trina,trina,Trina,4PrinKSrmILmo0kERG0Ogn,hip hop,musicbrainz,l1,2003
trini lopez,trini lopez,trini lopez,trini lopez,Trini Lopez,5FlTKgucbhHvlJVf0pnvOv,death by covid-19,musicbrainz,artist,1968
trinidad james,trinidad james,trinidad james,trinidad james,Trinidad James,0I5HubncQ8E1MFZOlPDY4J,hip hop;rap,musicbrainz,artist,2013
trippie redd,trippie redd,trippie redd,trippie redd,Trippie Redd,6Xgp2XMz1fhVYe7i6yNAax,melodic rap,spotify,artist,2020
trippie redd & don toliver,trippie redd & don toliver,trippie redd,trippie redd,Trippie Redd,6Xgp2XMz1fhVYe7i6yNAax,melodic rap,spotify,l2,2022
trippie redd & juice wrld,trippie redd & juice wrld,trippie redd,trippie redd,Trippie Redd,6Xgp2XMz1fhVYe7i6yNAax,melodic rap,spotify,l2,2023
trippie redd & playboi carti,trippie redd & playboi carti,trippie redd,trippie redd,Trippie Redd,6Xgp2XMz1fhVYe7i6yNAax,melodic rap,spotify,l2,2021
trippie redd & travis scott,trippie redd & travis scott,trippie redd,trippie redd,Trippie Redd,6Xgp2XMz1fhVYe7i6yNAax,melodic rap,spotify,l2,2023
trippie redd featuring dababy,trippie redd,trippie redd,trippie redd,Trippie Redd,6Xgp2XMz1fhVYe7i6yNAax,melodic rap,spotify,l1,2020
trippie redd featuring drake,trippie redd,trippie redd,trippie redd,Trippie Redd,6Xgp2XMz1fhVYe7i6yNAax,melodic rap,spotify,l1,2021
trippie redd featuring juice wrld,trippie redd,trippie redd,trippie redd,Trippie Redd,6Xgp2XMz1fhVYe7i6yNAax,melodic rap,spotify,l1,2021
trippie redd featuring juice wrld & ynw melly,trippie redd,trippie redd,trippie redd,Trippie Redd,6Xgp2XMz1fhVYe7i6yNAax,melodic rap,spotify,l1,2019
trippie redd featuring kodie shane,trippie redd,trippie redd,trippie redd,Trippie Redd,6Xgp2XMz1fhVYe7i6yNAax,melodic rap,spotify,l1,2018
trippie redd featuring lil baby & lil duke,trippie redd,trippie redd,trippie redd,Trippie Redd,6Xgp2XMz1fhVYe7i6yNAax,melodic rap,spotify,l1,2019
trippie redd featuring lil durk & polo g,trippie redd,trippie redd,trippie redd,Trippie Redd,6Xgp2XMz1fhVYe7i6yNAax,melodic rap,spotify,l1,2021
trippie redd featuring lil uzi vert,trippie redd,trippie redd,trippie redd,Trippie Redd,6Xgp2XMz1fhVYe7i6yNAax,melodic rap,spotify,l1,2021
trippie redd featuring ski mask the slump god,trippie redd,trippie redd,trippie redd,Trippie Redd,6Xgp2XMz1fhVYe7i6yNAax,melodic rap,spotify,l1,2021
trippie redd featuring sofaygo,trippie redd,trippie redd,trippie redd,Trippie Redd,6Xgp2XMz1fhVYe7i6yNAax,melodic rap,spotify,l1,2021
trippie redd featuring travis scott,trippie redd,trippie redd,trippie redd,Trippie Redd,6Xgp2XMz1fhVYe7i6yNAax,melodic rap,spotify,l1,2018
trippie redd featuring xxxtentacion,trippie redd,trippie redd,trippie redd,Trippie Redd,6Xgp2XMz1fhVYe7i6yNAax,melodic rap,spotify,l1,2021
trippie redd featuring youngboy never broke again,trippie redd,trippie redd,trippie redd,Trippie Redd,6Xgp2XMz1fhVYe7i6yNAax,melodic rap,spotify,l1,2019
"trippie redd, future & lil baby","trippie redd, future & lil baby",trippie redd,trippie redd,Trippie Redd,6Xgp2XMz1fhVYe7i6yNAax,melodic rap,spotify,l2,2023
"trippie redd, moneybagg yo & offset","trippie redd, moneybagg yo & offset",trippie redd,trippie redd,Trippie Redd,6Xgp2XMz1fhVYe7i6yNAax,melodic rap,spotify,l2,2022
trisha yearwood,trisha yearwood,trisha yearwood,trisha yearwood,Trisha Yearwood,3XlIhgydjvC4EniPFZT20j,country;classic country,spotify,artist,2005
triumph,triumph,triumph,triumph,Triumph,4YfnJEbTz8QLD5FusYFwV6,aor;glam metal;arena rock;classic rock,spotify,artist,1986
trixter,trixter,trixter,trixter,Trixter,6G0GN3T4r7KaSvUl4B5ybQ,hard rock,musicbrainz,artist,1991
troop,troop,troop,troop,Troop,5r7mGejWrGSxheAYEIfSwI,new jack swing;quiet storm,spotify,artist,1992
troop 41,troop 41,troop 41,troop 41,Troop 41,2epZPZ7pPLAho4JLe9UwFd,,none,artist,2011
trooper,trooper,trooper,trooper,Trooper,2bT4eELLlSuDTtZWV2Z3jN,hard rock;pop rock;rock;aor;classic rock,musicbrainz,artist,1978
troy keyes,troy keyes,troy keyes,troy keyes,Troy Keyes,4amyFeBFFIbbe6yq3ODoYC,northern soul,spotify,artist,1968
troy newman,troy newman,troy newman,troy newman,Troy Newman,4BXEQU7tFguuDwDECletjd,,none,artist,1991
troy shondell,troy shondell,troy shondell,troy shondell,Troy Shondell,4R3U54HaBxqbw1ey5lMcXQ,doo-wop;adult standards,spotify,artist,1962
troye sivan,troye sivan,troye sivan,troye sivan,Troye Sivan,3WGpXCj9YhhfX11TToZcXP,pop;electropop;queer;synthpop;dream-pop,musicbrainz,artist,2023
tru featuring ice cream man (master p),tru,tru,tru,TRU,6VOkIa4pRNEdugeOdePtRp,southern hip hop,spotify,l1,1997
truth hurts featuring rakim,truth hurts,truth hurts,truth hurts,Truth Hurts,0HCeK90YUyjWi0utTPYXw1,hip hop;dance hall;r&b;hip hop rnb and dance hall,musicbrainz,l1,2002
tucker beathard,tucker beathard,tucker beathard,tucker beathard,Tucker Beathard,1FQXio7XougvCvKLIu0CCk,,none,artist,2016
tucker wetmore,tucker wetmore,tucker wetmore,tucker wetmore,Tucker Wetmore,4sCKpwwEsgReZxjtKFm2A0,country,spotify,artist,2025
tufano & giammarese,tufano & giammarese,tufano,tufano,Tufano & Giammarese,7co1PJJq9Kwr0jLLbS5NNh,folk rock;yacht rock,spotify,artist,1973
tupac featuring the notorious b.i.g.,tupac,tupac,tupac,Tupac,0p9Pk2738eXvVYWPGf4WC6,west coast hip hop;hip hop;conscious hip hop;gangsta rap;criminal,musicbrainz,l1,2004
tupac with eminem featuring the outlawz,tupac with eminem,tupac,tupac,Tupac,0p9Pk2738eXvVYWPGf4WC6,west coast hip hop;hip hop;conscious hip hop;gangsta rap;criminal,musicbrainz,l2,2004
turley richards,turley richards,turley richards,turley richards,Turley Richards,7p1G13q6CeIPXLf7yhPN9e,northern soul;aor;yacht rock,spotify,artist,1980
tuxedo junction,tuxedo junction,tuxedo junction,tuxedo junction,Tuxedo Junction,1nefkmrg3h9ehE1KucibvR,electro swing;swing music,spotify,artist,1978
tweet,tweet,tweet,tweet,Tweet,6zDBeei6hHRiZdAJ6zoTCo,neo soul,spotify,artist,2002
twennynine featuring lenny white,twennynine,twennynine,twennynine,Twennynine,4lrBQQ6NR1pj1nSzsPs7sI,post-disco;funk,spotify,l1,1980
twenty one pilots,twenty one pilots,twenty one pilots,twenty one pilots,Twenty One Pilots,3YQKmKGau1PzlVlkL1iodx,alternative rock;indie pop;alternative rap;alternative hip hop;rap,musicbrainz,artist,2025
twice,twice,twice,twice,TWICE,2yp6zqk49KOKKrOSSsUb75,worship;christian,spotify,artist,2025
twilight 22,twilight 22,twilight 22,twilight 22,Twilight 22,6duhLtz5KONtwVxwX4ka6B,miami bass;old school hip hop,spotify,artist,1984
twinz,twinz,twinz,twinz,Twinz,33ay6frFAk5xRMXayOWsil,g-funk;west coast hip hop,spotify,artist,1995
twista,twista,twista,twista,Twista,2Xf9A3DrM9PVK2n10dlDjs,hip hop;gangsta rap;hardcore hip hop;rap;american,musicbrainz,artist,2004
twista featuring chris brown,twista,twista,twista,Twista,2Xf9A3DrM9PVK2n10dlDjs,hip hop;gangsta rap;hardcore hip hop;rap;american,musicbrainz,l1,2011
twista featuring erika shevon,twista,twista,twista,Twista,2Xf9A3DrM9PVK2n10dlDjs,hip hop;gangsta rap;hardcore hip hop;rap;american,musicbrainz,l1,2009
twista featuring faith evans,twista,twista,twista,Twista,2Xf9A3DrM9PVK2n10dlDjs,hip hop;gangsta rap;hardcore hip hop;rap;american,musicbrainz,l1,2005
twista featuring kanye west & jamie foxx,twista,twista,twista,Twista,2Xf9A3DrM9PVK2n10dlDjs,hip hop;gangsta rap;hardcore hip hop;rap;american,musicbrainz,l1,2004
twista featuring pitbull,twista,twista,twista,Twista,2Xf9A3DrM9PVK2n10dlDjs,hip hop;gangsta rap;hardcore hip hop;rap;american,musicbrainz,l1,2006
twista featuring r. kelly,twista,twista,twista,Twista,2Xf9A3DrM9PVK2n10dlDjs,hip hop;gangsta rap;hardcore hip hop;rap;american,musicbrainz,l1,2004
twista featuring trey songz,twista,twista,twista,Twista,2Xf9A3DrM9PVK2n10dlDjs,hip hop;gangsta rap;hardcore hip hop;rap;american,musicbrainz,l1,2006
twisted sister,twisted sister,twisted sister,twisted sister,Twisted Sister,7b85ve82Sh36a3UAx74wut,glam metal;glam rock,spotify,artist,1986
ty dolla $ign featuring b.o.b,ty dolla $ign,ty dolla $ign,ty dolla sign,Ty Dolla $ign,7c0XG5cIJTrrAgEC3ULPiq,trap soul,spotify,l1,2014
ty dolla $ign featuring e-40,ty dolla $ign,ty dolla $ign,ty dolla sign,Ty Dolla $ign,7c0XG5cIJTrrAgEC3ULPiq,trap soul,spotify,l1,2016
ty dolla $ign featuring future & rae sremmurd,ty dolla $ign,ty dolla $ign,ty dolla sign,Ty Dolla $ign,7c0XG5cIJTrrAgEC3ULPiq,trap soul,spotify,l1,2016
ty dolla $ign featuring nicki minaj,ty dolla $ign,ty dolla $ign,ty dolla sign,Ty Dolla $ign,7c0XG5cIJTrrAgEC3ULPiq,trap soul,spotify,l1,2020
ty dolla $ign featuring post malone,ty dolla $ign,ty dolla $ign,ty dolla sign,Ty Dolla $ign,7c0XG5cIJTrrAgEC3ULPiq,trap soul,spotify,l1,2020
ty dolla $ign featuring wiz khalifa & dj mustard,ty dolla $ign,ty dolla $ign,ty dolla sign,Ty Dolla $ign,7c0XG5cIJTrrAgEC3ULPiq,trap soul,spotify,l1,2014
ty herndon,ty herndon,ty herndon,ty herndon,Ty Herndon,1Fj0R2t4HaJa3oUe8azB8R,classic country;country,spotify,artist,2000
ty myers,ty myers,ty myers,ty myers,Ty Myers,1Gh0pCAxpjw0Iq3JMoVAwO,country,spotify,artist,2025
tycoon,tycoon,tycoon,tycoon,Tycoon,2J9OgoroujUr9FiiT40sqc,private school piano;amapiano;3 step;gqom,spotify,artist,1979
tyga,tyga,tyga,tyga,Tyga,5LHRHt1k9lMyONurDHEdrp,hip hop;trap;pop rap;west coast hip hop;ratchet music,musicbrainz,artist,2012
tyga & justin bieber,tyga & justin bieber,tyga,tyga,Tyga,5LHRHt1k9lMyONurDHEdrp,hip hop;trap;pop rap;west coast hip hop;ratchet music,musicbrainz,l2,2013
tyga & nicki minaj,tyga & nicki minaj,tyga,tyga,Tyga,5LHRHt1k9lMyONurDHEdrp,hip hop;trap;pop rap;west coast hip hop;ratchet music,musicbrainz,l2,2019
"tyga featuring cedric gervais, wiz khalifa & mally mall",tyga,tyga,tyga,Tyga,5LHRHt1k9lMyONurDHEdrp,hip hop;trap;pop rap;west coast hip hop;ratchet music,musicbrainz,l1,2013
tyga featuring chris richardson,tyga,tyga,tyga,Tyga,5LHRHt1k9lMyONurDHEdrp,hip hop;trap;pop rap;west coast hip hop;ratchet music,musicbrainz,l1,2011
tyga featuring drake,tyga,tyga,tyga,Tyga,5LHRHt1k9lMyONurDHEdrp,hip hop;trap;pop rap;west coast hip hop;ratchet music,musicbrainz,l1,2011
tyga featuring lil wayne,tyga,tyga,tyga,Tyga,5LHRHt1k9lMyONurDHEdrp,hip hop;trap;pop rap;west coast hip hop;ratchet music,musicbrainz,l1,2012
tyga featuring nicki minaj,tyga,tyga,tyga,Tyga,5LHRHt1k9lMyONurDHEdrp,hip hop;trap;pop rap;west coast hip hop;ratchet music,musicbrainz,l1,2012
tyga featuring offset,tyga,tyga,tyga,Tyga,5LHRHt1k9lMyONurDHEdrp,hip hop;trap;pop rap;west coast hip hop;ratchet music,musicbrainz,l1,2018
tyga featuring rick ross,tyga,tyga,tyga,Tyga,5LHRHt1k9lMyONurDHEdrp,hip hop;trap;pop rap;west coast hip hop;ratchet music,musicbrainz,l1,2013
tyga featuring travis mccoy,tyga,tyga,tyga,Tyga,5LHRHt1k9lMyONurDHEdrp,hip hop;trap;pop rap;west coast hip hop;ratchet music,musicbrainz,l1,2008
tyga featuring young thug,tyga,tyga,tyga,Tyga,5LHRHt1k9lMyONurDHEdrp,hip hop;trap;pop rap;west coast hip hop;ratchet music,musicbrainz,l1,2014
tyga x doja cat,tyga x doja cat,tyga,tyga,Tyga,5LHRHt1k9lMyONurDHEdrp,hip hop;trap;pop rap;west coast hip hop;ratchet music,musicbrainz,l2,2022
tyla,tyla,tyla,tyla,Tyla,3TmFcWBmU19knONxW06R6C,spike,musicbrainz,artist,2025
tyla yaweh & post malone,tyla yaweh & post malone,tyla yaweh,tyla yaweh,Tyla Yaweh,1MXZ0hsGic96dWRDKwAwdr,melodic rap,spotify,l2,2020
tyler childers,tyler childers,tyler childers,tyler childers,Tyler Childers,13ZEDW6vyBF12HYcZRr4EV,country;outlaw country;red dirt;alt country;texas country,spotify,artist,2023
tyler collins,tyler collins,tyler collins,tyler collins,Tyler Collins,5huMtuPNUReK11RrCYwP0p,new jack swing;classic soul,spotify,artist,1995
tyler farr,tyler farr,tyler farr,tyler farr,Tyler Farr,3vHV92ecrylnUHDM4d2MtC,country;acoustic country,spotify,artist,2015
tyler hubbard,tyler hubbard,tyler hubbard,tyler hubbard,Tyler Hubbard,3BEV5FcxOtkQJ7lLRKMh3V,country,spotify,artist,2025
"tyler, the creator","tyler, the creator",tyler,tyler,"Tyler, The Creator",4V8LLVI7PbaPR0K2TGSxFF,hip hop;hardcore hip hop;horrorcore;west coast hip hop;poggers,musicbrainz,artist,2025
"tyler, the creator featuring 42 dugg","tyler, the creator",tyler,tyler,"Tyler, The Creator",4V8LLVI7PbaPR0K2TGSxFF,hip hop;hardcore hip hop;horrorcore;west coast hip hop;poggers,musicbrainz,l1,2021
"tyler, the creator featuring a$ap rocky","tyler, the creator",tyler,tyler,"Tyler, The Creator",4V8LLVI7PbaPR0K2TGSxFF,hip hop;hardcore hip hop;horrorcore;west coast hip hop;poggers,musicbrainz,l1,2023
"tyler, the creator featuring brent faiyaz & fana hues","tyler, the creator",tyler,tyler,"Tyler, The Creator",4V8LLVI7PbaPR0K2TGSxFF,hip hop;hardcore hip hop;horrorcore;west coast hip hop;poggers,musicbrainz,l1,2021
"tyler, the creator featuring dj drama","tyler, the creator",tyler,tyler,"Tyler, The Creator",4V8LLVI7PbaPR0K2TGSxFF,hip hop;hardcore hip hop;horrorcore;west coast hip hop;poggers,musicbrainz,l1,2021
"tyler, the creator featuring daisy world","tyler, the creator",tyler,tyler,"Tyler, The Creator",4V8LLVI7PbaPR0K2TGSxFF,hip hop;hardcore hip hop;horrorcore;west coast hip hop;poggers,musicbrainz,l1,2021
"tyler, the creator featuring daniel caesar","tyler, the creator",tyler,tyler,"Tyler, The Creator",4V8LLVI7PbaPR0K2TGSxFF,hip hop;hardcore hip hop;horrorcore;west coast hip hop;poggers,musicbrainz,l1,2025
"tyler, the creator featuring daniel caesar & latoiya williams","tyler, the creator",tyler,tyler,"Tyler, The Creator",4V8LLVI7PbaPR0K2TGSxFF,hip hop;hardcore hip hop;horrorcore;west coast hip hop;poggers,musicbrainz,l1,2024
"tyler, the creator featuring doechii","tyler, the creator",tyler,tyler,"Tyler, The Creator",4V8LLVI7PbaPR0K2TGSxFF,hip hop;hardcore hip hop;horrorcore;west coast hip hop;poggers,musicbrainz,l1,2024
"tyler, the creator featuring domo genesis","tyler, the creator",tyler,tyler,"Tyler, The Creator",4V8LLVI7PbaPR0K2TGSxFF,hip hop;hardcore hip hop;horrorcore;west coast hip hop;poggers,musicbrainz,l1,2021
"tyler, the creator featuring glorilla, sexyy red & lil wayne","tyler, the creator",tyler,tyler,"Tyler, The Creator",4V8LLVI7PbaPR0K2TGSxFF,hip hop;hardcore hip hop;horrorcore;west coast hip hop;poggers,musicbrainz,l1,2025
"tyler, the creator featuring kali uchis","tyler, the creator",tyler,tyler,"Tyler, The Creator",4V8LLVI7PbaPR0K2TGSxFF,hip hop;hardcore hip hop;horrorcore;west coast hip hop;poggers,musicbrainz,l1,2023
"tyler, the creator featuring lil uzi vert & pharrell williams","tyler, the creator",tyler,tyler,"Tyler, The Creator",4V8LLVI7PbaPR0K2TGSxFF,hip hop;hardcore hip hop;horrorcore;west coast hip hop;poggers,musicbrainz,l1,2021
"tyler, the creator featuring lil wayne","tyler, the creator",tyler,tyler,"Tyler, The Creator",4V8LLVI7PbaPR0K2TGSxFF,hip hop;hardcore hip hop;horrorcore;west coast hip hop;poggers,musicbrainz,l1,2021
"tyler, the creator featuring lola young","tyler, the creator",tyler,tyler,"Tyler, The Creator",4V8LLVI7PbaPR0K2TGSxFF,hip hop;hardcore hip hop;horrorcore;west coast hip hop;poggers,musicbrainz,l1,2025
"tyler, the creator featuring madison mcferrin","tyler, the creator",tyler,tyler,"Tyler, The Creator",4V8LLVI7PbaPR0K2TGSxFF,hip hop;hardcore hip hop;horrorcore;west coast hip hop;poggers,musicbrainz,l1,2025
"tyler, the creator featuring schoolboy q & santigold","tyler, the creator",tyler,tyler,"Tyler, The Creator",4V8LLVI7PbaPR0K2TGSxFF,hip hop;hardcore hip hop;horrorcore;west coast hip hop;poggers,musicbrainz,l1,2024
"tyler, the creator featuring sk8brd","tyler, the creator",tyler,tyler,"Tyler, The Creator",4V8LLVI7PbaPR0K2TGSxFF,hip hop;hardcore hip hop;horrorcore;west coast hip hop;poggers,musicbrainz,l1,2025
"tyler, the creator featuring teezo touchdown","tyler, the creator",tyler,tyler,"Tyler, The Creator",4V8LLVI7PbaPR0K2TGSxFF,hip hop;hardcore hip hop;horrorcore;west coast hip hop;poggers,musicbrainz,l1,2024
"tyler, the creator featuring youngboy never broke again & ty dolla $ign","tyler, the creator",tyler,tyler,"Tyler, The Creator",4V8LLVI7PbaPR0K2TGSxFF,hip hop;hardcore hip hop;horrorcore;west coast hip hop;poggers,musicbrainz,l1,2021
tyrannosaurus rex,tyrannosaurus rex,tyrannosaurus rex,tyrannosaurus rex,,,,none,,1971
tyrese,tyrese,tyrese,tyrese,Tyrese,08p7B5OtcUuVblvkQIlBhJ,r&b;quiet storm,spotify,artist,2003
tyrone davis,tyrone davis,tyrone davis,tyrone davis,Tyrone Davis,76agLI5oSCFbmZnBqKcBJd,blues;zydeco;classic soul;footwork,spotify,artist,1983
u.n.v.,u.n.v.,u.n.v.,unv,Unv,1Ne6f67pPeTYmmC6h0nPUZ,new jack swing,spotify,l3,1995
u.s. 1,u.s. 1,u.s. 1,us 1,,,,none,,1975
u.s. bonds,u.s. bonds,u.s. bonds,us bonds,U.S. Bonds,2o1VlrBnNMyLXDo6gQyeU4,exotica,spotify,artist,1961
u2,u2,u2,u2,U2,51Blml2LZPmy7TTiAg47vQ,rock,spotify,artist,2014
u2 & green day,u2 & green day,u2,u2,U2,51Blml2LZPmy7TTiAg47vQ,rock,spotify,l2,2007
u2 with b.b. king,u2 with b.b. king,u2,u2,U2,51Blml2LZPmy7TTiAg47vQ,rock,spotify,l2,1989
ub40,ub40,ub40,ub40,UB40,69MEO1AADKg1IZrq2XLzo5,reggae,spotify,artist,1994
ugk featuring outkast,ugk,ugk,ugk,UGK,6ZhjJOJXXwnPS8PrXdmjLw,southern hip hop,spotify,l1,2007
us3,us3,us3,us3,Us3,4LtIfuFeAamus9OOItuWDD,acid jazz;jazz rap;jazz blues;jazz funk,spotify,artist,1994
usa for africa,usa for africa,usa for africa,usa for africa,USA for Africa,2z16cLWVwv6yhVZil2tRq8,gospel,musicbrainz,artist,1985
utfo,utfo,utfo,utfo,UTFO,47Q3SR4HsHRnmh513l2tl7,hip hop,musicbrainz,artist,1985
ugly god,ugly god,ugly god,ugly god,Ugly God,3Fdm9TFJQCLmC3AWMuGExi,,none,artist,2017
ugly kid joe,ugly kid joe,ugly kid joe,ugly kid joe,Ugly Kid Joe,3XsgWn63EnA4wYZBjVyxjf,glam metal,spotify,artist,1993
ultimate,ultimate,ultimate,ultimate,Ultimate,4ohqj0RvkvIAJbid6IX2HV,trance;progressive trance,spotify,artist,1979
ultra nate,ultra nate,ultra nate,ultra nate,,,rock and indie,musicbrainz,,1997
ultravox,ultravox,ultravox,ultravox,Ultravox,3iUjRVvYCsMfz7tuAQtBDI,synthpop;new wave,spotify,artist,1983
uncle dog,uncle dog,uncle dog,uncle dog,Uncle Dog,3Ekr5jxEyARZfPPEW4RKu6,,none,artist,1973
uncle kracker,uncle kracker,uncle kracker,uncle kracker,Uncle Kracker,2DnqqkzzDKm3vAoyHtn8So,country rock;rap rock;rock;country;country pop,musicbrainz,artist,2010
uncle kracker featuring dobie gray,uncle kracker,uncle kracker,uncle kracker,Uncle Kracker,2DnqqkzzDKm3vAoyHtn8So,country rock;rap rock;rock;country;country pop,musicbrainz,l1,2003
uncle sam,uncle sam,uncle sam,uncle sam,Uncle Sam,6hs28hHY3L7zsfC44xszAj,quiet storm,spotify,artist,1998
underground sunshine,underground sunshine,underground sunshine,underground sunshine,,,madison;wisconsin,musicbrainz,,1969
underworld,underworld,underworld,underworld,Underworld,1PXHzxRDiLnjqNrRn2Xbsa,big beat;electronica,spotify,artist,1989
undisputed truth,undisputed truth,undisputed truth,undisputed truth,Undisputed Truth,36uL3g9L6BMvM3fnqKEgAG,soul and reggae;soul;disco;psychedelic soul;funk,musicbrainz,artist,1977
unipop,unipop,unipop,unipop,,,,none,,1983
unit four plus two,unit four plus two,unit four plus two,unit four plus two,,,,none,,1965
universal robot band,universal robot band,universal robot band,universal robot band,Universal Robot Band,2o9c2U0sHi0yM1h5TwmXT9,disco,spotify,artist,1977
unk,unk,unk,unk,Unk,0PGtMx1bsqoCHCy3MB3gXA,crunk;southern hip hop,spotify,artist,2007
uptown,uptown,uptown,uptown,Uptown,5hr1DMrkcIGLa4LY5KxvuX,hip hop,musicbrainz,artist,1987
urban dance squad,urban dance squad,urban dance squad,urban dance squad,Urban Dance Squad,0Vo614yFlepUdpdbkggrmC,funk rock;rap metal;rap rock,spotify,artist,1991
urge overkill,urge overkill,urge overkill,urge overkill,Urge Overkill,5LEUigTSXpwrtERRcSW1N4,alternative rock;hard rock;rock;rock and indie;pop rock,musicbrainz,artist,1995
urgent,urgent,urgent,urgent,Urgent,6usAm2vK9NrNXFEZ0ec57X,malay;indorock,spotify,artist,1985
uriah heep,uriah heep,uriah heep,uriah heep,Uriah Heep,45O9BwPMyywM755SYUK0sP,progressive rock;hard rock,spotify,artist,1973
usher,usher,usher,usher,USHER,35vO0saL5fa8nPMZqdYV1m,contemporary r&b;soul;pop;hip hop;crunk,musicbrainz,artist,2014
usher & michelle chamuel,usher & michelle chamuel,usher,usher,USHER,35vO0saL5fa8nPMZqdYV1m,contemporary r&b;soul;pop;hip hop;crunk,musicbrainz,l2,2013
usher and alicia keys,usher and alicia keys,usher,usher,USHER,35vO0saL5fa8nPMZqdYV1m,contemporary r&b;soul;pop;hip hop;crunk,musicbrainz,l2,2005
usher featuring beyonce & lil wayne,usher,usher,usher,USHER,35vO0saL5fa8nPMZqdYV1m,contemporary r&b;soul;pop;hip hop;crunk,musicbrainz,l1,2008
usher featuring jay-z,usher,usher,usher,USHER,35vO0saL5fa8nPMZqdYV1m,contemporary r&b;soul;pop;hip hop;crunk,musicbrainz,l1,2010
usher featuring juicy j,usher,usher,usher,USHER,35vO0saL5fa8nPMZqdYV1m,contemporary r&b;soul;pop;hip hop;crunk,musicbrainz,l1,2015
usher featuring lil jon & ludacris,usher,usher,usher,USHER,35vO0saL5fa8nPMZqdYV1m,contemporary r&b;soul;pop;hip hop;crunk,musicbrainz,l1,2024
usher featuring nicki minaj,usher,usher,usher,USHER,35vO0saL5fa8nPMZqdYV1m,contemporary r&b;soul;pop;hip hop;crunk,musicbrainz,l1,2014
usher featuring pitbull,usher,usher,usher,USHER,35vO0saL5fa8nPMZqdYV1m,contemporary r&b;soul;pop;hip hop;crunk,musicbrainz,l1,2011
usher featuring plies,usher,usher,usher,USHER,35vO0saL5fa8nPMZqdYV1m,contemporary r&b;soul;pop;hip hop;crunk,musicbrainz,l1,2010
usher featuring rick ross,usher,usher,usher,USHER,35vO0saL5fa8nPMZqdYV1m,contemporary r&b;soul;pop;hip hop;crunk,musicbrainz,l1,2012
usher featuring young jeezy,usher,usher,usher,USHER,35vO0saL5fa8nPMZqdYV1m,contemporary r&b;soul;pop;hip hop;crunk,musicbrainz,l1,2008
usher featuring young thug,usher,usher,usher,USHER,35vO0saL5fa8nPMZqdYV1m,contemporary r&b;soul;pop;hip hop;crunk,musicbrainz,l1,2016
usher featuring will.i.am,usher,usher,usher,USHER,35vO0saL5fa8nPMZqdYV1m,contemporary r&b;soul;pop;hip hop;crunk,musicbrainz,l1,2010
"usher, summer walker & 21 savage","usher, summer walker & 21 savage",usher,usher,USHER,35vO0saL5fa8nPMZqdYV1m,contemporary r&b;soul;pop;hip hop;crunk,musicbrainz,l2,2024
utah saints,utah saints,utah saints,utah saints,Utah Saints,2KB6LGMBaOYYYdvvgyptFH,british;house;dance-pop;uk;electronic,musicbrainz,artist,1992
utopia,utopia,utopia,utopia,Utopia,4oAZA3aniPjL9XINSvj7VP,indonesian pop;indonesian rock;indorock,spotify,artist,1983
v,v,v,v,V,3JsHnjpbhX4SnySpvpa9DK,k-pop,spotify,artist,2024
v & bing crosby,v & bing crosby,v,v,V,3JsHnjpbhX4SnySpvpa9DK,k-pop,spotify,l2,2024
v v brown,v v brown,v v brown,v v brown,V V Brown,39ZHUueufhIdbW4yu9uODG,,none,artist,2010
v with park hyo shin,v with park hyo shin,v,v,V,3JsHnjpbhX4SnySpvpa9DK,k-pop,spotify,l2,2024
v.i.c.,v.i.c.,v.i.c.,vic,V.I.C.,49mHZzhcsoQB1JXWv8Q9gU,traditional pop,musicbrainz,artist,2012
vedo,vedo,vedo,vedo,Vedo,3wVXTWabe3viT0jF7DfjOL,r&b;contemporary r&b,musicbrainz,artist,2021
valadiers,valadiers,valadiers,valadiers,,,,none,,1961
valerie simpson,valerie simpson,valerie simpson,valerie simpson,Valerie Simpson,7Lc8gVjpJFGo4xMHE0Ax7r,motown,spotify,artist,1973
valjean on piano,valjean on piano,valjean on piano,valjean on piano,,,,none,,1962
van dykes,van dykes,van dykes,van dykes,Van Dykes,4vhcyrhabBK0ASj8MQ031V,doo-wop,spotify,artist,1961
van halen,van halen,van halen,van halen,Van Halen,2cnMpRsOVqtPMfq7YiFE6K,glam metal;classic rock;rock;hard rock,spotify,artist,2012
van mccoy & the soul city symphony,van mccoy & the soul city symphony,van mccoy,van mccoy,Van McCoy,0bShb58TO0fM5jOjXhB1WT,disco;philly soul;northern soul,spotify,l2,1975
van mccoy,van mccoy,van mccoy,van mccoy,Van McCoy,0bShb58TO0fM5jOjXhB1WT,disco;philly soul;northern soul,spotify,artist,1976
van morrison,van morrison,van morrison,van morrison,Van Morrison,44NX2ffIYHr6D4n7RaZF7A,folk rock;blue-eyed soul;rock;folk;chamber folk,musicbrainz,artist,1978
van stephenson,van stephenson,van stephenson,van stephenson,Van Stephenson,0ndwxW5uCztT6XuWhKYQy4,aor;arena rock,spotify,artist,1984
van zant,van zant,van zant,van zant,Van Zant,6ZRkCThyw6syuSOAGT7lY1,southern rock;aor;arena rock;country rock,spotify,artist,2005
vance joy,vance joy,vance joy,vance joy,Vance Joy,10exVja0key0uqUkk6LJRT,folk pop,spotify,artist,2015
vandenberg,vandenberg,vandenberg,vandenberg,VanDenBerg,2TKn2jkaJzm6wz1SyjvoPf,hard rock,musicbrainz,artist,1983
vanessa anne hudgens,vanessa anne hudgens,vanessa anne hudgens,vanessa anne hudgens,,,,none,,2006
vanessa carlton,vanessa carlton,vanessa carlton,vanessa carlton,Vanessa Carlton,5ILrArfIV0tMURcHJN8Q07,pop;piano pop;rock;american;singer-songwriter,musicbrainz,artist,2004
vanessa hudgens,vanessa hudgens,vanessa hudgens,vanessa hudgens,Vanessa Hudgens,6G9bygHlCyPgNGxK2l3YdE,pop;teen pop,musicbrainz,artist,2008
vanessa williams,vanessa williams,vanessa williams,vanessa williams,Vanessa Williams,75L9s8KVrhCNtBUkZFnDFW,pop;adult contemporary;pop soul;contemporary r&b;new jack swing,musicbrainz,artist,1996
vanessa williams/brian mcknight,vanessa williams,vanessa williams,vanessa williams,Vanessa Williams,75L9s8KVrhCNtBUkZFnDFW,pop;adult contemporary;pop soul;contemporary r&b;new jack swing,musicbrainz,l1,1993
vangelis,vangelis,vangelis,vangelis,Vangelis,4P70aqttdpJ9vuYFDmf7f6,new age,spotify,artist,1982
vanilla fudge,vanilla fudge,vanilla fudge,vanilla fudge,Vanilla Fudge,0vIMq3W8V63uR4Ymgm2pF1,acid rock;psychedelic rock,spotify,artist,1969
vanilla ice,vanilla ice,vanilla ice,vanilla ice,Vanilla Ice,7GXXMm3DB1VswVcuGyInUd,hip hop;nu metal;pop rap;rap rock;hardcore hip hop,musicbrainz,artist,1991
vanity,vanity,vanity,vanity,vanity,1wC236l0yRRVElQrD2K4VX,hyperpop,spotify,artist,1986
vanity fare,vanity fare,vanity fare,vanity fare,Vanity Fare,0Wt8hmgHtXUgwsLg5NpMZv,bubblegum pop,spotify,artist,1970
various artists,various artists,various artists,various artists,Various Artists,4NMYihW4wkwc9xwtXIl3Og,special purpose artist;special purpose;compilation;2002;2004,musicbrainz,artist,2005
vaughan brothers,vaughan brothers,vaughan brothers,vaughan brothers,,,stevie ray vaughan;rock;blues rock,musicbrainz,,1990
vaughan mason and crew,vaughan mason and crew,vaughan mason,vaughan mason,Vaughan Mason and Crew,5MBBgzM082fkQbg75YyKBO,funk,spotify,artist,1980
vaughn monroe,vaughn monroe,vaughn monroe,vaughn monroe,Vaughn Monroe,5TD3Mad384osX9K8DLkx7L,big band;adult standards,spotify,artist,1959
velvet revolver,velvet revolver,velvet revolver,velvet revolver,Velvet Revolver,7CHilrn81OdYjkh4uSVnYM,grunge,spotify,artist,2005
vengaboys,vengaboys,vengaboys,vengaboys,Vengaboys,0cwmNvclzPd8mQnoHuIksj,eurodance;europop,spotify,artist,1999
verdelle smith,verdelle smith,verdelle smith,verdelle smith,Verdelle Smith,5dwTyGHwdXQUlDZJ7ZF5k9,,none,artist,1966
veronica (featuring craig mack),veronica,veronica,veronica,Veronica,6yNer6qvaSzSUpOezir835,,none,l1,1997
vertical horizon,vertical horizon,vertical horizon,vertical horizon,Vertical Horizon,6Hizgjo92FnMp8wGaRUNTn,alternative rock;pop rock;iswcs pending,musicbrainz,artist,2001
vesta,vesta,vesta,vesta,Vesta,0KzoK9bz1M6R9cDBLAOF4q,finnish pop;iskelmä,spotify,artist,1989
vic damone,vic damone,vic damone,vic damone,Vic Damone,4seoDLqmOLUf59y72WJP7g,adult standards;vocal jazz;big band,spotify,artist,1965
vic dana,vic dana,vic dana,vic dana,Vic Dana,26LmRGHptm85F27BZwOSt7,adult standards,spotify,artist,1970
vicci martinez,vicci martinez,vicci martinez,vicci martinez,Vicci Martinez,1sxu3pxg9icRUHpyWpDxz2,,none,artist,2011
vicious,vicious,vicious,vicious,Vicious,2N6miqLGY0TbLGcG42naDC,dancehall;reggae;ragga,spotify,artist,1995
vicki anderson & james brown,vicki anderson & james brown,vicki anderson,vicki anderson,Vicki Anderson,17df6OpG2xomcwY6vJZjMD,acid jazz;funk,spotify,l2,1967
vicki lawrence,vicki lawrence,vicki lawrence,vicki lawrence,Vicki Lawrence,3PNGsgUFOuNvwagyBCo2Rg,pop;contralto;2008 universal fire victim,musicbrainz,artist,1975
vicki sue robinson,vicki sue robinson,vicki sue robinson,vicki sue robinson,Vicki Sue Robinson,25pwh5JrKHzLv2FTPSvoqa,disco,spotify,artist,1977
victor lundberg,victor lundberg,victor lundberg,victor lundberg,Victor Lundberg,3aPt0ITiKD1r1GXV3RvOUh,,none,artist,1967
victoria monet,victoria monet,victoria monet,victoria monet,Victoria Monet,41bfRTTH5t8O5DcUxiBwr8,funk;pop;soul;r&b;singer/songwriter,musicbrainz,artist,2024
victorious cast featuring victoria justice,victorious cast,victorious cast,victorious cast,Victorious Cast,1KYszkVzlhV3rAqmAcYIgd,pop;pop rock;2010s;bubblegum pop;cast,musicbrainz,l1,2011
vigrass & osborne,vigrass & osborne,vigrass,vigrass,Vigrass,1afoE2ihTYsfFrBla3GXzN,baroque pop,spotify,l2,1972
vik venus alias: your main moon man,vik venus alias: your main moon man,vik venus alias: your main moon man,vik venus alias your main moon man,,,,none,,1969
vikki carr,vikki carr,vikki carr,vikki carr,Vikki Carr,3tM3DTmG7ahfACzwqtazLD,bolero,spotify,artist,1971
village people,village people,village people,village people,Village People,0dCKce6tJJdHvlWnDMwzPW,disco,spotify,artist,1979
vince edwards,vince edwards,vince edwards,vince edwards,Vince Edwards,4iQskXborJQB8F6aPK9Q0z,,none,artist,1962
vince gill,vince gill,vince gill,vince gill,Vince Gill,3IhWQSrLj8EJjdvjFTpCyo,classic country;country;traditional country,spotify,artist,2001
vince guaraldi trio,vince guaraldi trio,vince guaraldi trio,vince guaraldi trio,Vince Guaraldi Trio,4ytkhMSAnrDP8XzRNlw9FS,christmas,spotify,artist,2025
vincent bell,vincent bell,vincent bell,vincent bell,Vincent Bell,7r2Pd6huyz9SLwMhhNThK5,,none,artist,1970
vincent edwards,vincent edwards,vincent edwards,vincent edwards,Vincent Edwards,7DKOPxmfFWXRfYVXjP0mbj,,none,artist,1962
violator featuring busta rhymes,violator,violator,violator,Violator,7y4dCjRznoeJx2iTWq6Wfv,thrash metal,musicbrainz,l1,2001
vitamin c,vitamin c,vitamin c,vitamin c,Vitamin C,3OsUvoKmZA2gw8rETtxGlz,electropop,musicbrainz,artist,2001
vitamin c featuring lady saw,vitamin c,vitamin c,vitamin c,Vitamin C,3OsUvoKmZA2gw8rETtxGlz,electropop,musicbrainz,l1,1999
vitamin z,vitamin z,vitamin z,vitamin z,Vitamin Z,3L9jctKWesrpUYw6IpmdUg,new wave,spotify,artist,1985
vito & the salutations,vito & the salutations,vito,vito,Vito & The Salutations,2ns6b8NPH6XSBfM5YOkHi7,doo-wop,spotify,artist,1963
vivian green,vivian green,vivian green,vivian green,Vivian Green,3t83f2J04dRWOpNBe9GTfs,neo soul;quiet storm,spotify,artist,2003
vixen,vixen,vixen,vixen,Vixen,5XKQ8fa0WdWBmgMFDmctCO,hard rock;glam metal;heavy metal;glam rock;aor,musicbrainz,artist,1990
voice of the beehive,voice of the beehive,voice of the beehive,voice of the beehive,Voice Of The Beehive,5wfTNhhtnBtRwfoqZnHonC,classic pop and rock,musicbrainz,artist,1996
voices,voices,voices,voices,,,indie rock;american;lo-fi;alternative rock;indie pop,musicbrainz,,1992
voices of america,voices of america,voices of america,voices of america,,,,none,,1986
voices of theory,voices of theory,voices of theory,voices of theory,Voices of Theory,7xojBGlLd0SGscMIL31gdV,quiet storm,spotify,artist,1999
voices that care,voices that care,voices that care,voices that care,,,,none,,1991
voyage,voyage,voyage,voyage,Voyage,7aASXckUdNXJ5X338n8C1D,funk;disco;pop,musicbrainz,artist,1979
voyce,voyce,voyce,voyce,Voyce,4VD7b3DaDHGO9vE6VXfasd,german pop,spotify,artist,1992
vybe,vybe,vybe,vybe,Vybe,6jQq64yz9Qrmfl3sapNScx,new jack swing,spotify,artist,1995
wc & the maad circle,wc & the maad circle,wc,wc,WC,3NgwMzys77S7sgfh2W5k0V,west coast hip hop;g-funk;gangster rap;old school hip hop,spotify,l2,1995
wc featuring jon b.,wc,wc,wc,WC,3NgwMzys77S7sgfh2W5k0V,west coast hip hop;g-funk;gangster rap;old school hip hop,spotify,l1,1998
wc featuring nate dogg,wc,wc,wc,WC,3NgwMzys77S7sgfh2W5k0V,west coast hip hop;g-funk;gangster rap;old school hip hop,spotify,l1,2002
wc from westside connection,wc from westside connection,wc from westside connection,wc from westside connection,,,,none,,1998
wa wa nee,wa wa nee,wa wa nee,wa wa nee,Wa Wa Nee,5h3WBrCy3VcEj0IGf347dz,pop rock,musicbrainz,artist,1988
wade flemons,wade flemons,wade flemons,wade flemons,Wade Flemons,4dUwbgj6jgmsBTRxVuCLEP,northern soul;doo-wop,spotify,artist,1960
wade flemons and the newcomers,wade flemons and the newcomers,wade flemons,wade flemons,Wade Flemons,4dUwbgj6jgmsBTRxVuCLEP,northern soul;doo-wop,spotify,l2,1959
wade hayes,wade hayes,wade hayes,wade hayes,Wade Hayes,3Wsbuy58Ku5N0hWjTuERRa,traditional country;classic country,spotify,artist,1998
wadsworth mansion,wadsworth mansion,wadsworth mansion,wadsworth mansion,Wadsworth Mansion,7Ms7NbAd3ltqXbU11HiRMH,,none,artist,1971
waka flocka flame,waka flocka flame,waka flocka flame,waka flocka flame,Waka Flocka Flame,6f4XkbvYlXMH0QgVRzW0sM,hip hop;trap;gangsta rap;rap,musicbrainz,artist,2010
waka flocka flame featuring drake,waka flocka flame,waka flocka flame,waka flocka flame,Waka Flocka Flame,6f4XkbvYlXMH0QgVRzW0sM,hip hop;trap;gangsta rap;rap,musicbrainz,l1,2012
waka flocka flame featuring kebo gotti,waka flocka flame,waka flocka flame,waka flocka flame,Waka Flocka Flame,6f4XkbvYlXMH0QgVRzW0sM,hip hop;trap;gangsta rap;rap,musicbrainz,l1,2011
"waka flocka flame featuring nicki minaj, tyga & flo rida",waka flocka flame,waka flocka flame,waka flocka flame,Waka Flocka Flame,6f4XkbvYlXMH0QgVRzW0sM,hip hop;trap;gangsta rap;rap,musicbrainz,l1,2012
waka flocka flame featuring roscoe dash & wale,waka flocka flame,waka flocka flame,waka flocka flame,Waka Flocka Flame,6f4XkbvYlXMH0QgVRzW0sM,hip hop;trap;gangsta rap;rap,musicbrainz,l1,2011
waka flocka flame featuring trey songz,waka flocka flame,waka flocka flame,waka flocka flame,Waka Flocka Flame,6f4XkbvYlXMH0QgVRzW0sM,hip hop;trap;gangsta rap;rap,musicbrainz,l1,2012
waldo de los rios,waldo de los rios,waldo de los rios,waldo de los rios,Waldo De Los Rios,3AcHOdPbYRhrsVIJqHf2YQ,,none,artist,1971
wale,wale,wale,wale,Wale,67nwj3Y5sZQLl72VNUHEYE,hip hop;east coast hip hop;r&b;rnb,musicbrainz,artist,2016
wale featuring j. cole,wale,wale,wale,Wale,67nwj3Y5sZQLl72VNUHEYE,hip hop;east coast hip hop;r&b;rnb,musicbrainz,l1,2022
wale featuring jeremih,wale,wale,wale,Wale,67nwj3Y5sZQLl72VNUHEYE,hip hop;east coast hip hop;r&b;rnb,musicbrainz,l1,2020
wale featuring jeremih & rick ross,wale,wale,wale,Wale,67nwj3Y5sZQLl72VNUHEYE,hip hop;east coast hip hop;r&b;rnb,musicbrainz,l1,2012
wale featuring kid cudi,wale,wale,wale,Wale,67nwj3Y5sZQLl72VNUHEYE,hip hop;east coast hip hop;r&b;rnb,musicbrainz,l1,2011
wale featuring lady gaga,wale,wale,wale,Wale,67nwj3Y5sZQLl72VNUHEYE,hip hop;east coast hip hop;r&b;rnb,musicbrainz,l1,2009
wale featuring lil wayne,wale,wale,wale,Wale,67nwj3Y5sZQLl72VNUHEYE,hip hop;east coast hip hop;r&b;rnb,musicbrainz,l1,2017
wale featuring meek mill & rick ross,wale,wale,wale,Wale,67nwj3Y5sZQLl72VNUHEYE,hip hop;east coast hip hop;r&b;rnb,musicbrainz,l1,2011
wale featuring miguel,wale,wale,wale,Wale,67nwj3Y5sZQLl72VNUHEYE,hip hop;east coast hip hop;r&b;rnb,musicbrainz,l1,2012
"wale featuring rick ross, meek mill & t-pain",wale,wale,wale,Wale,67nwj3Y5sZQLl72VNUHEYE,hip hop;east coast hip hop;r&b;rnb,musicbrainz,l1,2012
wale featuring sam dew,wale,wale,wale,Wale,67nwj3Y5sZQLl72VNUHEYE,hip hop;east coast hip hop;r&b;rnb,musicbrainz,l1,2013
wale featuring tiara thomas or rihanna,wale,wale,wale,Wale,67nwj3Y5sZQLl72VNUHEYE,hip hop;east coast hip hop;r&b;rnb,musicbrainz,l1,2013
wale featuring usher,wale,wale,wale,Wale,67nwj3Y5sZQLl72VNUHEYE,hip hop;east coast hip hop;r&b;rnb,musicbrainz,l1,2015
walk the moon,walk the moon,walk the moon,walk the moon,WALK THE MOON,6DIS6PRrLS3wbnZsf7vYic,pop rock;synth-pop;dance-rock;indie rock,musicbrainz,artist,2018
walker hayes,walker hayes,walker hayes,walker hayes,Walker Hayes,7sKxqpSqbIzphAKAhrqvlf,country,spotify,artist,2022
wall of voodoo,wall of voodoo,wall of voodoo,wall of voodoo,Wall Of Voodoo,6zPcUezmkw9aGjoRlBxYxw,new wave;synthpop;post-punk,spotify,artist,1983
wallace brothers,wallace brothers,wallace brothers,wallace brothers,Wallace Brothers,6JhnmXfodVgNBJsRvLzX4w,,none,artist,1964
walter brennan,walter brennan,walter brennan,walter brennan,Walter Brennan,14VbTTVRZW6DtcaFU4cPO8,traditional country;classic country,spotify,artist,1962
walter brennan with billy vaughn and his orchestra,walter brennan with billy vaughn and his orchestra,walter brennan,walter brennan,Walter Brennan,14VbTTVRZW6DtcaFU4cPO8,traditional country;classic country,spotify,l2,1960
walter egan,walter egan,walter egan,walter egan,Walter Egan,3jaS8HCylkZ3YKhn5t20DU,yacht rock,spotify,artist,1983
walter jackson,walter jackson,walter jackson,walter jackson,Walter Jackson,300DU3Gt4Yatekj8pkWTXD,soul,musicbrainz,artist,1977
walter murphy,walter murphy,walter murphy,walter murphy,Walter Murphy,73JBR5s2PVvUjGu6tIqjqx,disco,spotify,artist,1982
walter murphy & the big apple band,walter murphy & the big apple band,walter murphy,walter murphy,Walter Murphy,73JBR5s2PVvUjGu6tIqjqx,disco,spotify,l2,1976
walter wanderley,walter wanderley,walter wanderley,walter wanderley,Walter Wanderley,1FKfMww5N8dkbyo2sp9nBA,bossa nova;brazilian jazz;exotica;latin jazz,spotify,artist,1966
wanda jackson,wanda jackson,wanda jackson,wanda jackson,Wanda Jackson,5ZKMPRDHc7qElVJFh3uRqB,rockabilly;psychobilly;rock and roll,spotify,artist,1962
wang chung,wang chung,wang chung,wang chung,Wang Chung,6Zh3xrWlA0SA9Fsfj9AVwm,new wave;synthpop,spotify,artist,1989
war,war,war,war,War,3ICyfoySNDZqtBVmaBT84I,psychedelic rock;rock;funk;classic pop and rock;2008 universal fire victim,musicbrainz,artist,1982
warrant,warrant,warrant,warrant,Warrant,7HLvzuM9p11k9lUQfSM4Rq,glam metal;glam rock,spotify,artist,1992
warren g,warren g,warren g,warren g,Warren G,2B4ZHz4QDWJTXPFPgO5peE,g-funk;west coast hip hop;old school hip hop;gangster rap,spotify,artist,1997
warren g & nate dogg,warren g & nate dogg,warren g,warren g,Warren G,2B4ZHz4QDWJTXPFPgO5peE,g-funk;west coast hip hop;old school hip hop;gangster rap,spotify,l2,1994
warren g featuring adina howard,warren g,warren g,warren g,Warren G,2B4ZHz4QDWJTXPFPgO5peE,g-funk;west coast hip hop;old school hip hop;gangster rap,spotify,l1,1997
warren g featuring mack 10,warren g,warren g,warren g,Warren G,2B4ZHz4QDWJTXPFPgO5peE,g-funk;west coast hip hop;old school hip hop;gangster rap,spotify,l1,1999
warren g featuring ronald isley,warren g,warren g,warren g,Warren G,2B4ZHz4QDWJTXPFPgO5peE,g-funk;west coast hip hop;old school hip hop;gangster rap,spotify,l1,1997
warren storm,warren storm,warren storm,warren storm,Warren Storm,5jDAOFds32yPxpwhahKIU0,cajun;zydeco,spotify,artist,1958
warren zeiders,warren zeiders,warren zeiders,warren zeiders,Warren Zeiders,7kplJl06UmldxLKseURAYi,country,spotify,artist,2024
warren zevon,warren zevon,warren zevon,warren zevon,Warren Zevon,3mY9Ii0cL5SQxpOTAm8SHx,singer-songwriter,spotify,artist,1980
was (not was),was,was,was,Was (Not Was),7Jmod60ZpPG0tckhY0Ls0p,electronic;pop;funk;soul;synth-pop,musicbrainz,artist,1989
waterfront,waterfront,waterfront,waterfront,Waterfront,6iEBHS8YyhRXGxmoei1xjp,hypnagogic pop;plunderphonics;chillwave;vaporwave;late nite lo-fi,musicbrainz,artist,1989
wax,wax,wax,wax,Wax,36kzCQhGfJzrLuZzrHweNV,pop;rock;80s;pop rock;classic pop and rock,musicbrainz,artist,1986
waylon,waylon,waylon,waylon,Waylon,5iuXjsXsTXs8lwmqzsF6dZ,nederpop;hollands,spotify,artist,1981
waylon & willie,waylon & willie,waylon,waylon,Waylon,5iuXjsXsTXs8lwmqzsF6dZ,nederpop;hollands,spotify,l2,1982
waylon jennings,waylon jennings,waylon jennings,waylon jennings,Waylon Jennings,7wCjDgV6nqBsHguQXPAaIM,outlaw country;classic country;country;honky tonk;traditional country,spotify,artist,1977
waylon jennings & the kimberlys,waylon jennings & the kimberlys,waylon jennings,waylon jennings,Waylon Jennings,7wCjDgV6nqBsHguQXPAaIM,outlaw country;classic country;country;honky tonk;traditional country,spotify,l2,1969
wayne fontana & the mindbenders,wayne fontana & the mindbenders,wayne fontana,wayne fontana,Wayne Fontana & The Mindbenders,2VkASgJ3IjpMHG5aYXx4t2,,none,artist,1965
wayne massey,wayne massey,wayne massey,wayne massey,Wayne Massey,6eDyFXIPWHYjdwu28scwYt,,none,artist,1980
wayne newton,wayne newton,wayne newton,wayne newton,Wayne Newton,5NX29TmuYrENlpvz6IgYMJ,adult standards;big band,spotify,artist,1980
wayne newton and the newton brothers,wayne newton and the newton brothers,wayne newton,wayne newton,Wayne Newton,5NX29TmuYrENlpvz6IgYMJ,adult standards;big band,spotify,l2,1963
wayne wonder,wayne wonder,wayne wonder,wayne wonder,Wayne Wonder,3kc5AFnL1TQQdNaMdSW2UO,dancehall;lovers rock;reggae;ragga;soca,spotify,artist,2003
we five,we five,we five,we five,We Five,4Bo8M7cEIsoinDhsXQ0iDu,2008 universal fire victim,musicbrainz,artist,1966
we the kings,we the kings,we the kings,we the kings,We The Kings,3ao3jf5d70Tf4fPh2bnXVl,pop punk,spotify,artist,2013
we the kings featuring demi lovato,we the kings,we the kings,we the kings,We The Kings,3ao3jf5d70Tf4fPh2bnXVl,pop punk,spotify,l1,2010
webb pierce,webb pierce,webb pierce,webb pierce,Webb Pierce,1ARZrF9nU4zgdDHuBIfqMq,classic country;honky tonk;traditional country;rockabilly,spotify,artist,1960
webbie featuring bun b,webbie,webbie,webbie,Webbie,6aIm51fHkokqlJn2vzNTH8,southern hip hop;crunk;new orleans bounce,spotify,l1,2005
webbie featuring lil' phat & lil' boosie,webbie,webbie,webbie,Webbie,6aIm51fHkokqlJn2vzNTH8,southern hip hop;crunk;new orleans bounce,spotify,l1,2008
webstar & young b featuring the voice of harlem,webstar & young b,webstar,webstar,WEBSTAR,1nxLRbAJZ09vXLpwLeHO3m,,none,l2,2007
wednesday,wednesday,wednesday,wednesday,Wednesday,4j7DrazfBZLLD0OrVoAtEe,alt country,spotify,artist,1974
weezer,weezer,weezer,weezer,Weezer,3jOstUTkEu2JkjvRdBA5Gu,alternative rock,spotify,artist,2018
wendy and lisa,wendy and lisa,wendy,wendy,WENDY,0FRUZvZNPzM3YJMABJxf2K,k-ballad,spotify,l2,1987
wendy moten,wendy moten,wendy moten,wendy moten,Wendy Moten,6X0dG1JElAP4z0ardgJGjY,smooth jazz,spotify,artist,1993
wendy waldman,wendy waldman,wendy waldman,wendy waldman,Wendy Waldman,7AzQ1gkIemfDdV8sze29zf,singer-songwriter,spotify,artist,1978
wes montgomery,wes montgomery,wes montgomery,wes montgomery,Wes Montgomery,03YhcM6fxypfwckPCQV8pQ,jazz;hard bop;cool jazz;jazz blues;bebop,spotify,artist,1968
west street mob,west street mob,west street mob,west street mob,West Street Mob,1DF9I8WTbKvhEifX7RwXbO,old school hip hop,spotify,artist,1982
westlife,westlife,westlife,westlife,Westlife,5Z1CCuBsyhEHngq3U5IraY,pop;irish;ballad;adult contemporary;boy band,musicbrainz,artist,2000
westside connection,westside connection,westside connection,westside connection,Westside Connection,3zNM2tRfTX6LI1lN2PlrTt,west coast hip hop;g-funk;gangster rap;old school hip hop,spotify,artist,1997
westside connection featuring nate dogg,westside connection,westside connection,westside connection,Westside Connection,3zNM2tRfTX6LI1lN2PlrTt,west coast hip hop;g-funk;gangster rap;old school hip hop,spotify,l1,2004
wet wet wet,wet wet wet,wet wet wet,wet wet wet,Wet Wet Wet,2u0gw0uCWBMiqV7h0N8kai,soft rock;blue-eyed soul;pop rock;pop;soul,musicbrainz,artist,1994
wet willie,wet willie,wet willie,wet willie,Wet Willie,6fzgnTv8gVkfFhA6V8Qdsh,southern rock;country rock,spotify,artist,1979
wham!,wham!,wham!,wham,Wham!,5lpH0xAS4fVfLkACg9DAuM,christmas,spotify,artist,2025
wham! featuring george michael,wham!,wham!,wham,Wham!,5lpH0xAS4fVfLkACg9DAuM,christmas,spotify,l1,2017
wham! u.k.,wham! u.k.,wham! u.k.,wham uk,,,,none,,1983
what is this,what is this,what is this,what is this,What Is This,4rUR211ABKYUHbXiMn6VQr,,none,artist,1985
whatnauts,whatnauts,whatnauts,whatnauts,,,,none,,1971
when in rome,when in rome,when in rome,when in rome,When In Rome,3jOO5nZ2XPmc232rNjzqJy,new wave;synthpop,spotify,artist,1989
whirlwind,whirlwind,whirlwind,whirlwind,Whirlwind,4zh5GnFS8goxvLnxFINgEM,,none,artist,1976
whistle,whistle,whistle,whistle,Whistle,4git3QqVfXNUA5z1FajHQw,old school hip hop;new jack swing,spotify,artist,1990
whistling jack smith,whistling jack smith,whistling jack smith,whistling jack smith,Whistling Jack Smith,6Yk2feUXXqt0cYTx8xd4Qo,,none,artist,1967
white lion,white lion,white lion,white lion,White Lion,3nLYJvqbEzs5kg2TlprxIG,glam metal;glam rock,spotify,artist,1989
white plains,white plains,white plains,white plains,White Plains,0xWTQw2TL6j7mHGOTltsEW,classic pop and rock,musicbrainz,artist,1970
white town,white town,white town,white town,White Town,1MPcILKoMCJym9KscdYxuM,electronic;pop;electronica;british;uk,musicbrainz,artist,1997
whitehead bros.,whitehead bros.,whitehead bros.,whitehead bros,Whitehead Bros.,5XxcRFYkSK8ERqQzJxMxQT,new jack swing,spotify,artist,1994
whitesnake,whitesnake,whitesnake,whitesnake,Whitesnake,3UbyYnvNIT5DFXU4WgiGpP,glam metal;glam rock;hard rock,spotify,artist,1990
whitney houston,whitney houston,whitney houston,whitney houston,Whitney Houston,6XpaIBNiVzIetEPCWDvAFP,contemporary r&b;pop;dance-pop;pop soul;easy listening,musicbrainz,artist,2012
whitney houston & cece winans,whitney houston & cece winans,whitney houston,whitney houston,Whitney Houston,6XpaIBNiVzIetEPCWDvAFP,contemporary r&b;pop;dance-pop;pop soul;easy listening,musicbrainz,l2,1996
whitney houston & deborah cox,whitney houston & deborah cox,whitney houston,whitney houston,Whitney Houston,6XpaIBNiVzIetEPCWDvAFP,contemporary r&b;pop;dance-pop;pop soul;easy listening,musicbrainz,l2,2000
whitney houston & enrique iglesias,whitney houston & enrique iglesias,whitney houston,whitney houston,Whitney Houston,6XpaIBNiVzIetEPCWDvAFP,contemporary r&b;pop;dance-pop;pop soul;easy listening,musicbrainz,l2,2000
whitney houston & mariah carey,whitney houston & mariah carey,whitney houston,whitney houston,Whitney Houston,6XpaIBNiVzIetEPCWDvAFP,contemporary r&b;pop;dance-pop;pop soul;easy listening,musicbrainz,l2,1999
whitney houston feat. faith evans & kelly price,whitney houston,whitney houston,whitney houston,Whitney Houston,6XpaIBNiVzIetEPCWDvAFP,contemporary r&b;pop;dance-pop;pop soul;easy listening,musicbrainz,l1,1999
who is fancy,who is fancy,who is fancy,who is fancy,Who Is Fancy,5QSx2vpiSchSeCwc0qmfNI,,none,artist,2015
whoheem,whoheem,whoheem,whoheem,WhoHeem,5KYEMMz9O9iLIESifKAEOp,,none,artist,2020
whodini,whodini,whodini,whodini,Whodini,4dBOV77d0Fy9KcTZkieXcu,old school hip hop;east coast hip hop,spotify,artist,1985
why don't we,why don't we,why don't we,why dont we,,,pop;future pop;boy band;rising pop,musicbrainz,,2020
wilbert harrison,wilbert harrison,wilbert harrison,wilbert harrison,Wilbert Harrison,7rETVFaF9VOFPmmzsY3kO6,doo-wop;rockabilly,spotify,artist,1971
wild blue,wild blue,wild blue,wild blue,Wild Blue,3h8on0cdJq45RlzknGngxo,,none,artist,1986
wild cherry,wild cherry,wild cherry,wild cherry,Wild Cherry,4apX9tIeHb85yPyy4F6FJG,funk;funk rock,spotify,artist,1978
wild orchid,wild orchid,wild orchid,wild orchid,Wild Orchid,5ti4oVLdVXncNeAWPKpJLz,,none,artist,1997
wildfire,wildfire,wildfire,wildfire,Wildfire,2MpWzHkDIlKOZQ8rHKeOsJ,,none,artist,1977
will champlin,will champlin,will champlin,will champlin,Will Champlin,2kM1LxD0AhAE5GULSYRQSa,pop rock;contemporary r&b;pop,musicbrainz,artist,2013
will smith,will smith,will smith,will smith,Will Smith,41qil2VaGbD194gaEcmmyx,hip hop;pop rap;east coast hip hop;boom bap;contemporary r&b,musicbrainz,artist,2005
will smith featuring dru hill & kool mo dee,will smith,will smith,will smith,Will Smith,41qil2VaGbD194gaEcmmyx,hip hop;pop rap;east coast hip hop;boom bap;contemporary r&b,musicbrainz,l1,1999
will smith featuring k-ci,will smith,will smith,will smith,Will Smith,41qil2VaGbD194gaEcmmyx,hip hop;pop rap;east coast hip hop;boom bap;contemporary r&b,musicbrainz,l1,2000
will smith featuring tra-knox,will smith,will smith,will smith,Will Smith,41qil2VaGbD194gaEcmmyx,hip hop;pop rap;east coast hip hop;boom bap;contemporary r&b,musicbrainz,l1,2002
will young,will young,will young,will young,Will Young,2U6gqwyl9F33YxawnFrZG7,pop;queer;wip;pop idol;uk,musicbrainz,artist,2010
will to power,will to power,will to power,will to power,Will To Power,63I04Kj1gXC1LLSVcrOzLN,funk melody;freestyle;miami bass,spotify,artist,1991
willa ford,willa ford,willa ford,willa ford,Willa Ford,0kuEP1E9k3WBEwMKwEmp9u,pop,musicbrainz,artist,2001
willi one blood,willi one blood,willi one blood,willi one blood,Willi One Blood,7qJk4VThdqJsJEx2Bm3vuh,,none,artist,1995
william bell,william bell,william bell,william bell,William Bell,0mFoqJiNDtYntypvy6roGR,classic soul;northern soul;soul,spotify,artist,1977
william devaughn,william devaughn,william devaughn,william devaughn,William DeVaughn,1l51Sc9HBh8fLXUDEjFhxU,classic soul;philly soul,spotify,artist,1974
william michael morgan,william michael morgan,william michael morgan,william michael morgan,William Michael Morgan,03tfKFHhDoDqF73vCI3cxn,country;traditional country,spotify,artist,2016
willie henderson,willie henderson,willie henderson,willie henderson,Willie Henderson,3W7NhfglFlnKRRMfakixbT,,none,artist,1974
willie henderson and the soul explosions,willie henderson and the soul explosions,willie henderson,willie henderson,Willie Henderson,3W7NhfglFlnKRRMfakixbT,,none,l2,1970
willie hutch,willie hutch,willie hutch,willie hutch,Willie Hutch,5w834ZosnqiBBV8xXCi3oD,northern soul;classic soul,spotify,artist,1975
willie max featuring raphael saadiq,willie max,willie max,willie max,Willie Max,3R5Juq0tLTVtorKA6EmkFQ,quiet storm;contemporary r&b,spotify,l1,1999
willie mitchell,willie mitchell,willie mitchell,willie mitchell,Willie Mitchell,3EkURHRbSZWjatYLo36NMS,northern soul;classic soul,spotify,artist,1969
willie nelson,willie nelson,willie nelson,willie nelson,Willie Nelson,5W5bDNCqJ1jbCgTxDD0Cb3,outlaw country;classic country;country;traditional country;honky tonk,spotify,artist,2006
willie tee,willie tee,willie tee,willie tee,Willie Tee,0J4hhNPKGkF96BvCakh2Ab,northern soul;cajun;zydeco,spotify,artist,1965
"willis ""the guard"" & vigorish","willis ""the guard"" & vigorish","willis ""the guard""",willis the guard,,,,none,,1981
willow,willow,willow,willow,Willow,4YH3yvWJyMhJdmZTumulrb,punk rock;nepo baby,musicbrainz,artist,2011
willow featuring travis barker,willow,willow,willow,Willow,4YH3yvWJyMhJdmZTumulrb,punk rock;nepo baby,musicbrainz,l1,2021
willy alberti,willy alberti,willy alberti,willy alberti,Willy Alberti,4V3RSGZYyjAoaDrZqPmzUM,hollands;nederpop,spotify,artist,1960
wilmer and the dukes,wilmer and the dukes,wilmer,wilmer,WILMER,750aDsIbYuRptpatJwof39,,none,l2,1968
wilson bros.,wilson bros.,wilson bros.,wilson bros,,,,none,,1979
wilson phillips,wilson phillips,wilson phillips,wilson phillips,Wilson Phillips,1yMYjh77WgOVafRkI50mim,pop;soft rock;adult contemporary;pop rock;american,musicbrainz,artist,1992
wilson pickett,wilson pickett,wilson pickett,wilson pickett,Wilson Pickett,0N5PyKJzS3M1XNlaCL7bbE,motown;classic soul;soul;northern soul,spotify,artist,1973
wilton place street band,wilton place street band,wilton place street band,wilton place street band,,,,none,,1977
wind,wind,wind,wind,,,funk;soul;disco;r&b;jazz,musicbrainz,,1969
winger,winger,winger,winger,Winger,2qQeKHrQJHLLbvDAOSO874,glam metal;glam rock;aor;hard rock;arena rock,spotify,artist,1991
wings,wings,wings,wings,Wings,7c5278WShlxTk3vS9XoTf8,malay;malaysian pop;malay pop,spotify,artist,1979
wink martindale,wink martindale,wink martindale,wink martindale,Wink Martindale,1X5ZSwlYraWjWqjkkhJjdg,adult standards,spotify,artist,1961
wisin & yandel,wisin & yandel,wisin,wisin,Wisin & Yandel,1wZtkThiXbVNtj6hee6dz9,reggaeton;urbano latino,spotify,artist,2007
wisin featuring jennifer lopez & ricky martin,wisin,wisin,wisin,Wisin,3E6xrwgnVfYCrCs0ePERDz,reggaeton;latin,spotify,l1,2014
wisin featuring ozuna,wisin,wisin,wisin,Wisin,3E6xrwgnVfYCrCs0ePERDz,reggaeton;latin,spotify,l1,2017
witch queen,witch queen,witch queen,witch queen,Witch Queen,74iLRrAnxEq3FXrYhw57vQ,disco,spotify,artist,1979
wiz khalifa,wiz khalifa,wiz khalifa,wiz khalifa,Wiz Khalifa,137W8MRPWKqSmrBGDBFSop,rap,spotify,artist,2014
wiz khalifa & iggy azalea,wiz khalifa & iggy azalea,wiz khalifa,wiz khalifa,Wiz Khalifa,137W8MRPWKqSmrBGDBFSop,rap,spotify,l2,2015
wiz khalifa featuring akon,wiz khalifa,wiz khalifa,wiz khalifa,Wiz Khalifa,137W8MRPWKqSmrBGDBFSop,rap,spotify,l1,2012
wiz khalifa featuring charlie puth,wiz khalifa,wiz khalifa,wiz khalifa,Wiz Khalifa,137W8MRPWKqSmrBGDBFSop,rap,spotify,l1,2016
wiz khalifa featuring lil skies,wiz khalifa,wiz khalifa,wiz khalifa,Wiz Khalifa,137W8MRPWKqSmrBGDBFSop,rap,spotify,l1,2018
wiz khalifa featuring rae sremmurd,wiz khalifa,wiz khalifa,wiz khalifa,Wiz Khalifa,137W8MRPWKqSmrBGDBFSop,rap,spotify,l1,2015
wiz khalifa featuring snoop dogg & ty dolla $ign,wiz khalifa,wiz khalifa,wiz khalifa,Wiz Khalifa,137W8MRPWKqSmrBGDBFSop,rap,spotify,l1,2014
wiz khalifa featuring swae lee,wiz khalifa,wiz khalifa,wiz khalifa,Wiz Khalifa,137W8MRPWKqSmrBGDBFSop,rap,spotify,l1,2018
wiz khalifa featuring the weeknd,wiz khalifa,wiz khalifa,wiz khalifa,Wiz Khalifa,137W8MRPWKqSmrBGDBFSop,rap,spotify,l1,2013
wiz khalifa featuring too $hort,wiz khalifa,wiz khalifa,wiz khalifa,Wiz Khalifa,137W8MRPWKqSmrBGDBFSop,rap,spotify,l1,2011
wiz khalifa featuring travi$ scott,wiz khalifa,wiz khalifa,wiz khalifa,Wiz Khalifa,137W8MRPWKqSmrBGDBFSop,rap,spotify,l1,2016
wiz khalifa featuring ty dolla $ign,wiz khalifa,wiz khalifa,wiz khalifa,Wiz Khalifa,137W8MRPWKqSmrBGDBFSop,rap,spotify,l1,2017
wizkid featuring justin bieber & tems,wizkid,wizkid,wizkid,Wizkid,3tVQdUvClmAT7URs9V3rsp,afrobeats;afrobeat;afropop;azonto;afroswing,spotify,l1,2022
wolf,wolf,wolf,wolf,,,hörspiel;german;has german audio plays;audio drama,musicbrainz,,1983
wonder girls,wonder girls,wonder girls,wonder girls,Wonder Girls,3Cv2vi3WTl8VZOTdrBkKdM,k-pop,spotify,artist,2009
world party,world party,world party,world party,World Party,0THUMJMWUd5L8os9K6O4FE,alternative rock;london;indie rock;pop rock;england,musicbrainz,artist,1987
wreckx-n-effect,wreckx-n-effect,wreckx-n-effect,wreckxneffect,Wreckx-N-Effect,6lLYZf9GpSq6Pf09g2N2xK,new jack swing,spotify,artist,1993
wu-tang clan,wu-tang clan,wu-tang clan,wutang clan,Wu-Tang Clan,34EP7KEpOjXcM2TCat1ISk,east coast hip hop;old school hip hop;hip hop;gangster rap;hardcore hip hop,spotify,artist,1994
wyatt (earp) mcpherson,wyatt,wyatt,wyatt,WYATT,6mBJScOnNxP0MjgHlKi6Gw,progressive rock;art rock;canterbury scene;rock;avant-prog,musicbrainz,l1,1961
wyclef jean,wyclef jean,wyclef jean,wyclef jean,Wyclef Jean,7aBzpmFXB4WWpPl2F7RjBe,hip hop;r&b;reggae;classic pop and rock;hip hop rnb and dance hall,musicbrainz,artist,1998
"wyclef jean featuring akon, lil wayne & niia",wyclef jean,wyclef jean,wyclef jean,Wyclef Jean,7aBzpmFXB4WWpPl2F7RjBe,hip hop;r&b;reggae;classic pop and rock;hip hop rnb and dance hall,musicbrainz,l1,2008
wyclef jean featuring claudette ortiz,wyclef jean,wyclef jean,wyclef jean,Wyclef Jean,7aBzpmFXB4WWpPl2F7RjBe,hip hop;r&b;reggae;classic pop and rock;hip hop rnb and dance hall,musicbrainz,l1,2002
wyclef jean featuring mary j. blige,wyclef jean,wyclef jean,wyclef jean,Wyclef Jean,7aBzpmFXB4WWpPl2F7RjBe,hip hop;r&b;reggae;classic pop and rock;hip hop rnb and dance hall,musicbrainz,l1,2001
wyclef jean featuring missy elliott,wyclef jean,wyclef jean,wyclef jean,Wyclef Jean,7aBzpmFXB4WWpPl2F7RjBe,hip hop;r&b;reggae;classic pop and rock;hip hop rnb and dance hall,musicbrainz,l1,2003
wyclef jean featuring queen pen & the product,wyclef jean,wyclef jean,wyclef jean,Wyclef Jean,7aBzpmFXB4WWpPl2F7RjBe,hip hop;r&b;reggae;classic pop and rock;hip hop rnb and dance hall,musicbrainz,l1,1998
wyclef jean featuring refugee allstars,wyclef jean,wyclef jean,wyclef jean,Wyclef Jean,7aBzpmFXB4WWpPl2F7RjBe,hip hop;r&b;reggae;classic pop and rock;hip hop rnb and dance hall,musicbrainz,l1,1997
wynonna,wynonna,wynonna,wynonna,Wynonna,4yiXkMbxDIZ3jgEG89NSC1,country;american;adult contemporary;country pop;contemporary country,musicbrainz,artist,2003
x ambassadors,x ambassadors,,,X Ambassadors,3NPpFNZtSTHheNBaWC82rB,alternative rock;pop rock;folk pop,musicbrainz,artist,2017
x-ecutioners,x-ecutioners,,,X-Ecutioners,7eVbT3G1ggf2sz6s7ZV0Ap,rap metal;rap rock,spotify,artist,2002
xtc,xtc,xtc,xtc,XTC,2qT62DYO8Ajb276vUJmvhz,new wave;power pop;post-punk,spotify,artist,1989
xxxtentacion,xxxtentacion,xxxtentacion,xxxtentacion,XXXTENTACION,15UsOTVnJzReFVN1VCnxy4,emo rap,spotify,artist,2022
xxxtentacion featuring joey bada$$,xxxtentacion,xxxtentacion,xxxtentacion,XXXTENTACION,15UsOTVnJzReFVN1VCnxy4,emo rap,spotify,l1,2018
xxxtentacion featuring kanye west & travis barker,xxxtentacion,xxxtentacion,xxxtentacion,XXXTENTACION,15UsOTVnJzReFVN1VCnxy4,emo rap,spotify,l1,2018
xxxtentacion featuring pnb rock & trippie redd,xxxtentacion,xxxtentacion,xxxtentacion,XXXTENTACION,15UsOTVnJzReFVN1VCnxy4,emo rap,spotify,l1,2019
xxxtentacion featuring trippie redd,xxxtentacion,xxxtentacion,xxxtentacion,XXXTENTACION,15UsOTVnJzReFVN1VCnxy4,emo rap,spotify,l1,2018
xxxtentacion x lil pump featuring maluma & swae lee,xxxtentacion x lil pump,xxxtentacion,xxxtentacion,XXXTENTACION,15UsOTVnJzReFVN1VCnxy4,emo rap,spotify,l2,2019
xavi,xavi,xavi,xavi,Xavi,0ZCbxUPZReHqmDsGmiRvL1,german pop,spotify,artist,2024
xenia,xenia,xenia,xenia,Xenia,7ktfHO2lbbitMfLG2n7VHo,dark r&b,spotify,artist,2011
xscape,xscape,xscape,xscape,Xscape,5z2cHsOmmmWcAPNG1oEhw0,r&b;quiet storm,spotify,artist,1999
xscape featuring mc lyte,xscape,xscape,xscape,Xscape,5z2cHsOmmmWcAPNG1oEhw0,r&b;quiet storm,spotify,l1,1996
xymox,xymox,xymox,xymox,Xymox,6nEKCB6Tnx50oRpux37eRE,gothic rock;darkwave;4ad;dark wave;dutch,musicbrainz,artist,1990
xzibit,xzibit,xzibit,xzibit,Xzibit,4tujQJicOnuZRLiBFdp3Ou,west coast hip hop;gangster rap;g-funk;old school hip hop;hardcore hip hop,spotify,artist,2001
xzibit featuring keri hilson,xzibit,xzibit,xzibit,Xzibit,4tujQJicOnuZRLiBFdp3Ou,west coast hip hop;gangster rap;g-funk;old school hip hop;hardcore hip hop,spotify,l1,2004
y&t,y&t,y,y,,,hard rock;glam metal;rock;sillyname;heavy metal,musicbrainz,,1985
y2k & bbno$,y2k & bbno$,y2k,y2k,Y2K,6USMTwO0MNDnKte5a5h0xx,trap,musicbrainz,l2,2019
ybn nahmir,ybn nahmir,ybn nahmir,ybn nahmir,YBN Nahmir,3gGUMEwIX6XodWsYEvKSal,hip hop;gangsta rap;trap;southern hip hop;ybn nahmir,musicbrainz,artist,2018
ybn nahmir featuring 21 savage,ybn nahmir,ybn nahmir,ybn nahmir,YBN Nahmir,3gGUMEwIX6XodWsYEvKSal,hip hop;gangsta rap;trap;southern hip hop;ybn nahmir,musicbrainz,l1,2021
yc featuring future,yc,yc,yc,Yc,2F0M1eZ2BZFNFPCq3eKCtA,german hip hop,spotify,l1,2011
yg,yg,yg,yg,,,hip hop;west coast hip hop;ratchet music;yg;drake,musicbrainz,,2022
"yg featuring 2 chainz, big sean & nicki minaj",yg,yg,yg,,,,none,,2018
yg featuring a$ap rocky,yg,yg,yg,,,,none,,2018
yg featuring drake,yg,yg,yg,,,,none,,2014
yg featuring drake & kamaiyah,yg,yg,yg,,,,none,,2016
yg featuring j. cole & moneybagg yo,yg,yg,yg,,,,none,,2022
yg featuring jeezy & rich homie quan,yg,yg,yg,,,,none,,2014
"yg featuring tyga, snoop dogg & nipsey hussle",yg,yg,yg,,,,none,,2012
yg marley,yg marley,yg marley,yg marley,YG Marley,0n4Fao9kbjgM76RmVlfSwr,reggae,spotify,artist,2024
"yg, tyga & jon z","yg, tyga & jon z",yg,yg,,,,none,,2019
yk osiris,yk osiris,yk osiris,yk osiris,YK Osiris,7meyrw7Or5DwteYxDJrkCM,,none,artist,2019
ynw melly,ynw melly,ynw melly,ynw melly,YNW Melly,1cNDP5yjU5vjeR8qMf4grg,melodic rap,spotify,artist,2019
ynw melly & 9lokknine,ynw melly & 9lokknine,ynw melly,ynw melly,YNW Melly,1cNDP5yjU5vjeR8qMf4grg,melodic rap,spotify,l2,2020
ynw melly & juice wrld,ynw melly & juice wrld,ynw melly,ynw melly,YNW Melly,1cNDP5yjU5vjeR8qMf4grg,melodic rap,spotify,l2,2020
ynw melly featuring kanye west,ynw melly,ynw melly,ynw melly,YNW Melly,1cNDP5yjU5vjeR8qMf4grg,melodic rap,spotify,l1,2019
ynw melly featuring lil uzi vert,ynw melly,ynw melly,ynw melly,YNW Melly,1cNDP5yjU5vjeR8qMf4grg,melodic rap,spotify,l1,2021
yael naim,yael naim,yael naim,yael naim,Yael Naim,32aFdXARUiqP81SXqIPD4w,singer-songwriter;rock and indie;indie folk;israeli composer;alternative rock,musicbrainz,artist,2008
yahritza y su esencia,yahritza y su esencia,yahritza y su esencia,yahritza y su esencia,Yahritza Y Su Esencia,51ZSh80McCt7vbqHouzW0A,sad sierreño;música mexicana;banda;corridos tumbados;corrido,spotify,artist,2022
yahritza y su esencia x grupo frontera,yahritza y su esencia x grupo frontera,yahritza y su esencia,yahritza y su esencia,Yahritza Y Su Esencia,51ZSh80McCt7vbqHouzW0A,sad sierreño;música mexicana;banda;corridos tumbados;corrido,spotify,l2,2023
yaki-da,yaki-da,yaki-da,yakida,Yaki-Da,7w0R7VSnfEFNXmgxst5iYg,eurodance,spotify,artist,1995
yandel & feid,yandel & feid,yandel,yandel,Yandel,0eHQ9o50hj6ZDNBt6Ys1sD,reggaeton;urbano latino;latin,spotify,l2,2023
yankee grey,yankee grey,yankee grey,yankee grey,Yankee Grey,3dEmtnoOnNNor8HDMq8THn,,none,artist,2000
yarbrough & peoples,yarbrough & peoples,yarbrough,yarbrough,Yarbrough & Peoples,0rJcrQfLLtWSJAKbZPk6NV,post-disco;funk,spotify,artist,1986
yasmeen featuring ghostface killah,yasmeen,yasmeen,yasmeen,Yasmeen,4WfFd2patsWYCoh3POfGAl,,none,l1,2002
yasmin,yasmin,yasmin,yasmin,Yasmin,5KEjVMaEdZ1tHgaAIkZCVp,dj;uk;singer,musicbrainz,artist,1991
yaz,yaz,yaz,yaz,YAZ,6VvnLfGL8XDQomLEa91WPk,breakcore,spotify,artist,1982
yazoo,yazoo,yazoo,yazoo,Yazoo,1G1mX30GpUJqOr1QU2eBSs,synthpop;new wave,spotify,artist,1983
yazz and the plastic population,yazz and the plastic population,yazz,yazz,Yazz,1K8bWL1GnTW0b51YZOEANS,house;dance-pop;pop;new romantic;new wave pop,musicbrainz,l2,1988
yeah yeah yeahs,yeah yeah yeahs,yeah yeah yeahs,yeah yeah yeahs,Yeah Yeah Yeahs,3TNt4aUIxgfy9aoaft5Jj2,indie rock,spotify,artist,2006
yeat,yeat,yeat,yeat,Yeat,3qiHUAX7zY4Qnjx8TNUzVx,rage rap,spotify,artist,2024
yeat featuring lil uzi vert,yeat,yeat,yeat,Yeat,3qiHUAX7zY4Qnjx8TNUzVx,rage rap,spotify,l1,2022
yeat featuring youngboy never broke again,yeat,yeat,yeat,Yeat,3qiHUAX7zY4Qnjx8TNUzVx,rage rap,spotify,l1,2023
yella beezy,yella beezy,yella beezy,yella beezy,Yella Beezy,7kwCkEJ384PWm0UQW3hxjS,hip hop,musicbrainz,artist,2018
"yella beezy, gucci mane & quavo","yella beezy, gucci mane & quavo",yella beezy,yella beezy,Yella Beezy,7kwCkEJ384PWm0UQW3hxjS,hip hop,musicbrainz,l2,2019
yello,yello,yello,yello,Yello,3xgj17ZsWxxU86S4qlWvOi,synthpop,spotify,artist,1987
yellow magic orchestra,yellow magic orchestra,yellow magic orchestra,yellow magic orchestra,YELLOW MAGIC ORCHESTRA,2JIf5JxI3ypOSfrfNIIMQE,synthpop;city pop;shibuya-kei;kayokyoku,spotify,artist,1980
yellowcard,yellowcard,yellowcard,yellowcard,Yellowcard,3zxKH0qp3nBCuPZCZT5Vaf,pop punk;punk;emo,spotify,artist,2011
yes,yes,yes,yes,Yes,7AC976RDJzL2asmZuz7qil,progressive rock;art rock;aor,spotify,artist,1991
yfn lucci,yfn lucci,yfn lucci,yfn lucci,YFN Lucci,5Berubt6ysOy2LCMyqhmXP,,none,artist,2020
yfn lucci featuring migos & trouble,yfn lucci,yfn lucci,yfn lucci,YFN Lucci,5Berubt6ysOy2LCMyqhmXP,,none,l1,2017
yfn lucci featuring pnb rock,yfn lucci,yfn lucci,yfn lucci,YFN Lucci,5Berubt6ysOy2LCMyqhmXP,,none,l1,2017
ying yang twins,ying yang twins,ying yang twins,ying yang twins,Ying Yang Twins,44PA0rCQXikgOWbfY7Fq7m,crunk;southern hip hop,spotify,artist,2005
ying yang twins featuring lil jon & the east side boyz,ying yang twins,ying yang twins,ying yang twins,Ying Yang Twins,44PA0rCQXikgOWbfY7Fq7m,crunk;southern hip hop,spotify,l1,2004
ying yang twins featuring mike jones & mr. collipark,ying yang twins,ying yang twins,ying yang twins,Ying Yang Twins,44PA0rCQXikgOWbfY7Fq7m,crunk;southern hip hop,spotify,l1,2005
ying yang twins featuring pitbull,ying yang twins,ying yang twins,ying yang twins,Ying Yang Twins,44PA0rCQXikgOWbfY7Fq7m,crunk;southern hip hop,spotify,l1,2006
ying yang twins featuring trick daddy,ying yang twins,ying yang twins,ying yang twins,Ying Yang Twins,44PA0rCQXikgOWbfY7Fq7m,crunk;southern hip hop,spotify,l1,2004
ying yang twins featuring wyclef,ying yang twins,ying yang twins,ying yang twins,Ying Yang Twins,44PA0rCQXikgOWbfY7Fq7m,crunk;southern hip hop,spotify,l1,2006
yipes!!,yipes!!,yipes!!,yipes,Yipes,7i606g9GJlS9zwoiafQ9di,,none,l3,1980
ylvis,ylvis,ylvis,ylvis,Ylvis,2lEOFtf3cCyzomQcMHJGfZ,comedy,musicbrainz,artist,2014
yng lvcas x peso pluma,yng lvcas x peso pluma,yng lvcas,yng lvcas,Yng Lvcas,1NNRWkhwmcXRimFYSBpB1y,reggaeton mexa;reggaeton;electro corridos;dembow belico,spotify,l2,2023
yo gotti,yo gotti,yo gotti,yo gotti,Yo Gotti,6Ha4aES39QiVjR0L2lwuwq,southern hip hop,spotify,artist,2018
yo gotti featuring e-40,yo gotti,yo gotti,yo gotti,Yo Gotti,6Ha4aES39QiVjR0L2lwuwq,southern hip hop,spotify,l1,2016
yo gotti featuring jeezy & yg,yo gotti,yo gotti,yo gotti,Yo Gotti,6Ha4aES39QiVjR0L2lwuwq,southern hip hop,spotify,l1,2013
yo gotti featuring lil baby,yo gotti,yo gotti,yo gotti,Yo Gotti,6Ha4aES39QiVjR0L2lwuwq,southern hip hop,spotify,l1,2019
yo gotti featuring lil wayne,yo gotti,yo gotti,yo gotti,Yo Gotti,6Ha4aES39QiVjR0L2lwuwq,southern hip hop,spotify,l1,2010
yo gotti featuring nicki minaj,yo gotti,yo gotti,yo gotti,Yo Gotti,6Ha4aES39QiVjR0L2lwuwq,southern hip hop,spotify,l1,2017
yo-yo,yo-yo,yo-yo,yoyo,Yoyo,6xJlRyCFhoDonLQvc4KFlE,,none,l3,1993
yo-yo featuring ice cube,yo-yo,yo-yo,yoyo,Yoyo,6xJlRyCFhoDonLQvc4KFlE,,none,l3,1991
yoko ono,yoko ono,yoko ono,yoko ono,Yoko Ono,2s4tjL6W3qrblOe0raIzwJ,christmas,spotify,artist,1981
yolanda adams,yolanda adams,yolanda adams,yolanda adams,Yolanda Adams,47opbYEKDjXnRk9uLscp11,gospel;gospel r&b,spotify,artist,2001
yolanda be cool & dcup,yolanda be cool & dcup,yolanda be cool,yolanda be cool,Yolanda Be Cool,4KkHjCe8ouh8C2P9LPoD4F,dance,musicbrainz,l2,2011
young and restless,young and restless,young,young,Young and Restless,0gUYUWF7eKFA4jgSqbcZEL,,none,artist,1990
young black teenagers,young black teenagers,young black teenagers,young black teenagers,Young Black Teenagers,4JGRL8a7h6Cv7hNqbkyloW,hip hop;2008 universal fire victim,musicbrainz,artist,1993
young buck,young buck,young buck,young buck,Young Buck,4pr7J7wzgObkE3DD3Izi7q,southern hip hop;crunk,spotify,artist,2007
young dro featuring t.i.,young dro,young dro,young dro,Young Dro,3ZooCJzNMTLpmJaIRUEorI,southern hip hop;crunk,spotify,l1,2006
young greatness,young greatness,young greatness,young greatness,Young Greatness,6eUSUma6IbsuvfAs9c0Kti,hip hop,musicbrainz,artist,2016
young gunz,young gunz,young gunz,young gunz,Young Gunz,2sBv30RzdeMVPoBXbzjIo5,american;hip hop;hip-hop;rap,musicbrainz,artist,2003
young gunz featuring rell,young gunz,young gunz,young gunz,Young Gunz,2sBv30RzdeMVPoBXbzjIo5,american;hip hop;hip-hop;rap,musicbrainz,l1,2004
young hearts,young hearts,young hearts,young hearts,Young Hearts,2VRwBpdhnLsYIzpfsYWhDP,,none,artist,1968
young jeezy,young jeezy,young jeezy,young jeezy,Young Jeezy,63m6fmAE3Onl97IPQyZrSn,,none,artist,2007
young jeezy featuring 2 chainz,young jeezy,young jeezy,young jeezy,Young Jeezy,63m6fmAE3Onl97IPQyZrSn,,none,l1,2013
young jeezy featuring akon,young jeezy,young jeezy,young jeezy,Young Jeezy,63m6fmAE3Onl97IPQyZrSn,,none,l1,2006
young jeezy featuring jay-z & andre 3000,young jeezy,young jeezy,young jeezy,Young Jeezy,63m6fmAE3Onl97IPQyZrSn,,none,l1,2012
young jeezy featuring kanye west,young jeezy,young jeezy,young jeezy,Young Jeezy,63m6fmAE3Onl97IPQyZrSn,,none,l1,2008
young jeezy featuring lil wayne,young jeezy,young jeezy,young jeezy,Young Jeezy,63m6fmAE3Onl97IPQyZrSn,,none,l1,2011
young jeezy featuring mannie fresh,young jeezy,young jeezy,young jeezy,Young Jeezy,63m6fmAE3Onl97IPQyZrSn,,none,l1,2005
young jeezy featuring nas,young jeezy,young jeezy,young jeezy,Young Jeezy,63m6fmAE3Onl97IPQyZrSn,,none,l1,2009
young jeezy featuring ne-yo,young jeezy,young jeezy,young jeezy,Young Jeezy,63m6fmAE3Onl97IPQyZrSn,,none,l1,2012
young jeezy featuring plies,young jeezy,young jeezy,young jeezy,Young Jeezy,63m6fmAE3Onl97IPQyZrSn,,none,l1,2010
young jeezy featuring r. kelly,young jeezy,young jeezy,young jeezy,Young Jeezy,63m6fmAE3Onl97IPQyZrSn,,none,l1,2007
young m.a,young m.a,young m.a,young ma,Young M.A,7LvoDJUNGnOrPdGRzVtOJ9,"gangsta rap;hip hop;i have to give you up "" young m. a. "" love your rap is dope !;underground hip hop",musicbrainz,artist,2017
young m.c.,young m.c.,young m.c.,young mc,Young MC,5n30a5V4ftXNMHCHChmK2h,hip hop;rock and indie,musicbrainz,l3,1991
young money,young money,young money,young money,Young Money,2r5ldpsYFJuVI8mQr08lAY,hip hop;rap,musicbrainz,artist,2010
young money featuring drake,young money,young money,young money,Young Money,2r5ldpsYFJuVI8mQr08lAY,hip hop;rap,musicbrainz,l1,2014
young money featuring gucci mane,young money,young money,young money,Young Money,2r5ldpsYFJuVI8mQr08lAY,hip hop;rap,musicbrainz,l1,2010
young money featuring lloyd,young money,young money,young money,Young Money,2r5ldpsYFJuVI8mQr08lAY,hip hop;rap,musicbrainz,l1,2010
young nudy featuring 21 savage,young nudy,young nudy,young nudy,Young Nudy,5yPzzu25VzEk8qrGTLIrE1,trap,musicbrainz,l1,2023
young t & bugsey featuring headie one,young t & bugsey,young t,young t,Young T & Bugsey,6M6XXCcO5gI68XpIlrUL3Z,afroswing;grime;uk grime,spotify,l1,2020
young thug,young thug,young thug,young thug,Young Thug,50co4Is1HCEo8bhOyUWKpn,rap;melodic rap;trap,spotify,artist,2025
young thug & gunna,young thug & gunna,young thug,young thug,Young Thug,50co4Is1HCEo8bhOyUWKpn,rap;melodic rap;trap,spotify,l2,2021
young thug & gunna featuring drake,young thug & gunna,young thug,young thug,Young Thug,50co4Is1HCEo8bhOyUWKpn,rap;melodic rap;trap,spotify,l2,2021
young thug & gunna featuring lil baby & ytb trench,young thug & gunna,young thug,young thug,Young Thug,50co4Is1HCEo8bhOyUWKpn,rap;melodic rap;trap,spotify,l2,2021
young thug & gunna featuring travis scott,young thug & gunna,young thug,young thug,Young Thug,50co4Is1HCEo8bhOyUWKpn,rap;melodic rap;trap,spotify,l2,2021
young thug & gunna featuring yak gotti & lil duke,young thug & gunna,young thug,young thug,Young Thug,50co4Is1HCEo8bhOyUWKpn,rap;melodic rap;trap,spotify,l2,2021
young thug and travis scott featuring quavo,young thug and travis scott,young thug,young thug,Young Thug,50co4Is1HCEo8bhOyUWKpn,rap;melodic rap;trap,spotify,l2,2017
young thug featuring 21 savage,young thug,young thug,young thug,Young Thug,50co4Is1HCEo8bhOyUWKpn,rap;melodic rap;trap,spotify,l1,2023
"young thug featuring 21 savage, travis scott & yak gotti",young thug,young thug,young thug,Young Thug,50co4Is1HCEo8bhOyUWKpn,rap;melodic rap;trap,spotify,l1,2023
young thug featuring drake,young thug,young thug,young thug,Young Thug,50co4Is1HCEo8bhOyUWKpn,rap;melodic rap;trap,spotify,l1,2023
young thug featuring future,young thug,young thug,young thug,Young Thug,50co4Is1HCEo8bhOyUWKpn,rap;melodic rap;trap,spotify,l1,2025
young thug featuring gunna,young thug,young thug,young thug,Young Thug,50co4Is1HCEo8bhOyUWKpn,rap;melodic rap;trap,spotify,l1,2020
young thug featuring gunna & lil baby,young thug,young thug,young thug,Young Thug,50co4Is1HCEo8bhOyUWKpn,rap;melodic rap;trap,spotify,l1,2018
young thug featuring lil baby,young thug,young thug,young thug,Young Thug,50co4Is1HCEo8bhOyUWKpn,rap;melodic rap;trap,spotify,l1,2019
young thug featuring lil uzi vert,young thug,young thug,young thug,Young Thug,50co4Is1HCEo8bhOyUWKpn,rap;melodic rap;trap,spotify,l1,2023
young thug featuring lil uzi vert & yung kayo,young thug,young thug,young thug,Young Thug,50co4Is1HCEo8bhOyUWKpn,rap;melodic rap;trap,spotify,l1,2021
young thug featuring machine gun kelly,young thug,young thug,young thug,Young Thug,50co4Is1HCEo8bhOyUWKpn,rap;melodic rap;trap,spotify,l1,2019
young thug featuring nicki minaj,young thug,young thug,young thug,Young Thug,50co4Is1HCEo8bhOyUWKpn,rap;melodic rap;trap,spotify,l1,2018
young thug featuring rowdy rebel,young thug,young thug,young thug,Young Thug,50co4Is1HCEo8bhOyUWKpn,rap;melodic rap;trap,spotify,l1,2021
young thug featuring travis scott,young thug,young thug,young thug,Young Thug,50co4Is1HCEo8bhOyUWKpn,rap;melodic rap;trap,spotify,l1,2023
young thug with drake & travis scott,young thug with drake & travis scott,young thug,young thug,Young Thug,50co4Is1HCEo8bhOyUWKpn,rap;melodic rap;trap,spotify,l2,2022
young thug with future & bslime,young thug with future & bslime,young thug,young thug,Young Thug,50co4Is1HCEo8bhOyUWKpn,rap;melodic rap;trap,spotify,l2,2021
young thug with j. cole & t-shyne,young thug with j. cole & t-shyne,young thug,young thug,Young Thug,50co4Is1HCEo8bhOyUWKpn,rap;melodic rap;trap,spotify,l2,2021
young thug with juice wrld,young thug with juice wrld,young thug,young thug,Young Thug,50co4Is1HCEo8bhOyUWKpn,rap;melodic rap;trap,spotify,l2,2021
young thug with post malone & a$ap rocky,young thug with post malone & a$ap rocky,young thug,young thug,Young Thug,50co4Is1HCEo8bhOyUWKpn,rap;melodic rap;trap,spotify,l2,2021
"young thug, j. cole & travis scott","young thug, j. cole & travis scott",young thug,young thug,Young Thug,50co4Is1HCEo8bhOyUWKpn,rap;melodic rap;trap,spotify,l2,2019
young the giant,young the giant,young the giant,young the giant,Young the Giant,4j56EQDQu5XnL7R3E9iFJT,indie rock;pop rock;indie pop;apartment,musicbrainz,artist,2012
young-holt unlimited,young-holt unlimited,young-holt unlimited,youngholt unlimited,Young-Holt Unlimited,5r2DrmyTTiDTQaFz3tyX8W,jazz;soul jazz,musicbrainz,artist,1969
youngbloodz,youngbloodz,youngbloodz,youngbloodz,Youngbloodz,2OqENqJFXPORP4BUGnu2Qq,crunk;southern hip hop,spotify,artist,2006
youngbloodz featuring lil jon,youngbloodz,youngbloodz,youngbloodz,Youngbloodz,2OqENqJFXPORP4BUGnu2Qq,crunk;southern hip hop,spotify,l1,2004
youngboy never broke again,youngboy never broke again,youngboy never broke again,youngboy never broke again,YoungBoy Never Broke Again,6SBT1p8u5HrcS5lch2CqcS,hip hop;southern hip hop;trap;gangsta rap;pop rap,musicbrainz,artist,2025
youngboy never broke again & birdman,youngboy never broke again & birdman,youngboy never broke again,youngboy never broke again,YoungBoy Never Broke Again,6SBT1p8u5HrcS5lch2CqcS,hip hop;southern hip hop;trap;gangsta rap;pop rap,musicbrainz,l2,2022
youngboy never broke again & rod wave,youngboy never broke again & rod wave,youngboy never broke again,youngboy never broke again,YoungBoy Never Broke Again,6SBT1p8u5HrcS5lch2CqcS,hip hop;southern hip hop;trap;gangsta rap;pop rap,musicbrainz,l2,2023
youngboy never broke again featuring dababy,youngboy never broke again,youngboy never broke again,youngboy never broke again,YoungBoy Never Broke Again,6SBT1p8u5HrcS5lch2CqcS,hip hop;southern hip hop;trap;gangsta rap;pop rap,musicbrainz,l1,2020
youngboy never broke again featuring kevin gates & quando rondo,youngboy never broke again,youngboy never broke again,youngboy never broke again,YoungBoy Never Broke Again,6SBT1p8u5HrcS5lch2CqcS,hip hop;southern hip hop;trap;gangsta rap;pop rap,musicbrainz,l1,2018
youngboy never broke again featuring lil baby,youngboy never broke again,youngboy never broke again,youngboy never broke again,YoungBoy Never Broke Again,6SBT1p8u5HrcS5lch2CqcS,hip hop;southern hip hop;trap;gangsta rap;pop rap,musicbrainz,l1,2020
youngboy never broke again featuring lil wayne,youngboy never broke again,youngboy never broke again,youngboy never broke again,YoungBoy Never Broke Again,6SBT1p8u5HrcS5lch2CqcS,hip hop;southern hip hop;trap;gangsta rap;pop rap,musicbrainz,l1,2020
youngboy never broke again featuring nicki minaj,youngboy never broke again,youngboy never broke again,youngboy never broke again,YoungBoy Never Broke Again,6SBT1p8u5HrcS5lch2CqcS,hip hop;southern hip hop;trap;gangsta rap;pop rap,musicbrainz,l1,2023
youngboy never broke again featuring rod wave,youngboy never broke again,youngboy never broke again,youngboy never broke again,YoungBoy Never Broke Again,6SBT1p8u5HrcS5lch2CqcS,hip hop;southern hip hop;trap;gangsta rap;pop rap,musicbrainz,l1,2022
youngboy never broke again featuring sherhonda gaulden,youngboy never broke again,youngboy never broke again,youngboy never broke again,YoungBoy Never Broke Again,6SBT1p8u5HrcS5lch2CqcS,hip hop;southern hip hop;trap;gangsta rap;pop rap,musicbrainz,l1,2020
youngstown,youngstown,youngstown,youngstown,Youngstown,5762Bgu6QkiVu7KohR7KGj,,none,artist,1999
youssou n'dour & neneh cherry,youssou n'dour & neneh cherry,youssou n'dour,youssou ndour,,,,none,,1994
yung berg featuring casha,yung berg,yung berg,yung berg,Yung Berg,0BrPKSAeplwezYR1T2DF9s,,none,l1,2008
yung berg featuring junior,yung berg,yung berg,yung berg,Yung Berg,0BrPKSAeplwezYR1T2DF9s,,none,l1,2007
yung bleu & kehlani,yung bleu & kehlani,yung bleu,yung bleu,Yung Bleu,3KNIG74xSTc3dj0TRy7pGX,,none,l2,2022
yung bleu featuring drake,yung bleu,yung bleu,yung bleu,Yung Bleu,3KNIG74xSTc3dj0TRy7pGX,,none,l1,2021
"yung bleu, chris brown & 2 chainz","yung bleu, chris brown & 2 chainz",yung bleu,yung bleu,Yung Bleu,3KNIG74xSTc3dj0TRy7pGX,,none,l2,2022
yung gravy,yung gravy,yung gravy,yung gravy,Yung Gravy,2YOYua8FpudSEiB9s88IgQ,hip hop;pop rap;trap;comedy hip hop,musicbrainz,artist,2022
yung joc,yung joc,yung joc,yung joc,Yung Joc,23LbwefIODbyGdRbAz3urj,crunk;southern hip hop,spotify,artist,2006
yung joc featuring brandy 'ms. b.' hambrick,yung joc,yung joc,yung joc,Yung Joc,23LbwefIODbyGdRbAz3urj,crunk;southern hip hop,spotify,l1,2006
yung joc featuring gorilla zoe,yung joc,yung joc,yung joc,Yung Joc,23LbwefIODbyGdRbAz3urj,crunk;southern hip hop,spotify,l1,2007
yung joc featuring marques houston & trey songz,yung joc,yung joc,yung joc,Yung Joc,23LbwefIODbyGdRbAz3urj,crunk;southern hip hop,spotify,l1,2007
yung l.a. featuring young dro & t.i.,yung l.a.,yung l.a.,yung la,Yung L.A.,5xUMw9vaS567MBBjsoLslo,hip hop;southern hip hop,musicbrainz,l1,2009
yung miami,yung miami,yung miami,yung miami,Yung Miami,5lbW0rNhFyCiSlClBMYbki,,none,artist,2021
"yung wun featuring dmx, lil' flip & david banner",yung wun,yung wun,yung wun,Yung Wun,32u2WZCxOqyacmU7hNtboY,,none,l1,2004
yutaka,yutaka,yutaka,yutaka,YUTAKA,2WA8ytXn0RvqwxicDxVLYS,smooth jazz;jazz fusion,spotify,artist,1981
yvette michele,yvette michele,yvette michele,yvette michele,Yvette Michele,5Ph9AkswS5rY4Y0pVrYoSZ,new jack swing,spotify,artist,1997
yvonne,yvonne,yvonne,yvonne,Yvonne,48l8jtSyFSYXH3vYW7Tmog,taiwanese pop;mandopop;c-pop,spotify,artist,1990
yvonne baker and the sensations,yvonne baker and the sensations,yvonne baker,yvonne baker,Yvonne Baker,0WaDGCDKeOn5C9UKNec3MD,northern soul;motown,spotify,l2,1962
yvonne elliman,yvonne elliman,yvonne elliman,yvonne elliman,Yvonne Elliman,2d6JU9LvNhZR7AAtu4x2rS,disco,spotify,artist,1980
yvonne fair,yvonne fair,yvonne fair,yvonne fair,Yvonne Fair,4mGB0olhR5RpsEZWn0cqA8,classic soul;motown;northern soul;soul,spotify,artist,1976
z.z. hill,z.z. hill,z.z. hill,zz hill,Z.Z. Hill,1gdaEBrH99AfhsiQNbaSBp,blues;soul blues;footwork;northern soul;zydeco,spotify,artist,1971
zayn,zayn,zayn,zayn,ZAYN,5ZsFI1h6hIdQRw2ti0hz81,pop;r&b,musicbrainz,artist,2020
zayn / taylor swift,zayn,zayn,zayn,ZAYN,5ZsFI1h6hIdQRw2ti0hz81,pop;r&b,musicbrainz,l1,2017
zayn featuring partynextdoor,zayn,zayn,zayn,ZAYN,5ZsFI1h6hIdQRw2ti0hz81,pop;r&b,musicbrainz,l1,2017
zayn featuring sia,zayn,zayn,zayn,ZAYN,5ZsFI1h6hIdQRw2ti0hz81,pop;r&b,musicbrainz,l1,2018
zz top,zz top,zz top,zz top,ZZ Top,2AM4ilv6UzW0uMRuqKtDgN,southern rock;classic rock;blues rock;rock,spotify,artist,1991
zac brown band,zac brown band,zac brown band,zac brown band,Zac Brown Band,6yJCxee7QumYr820xdIsjo,country;acoustic country,spotify,artist,2023
zac brown band featuring alan jackson,zac brown band,zac brown band,zac brown band,Zac Brown Band,6yJCxee7QumYr820xdIsjo,country;acoustic country,spotify,l1,2011
zac brown band featuring jimmy buffett,zac brown band,zac brown band,zac brown band,Zac Brown Band,6yJCxee7QumYr820xdIsjo,country;acoustic country,spotify,l1,2011
zac efron,zac efron,zac efron,zac efron,Zac Efron,6U1dBXJhC8gXFjamvFTmHg,musicals,spotify,artist,2007
zac efron & vanessa anne hudgens,zac efron & vanessa anne hudgens,zac efron,zac efron,Zac Efron,6U1dBXJhC8gXFjamvFTmHg,musicals,spotify,l2,2007
zac efron & vanessa hudgens,zac efron & vanessa hudgens,zac efron,zac efron,Zac Efron,6U1dBXJhC8gXFjamvFTmHg,musicals,spotify,l2,2008
zac efron & zendaya,zac efron & zendaya,zac efron,zac efron,Zac Efron,6U1dBXJhC8gXFjamvFTmHg,musicals,spotify,l2,2018
"zac efron, andrew seeley & vanessa anne hudgens","zac efron, andrew seeley & vanessa anne hudgens",zac efron,zac efron,Zac Efron,6U1dBXJhC8gXFjamvFTmHg,musicals,spotify,l2,2006
zach bryan,zach bryan,zach bryan,zach bryan,Zach Bryan,40ZNYROS4zLfyyBSs2PGe2,country;red dirt,spotify,artist,2025
zach bryan & noeline hofmann,zach bryan & noeline hofmann,zach bryan,zach bryan,Zach Bryan,40ZNYROS4zLfyyBSs2PGe2,country;red dirt,spotify,l2,2024
zach bryan featuring bon iver,zach bryan,zach bryan,zach bryan,Zach Bryan,40ZNYROS4zLfyyBSs2PGe2,country;red dirt,spotify,l1,2023
zach bryan featuring bruce springsteen,zach bryan,zach bryan,zach bryan,Zach Bryan,40ZNYROS4zLfyyBSs2PGe2,country;red dirt,spotify,l1,2024
zach bryan featuring gabriella rose,zach bryan,zach bryan,zach bryan,Zach Bryan,40ZNYROS4zLfyyBSs2PGe2,country;red dirt,spotify,l1,2025
zach bryan featuring john mayer,zach bryan,zach bryan,zach bryan,Zach Bryan,40ZNYROS4zLfyyBSs2PGe2,country;red dirt,spotify,l1,2024
zach bryan featuring john moreland,zach bryan,zach bryan,zach bryan,Zach Bryan,40ZNYROS4zLfyyBSs2PGe2,country;red dirt,spotify,l1,2024
zach bryan featuring kacey musgraves,zach bryan,zach bryan,zach bryan,Zach Bryan,40ZNYROS4zLfyyBSs2PGe2,country;red dirt,spotify,l1,2024
zach bryan featuring kings of leon,zach bryan,zach bryan,zach bryan,Zach Bryan,40ZNYROS4zLfyyBSs2PGe2,country;red dirt,spotify,l1,2025
zach bryan featuring maggie rogers,zach bryan,zach bryan,zach bryan,Zach Bryan,40ZNYROS4zLfyyBSs2PGe2,country;red dirt,spotify,l1,2023
zach bryan featuring noah kahan,zach bryan,zach bryan,zach bryan,Zach Bryan,40ZNYROS4zLfyyBSs2PGe2,country;red dirt,spotify,l1,2023
zach bryan featuring sierra ferrell,zach bryan,zach bryan,zach bryan,Zach Bryan,40ZNYROS4zLfyyBSs2PGe2,country;red dirt,spotify,l1,2023
zach bryan featuring the lumineers,zach bryan,zach bryan,zach bryan,Zach Bryan,40ZNYROS4zLfyyBSs2PGe2,country;red dirt,spotify,l1,2023
zach bryan featuring the war and treaty,zach bryan,zach bryan,zach bryan,Zach Bryan,40ZNYROS4zLfyyBSs2PGe2,country;red dirt,spotify,l1,2024
zach sobiech,zach sobiech,zach sobiech,zach sobiech,Zach Sobiech,1gPo4GYra6HG4nBHD1D3c5,,none,artist,2013
zach top,zach top,zach top,zach top,Zach Top,4FGPzWzgjURDNT7JQ8pYgH,country;honky tonk,spotify,artist,2025
zager & evans,zager & evans,zager,zager,Zager & Evans,55IyYO6fmYpYw6Nd4YF7bw,pop;american,musicbrainz,artist,1969
zapp,zapp,zapp,zapp,Zapp,396Kh0m4wGUvcMUULw71yi,funk;post-disco,spotify,artist,1980
zapp & roger,zapp & roger,zapp,zapp,Zapp,396Kh0m4wGUvcMUULw71yi,funk;post-disco,spotify,l2,1994
zara larsson,zara larsson,zara larsson,zara larsson,Zara Larsson,1Xylc3o4UrD53lo9CvFvVg,dance-pop;electropop;contemporary r&b;pop;alternative pop,musicbrainz,artist,2019
zara larsson & mnek,zara larsson & mnek,zara larsson,zara larsson,Zara Larsson,1Xylc3o4UrD53lo9CvFvVg,dance-pop;electropop;contemporary r&b;pop;alternative pop,musicbrainz,l2,2016
zay hilfigerrr & zayion mccall,zay hilfigerrr & zayion mccall,zay hilfigerrr,zay hilfigerrr,Zay Hilfigerrr,7nKeLE1toRtW4M279iS26h,,none,l2,2017
zebra,zebra,zebra,zebra,Zebra,1q7m1DacLfRgt38Wdin4yH,glam metal;aor;arena rock,spotify,artist,1983
zedd & alessia cara,zedd & alessia cara,zedd,zedd,Zedd,2qxJFvFYMEDqd7ui6kSAcq,edm,spotify,l2,2017
zedd & elley duhe,zedd & elley duhe,zedd,zedd,Zedd,2qxJFvFYMEDqd7ui6kSAcq,edm,spotify,l2,2018
zedd & katy perry,zedd & katy perry,zedd,zedd,Zedd,2qxJFvFYMEDqd7ui6kSAcq,edm,spotify,l2,2019
zedd & kesha,zedd & kesha,zedd,zedd,Zedd,2qxJFvFYMEDqd7ui6kSAcq,edm,spotify,l2,2016
zedd & liam payne,zedd & liam payne,zedd,zedd,Zedd,2qxJFvFYMEDqd7ui6kSAcq,edm,spotify,l2,2017
zedd featuring foxes,zedd,zedd,zedd,Zedd,2qxJFvFYMEDqd7ui6kSAcq,edm,spotify,l1,2013
zedd featuring hayley williams,zedd,zedd,zedd,Zedd,2qxJFvFYMEDqd7ui6kSAcq,edm,spotify,l1,2014
zedd featuring jon bellion,zedd,zedd,zedd,Zedd,2qxJFvFYMEDqd7ui6kSAcq,edm,spotify,l1,2015
zedd featuring selena gomez,zedd,zedd,zedd,Zedd,2qxJFvFYMEDqd7ui6kSAcq,edm,spotify,l1,2015
"zedd, maren morris & grey","zedd, maren morris & grey",zedd,zedd,Zedd,2qxJFvFYMEDqd7ui6kSAcq,edm,spotify,l2,2018
zendaya,zendaya,zendaya,zendaya,Zendaya,6sCbFbEjbYepqswM1vWjjs,,none,artist,2014
zendaya featuring chris brown,zendaya,zendaya,zendaya,Zendaya,6sCbFbEjbYepqswM1vWjjs,,none,l1,2016
zhane,zhane,zhane,zhane,Zhane,0fPkUCch0uK79Ny9XZoO4p,afro tech;afro house;deep house,spotify,artist,1997
ziggy marley and the melody makers,ziggy marley and the melody makers,ziggy marley,ziggy marley,Ziggy Marley,0o0rlxlC3ApLWsxFkUjMXc,reggae;roots reggae,spotify,l2,1991
zombie nation,zombie nation,zombie nation,zombie nation,Zombie Nation,7vFpNLbCXbBFs4kFBUlkSl,german,musicbrainz,artist,2000
zwol,zwol,zwol,zwol,,,,none,,1979
a-ha,a-ha,a-ha,aha,a-ha,2jzc5TC5TVFLXQlBNiIUzE,new wave;synthpop,spotify,artist,1987
blink-182,blink-182,blink-182,blink182,blink-182,6FBDaR13swtiWwGhX1WQsP,pop punk;punk;rock;skate punk;emo,spotify,artist,2023
d4vd,d4vd,d4vd,d4vd,d4vd,5y8tKLUfMvliMe8IKamR32,indie pop;contemporary r&b;alternative r&b;2020s;pedophile,musicbrainz,artist,2025
dc talk,dc talk,dc talk,dc talk,DC Talk,1zK4ACgLi1lVPpfmmcwOTh,christian rock;ccm;christian;christian alternative rock;christian pop,spotify,artist,1997
dog's eye view,dog's eye view,dog's eye view,dogs eye view,,,,none,,1996
for king & country,for king & country,for king,for king,for KING & COUNTRY,3sDbKMebVH2VYcRSl7u1VC,christian;ccm;christian pop;worship,spotify,artist,2019
fun.,fun.,fun.,fun,fun.,5nCi3BB41mBaMH9gfr6Su0,italo-disco,musicbrainz,artist,2013
fun. featuring janelle monae,fun.,fun.,fun,fun.,5nCi3BB41mBaMH9gfr6Su0,italo-disco,musicbrainz,l1,2012
ilovememphis,ilovememphis,ilovememphis,ilovememphis,iLoveMemphis,3GsIlcwgQDJVjHD82mbA0Z,,none,artist,2016
iio,iio,iio,iio,IIO,1j7nLR0fbtoTpgzPozxgoi,trance;house;dance,musicbrainz,artist,2002
jessie murph,jessie murph,jessie murph,jessie murph,Jessie Murph,2yLzlEFtIS0Q9UkyBZdQA7,country pop;country soul;2020s,musicbrainz,artist,2025
jessie murph & jelly roll,jessie murph & jelly roll,jessie murph,jessie murph,Jessie Murph,2yLzlEFtIS0Q9UkyBZdQA7,country pop;country soul;2020s,musicbrainz,l2,2024
jessie murph with teddy swims,jessie murph with teddy swims,jessie murph,jessie murph,Jessie Murph,2yLzlEFtIS0Q9UkyBZdQA7,country pop;country soul;2020s,musicbrainz,l2,2024
k.d. lang,k.d. lang,k.d. lang,kd lang,k.d. lang,6W1BHDF0T4a4KYcSwzD586,folk;country,musicbrainz,artist,2010
lovelytheband,lovelytheband,lovelytheband,lovelytheband,lovelytheband,4KJ6jujcNPzOyhdNoiNftp,alternative rock;indie pop,musicbrainz,artist,2018
matchbox 20,matchbox 20,matchbox 20,matchbox 20,,,,none,,1999
muni long,muni long,muni long,muni long,Muni Long,7tjVFCxJdwT4NdrTmjyjQ6,contemporary r&b,musicbrainz,artist,2024
sombr,sombr,sombr,sombr,sombr,4G9NDjRyZFDlJKMRL8hx3S,indie pop;pop rock;2020s,musicbrainz,artist,2025
t.a.t.u.,t.a.t.u.,t.a.t.u.,tatu,t.A.T.u.,2Q3eZMfDQgT8MhPowKFXYO,russian;pop;dance;electronica;pop rock,musicbrainz,artist,2003
wifiskeleton & i wanna be a jack-o-lantern,wifiskeleton & i wanna be a jack-o-lantern,wifiskeleton,wifiskeleton,wifiskeleton,0TvvDswOgvPbgSPK2RDf62,trap;emo rap;hyperpop;sigilkore,musicbrainz,l2,2025
will.i.am,will.i.am,will.i.am,william,will.i.am,085pc2PYOi8bGKj0PNjekA,hip hop;pop rap;pop and chart,musicbrainz,artist,2009
will.i.am & britney spears,will.i.am & britney spears,will.i.am,william,will.i.am,085pc2PYOi8bGKj0PNjekA,hip hop;pop rap;pop and chart,musicbrainz,l2,2013
will.i.am & nicki minaj,will.i.am & nicki minaj,will.i.am,william,will.i.am,085pc2PYOi8bGKj0PNjekA,hip hop;pop rap;pop and chart,musicbrainz,l2,2011
will.i.am featuring justin bieber,will.i.am,will.i.am,william,will.i.am,085pc2PYOi8bGKj0PNjekA,hip hop;pop rap;pop and chart,musicbrainz,l1,2013
will.i.am featuring mick jagger & jennifer lopez,will.i.am,will.i.am,william,will.i.am,085pc2PYOi8bGKj0PNjekA,hip hop;pop rap;pop and chart,musicbrainz,l1,2012
will.i.am featuring miley cyrus,will.i.am,will.i.am,william,will.i.am,085pc2PYOi8bGKj0PNjekA,hip hop;pop rap;pop and chart,musicbrainz,l1,2013
"will.i.am featuring miley cyrus, french montana, wiz khalifa & dj mustard",will.i.am,will.i.am,william,will.i.am,085pc2PYOi8bGKj0PNjekA,hip hop;pop rap;pop and chart,musicbrainz,l1,2014
¥$: kanye west & ty dolla $ign,¥$: kanye west & ty dolla $ign,¥$: kanye west,s kanye west,,,,none,,2024
¥$: kanye west & ty dolla $ign featuring future,¥$: kanye west & ty dolla $ign,¥$: kanye west,s kanye west,,,,none,,2024
"¥$: kanye west & ty dolla $ign featuring playboi carti, kodak black & don toliver",¥$: kanye west & ty dolla $ign,¥$: kanye west,s kanye west,,,,none,,2024
¥$: ye & ty dolla $ign,¥$: ye & ty dolla $ign,¥$: ye,s ye,,,,none,,2024
¥$: ye & ty dolla $ign featuring lil durk & bump j,¥$: ye & ty dolla $ign,¥$: ye,s ye,,,,none,,2024
¥$: ye & ty dolla $ign featuring north west,¥$: ye & ty dolla $ign,¥$: ye,s ye,,,,none,,2024
¥$: ye & ty dolla $ign featuring rich the kid & playboi carti,¥$: ye & ty dolla $ign,¥$: ye,s ye,,,,none,,2024
