artist,l1,l2,l3,matched_name,spotify_artist_id,genres_raw,source,matched_from,last_chart_year
dynamic superiors,dynamic superiors,dynamic superiors,dynamic superiors,,,r&b,musicbrainz,,1974
dynasty,dynasty,dynasty,dynasty,Dynasty,7E8yETzDbHYASNxtFQysf7,post-disco;funk,spotify,artist,1980
e-40,e-40,e-40,e40,E-40,2cS0qxFsZfzynMEq6S99Xt,hip hop;west coast hip hop;gangsta rap;cali rap;west coast rap,musicbrainz,artist,1994
e-40 (featuring leviti),e-40,e-40,e40,E-40,2cS0qxFsZfzynMEq6S99Xt,hip hop;west coast hip hop;gangsta rap;cali rap;west coast rap,musicbrainz,l1,1995
e-40 (featuring suga t),e-40,e-40,e40,E-40,2cS0qxFsZfzynMEq6S99Xt,hip hop;west coast hip hop;gangsta rap;cali rap;west coast rap,musicbrainz,l1,1995
e-40 featuring bo-rock,e-40,e-40,e40,E-40,2cS0qxFsZfzynMEq6S99Xt,hip hop;west coast hip hop;gangsta rap;cali rap;west coast rap,musicbrainz,l1,1997
e-40 featuring keak da sneak,e-40,e-40,e40,E-40,2cS0qxFsZfzynMEq6S99Xt,hip hop;west coast hip hop;gangsta rap;cali rap;west coast rap,musicbrainz,l1,2006
e-40 featuring t-pain & kandi girl,e-40,e-40,e40,E-40,2cS0qxFsZfzynMEq6S99Xt,hip hop;west coast hip hop;gangsta rap;cali rap;west coast rap,musicbrainz,l1,2006
e.c. beatty,e.c. beatty,e.c. beatty,ec beatty,E.C. Beatty,3xGCK0XerOdYd1pkIBv9mm,rockabilly,spotify,artist,1959
e.g. daily,e.g. daily,e.g. daily,eg daily,E.G. Daily,3QVL6A4hJlJVP44ZnvCguk,,none,artist,1986
e.u.,e.u.,e.u.,eu,,,go-go;funk,musicbrainz,,1988
emf,emf,emf,emf,EMF,39oSLGo3HkaeYXzUEGgAGQ,madchester,spotify,artist,1991
eol,eol,eol,eol,,,,none,,1998
epmd,epmd,epmd,epmd,EPMD,3zpKjsMg2gw1St5WcWoUJN,old school hip hop;east coast hip hop;hip hop,spotify,artist,1997
ernest featuring morgan wallen,ernest,ernest,ernest,ERNEST,4GGfAshSkqoxpZdoaHm7ky,country,spotify,l1,2022
est gee,est gee,est gee,est gee,EST Gee,4FlG0V0jhLO4qGpayFOphj,hip hop;trap,musicbrainz,artist,2021
est gee featuring jack harlow,est gee,est gee,est gee,EST Gee,4FlG0V0jhLO4qGpayFOphj,hip hop;trap,musicbrainz,l1,2022
"est gee featuring lil baby, 42 dugg & rylo rodriguez",est gee,est gee,est gee,EST Gee,4FlG0V0jhLO4qGpayFOphj,hip hop;trap,musicbrainz,l1,2021
eagle-eye cherry,eagle-eye cherry,eagle-eye cherry,eagleeye cherry,Eagle-Eye Cherry,3ngKsDXZAssmljeXCvEgOe,alternative rock;pop rock;swedish;european;classic pop and rock,musicbrainz,artist,1999
eagles,eagles,eagles,eagles,Eagles,0ECwFtbIWEVNwjlrfc6xoL,classic rock;yacht rock;soft rock,spotify,artist,2025
eamon,eamon,eamon,eamon,Eamon,1y20PpXw0yeuJ1avCD0Ob9,r&b,musicbrainz,artist,2004
earl grant,earl grant,earl grant,earl grant,Earl Grant,0k3XbZNQTR8KVW2yWyJDDx,swing music,spotify,artist,1965
earl-jean,earl-jean,earl-jean,earljean,Earl-Jean,4JwYcQd56zyNJLLfr9u0Rf,,none,artist,1964
earnest jackson,earnest jackson,earnest jackson,earnest jackson,Earnest Jackson,5pXRWt2xs9uVuBO2n49jrm,classic blues;blues,spotify,artist,1973
earth opera,earth opera,earth opera,earth opera,Earth Opera,0jm51WxuFGKGGuPZbFaC2X,acid rock;psychedelic rock;garage rock;baroque pop,spotify,artist,1969
"earth, wind & fire","earth, wind & fire",earth,earth,"Earth, Wind & Fire",4QQgXkCYTt3BlENzhyNETg,funk;disco,spotify,artist,1993
"earth, wind & fire with the emotions","earth, wind & fire with the emotions",earth,earth,Earth,4mTFQE6aiehScgvreB9llC,drone metal;drone;stoner metal;sludge metal;stoner rock,spotify,l2,1979
eartha kitt with henri rene and his orchestra,eartha kitt with henri rene and his orchestra,eartha kitt,eartha kitt,Eartha Kitt,1AwO9pWEBSBoWdEZu28XDC,christmas,spotify,l2,2025
east coast family,east coast family,east coast family,east coast family,,,,none,,1992
east l.a. car pool,east l.a. car pool,east l.a. car pool,east la car pool,East LA Car Pool,4UWXumli1FRCOZ8Wg6H4nG,,none,l3,1975
easterhouse,easterhouse,easterhouse,easterhouse,Easterhouse,3BB7vYm43d1f6u6qFyhiZ7,jangle pop,spotify,artist,1989
easton corbin,easton corbin,easton corbin,easton corbin,Easton Corbin,070kGpqtESdDsLb3gdMIyx,country;acoustic country,spotify,artist,2018
easy street,easy street,easy street,easy street,Easy Street,6tAZiRwgbKzsYzIv4zNApN,,none,artist,1976
eazy-e,eazy-e,eazy-e,eazye,Eazy-E,7B4hKK0S9QYnaoqa9OuwgX,gangster rap;old school hip hop;west coast hip hop;g-funk,spotify,artist,2015
echosmith,echosmith,echosmith,echosmith,Echosmith,1PbBg2aYjWLKRk84zJK15x,indie pop;pop rock,musicbrainz,artist,2015
"ecstasy, passion & pain","ecstasy, passion & pain",ecstasy,ecstasy,"Ecstasy, Passion & Pain",0h5K3aKnzIocP6MuO63TiR,philly soul;chicago house;disco;post-disco,spotify,artist,1975
"ecstasy, passion & pain featuring barbara roy","ecstasy, passion & pain",ecstasy,ecstasy,"Ecstasy, Passion & Pain",0h5K3aKnzIocP6MuO63TiR,philly soul;chicago house;disco;post-disco,spotify,l1,1976
ed ames,ed ames,ed ames,ed ames,Ed Ames,1iBpJEBrSFXCtPOc5OUZiY,adult standards;easy listening,spotify,artist,1969
ed sheeran,ed sheeran,ed sheeran,ed sheeran,Ed Sheeran,6eUKZXaKkcviH0Ku9w2n3V,soft pop,spotify,artist,2025
ed sheeran & elton john,ed sheeran & elton john,ed sheeran,ed sheeran,Ed Sheeran,6eUKZXaKkcviH0Ku9w2n3V,soft pop,spotify,l2,2025
ed sheeran & justin bieber,ed sheeran & justin bieber,ed sheeran,ed sheeran,Ed Sheeran,6eUKZXaKkcviH0Ku9w2n3V,soft pop,spotify,l2,2020
ed sheeran & travis scott,ed sheeran & travis scott,ed sheeran,ed sheeran,Ed Sheeran,6eUKZXaKkcviH0Ku9w2n3V,soft pop,spotify,l2,2019
ed sheeran featuring camila cabello & cardi b,ed sheeran,ed sheeran,ed sheeran,Ed Sheeran,6eUKZXaKkcviH0Ku9w2n3V,soft pop,spotify,l1,2020
ed sheeran featuring chance the rapper & pnb rock,ed sheeran,ed sheeran,ed sheeran,Ed Sheeran,6eUKZXaKkcviH0Ku9w2n3V,soft pop,spotify,l1,2019
ed sheeran featuring eminem & 50 cent,ed sheeran,ed sheeran,ed sheeran,Ed Sheeran,6eUKZXaKkcviH0Ku9w2n3V,soft pop,spotify,l1,2019
ed sheeran featuring khalid,ed sheeran,ed sheeran,ed sheeran,Ed Sheeran,6eUKZXaKkcviH0Ku9w2n3V,soft pop,spotify,l1,2020
ed sheeran featuring lil baby,ed sheeran,ed sheeran,ed sheeran,Ed Sheeran,6eUKZXaKkcviH0Ku9w2n3V,soft pop,spotify,l1,2022
ed sheeran featuring luke combs,ed sheeran,ed sheeran,ed sheeran,Ed Sheeran,6eUKZXaKkcviH0Ku9w2n3V,soft pop,spotify,l1,2023
ed sheeran featuring taylor swift,ed sheeran,ed sheeran,ed sheeran,Ed Sheeran,6eUKZXaKkcviH0Ku9w2n3V,soft pop,spotify,l1,2022
ed sheeran featuring yebba,ed sheeran,ed sheeran,ed sheeran,Ed Sheeran,6eUKZXaKkcviH0Ku9w2n3V,soft pop,spotify,l1,2019
ed sheeran with chris stapleton & bruno mars,ed sheeran with chris stapleton & bruno mars,ed sheeran,ed sheeran,Ed Sheeran,6eUKZXaKkcviH0Ku9w2n3V,soft pop,spotify,l2,2019
ed townsend,ed townsend,ed townsend,ed townsend,Ed Townsend,4fgbkjDCSGUHANHRope4Ox,doo-wop;northern soul,spotify,artist,1958
edd byrnes and friend,edd byrnes and friend,edd byrnes,edd byrnes,Edd Byrnes,4xMm7xMsgWyq85hb7kaG9X,exotica,spotify,l2,1959
eddie & dutch,eddie & dutch,eddie,eddie,EDDIE,0LgrViZrCyMgg5MfTc33bd,rockabilly;rock & roll;rock;rhythm & blues;pop,musicbrainz,l2,1970
eddie & the tide,eddie & the tide,eddie,eddie,EDDIE,0LgrViZrCyMgg5MfTc33bd,rockabilly;rock & roll;rock;rhythm & blues;pop,musicbrainz,l2,1985
eddie bo,eddie bo,eddie bo,eddie bo,Eddie Bo,6yJkbSRofSN6kk4BWaqlax,jazz;funk;soul;r&b;new orleans r&b,musicbrainz,artist,1969
eddie cochran,eddie cochran,eddie cochran,eddie cochran,Eddie Cochran,1p0t3JtUTayV2wb1RGN9mO,rockabilly;rock and roll;doo-wop,spotify,artist,1959
eddie fisher,eddie fisher,eddie fisher,eddie fisher,Eddie Fisher,5ycujufn1h0Po18OyMRvMy,traditional pop;death by hip surgery,musicbrainz,artist,1967
eddie floyd,eddie floyd,eddie floyd,eddie floyd,Eddie Floyd,6Bfy6QzadCXS92y0T8dDZF,motown;soul;classic soul;northern soul,spotify,artist,1970
eddie fontaine,eddie fontaine,eddie fontaine,eddie fontaine,Eddie Fontaine,2OJEqa0vH3epErNtguOFFp,rockabilly;rock and roll,spotify,artist,1958
eddie harris,eddie harris,eddie harris,eddie harris,EDDIE HARRIS,4zhhG52k7lj2LhcN9VNWlf,jazz;hard bop;jazz fusion;soul jazz,musicbrainz,artist,1968
eddie hodges,eddie hodges,eddie hodges,eddie hodges,Eddie Hodges,3JJYPOCM13Id9iZHtkwkI5,,none,artist,1965
eddie holland,eddie holland,eddie holland,eddie holland,Eddie Holland,2BgyJtxoixkegtJX6HqT4w,motown;northern soul;classic soul,spotify,artist,1964
eddie holman,eddie holman,eddie holman,eddie holman,Eddie Holman,4hLuzWVCPicO3nNHfFvB32,northern soul;philly soul;classic soul,spotify,artist,1977
eddie kendricks,eddie kendricks,eddie kendricks,eddie kendricks,Eddie Kendricks,2Uuon75BhnuuxdKLYn4wHn,motown;classic soul;philly soul;soul,spotify,artist,1976
eddie lovette,eddie lovette,eddie lovette,eddie lovette,Eddie Lovette,7Fd1nidunOjfHBD87iU1ZI,lovers rock;nz reggae;reggae;roots reggae,spotify,artist,1969
eddie money,eddie money,eddie money,eddie money,Eddie Money,4Tw2N3wdvJPGEU7JqMxFfE,classic rock;yacht rock,spotify,artist,1992
eddie money (with valerie carter),eddie money,eddie money,eddie money,Eddie Money,4Tw2N3wdvJPGEU7JqMxFfE,classic rock;yacht rock,spotify,l1,1980
eddie murphy,eddie murphy,eddie murphy,eddie murphy,Eddie Murphy,1Zq8pfBl4ejCMrWdeAdphc,comedy,spotify,artist,1989
eddie rabbitt,eddie rabbitt,eddie rabbitt,eddie rabbitt,Eddie Rabbitt,0jgAONnsHxrwAlhkMUVS78,classic country,spotify,artist,1983
eddie rabbitt with crystal gayle,eddie rabbitt with crystal gayle,eddie rabbitt,eddie rabbitt,Eddie Rabbitt,0jgAONnsHxrwAlhkMUVS78,classic country,spotify,l2,1983
eddie rambeau,eddie rambeau,eddie rambeau,eddie rambeau,Eddie Rambeau,2vzeZ315ZAIWYRooH58Oid,,none,artist,1965
eddie schwartz,eddie schwartz,eddie schwartz,eddie schwartz,Eddie Schwartz,6fJGQ0FutKyoxsQPP806wA,,none,artist,1982
eddie vedder,eddie vedder,eddie vedder,eddie vedder,Eddie Vedder,0mXTJETA4XUa12MmmXxZJh,acoustic rock;folk rock;rock;film soundtrack;singer-songwriter,musicbrainz,artist,2010
eddie and betty,eddie and betty,eddie,eddie,EDDIE,0LgrViZrCyMgg5MfTc33bd,rockabilly;rock & roll;rock;rhythm & blues;pop,musicbrainz,l2,1959
eddy arnold,eddy arnold,eddy arnold,eddy arnold,Eddy Arnold,5QsUbpxSE8lCZ5ga5rnD22,classic country;traditional country,spotify,artist,1968
eddy grant,eddy grant,eddy grant,eddy grant,Eddy Grant,6j2HWcd7z61iTLbi8eD0hA,reggae;pop;british;uk;english,musicbrainz,artist,1984
eden's crush,eden's crush,eden's crush,edens crush,,,girl group;teen pop;r&b;pop,musicbrainz,,2001
edens edge,edens edge,edens edge,edens edge,Edens Edge,6KAwb5D0KanI575XxOucMt,,none,artist,2012
edgar winter,edgar winter,edgar winter,edgar winter,Edgar Winter,4LZ8zNNFMGLsshQQ1zmlt9,rock;pop;blues rock;jazz fusion;blue-eyed soul,musicbrainz,artist,1974
edgar winter group,edgar winter group,edgar winter group,edgar winter group,,,hard rock;blues rock;rock;pop rock;progressive rock,musicbrainz,,1974
edgar winter's white trash,edgar winter's white trash,edgar winter's white trash,edgar winters white trash,,,,none,,1972
edie brickell,edie brickell,edie brickell,edie brickell,Edie Brickell,5Y4g6bsYzlhsC6jRDQnN4a,bluegrass;latin jazz;newgrass,spotify,artist,1994
edie brickell & new bohemians,edie brickell & new bohemians,edie brickell,edie brickell,Edie Brickell,5Y4g6bsYzlhsC6jRDQnN4a,bluegrass;latin jazz;newgrass,spotify,l2,1989
edison lighthouse,edison lighthouse,edison lighthouse,edison lighthouse,Edison Lighthouse,1NRzxuPpdGushT8YmF5NAa,british;uk;rock and indie,musicbrainz,artist,1971
edith piaf,edith piaf,edith piaf,edith piaf,Edith Piaf,1t5u5zK81tAyO8l9RJaida,chanson;french;cabaret;chanteuse réaliste;chanson française,musicbrainz,artist,1961
edmundo ros and his orchestra,edmundo ros and his orchestra,edmundo ros,edmundo ros,Edmundo Ros,5UuPuIvAigfzNeIMOE11Sb,,none,l2,1959
edward bear,edward bear,edward bear,edward bear,Edward Bear,5IVNNR05uQhrkBIogJtQD8,,none,artist,1973
edward byrnes & connie stevens,edward byrnes & connie stevens,edward byrnes,edward byrnes,Edward Byrnes,3dFdFN11yGDpMjlIy99BdC,,none,l2,1959
edward maya & vika jigulina,edward maya & vika jigulina,edward maya,edward maya,Edward Maya,6XwwFnewNgWp81MYMK8zLq,deep house;romanian;romanian singer,musicbrainz,l2,2011
edwin mccain,edwin mccain,edwin mccain,edwin mccain,Edwin McCain,0L6Gwm0JDrgIQJfjarWSUR,rock;indie rock;pop rock,musicbrainz,artist,1999
edwin starr,edwin starr,edwin starr,edwin starr,Edwin Starr,1B8AXU6gIIafpyLEpbcv1u,northern soul;motown;classic soul,spotify,artist,1979
edwyn collins,edwyn collins,edwyn collins,edwyn collins,Edwyn Collins,5Qlt3zQ63Z99mNhuun0JAT,britpop,spotify,artist,1995
eiffel 65,eiffel 65,eiffel 65,eiffel 65,Eiffel 65,64rxQRJsLgZwHHyWKB8fiF,eurodance;europop;italo dance,spotify,artist,2000
eight seconds,eight seconds,eight seconds,eight seconds,Eight Seconds,5NyWh5meFjg89p4dkCvDdJ,new wave,spotify,artist,1987
eighth wonder,eighth wonder,eighth wonder,eighth wonder,Eighth Wonder,67drSMarzjhEXxEJ2ATLfE,italo disco,spotify,artist,1989
eileen rodgers,eileen rodgers,eileen rodgers,eileen rodgers,Eileen Rodgers,5U6AFHwdlMoOHEPmRQxTsN,,none,artist,1958
eivets rednow,eivets rednow,eivets rednow,eivets rednow,,,soul,musicbrainz,,1968
el alfa x peso pluma,el alfa x peso pluma,el alfa,el alfa,El Alfa,2oQX8QiMXOyuqbcZEFsZfm,dembow;urbano latino;latin,spotify,l2,2023
el chicano,el chicano,el chicano,el chicano,El Chicano,3vkhZMoCdp5lBgrk9l2nCL,latin jazz,spotify,artist,1974
el coco,el coco,el coco,el coco,El coco,0vCpI4vXEvbQJLwTIHQLqm,,none,artist,1978
el debarge,el debarge,el debarge,el debarge,El DeBarge,5xO4f5QyPMYnCPRyRveBSD,new jack swing,spotify,artist,1987
el debarge with debarge,el debarge with debarge,el debarge,el debarge,El DeBarge,5xO4f5QyPMYnCPRyRveBSD,new jack swing,spotify,l2,1986
eladio carrion & bad bunny,eladio carrion & bad bunny,eladio carrion,eladio carrion,Eladio Carrion,5XJDexmWFLWOkjOEjOVX3e,trap latino;urbano latino;trap,spotify,l2,2023
elastica,elastica,elastica,elastica,Elastica,3l14gV4hIMAjmo7KUvEWTx,britpop,spotify,artist,1995
electric boys,electric boys,electric boys,electric boys,Electric Boys,54rIEloDbMOY2sa1cczUCk,electro house,spotify,artist,1990
electric light orchestra,electric light orchestra,electric light orchestra,electric light orchestra,Electric Light Orchestra,7jefIIksOi1EazgRTfW2Pk,art rock;soft rock,spotify,artist,1986
electronic,electronic,electronic,electronic,Electronic,3xYNGCooNIzKMAtJYKSOyq,madchester;synthpop;alternative dance;new wave;britpop,spotify,artist,1990
elephant man,elephant man,elephant man,elephant man,Elephant Man,6NOvBZrkd83MSD51xkq4on,dancehall;ragga;reggae;riddim;soca,spotify,artist,2004
elephant's memory,elephant's memory,elephant's memory,elephants memory,Elephants Memory,7vlen6lzkmCst6naOmK3Et,psychedelic rock,spotify,l3,1970
eli young band,eli young band,eli young band,eli young band,Eli Young Band,6eKWqnckwdIlSnjaYgIyxv,country;texas country;red dirt;acoustic country,spotify,artist,2019
elisa fiorillo,elisa fiorillo,elisa fiorillo,elisa fiorillo,Elisa Fiorillo,5jDPhc8LxXtyTcrdN9QgY2,pop,musicbrainz,artist,1991
ella fitzgerald,ella fitzgerald,ella fitzgerald,ella fitzgerald,Ella Fitzgerald,5V0MlUE1Bft0mbLlND7FJz,vocal jazz;jazz;swing music;jazz blues;big band,spotify,artist,1963
ella henderson,ella henderson,ella henderson,ella henderson,Ella Henderson,7nDsS0l5ZAzMedVRKPP8F1,pop;dance-pop;electronic;pop rock;club,musicbrainz,artist,2015
ella johnson with buddy johnson,ella johnson with buddy johnson,ella johnson,ella johnson,Ella Johnson,0Y0zyQvndUUkcu4xCDDMyx,jazz,musicbrainz,l2,1961
ella langley,ella langley,ella langley,ella langley,Ella Langley,6BRxQ8cD3eqnrVj6WKDok8,country,spotify,artist,2025
ella langley featuring riley green,ella langley,ella langley,ella langley,Ella Langley,6BRxQ8cD3eqnrVj6WKDok8,country,spotify,l1,2024
ella mai,ella mai,ella mai,ella mai,Ella Mai,7HkdQ0gt53LP4zmHsL0nap,r&b,spotify,artist,2025
ella washington,ella washington,ella washington,ella washington,Ella Washington,4IJouZNBBYaHVRJnLXPfta,northern soul,spotify,artist,1969
elle king,elle king,elle king,elle king,Elle King,3bhu7P5PfngueRHiB9hjcx,blues rock;americana;alternative country;rock;pop,musicbrainz,artist,2016
elle king & miranda lambert,elle king & miranda lambert,elle king,elle king,Elle King,3bhu7P5PfngueRHiB9hjcx,blues rock;americana;alternative country;rock;pop,musicbrainz,l2,2022
ellen foley,ellen foley,ellen foley,ellen foley,Ellen Foley,0puypnsWTRY3cwySIyMjhe,aor,musicbrainz,artist,1979
ellie goulding,ellie goulding,ellie goulding,ellie goulding,Ellie Goulding,0X2BH1fck6amBIoJhDVmmJ,electropop;dance-pop;indie pop;pop;synth-pop,musicbrainz,artist,2016
ellie goulding & juice wrld,ellie goulding & juice wrld,ellie goulding,ellie goulding,Ellie Goulding,0X2BH1fck6amBIoJhDVmmJ,electropop;dance-pop;indie pop;pop;synth-pop,musicbrainz,l2,2020
ellie goulding x diplo featuring swae lee,ellie goulding x diplo,ellie goulding,ellie goulding,Ellie Goulding,0X2BH1fck6amBIoJhDVmmJ,electropop;dance-pop;indie pop;pop;synth-pop,musicbrainz,l2,2019
ellie greenwich,ellie greenwich,ellie greenwich,ellie greenwich,Ellie Greenwich,7ndXQ4XNWOzIPq3ElQhrEP,northern soul,spotify,artist,1967
elliott yamin,elliott yamin,elliott yamin,elliott yamin,Elliott Yamin,4am1I89OWXUzFh4ctRLkdd,american idol,musicbrainz,artist,2007
ellison chase,ellison chase,ellison chase,ellison chase,Ellison Chase,56ZviRSpL1HbcpUvb6hnVz,,none,artist,1976
elmo & almo,elmo & almo,elmo,elmo,elmo,6O7h27p4Oaa1kZ8Q04IO3f,nu jazz;jazz beats;lo-fi beats;smooth jazz,spotify,l2,1967
elmo & patsy,elmo & patsy,elmo,elmo,elmo,6O7h27p4Oaa1kZ8Q04IO3f,nu jazz;jazz beats;lo-fi beats;smooth jazz,spotify,l2,1998
eloise laws,eloise laws,eloise laws,eloise laws,Eloise Laws,4RJjnfYCmudnzG5AyMVnte,northern soul,spotify,artist,1978
elton anderson with sid lawrence combo,elton anderson with sid lawrence combo,elton anderson,elton anderson,Elton Anderson,2eM0jv36TCrgAcwua8lld7,cajun;zydeco,spotify,l2,1960
elton john,elton john,elton john,elton john,Elton John,3PhoLpVuITZKcymswpck5b,pop;pop rock;piano rock;rock;singer-songwriter,musicbrainz,artist,2000
elton john & britney spears,elton john & britney spears,elton john,elton john,Elton John,3PhoLpVuITZKcymswpck5b,pop;pop rock;piano rock;rock;singer-songwriter,musicbrainz,l2,2023
elton john & dua lipa,elton john & dua lipa,elton john,elton john,Elton John,3PhoLpVuITZKcymswpck5b,pop;pop rock;piano rock;rock;singer-songwriter,musicbrainz,l2,2022
elton john & kiki dee,elton john & kiki dee,elton john,elton john,Elton John,3PhoLpVuITZKcymswpck5b,pop;pop rock;piano rock;rock;singer-songwriter,musicbrainz,l2,1994
elton john & leann rimes,elton john & leann rimes,elton john,elton john,Elton John,3PhoLpVuITZKcymswpck5b,pop;pop rock;piano rock;rock;singer-songwriter,musicbrainz,l2,1999
elton john & rupaul,elton john & rupaul,elton john,elton john,Elton John,3PhoLpVuITZKcymswpck5b,pop;pop rock;piano rock;rock;singer-songwriter,musicbrainz,l2,1994
elusion,elusion,elusion,elusion,Elusion,3WZYyUcvpz9RkWr601xwvJ,,none,artist,1998
elvie shane,elvie shane,elvie shane,elvie shane,Elvie Shane,2eIB6vFotL2su94z3pUC1j,country,spotify,artist,2021
elvin bishop,elvin bishop,elvin bishop,elvin bishop,Elvin Bishop,2G1yVp387GlUf9yvLk6V11,southern rock;yacht rock,spotify,artist,1976
elvin bishop featuring mickey thomas,elvin bishop,elvin bishop,elvin bishop,Elvin Bishop,2G1yVp387GlUf9yvLk6V11,southern rock;yacht rock,spotify,l1,1977
elvis costello,elvis costello,elvis costello,elvis costello,Elvis Costello,2BGRfQgtzikz1pzAD0kaEn,power pop,spotify,artist,1989
elvis costello & the atrractions,elvis costello & the atrractions,elvis costello,elvis costello,Elvis Costello,2BGRfQgtzikz1pzAD0kaEn,power pop,spotify,l2,1984
elvis costello and the attractions,elvis costello and the attractions,elvis costello,elvis costello,Elvis Costello,2BGRfQgtzikz1pzAD0kaEn,power pop,spotify,l2,1983
elvis crespo,elvis crespo,elvis crespo,elvis crespo,Elvis Crespo,1c22GXH30ijlOfXhfLz9Df,merengue;latin dance;salsa;latin,spotify,artist,1998
elvis presley,elvis presley,elvis presley,elvis presley,Elvis Presley,43ZHCT0cAZBISjO8DG9PnE,rockabilly;rock and roll,spotify,artist,2025
elvis presley with the jordanaires,elvis presley with the jordanaires,elvis presley,elvis presley,Elvis Presley,43ZHCT0cAZBISjO8DG9PnE,rockabilly;rock and roll,spotify,l2,1968
elvis presley with the jordanaires and the imperials quartet,elvis presley with the jordanaires and the imperials quartet,elvis presley,elvis presley,Elvis Presley,43ZHCT0cAZBISjO8DG9PnE,rockabilly;rock and roll,spotify,l2,1967
"elvis presley with the jordanaires, jubilee four & carol lombard trio","elvis presley with the jordanaires, jubilee four & carol lombard trio",elvis presley,elvis presley,Elvis Presley,43ZHCT0cAZBISjO8DG9PnE,rockabilly;rock and roll,spotify,l2,1965
elvis presley with the jubilee four and carole lombard quartet,elvis presley with the jubilee four and carole lombard quartet,elvis presley,elvis presley,Elvis Presley,43ZHCT0cAZBISjO8DG9PnE,rockabilly;rock and roll,spotify,l2,1964
elvis presley with the mello men,elvis presley with the mello men,elvis presley,elvis presley,Elvis Presley,43ZHCT0cAZBISjO8DG9PnE,rockabilly;rock and roll,spotify,l2,1963
elvis presley vs jxl,elvis presley vs jxl,elvis presley vs jxl,elvis presley vs jxl,,,,none,,2002
em beihold,em beihold,em beihold,em beihold,Em Beihold,7o2ZQYM7nTsaVdkXY38UAA,pop;teen pop;singer-songwriter,musicbrainz,artist,2022
emblem3,emblem3,emblem3,emblem3,Emblem3,1md9aYaJ6Qt1FHypXICB5V,,none,artist,2013
emeli sande,emeli sande,emeli sande,emeli sande,,,contemporary r&b;soul,musicbrainz,,2013
emerson drive,emerson drive,emerson drive,emerson drive,Emerson Drive,1efrXlPhLKv7PvgUxVcqIS,country;acoustic country,spotify,artist,2007
"emerson, lake & palmer","emerson, lake & palmer",emerson,emerson,"Emerson, Lake & Palmer",0nCiidE5GgDrc5kWN3NZgZ,progressive rock;art rock,spotify,artist,1973
"emerson, lake & powell","emerson, lake & powell",emerson,emerson,"Emerson, Lake & Powell",6Do8N74ifeVxB1hc2cRcko,progressive rock;art rock;aor,spotify,artist,1986
emilia,emilia,emilia,emilia,Emilia,0AqlFI0tz2DsEoJlKSIiT9,argentine trap,spotify,artist,1999
emilio pericoli,emilio pericoli,emilio pericoli,emilio pericoli,Emilio Pericoli,78SZetGidiOyErFwdWTmgQ,,none,artist,1962
emily ann roberts,emily ann roberts,emily ann roberts,emily ann roberts,Emily Ann Roberts,4ZuggB1YawAAZOBL4pI9J8,traditional country,spotify,artist,2016
eminem,eminem,eminem,eminem,Eminem,7dGJo4pcD2V6oG8kP0tJRR,rap;hip hop,spotify,artist,2024
eminem & ez mil,eminem & ez mil,eminem,eminem,Eminem,7dGJo4pcD2V6oG8kP0tJRR,rap;hip hop,spotify,l2,2024
eminem & jelly roll,eminem & jelly roll,eminem,eminem,Eminem,7dGJo4pcD2V6oG8kP0tJRR,rap;hip hop,spotify,l2,2024
eminem & jessie reyez,eminem & jessie reyez,eminem,eminem,Eminem,7dGJo4pcD2V6oG8kP0tJRR,rap;hip hop,spotify,l2,2018
eminem & skylar grey,eminem & skylar grey,eminem,eminem,Eminem,7dGJo4pcD2V6oG8kP0tJRR,rap;hip hop,spotify,l2,2024
eminem & sly pyper,eminem & sly pyper,eminem,eminem,Eminem,7dGJo4pcD2V6oG8kP0tJRR,rap;hip hop,spotify,l2,2024
eminem & snoop dogg,eminem & snoop dogg,eminem,eminem,Eminem,7dGJo4pcD2V6oG8kP0tJRR,rap;hip hop,spotify,l2,2022
eminem & white gold,eminem & white gold,eminem,eminem,Eminem,7dGJo4pcD2V6oG8kP0tJRR,rap;hip hop,spotify,l2,2024
eminem featuring anderson .paak,eminem,eminem,eminem,Eminem,7dGJo4pcD2V6oG8kP0tJRR,rap;hip hop,spotify,l1,2020
eminem featuring beyonce,eminem,eminem,eminem,Eminem,7dGJo4pcD2V6oG8kP0tJRR,rap;hip hop,spotify,l1,2018
eminem featuring dido,eminem,eminem,eminem,Eminem,7dGJo4pcD2V6oG8kP0tJRR,rap;hip hop,spotify,l1,2001
eminem featuring don toliver,eminem,eminem,eminem,Eminem,7dGJo4pcD2V6oG8kP0tJRR,rap;hip hop,spotify,l1,2020
eminem featuring dr. dre,eminem,eminem,eminem,Eminem,7dGJo4pcD2V6oG8kP0tJRR,rap;hip hop,spotify,l1,2010
eminem featuring ed sheeran,eminem,eminem,eminem,Eminem,7dGJo4pcD2V6oG8kP0tJRR,rap;hip hop,spotify,l1,2020
eminem featuring gwen stefani,eminem,eminem,eminem,Eminem,7dGJo4pcD2V6oG8kP0tJRR,rap;hip hop,spotify,l1,2015
eminem featuring jid,eminem,eminem,eminem,Eminem,7dGJo4pcD2V6oG8kP0tJRR,rap;hip hop,spotify,l1,2024
eminem featuring jack harlow & cordae,eminem,eminem,eminem,Eminem,7dGJo4pcD2V6oG8kP0tJRR,rap;hip hop,spotify,l1,2021
eminem featuring jessie reyez,eminem,eminem,eminem,Eminem,7dGJo4pcD2V6oG8kP0tJRR,rap;hip hop,spotify,l1,2018
eminem featuring joyner lucas,eminem,eminem,eminem,Eminem,7dGJo4pcD2V6oG8kP0tJRR,rap;hip hop,spotify,l1,2019
eminem featuring juice wrld,eminem,eminem,eminem,Eminem,7dGJo4pcD2V6oG8kP0tJRR,rap;hip hop,spotify,l1,2020
eminem featuring kobe,eminem,eminem,eminem,Eminem,7dGJo4pcD2V6oG8kP0tJRR,rap;hip hop,spotify,l1,2010
eminem featuring lil wayne,eminem,eminem,eminem,Eminem,7dGJo4pcD2V6oG8kP0tJRR,rap;hip hop,spotify,l1,2011
eminem featuring nate dogg,eminem,eminem,eminem,Eminem,7dGJo4pcD2V6oG8kP0tJRR,rap;hip hop,spotify,l1,2006
eminem featuring nate ruess,eminem,eminem,eminem,Eminem,7dGJo4pcD2V6oG8kP0tJRR,rap;hip hop,spotify,l1,2014
eminem featuring p!nk,eminem,eminem,eminem,Eminem,7dGJo4pcD2V6oG8kP0tJRR,rap;hip hop,spotify,l1,2010
eminem featuring rihanna,eminem,eminem,eminem,Eminem,7dGJo4pcD2V6oG8kP0tJRR,rap;hip hop,spotify,l1,2014
eminem featuring royce da 5'9,eminem,eminem,eminem,Eminem,7dGJo4pcD2V6oG8kP0tJRR,rap;hip hop,spotify,l1,2018
"eminem featuring royce da 5'9"" & white gold",eminem,eminem,eminem,Eminem,7dGJo4pcD2V6oG8kP0tJRR,rap;hip hop,spotify,l1,2020
eminem featuring sia,eminem,eminem,eminem,Eminem,7dGJo4pcD2V6oG8kP0tJRR,rap;hip hop,spotify,l1,2014
eminem featuring skylar grey,eminem,eminem,eminem,Eminem,7dGJo4pcD2V6oG8kP0tJRR,rap;hip hop,spotify,l1,2020
eminem featuring young m.a,eminem,eminem,eminem,Eminem,7dGJo4pcD2V6oG8kP0tJRR,rap;hip hop,spotify,l1,2020
"eminem, 50 cent, lloyd banks & ca$his","eminem, 50 cent, lloyd banks & ca$his",eminem,eminem,Eminem,7dGJo4pcD2V6oG8kP0tJRR,rap;hip hop,spotify,l2,2007
"eminem, big sean & babytron","eminem, big sean & babytron",eminem,eminem,Eminem,7dGJo4pcD2V6oG8kP0tJRR,rap;hip hop,spotify,l2,2024
"eminem, dem jointz & sly pyper","eminem, dem jointz & sly pyper",eminem,eminem,Eminem,7dGJo4pcD2V6oG8kP0tJRR,rap;hip hop,spotify,l2,2024
"eminem, dr. dre & 50 cent","eminem, dr. dre & 50 cent",eminem,eminem,Eminem,7dGJo4pcD2V6oG8kP0tJRR,rap;hip hop,spotify,l2,2009
emitt rhodes,emitt rhodes,emitt rhodes,emitt rhodes,Emitt Rhodes,1yap1SgRPMxgyfrrDlQ95y,baroque pop;power pop,spotify,artist,1971
emmy meli,emmy meli,emmy meli,emmy meli,Emmy Meli,71szvmFWd7TUa7b6XmXj9k,pop,musicbrainz,artist,2022
emmylou harris,emmylou harris,emmylou harris,emmylou harris,Emmylou Harris,5s6TJEuHTr9GR894wc6VfP,americana;country rock;folk;bluegrass;alt country,spotify,artist,1981
empire cast featuring estelle & jussie smollett,empire cast,empire cast,empire cast,Empire Cast,7EjxNoVjXo7gL73F2EdXVA,hip hop;r&b;cast,musicbrainz,l1,2015
empire cast featuring jussie smollett,empire cast,empire cast,empire cast,Empire Cast,7EjxNoVjXo7gL73F2EdXVA,hip hop;r&b;cast,musicbrainz,l1,2015
empire cast featuring jussie smollett & yazz,empire cast,empire cast,empire cast,Empire Cast,7EjxNoVjXo7gL73F2EdXVA,hip hop;r&b;cast,musicbrainz,l1,2015
empire of the sun,empire of the sun,empire of the sun,empire of the sun,Empire Of The Sun,67hb7towEyKvt5Z8Bx306c,electronic;synthpop;electropop;dance-pop;indietronica,musicbrainz,artist,2016
en vogue,en vogue,en vogue,en vogue,En Vogue,5fikk4h5qbEebqK2Fc6e48,new jack swing,spotify,artist,2000
en vogue featuring fmob,en vogue,en vogue,en vogue,En Vogue,5fikk4h5qbEebqK2Fc6e48,new jack swing,spotify,l1,1993
enchantment,enchantment,enchantment,enchantment,Enchantment,6f8IcmSWG7IH8nc8u6vjnt,quiet storm;classic soul,spotify,artist,1978
engelbert,engelbert,engelbert,engelbert,Engelbert,0PGBLnf1auGsk3MgXBRiNU,easy listening;english;pop;american;british,musicbrainz,artist,1980
engelbert humperdinck,engelbert humperdinck,engelbert humperdinck,engelbert humperdinck,Engelbert Humperdinck,17XXKfRBMCWvLrqGoNkJXm,easy listening;english;pop;american;british,musicbrainz,artist,1983
england dan & john ford coley,england dan & john ford coley,england dan,england dan,England Dan & John Ford Coley,01W8kYNqFHyKicPfR0pLwO,yacht rock;soft rock,spotify,artist,1980
england dan seals,england dan seals,england dan seals,england dan seals,,,,none,,1980
enigma,enigma,enigma,enigma,Enigma,3DmG65yHQsMms7WAvrZOdt,new age;gregorian chant,spotify,artist,1996
enoch light & the light brigade,enoch light & the light brigade,enoch light,enoch light,Enoch Light & The Light Brigade,1hnDQcERL0WOQuuSSDni0T,exotica,spotify,artist,1959
enrique iglesias,enrique iglesias,enrique iglesias,enrique iglesias,Enrique Iglesias,7qG3b048QCHVRO5Pv1T5lw,latin pop;latin,spotify,artist,2014
enrique iglesias feat. wisin or tinashe & javada,enrique iglesias,enrique iglesias,enrique iglesias,Enrique Iglesias,7qG3b048QCHVRO5Pv1T5lw,latin pop;latin,spotify,l1,2016
enrique iglesias featuring bad bunny,enrique iglesias,enrique iglesias,enrique iglesias,Enrique Iglesias,7qG3b048QCHVRO5Pv1T5lw,latin pop;latin,spotify,l1,2018
enrique iglesias featuring descemer bueno & gente de zona,enrique iglesias,enrique iglesias,enrique iglesias,Enrique Iglesias,7qG3b048QCHVRO5Pv1T5lw,latin pop;latin,spotify,l1,2014
"enrique iglesias featuring descemer bueno, zion & lennox or sean paul",enrique iglesias,enrique iglesias,enrique iglesias,Enrique Iglesias,7qG3b048QCHVRO5Pv1T5lw,latin pop;latin,spotify,l1,2017
enrique iglesias featuring juan luis guerra,enrique iglesias,enrique iglesias,enrique iglesias,Enrique Iglesias,7qG3b048QCHVRO5Pv1T5lw,latin pop;latin,spotify,l1,2010
enrique iglesias featuring ludacris & dj frank e,enrique iglesias,enrique iglesias,enrique iglesias,Enrique Iglesias,7qG3b048QCHVRO5Pv1T5lw,latin pop;latin,spotify,l1,2011
enrique iglesias featuring marco antonio solis,enrique iglesias,enrique iglesias,enrique iglesias,Enrique Iglesias,7qG3b048QCHVRO5Pv1T5lw,latin pop;latin,spotify,l1,2014
enrique iglesias featuring pitbull,enrique iglesias,enrique iglesias,enrique iglesias,Enrique Iglesias,7qG3b048QCHVRO5Pv1T5lw,latin pop;latin,spotify,l1,2011
enrique iglesias featuring pitbull & the wav.s,enrique iglesias,enrique iglesias,enrique iglesias,Enrique Iglesias,7qG3b048QCHVRO5Pv1T5lw,latin pop;latin,spotify,l1,2011
enrique iglesias featuring romeo santos,enrique iglesias,enrique iglesias,enrique iglesias,Enrique Iglesias,7qG3b048QCHVRO5Pv1T5lw,latin pop;latin,spotify,l1,2013
enrique iglesias featuring sammy adams,enrique iglesias,enrique iglesias,enrique iglesias,Enrique Iglesias,7qG3b048QCHVRO5Pv1T5lw,latin pop;latin,spotify,l1,2012
enrique iglesias with usher featuring lil wayne,enrique iglesias with usher,enrique iglesias,enrique iglesias,Enrique Iglesias,7qG3b048QCHVRO5Pv1T5lw,latin pop;latin,spotify,l2,2011
entouch featuring keith sweat,entouch,entouch,entouch,Entouch,4Ov9J4cvkh5R58vs0fJPhk,new jack swing,spotify,l1,1990
enuff z'nuff,enuff z'nuff,enuff z'nuff,enuff znuff,,,hard rock;power pop;glam metal;alternative rock;blues rock,musicbrainz,,1990
enur featuring natasja,enur,enur,enur,Enur,1BQaZSq1KsLOZGzjG5QxRC,fixme artist credits;soul and reggae,musicbrainz,l1,2008
enya,enya,enya,enya,Enya,6uothxMWeLWIhsGeF7cyo4,new age;celtic,spotify,artist,2013
ephraim lewis,ephraim lewis,ephraim lewis,ephraim lewis,Ephraim Lewis,73EwFWNtYCi27o7nThnrCe,smooth jazz,spotify,artist,1992
erasure,erasure,erasure,erasure,Erasure,0z5DFXmhT4ZNzWElsM7V89,synthpop;new wave,spotify,artist,1997
eria fachin,eria fachin,eria fachin,eria fachin,Eria Fachin,0tV8KHpdrwpIEHba9Isy93,hi-nrg,spotify,artist,1988
eric b. & rakim,eric b. & rakim,eric b.,eric b,Eric B. & Rakim,6jHG1YQkqgojdEzerwvrVv,old school hip hop;east coast hip hop;hip hop,spotify,artist,1992
eric benet featuring faith evans,eric benet,eric benet,eric benet,,,,none,,1999
eric benet featuring tamia,eric benet,eric benet,eric benet,,,,none,,1999
eric burdon & the animals,eric burdon & the animals,eric burdon,eric burdon,Eric Burdon & the Animals,70tMW5bZT3TJUa1CWtfVkq,psychedelic rock;acid rock,spotify,artist,1969
eric burdon and war,eric burdon and war,eric burdon,eric burdon,Eric Burdon,3miNucraVWk4hdVsIxn7id,funk rock,spotify,l2,1971
eric carmen,eric carmen,eric carmen,eric carmen,Eric Carmen,2ekjTXgjxbWwBX5lTAj4DU,yacht rock,spotify,artist,1988
eric church,eric church,eric church,eric church,Eric Church,2IvkS5MXK0vPGnwyJsrEyV,country;acoustic country,spotify,artist,2025
eric church featuring rhiannon giddens,eric church,eric church,eric church,Eric Church,2IvkS5MXK0vPGnwyJsrEyV,country;acoustic country,spotify,l1,2017
eric clapton,eric clapton,eric clapton,eric clapton,Eric Clapton,6PAt558ZEZl0DmdXlnjMgD,blues;blues rock;classic rock,spotify,artist,1997
eric clapton and his band,eric clapton and his band,eric clapton,eric clapton,Eric Clapton,6PAt558ZEZl0DmdXlnjMgD,blues;blues rock;classic rock,spotify,l2,1981
eric heatherly,eric heatherly,eric heatherly,eric heatherly,Eric Heatherly,64AyHnB0YQfCZFo5etz5vY,,none,artist,2000
eric hine,eric hine,eric hine,eric hine,,,,none,,1981
eric martin,eric martin,eric martin,eric martin,Eric martin,344pM3PMI2h63x7W0mCPDy,heavy metal;hard rock;pop rock,musicbrainz,artist,1985
eric paslay,eric paslay,eric paslay,eric paslay,Eric Paslay,4TONBKcqVR1LmPdfJxvkMU,country;acoustic country,spotify,artist,2015
eric troyer,eric troyer,eric troyer,eric troyer,Eric Troyer,55HuTkIKTx8AXuxIYcgY4U,,none,artist,1980
erica banks,erica banks,erica banks,erica banks,Erica Banks,2SXhbucehn00OBVKhzxDyM,,none,artist,2021
erick sermon,erick sermon,erick sermon,erick sermon,Erick Sermon,2VX0o9LDIVmKIgpnwdJpOJ,east coast hip hop,spotify,artist,1995
erick sermon featuring marvin gaye,erick sermon,erick sermon,erick sermon,Erick Sermon,2VX0o9LDIVmKIgpnwdJpOJ,east coast hip hop,spotify,l1,2001
erick sermon featuring redman,erick sermon,erick sermon,erick sermon,Erick Sermon,2VX0o9LDIVmKIgpnwdJpOJ,east coast hip hop,spotify,l1,2003
erin cruise,erin cruise,erin cruise,erin cruise,,,,none,,1992
erma franklin,erma franklin,erma franklin,erma franklin,Erma Franklin,1CzJJJb6hnx84VNhgaJmFG,classic soul;soul;northern soul;motown,spotify,artist,1967
ernestine anderson,ernestine anderson,ernestine anderson,ernestine anderson,Ernestine Anderson,7yNele4jnVhZJ2GE7Kg25T,vocal jazz;jazz,spotify,artist,1961
ernie (jim henson),ernie,ernie,ernie,Ernie,1qkEx9YPevCOQhazUZK1bJ,children's music,spotify,l1,1970
ernie fields,ernie fields,ernie fields,ernie fields,Ernie Fields,4hGOBEZol2IU38LFZluW7K,big band,spotify,artist,1961
ernie fields & orch.,ernie fields & orch.,ernie fields,ernie fields,Ernie Fields,4hGOBEZol2IU38LFZluW7K,big band,spotify,l2,1960
ernie freeman,ernie freeman,ernie freeman,ernie freeman,Ernie Freeman,55O11zRtFuDGTpGAo9IPVh,session,musicbrainz,artist,1962
ernie k-doe,ernie k-doe,ernie k-doe,ernie kdoe,Ernie K-Doe,3ybBNyjii40yY104IZkcly,doo-wop;northern soul,spotify,artist,1962
ernie maresca,ernie maresca,ernie maresca,ernie maresca,Ernie Maresca,0b9n4vhaTCuL23DoRJ1XHj,doo-wop,spotify,artist,1962
errol sober,errol sober,errol sober,errol sober,Errol Sober,7ecMHLmk3SzXYqUnAI70sw,,none,artist,1979
eruption,eruption,eruption,eruption,ERUPTION,3DxfvHYOjRIfWzdd6P5ZKB,,none,artist,1978
erykah badu,erykah badu,erykah badu,erykah badu,Erykah Badu,7IfculRW2WXyzNQ8djX8WX,neo soul;r&b,spotify,artist,2010
erykah badu featuring common,erykah badu,erykah badu,erykah badu,Erykah Badu,7IfculRW2WXyzNQ8djX8WX,neo soul;r&b,spotify,l1,2003
erykah badu featuring rahzel,erykah badu,erykah badu,erykah badu,Erykah Badu,7IfculRW2WXyzNQ8djX8WX,neo soul;r&b,spotify,l1,1999
eslabon armado featuring dannylux,eslabon armado,eslabon armado,eslabon armado,Eslabon Armado,0XeEobZplHxzM9QzFQWLiR,corridos tumbados;sad sierreño;corrido;sierreño;música mexicana,spotify,l1,2021
eslabon armado x peso pluma,eslabon armado x peso pluma,eslabon armado,eslabon armado,Eslabon Armado,0XeEobZplHxzM9QzFQWLiR,corridos tumbados;sad sierreño;corrido;sierreño;música mexicana,spotify,l2,2023
estelle,estelle,estelle,estelle,Estelle,5QKxN2fua4X7t8QfyojijI,smooth jazz;jazz,spotify,artist,2012
estelle featuring kanye west,estelle,estelle,estelle,Estelle,5QKxN2fua4X7t8QfyojijI,smooth jazz;jazz,spotify,l1,2008
ester dean featuring chris brown,ester dean,ester dean,ester dean,Ester Dean,0v2Y5jwtcv8LiWNTRls1KM,,none,l1,2010
esther & abi ofarim,esther & abi ofarim,esther,esther,ESTHER,5WTbB8itm33YPgupEhcMUS,funk;soul;disco;vocal jazz;r&b,musicbrainz,l2,1968
esther phillips,esther phillips,esther phillips,esther phillips,Esther Phillips,0WZ7IgzdjPvwFdjDjjuZm7,northern soul;jazz blues;motown,spotify,artist,1975
"esther phillips ""little esther""","esther phillips ""little esther""","esther phillips ""little esther""",esther phillips little esther,,,funk;soul;disco;vocal jazz;r&b,musicbrainz,,1967
eternal,eternal,eternal,eternal,Eternal,7zYGAXxAaq15C9eM29M8Fj,new jack swing,spotify,artist,1994
eternity's children,eternity's children,eternity's children,eternitys children,,,usa;sunshine pop;psychedelic pop;baroque pop,musicbrainz,,1968
etta & harvey,etta & harvey,etta,etta,Etta,3Lc2yroP05lRK5z9NtQTkc,finnish hip hop;finnish pop,spotify,l2,1961
etta james,etta james,etta james,etta james,Etta James,0iOVhN3tnSvgDbcg25JoJb,soul;jazz blues;soul blues;blues;vocal jazz,spotify,artist,1970
etta james & sugar pie desanto,etta james & sugar pie desanto,etta james,etta james,Etta James,0iOVhN3tnSvgDbcg25JoJb,soul;jazz blues;soul blues;blues;vocal jazz,spotify,l2,1966
etta jones,etta jones,etta jones,etta jones,Etta Jones,3CEdEF8RsuL3hAFJaujvr0,vocal jazz;jazz,spotify,artist,1961
euclid beach band,euclid beach band,euclid beach band,euclid beach band,,,,none,,1979
eugene church,eugene church,eugene church,eugene church,Eugene Church,3BDouLYmuh1r6CcUJaHPk0,doo-wop;rockabilly;boogie-woogie,spotify,artist,1959
eugene church and the fellows,eugene church and the fellows,eugene church,eugene church,Eugene Church,3BDouLYmuh1r6CcUJaHPk0,doo-wop;rockabilly;boogie-woogie,spotify,l2,1959
eugene wilde,eugene wilde,eugene wilde,eugene wilde,Eugene Wilde,7k7U2BD04IUaetELgqIkDX,quiet storm;contemporary r&b,musicbrainz,artist,1986
eurogliders,eurogliders,eurogliders,eurogliders,Eurogliders,48kXmrNGCBMAz7N8x1J2na,,none,artist,1984
europe,europe,europe,europe,Europe,7Js6Lde8thlIHXggv2SCBz,glam metal,spotify,artist,1988
eurythmics,eurythmics,eurythmics,eurythmics,Eurythmics,0NKDgy9j66h3DLnN8qu1bB,new wave;synthpop,spotify,artist,1989
eurythmics & aretha franklin,eurythmics & aretha franklin,eurythmics,eurythmics,Eurythmics,0NKDgy9j66h3DLnN8qu1bB,new wave;synthpop,spotify,l2,1986
evan and jaron,evan and jaron,evan,evan,Evan And Jaron,1xeZcY93inQY14LWwnxd5G,,none,artist,2001
evanescence,evanescence,evanescence,evanescence,Evanescence,5nGIFgo0shDenQYSE0Sn7c,alternative metal,spotify,artist,2011
evanescence featuring paul mccoy,evanescence,evanescence,evanescence,Evanescence,5nGIFgo0shDenQYSE0Sn7c,alternative metal,spotify,l1,2003
eve,eve,eve,eve,Eve,58oPVy7oihAEXE0Ott6JOf,anime;j-pop;j-rock;vocaloid;japanese indie,spotify,artist,2007
eve & jadakiss,eve & jadakiss,eve,eve,Eve,58oPVy7oihAEXE0Ott6JOf,anime;j-pop;j-rock;vocaloid;japanese indie,spotify,l2,2000
eve & nokio,eve & nokio,eve,eve,Eve,58oPVy7oihAEXE0Ott6JOf,anime;j-pop;j-rock;vocaloid;japanese indie,spotify,l2,1999
eve 6,eve 6,eve 6,eve 6,Eve 6,4Eqd24yS5YcxI8b6Xfuwr8,post-grunge,spotify,artist,2001
eve featuring alicia keys,eve,eve,eve,Eve,58oPVy7oihAEXE0Ott6JOf,anime;j-pop;j-rock;vocaloid;japanese indie,spotify,l1,2002
eve featuring faith evans,eve,eve,eve,Eve,58oPVy7oihAEXE0Ott6JOf,anime;j-pop;j-rock;vocaloid;japanese indie,spotify,l1,2000
eve featuring gwen stefani,eve,eve,eve,Eve,58oPVy7oihAEXE0Ott6JOf,anime;j-pop;j-rock;vocaloid;japanese indie,spotify,l1,2001
"evelyn ""champagne"" king","evelyn ""champagne"" king","evelyn ""champagne"" king",evelyn champagne king,,,soul;disco;boogie;hip hop rnb and dance hall;r&b,musicbrainz,,1986
evelyn king,evelyn king,evelyn king,evelyn king,Evelyn King,7lWiCVXAn9ftQmoZYpX4zB,,none,artist,1983
evelyn thomas,evelyn thomas,evelyn thomas,evelyn thomas,Evelyn Thomas,2detsJKd6t0uM3BLTsacGO,soul;hi-nrg;disco,musicbrainz,artist,1984
everclear,everclear,everclear,everclear,Everclear,694QW15WkebjcrWgQHzRYF,post-grunge;alternative rock,spotify,artist,2000
everlast,everlast,everlast,everlast,Everlast,14ZxDAK6ITtZZqPdiWrvSn,hip hop;rock;country;blues,musicbrainz,artist,1999
every father's teenage son,every father's teenage son,every father's teenage son,every fathers teenage son,,,,none,,1967
every mothers' son,every mothers' son,every mothers' son,every mothers son,,,,none,,1968
everything,everything,everything,everything,Everything,2YZXO84I5cZGI7ukp2N2om,progressive pop;indie rock;alternative dance;indietronica;art pop,musicbrainz,artist,1999
everything but the girl,everything but the girl,everything but the girl,everything but the girl,Everything But The Girl,13ccXrK7AmXb4TddMkE7jy,electronic;dance;sophisti-pop;british;jazz pop,musicbrainz,artist,1996
everything is everything,everything is everything,everything is everything,everything is everything,Everything is Everything,5ZMbjKoOfZgxz9teIDqQR7,,none,artist,1969
evie sands,evie sands,evie sands,evie sands,Evie Sands,7kSG6Dyyvf4MM8qWWrgKJq,northern soul,spotify,artist,1975
ex-girlfriend,ex-girlfriend,ex-girlfriend,exgirlfriend,Ex-Girlfriend,39zBuAO2PJWR94nKRuXlM5,contemporary r&b;new jack swing;girl group,musicbrainz,artist,1991
exile,exile,exile,exile,EXILE,6zGmypGQUBXD4ZC9EbfMme,j-pop;j-r&b,spotify,artist,1979
expose,expose,expose,expose,Expose,1Jsx4IPgvkqEooNhqv4Qgq,psychedelic rock;post-punk,spotify,artist,1994
extreme,extreme,extreme,extreme,Extreme,6w7j5wQ5AI5OQYlcM15s2L,glam metal,spotify,artist,1993
eydie gorme,eydie gorme,eydie gorme,eydie gorme,EYDIE GORME,4ksDme7iyiq81Ld9ZsKv7T,bolero,spotify,artist,1970
eye to eye,eye to eye,eye to eye,eye to eye,eye to eye,73NQJpJq7EHn7I3QiI64nU,,none,artist,1983
f.l.y. (fast life yungstaz),f.l.y.,f.l.y.,fly,F.L.Y. (Fast Life Yungstaz),0zOuQuYGGcrtDYYy3YFDMr,,none,artist,2009
f.r. david,f.r. david,f.r. david,fr david,F.R. David,6GnCucI2uDaYj1j39GFxkn,europop;synthpop;house;dance-pop;latin pop,musicbrainz,artist,1983
frente!,frente!,frente!,frente,Frente!,2qgHV12WsnwzHZGUB9nd9U,indie pop;indie folk;folk pop,musicbrainz,artist,1994
fabian,fabian,fabian,fabian,FABIAN,5OHLIL5eTIYJ4WXNvKkeyG,pop;singer;classical crossover;multiple countries;belgian singer,musicbrainz,artist,1960
fabolous,fabolous,fabolous,fabolous,Fabolous,0YWxKQj2Go9CGHCp77UOyy,hip hop;pop rap;east coast hip hop;hip hop rnb and dance hall,musicbrainz,artist,2011
fabolous featuring chris brown,fabolous,fabolous,fabolous,Fabolous,0YWxKQj2Go9CGHCp77UOyy,hip hop;pop rap;east coast hip hop;hip hop rnb and dance hall,musicbrainz,l1,2013
fabolous featuring jermaine dupri,fabolous,fabolous,fabolous,Fabolous,0YWxKQj2Go9CGHCp77UOyy,hip hop;pop rap;east coast hip hop;hip hop rnb and dance hall,musicbrainz,l1,2008
fabolous featuring mike shorey,fabolous,fabolous,fabolous,Fabolous,0YWxKQj2Go9CGHCp77UOyy,hip hop;pop rap;east coast hip hop;hip hop rnb and dance hall,musicbrainz,l1,2005
fabolous featuring mike shorey & lil' mo,fabolous,fabolous,fabolous,Fabolous,0YWxKQj2Go9CGHCp77UOyy,hip hop;pop rap;east coast hip hop;hip hop rnb and dance hall,musicbrainz,l1,2003
fabolous featuring nate dogg,fabolous,fabolous,fabolous,Fabolous,0YWxKQj2Go9CGHCp77UOyy,hip hop;pop rap;east coast hip hop;hip hop rnb and dance hall,musicbrainz,l1,2001
fabolous featuring ne-yo,fabolous,fabolous,fabolous,Fabolous,0YWxKQj2Go9CGHCp77UOyy,hip hop;pop rap;east coast hip hop;hip hop rnb and dance hall,musicbrainz,l1,2007
fabolous featuring p. diddy & jagged edge,fabolous,fabolous,fabolous,Fabolous,0YWxKQj2Go9CGHCp77UOyy,hip hop;pop rap;east coast hip hop;hip hop rnb and dance hall,musicbrainz,l1,2002
fabolous featuring tamia or ashanti,fabolous,fabolous,fabolous,Fabolous,0YWxKQj2Go9CGHCp77UOyy,hip hop;pop rap;east coast hip hop;hip hop rnb and dance hall,musicbrainz,l1,2003
fabolous featuring the-dream,fabolous,fabolous,fabolous,Fabolous,0YWxKQj2Go9CGHCp77UOyy,hip hop;pop rap;east coast hip hop;hip hop rnb and dance hall,musicbrainz,l1,2009
fabolous featuring young jeezy,fabolous,fabolous,fabolous,Fabolous,0YWxKQj2Go9CGHCp77UOyy,hip hop;pop rap;east coast hip hop;hip hop rnb and dance hall,musicbrainz,l1,2007
fabu,fabu,fabu,fabu,,,,none,,1995
fabulous counts,fabulous counts,fabulous counts,fabulous counts,,,,none,,1970
fabulous poodles,fabulous poodles,fabulous poodles,fabulous poodles,Fabulous Poodles,565xMlSzNCYpRH0kbulq3A,power pop;new wave,spotify,artist,1979
face to face,face to face,face to face,face to face,Face To Face,4l9ufn9GC6LLYXvIanDlLd,skate punk;punk;melodic hardcore;ska punk;hardcore punk,spotify,artist,1984
faces,faces,faces,faces,Faces,3v4feUQnU3VEUqFrjmtekL,glam rock;proto-punk,spotify,artist,1973
facts of life,facts of life,facts of life,facts of life,,,garage rock,musicbrainz,,1977
fairground attraction,fairground attraction,fairground attraction,fairground attraction,Fairground Attraction,1sAkg8871iPVI0wPbOfIZa,alternative rock;scottish;british;uk;indie rock,musicbrainz,artist,1989
faith band,faith band,faith band,faith band,Faith Band,7Fmd2bMwPvN4CmfaIXRflR,aor;yacht rock;arena rock,spotify,artist,1979
faith evans,faith evans,faith evans,faith evans,Faith Evans,5NDMothbpdpq2xHqSjrrWn,r&b,spotify,artist,2005
faith evans featuring carl thomas,faith evans,faith evans,faith evans,Faith Evans,5NDMothbpdpq2xHqSjrrWn,r&b,spotify,l1,2001
"faith evans featuring missy ""misdemeanor"" elliott",faith evans,faith evans,faith evans,Faith Evans,5NDMothbpdpq2xHqSjrrWn,r&b,spotify,l1,2002
faith evans featuring puff daddy,faith evans,faith evans,faith evans,Faith Evans,5NDMothbpdpq2xHqSjrrWn,r&b,spotify,l1,1999
faith hill,faith hill,faith hill,faith hill,Faith Hill,25NQNriVT2YbSW80ILRWJa,country,spotify,artist,2011
faith hill with tim mcgraw,faith hill with tim mcgraw,faith hill,faith hill,Faith Hill,25NQNriVT2YbSW80ILRWJa,country,spotify,l2,2000
faith no more,faith no more,faith no more,faith no more,Faith No More,6GbCJZrI318Ybm8mY36Of5,funk rock;alternative metal;rap metal;grunge,spotify,artist,1993
"faith, hope and charity","faith, hope and charity",faith,faith,,,,none,,1975
faithless,faithless,faithless,faithless,Faithless,5T4UKHhr4HGIC0VzdZQtAE,trip hop,spotify,artist,1997
falco,falco,falco,falco,Falco,0hLd40hVpRDGENe4KGZLnW,neue deutsche welle,spotify,artist,1986
fall out boy,fall out boy,fall out boy,fall out boy,Fall Out Boy,4UXqAaa6dQYAk18Lv7PEgX,emo;pop punk,spotify,artist,2023
fall out boy featuring john mayer,fall out boy,fall out boy,fall out boy,Fall Out Boy,4UXqAaa6dQYAk18Lv7PEgX,emo;pop punk,spotify,l1,2008
falling in reverse,falling in reverse,falling in reverse,falling in reverse,Falling In Reverse,2CmaKO2zEGJ1NWpS1yfVGz,emo;rap metal,spotify,artist,2023
falling in reverse & jelly roll,falling in reverse & jelly roll,falling in reverse,falling in reverse,Falling In Reverse,2CmaKO2zEGJ1NWpS1yfVGz,emo;rap metal,spotify,l2,2024
famous dex,famous dex,famous dex,famous dex,Famous Dex,0WOxhx4hikIsyF3CRPLC8W,hip hop;trap,musicbrainz,artist,2018
famous dex featuring a$ap rocky,famous dex,famous dex,famous dex,Famous Dex,0WOxhx4hikIsyF3CRPLC8W,hip hop;trap,musicbrainz,l1,2018
fancy,fancy,fancy,fancy,Fancy,0CZzh950BDSsosMF5Lft5K,italo disco;italo dance;hi-nrg,spotify,artist,1974
fanny,fanny,fanny,fanny,Fanny,1Pag7p4HbSdZIDzgNLsk39,glam rock,spotify,artist,1975
fantasia,fantasia,fantasia,fantasia,Fantasia,34v40muZVGZG8g0t05ioRf,r&b;contemporary r&b;pop soul;pop;american idol,musicbrainz,artist,2010
fantasia featuring kelly rowland & missy elliott,fantasia,fantasia,fantasia,Fantasia,34v40muZVGZG8g0t05ioRf,r&b;contemporary r&b;pop soul;pop;american idol,musicbrainz,l1,2013
fantastic four,fantastic four,fantastic four,fantastic four,Fantastic Four,5oGcgKfxeAi0BxsWcQOlzD,,none,artist,1975
fantasy,fantasy,fantasy,fantasy,Fantasy,3QK6XTFKV94wlcLVQkBJ8O,schlager;schlagerparty,spotify,artist,1970
far corporation,far corporation,far corporation,far corporation,Far Corporation,2p3h5qulvUlIXDqK2pqpxw,soft rock,musicbrainz,artist,1986
far*east movement featuring cataracs & dev,far*east movement,far*east movement,fareast movement,,,,none,,2011
far*east movement featuring justin bieber,far*east movement,far*east movement,fareast movement,,,,none,,2012
far*east movement featuring ryan tedder,far*east movement,far*east movement,fareast movement,,,,none,,2011
faron young,faron young,faron young,faron young,Faron Young,6uvq6FeVsmhOWfJHxVNeBL,classic country;honky tonk;traditional country,spotify,artist,1972
farruko,farruko,farruko,farruko,Farruko,329e4yvIujISKGKz1BZZbO,reggaeton;trap latino,spotify,artist,2022
"farruko, nicki minaj, bad bunny, 21 savage & rvssian","farruko, nicki minaj, bad bunny, 21 savage & rvssian",farruko,farruko,Farruko,329e4yvIujISKGKz1BZZbO,reggaeton;trap latino,spotify,l2,2018
fastball,fastball,fastball,fastball,Fastball,7FtVJzRtpQpU61nBwB7cKN,power pop;pop rock;alternative rock;folk rock;roots rock,musicbrainz,artist,1999
faster pussycat,faster pussycat,faster pussycat,faster pussycat,Faster Pussycat,1FwGBBwUviGVIeDIByO7u7,glam metal;glam rock,spotify,artist,1990
fat boys,fat boys,fat boys,fat boys,Fat Boys,3537Phr9t8GWkY2GtxDpnt,old school hip hop;east coast hip hop,spotify,artist,1988
fat boys & the beach boys,fat boys & the beach boys,fat boys,fat boys,Fat Boys,3537Phr9t8GWkY2GtxDpnt,old school hip hop;east coast hip hop,spotify,l2,1987
fat joe,fat joe,fat joe,fat joe,Fat Joe,3ScY9CQxNLQei8Umvpx5g6,east coast hip hop,spotify,artist,2005
fat joe & dre featuring eminem & mary j. blige,fat joe & dre,fat joe,fat joe,Fat Joe,3ScY9CQxNLQei8Umvpx5g6,east coast hip hop,spotify,l2,2019
fat joe featuring ashanti,fat joe,fat joe,fat joe,Fat Joe,3ScY9CQxNLQei8Umvpx5g6,east coast hip hop,spotify,l1,2002
fat joe featuring chris brown,fat joe,fat joe,fat joe,Fat Joe,3ScY9CQxNLQei8Umvpx5g6,east coast hip hop,spotify,l1,2012
fat joe featuring ginuwine,fat joe,fat joe,fat joe,Fat Joe,3ScY9CQxNLQei8Umvpx5g6,east coast hip hop,spotify,l1,2002
fat joe featuring j. holiday,fat joe,fat joe,fat joe,Fat Joe,3ScY9CQxNLQei8Umvpx5g6,east coast hip hop,spotify,l1,2008
fat joe featuring lil wayne,fat joe,fat joe,fat joe,Fat Joe,3ScY9CQxNLQei8Umvpx5g6,east coast hip hop,spotify,l1,2007
fat joe featuring nelly,fat joe,fat joe,fat joe,Fat Joe,3ScY9CQxNLQei8Umvpx5g6,east coast hip hop,spotify,l1,2005
fat joe featuring r. kelly,fat joe,fat joe,fat joe,Fat Joe,3ScY9CQxNLQei8Umvpx5g6,east coast hip hop,spotify,l1,2002
fat joe featuring tony sunshine & armageddon,fat joe,fat joe,fat joe,Fat Joe,3ScY9CQxNLQei8Umvpx5g6,east coast hip hop,spotify,l1,2003
"fat joe, remy ma & jay z featuring french montana & infared","fat joe, remy ma & jay z",fat joe,fat joe,Fat Joe,3ScY9CQxNLQei8Umvpx5g6,east coast hip hop,spotify,l2,2016
fatboy slim,fatboy slim,fatboy slim,fatboy slim,Fatboy Slim,4Y7tXHSEejGu1vQ9bwDdXW,big beat,spotify,artist,2000
father m.c.,father m.c.,father m.c.,father mc,Father M.C.,5mGOvdWV0MzkQXIG9CQgI5,pop rap,musicbrainz,artist,1993
fats domino,fats domino,fats domino,fats domino,Fats Domino,09C0xjtosNAIXP36wTnWxd,rock and roll;doo-wop;rockabilly;boogie-woogie,spotify,artist,1968
favorite angel,favorite angel,favorite angel,favorite angel,,,,none,,1990
feargal sharkey,feargal sharkey,feargal sharkey,feargal sharkey,Feargal Sharkey,3zk5lgbVEre0rKRBqiKt0T,new wave;pop;uk;northern irish,musicbrainz,artist,1986
feather,,,,Feather,2Du67wvPTzzJ2LcmiHEOHK,lounge,spotify,artist,1970
fefe dobson,fefe dobson,fefe dobson,fefe dobson,Fefe Dobson,0mzTssRDPIQVH5wSNzOdFZ,rock;pop;canadian;pop punk,musicbrainz,artist,2003
feid x young miko,feid x young miko,feid,feid,Feid,2LRoIwlKmHjgvigdNGBHNo,reggaeton;urbano latino,spotify,l2,2023
feist,feist,feist,feist,Feist,6CWTBjOJK75cTE8Xv8u1kj,indie pop;canadian;folk;singer/songwriter;chamber pop,musicbrainz,artist,2008
felice taylor,felice taylor,felice taylor,felice taylor,Felice Taylor,2bPM7UBUWPtlRyIh5d0MlC,northern soul,spotify,artist,1967
felix cavaliere,felix cavaliere,felix cavaliere,felix cavaliere,Felix Cavaliere,74wxdlP4utkNZrtAL0mKrQ,,none,artist,1980
felix slatkin orchestra and chorus,felix slatkin orchestra and chorus,felix slatkin orchestra,felix slatkin orchestra,,,,none,,1960
felony,felony,felony,felony,Felony,1IuJ7D6JVHGOiPgJiZQlXf,new wave,spotify,artist,1983
fendida rappa with cardi b,fendida rappa with cardi b,fendida rappa,fendida rappa,FendiDa Rappa,7oXyXDUyxRjYXWC5L5EuGy,,none,l2,2023
fergie,fergie,fergie,fergie,Fergie,3r17AfJCCUqC9Lf0OAc73G,pop;r&b;pop rap;contemporary r&b;dance-pop,musicbrainz,artist,2016
fergie featuring ludacris,fergie,fergie,fergie,Fergie,3r17AfJCCUqC9Lf0OAc73G,pop;r&b;pop rap;contemporary r&b;dance-pop,musicbrainz,l1,2007
"fergie, q-tip & goonrock","fergie, q-tip & goonrock",fergie,fergie,Fergie,3r17AfJCCUqC9Lf0OAc73G,pop;r&b;pop rap;contemporary r&b;dance-pop,musicbrainz,l2,2013
ferlin husky,ferlin husky,ferlin husky,ferlin husky,Ferlin Husky,0szj7Sxtyluyjc2Arj0njB,classic country;christian country;traditional country;honky tonk,spotify,artist,1962
fern kinney,fern kinney,fern kinney,fern kinney,Fern Kinney,7tqYLHfwfsXiXdFtMIds2K,post-disco,spotify,artist,1979
ferrante & teicher,ferrante & teicher,ferrante,ferrante,Ferrante & Teicher,17rSwcIT9qu1OybU1lReJB,exotica,spotify,artist,1970
ferras,ferras,ferras,ferras,Ferras,3ZajykUFFll0Xwgal0fQfO,,none,artist,2008
festival,festival,festival,festival,,,classical;orchestra;british orchestra,musicbrainz,,1980
fetty wap,fetty wap,fetty wap,fetty wap,Fetty Wap,4sUASeYbHY6bwgMMTPJwdz,pop rap;trap rap;hip hop;2010s;contemporary r&b,musicbrainz,artist,2025
fetty wap featuring monty,fetty wap,fetty wap,fetty wap,Fetty Wap,4sUASeYbHY6bwgMMTPJwdz,pop rap;trap rap;hip hop;2010s;contemporary r&b,musicbrainz,l1,2016
fetty wap featuring remy boyz,fetty wap,fetty wap,fetty wap,Fetty Wap,4sUASeYbHY6bwgMMTPJwdz,pop rap;trap rap;hip hop;2010s;contemporary r&b,musicbrainz,l1,2016
fever tree,fever tree,fever tree,fever tree,Fever Tree,4kC1wUAU4QHotWGD2MwAHc,psychedelic rock;acid rock,spotify,artist,1968
field mob,field mob,field mob,field mob,Field Mob,0Uo6kyjrbQoZBlcXsMb8Vm,southern hip hop,spotify,artist,2003
field mob featuring ciara,field mob,field mob,field mob,Field Mob,0Uo6kyjrbQoZBlcXsMb8Vm,southern hip hop,spotify,l1,2006
fifth harmony,fifth harmony,fifth harmony,fifth harmony,Fifth Harmony,1l8Fu6IkuTP0U5QetQJ5Xt,girl group;pop;latin pop;synthpop;dance-pop,musicbrainz,artist,2016
fifth harmony featuring fetty wap,fifth harmony,fifth harmony,fifth harmony,Fifth Harmony,1l8Fu6IkuTP0U5QetQJ5Xt,girl group;pop;latin pop;synthpop;dance-pop,musicbrainz,l1,2016
fifth harmony featuring gucci mane,fifth harmony,fifth harmony,fifth harmony,Fifth Harmony,1l8Fu6IkuTP0U5QetQJ5Xt,girl group;pop;latin pop;synthpop;dance-pop,musicbrainz,l1,2017
fifth harmony featuring kid ink,fifth harmony,fifth harmony,fifth harmony,Fifth Harmony,1l8Fu6IkuTP0U5QetQJ5Xt,girl group;pop;latin pop;synthpop;dance-pop,musicbrainz,l1,2015
fifth harmony featuring ty dolla $ign,fifth harmony,fifth harmony,fifth harmony,Fifth Harmony,1l8Fu6IkuTP0U5QetQJ5Xt,girl group;pop;latin pop;synthpop;dance-pop,musicbrainz,l1,2016
fifty fifty,fifty fifty,fifty fifty,fifty fifty,FIFTY FIFTY,4GJ6xDCF5jaUqD6avOuQT6,k-pop,spotify,artist,2023
figures on a beach,figures on a beach,figures on a beach,figures on a beach,Figures On A Beach,6viLLEXE8t1R5wBFpCuDu2,new wave;synthpop,spotify,artist,1989
filter,filter,filter,filter,Filter,01WjpKiWVNurV5hjIadB8C,industrial rock;post-grunge;industrial metal;industrial,spotify,artist,2002
fine young cannibals,fine young cannibals,fine young cannibals,fine young cannibals,Fine Young Cannibals,20p5D2KrE8CGuOjHtxsyTp,new wave;pop;rock;electronic;synth-pop,musicbrainz,artist,1990
finesse2tymes,finesse2tymes,finesse2tymes,finesse2tymes,Finesse2tymes,3OoC54nEM3Xl7Kn5hsDdpg,hip hop;trap,musicbrainz,artist,2023
finger eleven,finger eleven,finger eleven,finger eleven,Finger Eleven,0niJkG4tKkne3zwr7I8n9n,post-grunge;alternative rock;rock;nu metal;hard rock,musicbrainz,artist,2008
fiona,fiona,fiona,fiona,Fiona,19gKJXqC4KZ4Wc6ZEfZIfZ,lovers rock;reggae,spotify,artist,1985
fiona (duet with kip winger),fiona,fiona,fiona,Fiona,19gKJXqC4KZ4Wc6ZEfZIfZ,lovers rock;reggae,spotify,l1,1990
fiona apple,fiona apple,fiona apple,fiona apple,Fiona Apple,3g2kUQ6tHLLbmkV7T4GPtL,art pop,spotify,artist,1998
fire and rain,fire and rain,fire,fire,,,,none,,1973
fire inc.,fire inc.,fire inc.,fire inc,Fire Inc.,41pLvk2oM6XBHjqi1JkTXF,american;wagnerian rock;rock opera,musicbrainz,artist,1984
fireballs,fireballs,fireballs,fireballs,Fireballs,1XC7avfu9u0UpFII6KPIv9,instrumental rock;rock and roll;surf rock,musicbrainz,artist,1959
fireboy dml & ed sheeran,fireboy dml & ed sheeran,fireboy dml,fireboy dml,Fireboy DML,75VKfyoBlkmrJFDqo1o2VY,afrobeats;afrobeat;afropop;afro r&b;afropiano,spotify,l2,2022
firefall,firefall,firefall,firefall,Firefall,1tfXh4XxILEuMU2qZupFn8,yacht rock;country rock;soft rock,spotify,artist,1983
fireflies,fireflies,fireflies,fireflies,Fireflies,6JLWWuXzPap1Z3ZJbjpzBD,,none,artist,1959
firefly,firefly,firefly,firefly,Firefly,1MSiu4alHI6S2lZtiFvUjH,italo disco;post-disco;italo dance,spotify,artist,1975
firehouse,firehouse,firehouse,firehouse,Firehouse,28pS8WVbFstY0o1SrqCf8I,glam metal;glam rock,spotify,artist,1995
first choice,first choice,first choice,first choice,First Choice,20v3nhzoeaO2WvDSCdY0f4,philly soul;disco;chicago house;post-disco;disco house,spotify,artist,1977
first class,first class,first class,first class,First Class,1jvfmPrLNlHRcENXU2532H,classic pop and rock,musicbrainz,artist,1975
fitz and the tantrums,fitz and the tantrums,fitz,fitz,Fitz and The Tantrums,4AcHt3JxKy59IX7JNNlZn4,indie pop;pop;pop rock;electronic;soul,musicbrainz,artist,2017
five,five,five,five,Five,6rEzedK7cKWjeQWdAYvWVG,pop;british;uk;dance-pop;europop,musicbrainz,artist,1999
five by five,five by five,five by five,five by five,Five by Five,7As5A2EDry5FSpz440Di5v,,none,artist,1968
five finger death punch,five finger death punch,five finger death punch,five finger death punch,Five Finger Death Punch,5t28BP42x2axFnqOOMg3CM,metal;groove metal;heavy metal;hard rock;rock,spotify,artist,2011
"five finger death punch featuring kenny wayne shepherd, brantley gilbert & brian may",five finger death punch,five finger death punch,five finger death punch,Five Finger Death Punch,5t28BP42x2axFnqOOMg3CM,metal;groove metal;heavy metal;hard rock;rock,spotify,l1,2019
five flights up,five flights up,five flights up,five flights up,Five Flights Up,1mGmFm3MIktE61wZrk8o7X,,none,artist,1970
five man electrical band,five man electrical band,five man electrical band,five man electrical band,Five Man Electrical Band,1GjVNyMzPjdBuip6Xanllu,pop;hard rock;pop rock,musicbrainz,artist,1974
five special,five special,five special,five special,Five Special,1vz2QwrUNrRKoD6cDjpyew,,none,artist,1979
five stairsteps & cubie,five stairsteps & cubie,five stairsteps,five stairsteps,,,,none,,1969
five star,five star,five star,five star,Five Star,4toJT7YydhWcrYNgWJK4hW,british;english;rnb;pop;contemporary r&b,musicbrainz,artist,1987
five for fighting,five for fighting,five for fighting,five for fighting,Five For Fighting,7FgMLbnZVrEnir95O0YujA,,none,artist,2009
"fivio foreign, kanye west & alicia keys","fivio foreign, kanye west & alicia keys",fivio foreign,fivio foreign,Fivio Foreign,14CHVeJGrR5xgUGQFV5BVM,brooklyn drill;new york drill;drill;uk drill,spotify,l2,2022
flamingos,flamingos,flamingos,flamingos,Flamingos,2x8iZJXXoRn229YWmteWoR,doo-wop;pop soul;standards;rhythm & blues;2008 universal fire victim,musicbrainz,artist,1970
flash,flash,flash,flash,Flash,6r327ya63MLzfVpJx2dzo0,eurodance,spotify,artist,1972
flash and the pan,flash and the pan,flash,flash,Flash,6r327ya63MLzfVpJx2dzo0,eurodance,spotify,l2,1979
flash cadillac and the continental kids,flash cadillac and the continental kids,flash cadillac,flash cadillac,Flash Cadillac,1n2nOaOSFfvCFM42AK0EKW,doo-wop,spotify,l2,1976
flatt & scruggs,flatt & scruggs,flatt,flatt,Flatt & Scruggs,1iNNWK8bYjc5EK0waLk1J1,bluegrass;newgrass;traditional country,spotify,artist,1968
flavor,flavor,flavor,flavor,Flavor,52fiQ4kfruhEWnHDlLbpeJ,azonto;afrobeats;hiplife;afrobeat,spotify,artist,1968
fleetwood mac,fleetwood mac,fleetwood mac,fleetwood mac,Fleetwood Mac,08GQAI4eElDnROBrJRGE0X,classic rock;yacht rock;soft rock,spotify,artist,2020
fletcher,fletcher,fletcher,fletcher,FLETCHER,5qa31A9HySw3T7MKWI9bGg,queer;fletcher heal,musicbrainz,artist,2019
flex,flex,flex,flex,Flex,13VwGEitoK8J0qjNjbgeTN,reggaeton,spotify,artist,2008
flip cartridge,flip cartridge,flip cartridge,flip cartridge,,,,none,,1966
flipp dinero,flipp dinero,flipp dinero,flipp dinero,Flipp Dinero,2HUwZ0kumzCSlhFcjFZfpp,melodic rap,spotify,artist,2019
flo milli,flo milli,flo milli,flo milli,Flo Milli,08PvCOlef4xdOr20jFSTPd,hip hop;trap,musicbrainz,artist,2024
flo rida,flo rida,flo rida,flo rida,Flo Rida,0jnsk9HBra6NMjO2oANoPY,pop rap;dance-pop;hip hop;happy;not aggressive,musicbrainz,artist,2016
flo rida & 99 percent,flo rida & 99 percent,flo rida,flo rida,Flo Rida,0jnsk9HBra6NMjO2oANoPY,pop rap;dance-pop;hip hop;happy;not aggressive,musicbrainz,l2,2017
flo rida featuring akon,flo rida,flo rida,flo rida,Flo Rida,0jnsk9HBra6NMjO2oANoPY,pop rap;dance-pop;hip hop;happy;not aggressive,musicbrainz,l1,2011
flo rida featuring david guetta,flo rida,flo rida,flo rida,Flo Rida,0jnsk9HBra6NMjO2oANoPY,pop rap;dance-pop;hip hop;happy;not aggressive,musicbrainz,l1,2011
flo rida featuring jason derulo,flo rida,flo rida,flo rida,Flo Rida,0jnsk9HBra6NMjO2oANoPY,pop rap;dance-pop;hip hop;happy;not aggressive,musicbrainz,l1,2016
flo rida featuring ne-yo,flo rida,flo rida,flo rida,Flo Rida,0jnsk9HBra6NMjO2oANoPY,pop rap;dance-pop;hip hop;happy;not aggressive,musicbrainz,l1,2009
flo rida featuring nelly furtado,flo rida,flo rida,flo rida,Flo Rida,0jnsk9HBra6NMjO2oANoPY,pop rap;dance-pop;hip hop;happy;not aggressive,musicbrainz,l1,2009
flo rida featuring pleasure p,flo rida,flo rida,flo rida,Flo Rida,0jnsk9HBra6NMjO2oANoPY,pop rap;dance-pop;hip hop;happy;not aggressive,musicbrainz,l1,2009
flo rida featuring robin thicke & verdine white,flo rida,flo rida,flo rida,Flo Rida,0jnsk9HBra6NMjO2oANoPY,pop rap;dance-pop;hip hop;happy;not aggressive,musicbrainz,l1,2015
flo rida featuring sage the gemini & lookas,flo rida,flo rida,flo rida,Flo Rida,0jnsk9HBra6NMjO2oANoPY,pop rap;dance-pop;hip hop;happy;not aggressive,musicbrainz,l1,2015
flo rida featuring sean kingston,flo rida,flo rida,flo rida,Flo Rida,0jnsk9HBra6NMjO2oANoPY,pop rap;dance-pop;hip hop;happy;not aggressive,musicbrainz,l1,2008
flo rida featuring sia,flo rida,flo rida,flo rida,Flo Rida,0jnsk9HBra6NMjO2oANoPY,pop rap;dance-pop;hip hop;happy;not aggressive,musicbrainz,l1,2012
flo rida featuring t-pain,flo rida,flo rida,flo rida,Flo Rida,0jnsk9HBra6NMjO2oANoPY,pop rap;dance-pop;hip hop;happy;not aggressive,musicbrainz,l1,2008
flo rida featuring timbaland,flo rida,flo rida,flo rida,Flo Rida,0jnsk9HBra6NMjO2oANoPY,pop rap;dance-pop;hip hop;happy;not aggressive,musicbrainz,l1,2008
flo rida featuring wynter,flo rida,flo rida,flo rida,Flo Rida,0jnsk9HBra6NMjO2oANoPY,pop rap;dance-pop;hip hop;happy;not aggressive,musicbrainz,l1,2009
flo rida featuring will.i.am,flo rida,flo rida,flo rida,Flo Rida,0jnsk9HBra6NMjO2oANoPY,pop rap;dance-pop;hip hop;happy;not aggressive,musicbrainz,l1,2008
flobots,flobots,flobots,flobots,Flobots,0rHiOzaAbw3cCp8D7yjyig,conscious hip hop;hip hop;political;hopepunk;rap,musicbrainz,artist,2008
floetry,floetry,floetry,floetry,Floetry,0un6YenPxWZ2VW4aFGMupM,neo soul;quiet storm,spotify,artist,2003
florence + the machine,florence + the machine,florence,florence,Florence + The Machine,1moxjboGR7GNWYIMWsRjgG,baroque pop,spotify,artist,2015
florida georgia line,florida georgia line,florida georgia line,florida georgia line,Florida Georgia Line,3b8QkneNDz4JHKKKlLgYZg,country;pop country;acoustic country,spotify,artist,2021
florida georgia line featuring backstreet boys,florida georgia line,florida georgia line,florida georgia line,Florida Georgia Line,3b8QkneNDz4JHKKKlLgYZg,country;pop country;acoustic country,spotify,l1,2017
florida georgia line featuring nelly,florida georgia line,florida georgia line,florida georgia line,Florida Georgia Line,3b8QkneNDz4JHKKKlLgYZg,country;pop country;acoustic country,spotify,l1,2013
florida georgia line featuring tim mcgraw,florida georgia line,florida georgia line,florida georgia line,Florida Georgia Line,3b8QkneNDz4JHKKKlLgYZg,country;pop country;acoustic country,spotify,l1,2017
florida georgia line ft. jason derulo & luke bryan,florida georgia line ft. jason derulo & luke bryan,florida georgia line ft. jason derulo,florida georgia line ft jason derulo,,,,none,,2014
florraine darlin,florraine darlin,florraine darlin,florraine darlin,,,,none,,1962
floyd cramer,floyd cramer,floyd cramer,floyd cramer,Floyd Cramer,6DQ6mdEhxCgHPqfX1niZZK,easy listening;country;nashville sound,musicbrainz,artist,1963
floyd robinson,floyd robinson,floyd robinson,floyd robinson,Floyd Robinson,0beNzznf23ag9kGUkeED24,doo-wop,spotify,artist,1959
floyymenor x cris mj,floyymenor x cris mj,floyymenor,floyymenor,FloyyMenor,7CvTknweLr9feJtRGrpDBy,reggaeton chileno,spotify,l2,2024
flume featuring kai,flume,flume,flume,Flume,6nxWCVXbOlEVRexSbLsTer,future bass,spotify,l1,2016
flume featuring tove lo,flume,flume,flume,Flume,6nxWCVXbOlEVRexSbLsTer,future bass,spotify,l1,2017
flyleaf,flyleaf,flyleaf,flyleaf,Flyleaf,4IliztYDlfMvzQzbx50o60,christian rock;christian alternative rock;emo,spotify,artist,2008
focus,focus,focus,focus,Focus,0ifzzRKdmtgaHy9cfnnyCR,progressive rock;nederpop;art rock,spotify,artist,1973
foghat,foghat,foghat,foghat,Foghat,6x33CmZWo2Ve4hxYl2Craq,classic rock;southern rock,spotify,artist,1980
folk implosion,folk implosion,folk implosion,folk implosion,,,usa,musicbrainz,,1996
fontella bass,fontella bass,fontella bass,fontella bass,Fontella Bass,6k3YMXJ1MJLgUEAlSPC6hA,motown;northern soul;classic soul;soul,spotify,artist,1966
fontella bass & bobby mcclure,fontella bass & bobby mcclure,fontella bass,fontella bass,Fontella Bass,6k3YMXJ1MJLgUEAlSPC6hA,motown;northern soul;classic soul;soul,spotify,l2,1965
foo fighters,foo fighters,foo fighters,foo fighters,Foo Fighters,7jy3rLJdDQY21OgRLCZ9sD,rock;post-grunge;alternative rock;grunge,spotify,artist,2011
fools gold,fools gold,fools gold,fools gold,Fools Gold,0UxRJcx2vQyaWAuLa82xtH,folk rock;country rock,musicbrainz,artist,1976
for real,for real,for real,for real,For Real,53CmNhCajbQR9LxpLOf8gC,quiet storm;new jack swing,spotify,artist,1996
force m.d.'s,force m.d.'s,force m.d.'s,force mds,Force M.D.'s,3KpLtTMpLAko7nBDmiYg7Z,quiet storm;new jack swing,spotify,artist,1987
foreigner,foreigner,foreigner,foreigner,Foreigner,6IRouO5mvvfcyxtPDKMYFN,aor;classic rock,spotify,artist,1995
forest for the trees,forest for the trees,forest for the trees,forest for the trees,Forest for the Trees,7AcjL2oVjfrowEIySr1QI1,neo-psychedelic;alternative dance,spotify,artist,1997
forrest frank,forrest frank,forrest frank,forrest frank,Forrest Frank,1scVfBymTr3CeZ4imMj1QJ,christian;christian pop;christian hip hop;worship;gospel r&b,spotify,artist,2025
forrest frank & the figs,forrest frank & the figs,forrest frank,forrest frank,Forrest Frank,1scVfBymTr3CeZ4imMj1QJ,christian;christian pop;christian hip hop;worship;gospel r&b,spotify,l2,2025
fort minor featuring holly brook,fort minor,fort minor,fort minor,Fort Minor,7dWYWUbO68rXJOcyA7SpJk,rap rock,spotify,l1,2006
fort minor featuring styles of beyond,fort minor,fort minor,fort minor,Fort Minor,7dWYWUbO68rXJOcyA7SpJk,rap rock,spotify,l1,2006
fortune,fortune,fortune,fortune,Fortune,414HQxepeNvwhpUAsM5QrA,,none,artist,1986
foster sylvers,foster sylvers,foster sylvers,foster sylvers,Foster Sylvers,3QbCFXnOjoX6A9D0PT6oZ8,r&b,musicbrainz,artist,1973
foster the people,foster the people,foster the people,foster the people,Foster The People,7gP3bB2nilZXLfPHJhMdvc,indie pop;pop;indie;alternative;dance-pop,musicbrainz,artist,2018
fotomaker,fotomaker,fotomaker,fotomaker,Fotomaker,3ldQTVNiLhC5mT9kf3Ac7O,power pop;aor;jangle pop,spotify,artist,1979
fountains of wayne,fountains of wayne,fountains of wayne,fountains of wayne,Fountains Of Wayne,1pgtr4nhBQjp9oCUBPyYWh,power pop,spotify,artist,2004
four jacks and a jill,four jacks and a jill,four jacks,four jacks,Four Jacks And a Jill,2iARYzqM7A0FMEgRI0RV90,,none,artist,1968
four tops,four tops,four tops,four tops,Four Tops,7fIvjotigTGWqjIz6EP1i4,motown;northern soul;classic soul;soul,spotify,artist,1988
fox,fox,fox,fox,,,pop;dance-pop;house;eurodance;hi-nrg,musicbrainz,,1975
foxy,foxy,foxy,foxy,Foxy,6OWX8vOXHDmO2UxsfaJnfw,disco,spotify,artist,1979
foxy brown,foxy brown,foxy brown,foxy brown,Foxy Brown,1wvlC6NwleHt1iRD6d5X2C,east coast hip hop,spotify,artist,1999
foxy brown featuring dru hill,foxy brown,foxy brown,foxy brown,Foxy Brown,1wvlC6NwleHt1iRD6d5X2C,east coast hip hop,spotify,l1,1997
foxy brown featuring jay-z,foxy brown,foxy brown,foxy brown,Foxy Brown,1wvlC6NwleHt1iRD6d5X2C,east coast hip hop,spotify,l1,1997
fragma,fragma,fragma,fragma,Fragma,2t9efDsc10DtZpi4LP3BJJ,trance,spotify,artist,2000
framing hanley,framing hanley,framing hanley,framing hanley,Framing Hanley,3niqfoc7C6lIeCNVz8iZYE,,none,artist,2009
france joli,france joli,france joli,france joli,France Joli,10yNnmMFF3U0MW7oeG3bFr,disco;post-disco;hi-nrg,spotify,artist,1979
francesca battistelli,francesca battistelli,francesca battistelli,francesca battistelli,Francesca Battistelli,29ywwKkxfoH7iWwNY1UezA,ccm;worship;christian pop;christian alternative rock,spotify,artist,2009
francis lai and his orchestra,francis lai and his orchestra,francis lai,francis lai,Francis Lai and his Orchestra,2yNeVcAEtXS3RWykVS5Sbo,,none,artist,1971
franck pourcel's french fiddles,franck pourcel's french fiddles,franck pourcel's french fiddles,franck pourcels french fiddles,,,,none,,1959
frank chacksfield and his orch.,frank chacksfield and his orch.,frank chacksfield,frank chacksfield,Frank Chacksfield,556bh5qJfhSUkjTluTTyMF,orchestral;easy listening,spotify,l2,1960
frank devol and his rainbow strings,frank devol and his rainbow strings,frank devol,frank devol,Frank DeVol,72BrsxA7krL4YXPpAivx7W,,none,l2,1960
frank gallop,frank gallop,frank gallop,frank gallop,Frank Gallop,7BZbKaR9vuecC1eDYGFoL7,comedy,spotify,artist,1966
frank gari,frank gari,frank gari,frank gari,Frank Gari,4Bq9BsOR2XccL0DqLfYnam,doo-wop,spotify,artist,1961
frank ifield,frank ifield,frank ifield,frank ifield,Frank Ifield,4IYYmybW7zLRFIPnOjBUUO,pop;australian;british;uk;country,musicbrainz,artist,1964
frank lucas,frank lucas,frank lucas,frank lucas,Frank Lucas,6dOVEq1kNfarBHu5cEJ5WX,,none,artist,1977
frank mills,frank mills,frank mills,frank mills,Frank Mills,1rlNSO7W5SWGspO6fgrHPS,,none,artist,1979
frank ocean,frank ocean,frank ocean,frank ocean,Frank Ocean,2h93pZq0e7k5yf4dywlkpM,rnb;contemporary r&b;pop;queer;r&b,musicbrainz,artist,2019
frank sinatra,frank sinatra,frank sinatra,frank sinatra,Frank Sinatra,1Mxqyy3pSjf8kZZL4QVxS0,christmas;big band;adult standards;swing music;jazz,spotify,artist,1980
"frank sinatra ""and a bunch of kids""","frank sinatra ""and a bunch of kids""","frank sinatra """,frank sinatra,Frank Sinatra,1Mxqyy3pSjf8kZZL4QVxS0,christmas;big band;adult standards;swing music;jazz,spotify,l3,1959
frank sinatra & sammy davis jr.,frank sinatra & sammy davis jr.,frank sinatra,frank sinatra,Frank Sinatra,1Mxqyy3pSjf8kZZL4QVxS0,christmas;big band;adult standards;swing music;jazz,spotify,l2,1963
frank sinatra with the orchestra & chorus of gordon jenkins,frank sinatra with the orchestra & chorus of gordon jenkins,frank sinatra,frank sinatra,Frank Sinatra,1Mxqyy3pSjf8kZZL4QVxS0,christmas;big band;adult standards;swing music;jazz,spotify,l2,2025
frank slay and his orchestra,frank slay and his orchestra,frank slay,frank slay,Frank Slay and His Orchestra,7byMbt3f91PJnoyL9KPhCP,,none,artist,1962
frank stallone,frank stallone,frank stallone,frank stallone,Frank Stallone,3BucZwouCkpiGi2UxqfWn9,yacht rock,spotify,artist,1984
frank zappa,frank zappa,frank zappa,frank zappa,Frank Zappa,6ra4GIOgCZQZMOaUECftGN,progressive rock;art rock;psychedelic rock;jazz fusion;avant-garde,spotify,artist,1982
franke & the knockouts,franke & the knockouts,franke,franke,Franke & The Knockouts,5l6cEOynnkfX7PS7zCMRU0,aor;yacht rock;arena rock,spotify,artist,1982
frankee,frankee,frankee,frankee,Frankee,56q3D8xkPLzYFHHaN5k9oT,soul,musicbrainz,artist,2004
frankie avalon,frankie avalon,frankie avalon,frankie avalon,Frankie Avalon,5zNOI87gG4RttFmYAZWaxQ,doo-wop,spotify,artist,1976
frankie ballard,frankie ballard,frankie ballard,frankie ballard,Frankie Ballard,0dvKgSdNB2U1gfp6ZcekYi,country;acoustic country,spotify,artist,2015
frankie calen,frankie calen,frankie calen,frankie calen,,,,none,,1961
frankie ford,frankie ford,frankie ford,frankie ford,Frankie Ford,4pP3yDq6WM0FvMWiyqnzc8,r&b;new orleans r&b,musicbrainz,artist,1961
frankie goes to hollywood,frankie goes to hollywood,frankie goes to hollywood,frankie goes to hollywood,Frankie Goes To Hollywood,1mZu3rO7qSD09GdDpePHhY,synthpop;hi-nrg,spotify,artist,1985
frankie j,frankie j,frankie j,frankie j,Frankie J,3sMYEBy0CZFxedcnm9i9hf,latin pop;pop;soul;latin;r&b,musicbrainz,artist,2006
frankie j featuring baby bash,frankie j,frankie j,frankie j,Frankie J,3sMYEBy0CZFxedcnm9i9hf,latin pop;pop;soul;latin;r&b,musicbrainz,l1,2005
frankie j featuring mannie fresh & chamillionaire,frankie j,frankie j,frankie j,Frankie J,3sMYEBy0CZFxedcnm9i9hf,latin pop;pop;soul;latin;r&b,musicbrainz,l1,2006
frankie karl & the dreams,frankie karl & the dreams,frankie karl,frankie karl,Frankie Karl & The Dreams,6XC4S8ejEelRZQRwwXrx47,,none,artist,1968
frankie laine,frankie laine,frankie laine,frankie laine,Frankie Laine,3cgO5CdhEHKMxldjZlP5ix,adult standards,spotify,artist,1969
frankie lymon,frankie lymon,frankie lymon,frankie lymon,Frankie Lymon,2KMQz6s6MNRr4bxI8EQdRk,doo-wop,spotify,artist,1960
frankie miller,frankie miller,frankie miller,frankie miller,Frankie Miller,5TYe8MT9vU4uQe9JuTgFlF,honky tonk;traditional country;rockabilly;classic country,spotify,artist,1982
frankie smith,frankie smith,frankie smith,frankie smith,Frankie Smith,0CcGsPdBvdYS0JuxrTvTIF,http://musicbrainz.org/release-group/5716ae91-5a28-3f07-b167-7c50dfe0e107,musicbrainz,artist,1981
frankie valli,frankie valli,frankie valli,frankie valli,Frankie Valli,3CDKmzJu6uwEGnPLLZffpD,aln-sh;classic pop and rock,musicbrainz,artist,1979
frankie valli & chris forde,frankie valli & chris forde,frankie valli,frankie valli,Frankie Valli,3CDKmzJu6uwEGnPLLZffpD,aln-sh;classic pop and rock,musicbrainz,l2,1980
frankie valli & the 4 seasons,frankie valli & the 4 seasons,frankie valli,frankie valli,Frankie Valli,3CDKmzJu6uwEGnPLLZffpD,aln-sh;classic pop and rock,musicbrainz,l2,1970
frannie golde,frannie golde,frannie golde,frannie golde,Frannie Golde,4s1v0vVPSUCpqCa5JECA6p,aor;yacht rock,spotify,artist,1979
franz ferdinand,franz ferdinand,franz ferdinand,franz ferdinand,Franz Ferdinand,0XNa1vTidXlvJ2gHSsRi4A,indie rock,spotify,artist,2005
freak nasty,freak nasty,freak nasty,freak nasty,Freak Nasty,0LthCv77K8NqLKr8B6266a,miami bass;new orleans bounce,spotify,artist,1997
freak nasty featuring crazy mike,freak nasty,freak nasty,freak nasty,Freak Nasty,0LthCv77K8NqLKr8B6266a,miami bass;new orleans bounce,spotify,l1,2007
fred darian,fred darian,fred darian,fred darian,Fred Darian,4IZNWdJeOXzlpU6VkZT3mM,,none,artist,1961
fred hughes,fred hughes,fred hughes,fred hughes,Fred Hughes,2gvFd2GyvGl2eCeAiNwoDX,soul;r&b,musicbrainz,artist,1965
fred knoblock,fred knoblock,fred knoblock,fred knoblock,Fred Knoblock,3CSygLJ52E0LO7m8AUS4im,yacht rock;aor,spotify,artist,1980
fred knoblock & susan anton,fred knoblock & susan anton,fred knoblock,fred knoblock,Fred Knoblock,3CSygLJ52E0LO7m8AUS4im,yacht rock;aor,spotify,l2,1981
fred parris & the five satins,fred parris & the five satins,fred parris,fred parris,Fred Parris,4HEhD6nHnO9hB6h3uiGZJ9,doo-wop,spotify,l2,1982
fred schneider,fred schneider,fred schneider,fred schneider,Fred Schneider,7HWVWTbgJBXqBX6Jd4AvzJ,rock,musicbrainz,artist,1991
fred wesley & the j.b.'s,fred wesley & the j.b.'s,fred wesley,fred wesley,Fred Wesley & The J.B.'s,5No6BqTN5CphuxDG9xAJ5U,funk;jazz funk,spotify,artist,1973
freda payne,freda payne,freda payne,freda payne,Freda Payne,0701Axu6yvUIoctaKMbDIZ,northern soul;motown;classic soul,spotify,artist,1972
freddie and the dreamers,freddie and the dreamers,freddie,freddie,Freddie,7jl63cVFxpbih6ngqs0V3s,jazz;hard bop;soul jazz;jazz and blues;post-bop,musicbrainz,l2,1965
freddie cannon,freddie cannon,freddie cannon,freddie cannon,Freddie Cannon,1r0znkWvjugc6mVKuiimwm,rockabilly,spotify,artist,1960
freddie hart,freddie hart,freddie hart,freddie hart,Freddie Hart,2cyENLzpUJ2GfZJwmWxlI4,rockabilly;traditional country;classic country,spotify,artist,1971
freddie hughes,freddie hughes,freddie hughes,freddie hughes,Freddie Hughes,6BPxwaBHN227f6pCOMxhHO,northern soul,spotify,artist,1968
freddie jackson,freddie jackson,freddie jackson,freddie jackson,Freddie Jackson,2yaixhgm3yXxjhJAH8SZy3,quiet storm;classic soul,spotify,artist,1988
freddie mccoy,freddie mccoy,freddie mccoy,freddie mccoy,Freddie McCoy,0I1bdHFXXoU1lcH9cNjUKj,soul jazz,spotify,artist,1967
freddie mercury,freddie mercury,freddie mercury,freddie mercury,Freddie Mercury,4M1FpEWs2PeYfJe7xxJfhH,rock;hard rock;dance-pop;pop;british,musicbrainz,artist,1985
freddie north,freddie north,freddie north,freddie north,Freddie North,3cHgAeclHi4hCddSkKDOKv,rockabilly,spotify,artist,1971
freddie scott,freddie scott,freddie scott,freddie scott,Freddie Scott,3uuQLSmKyXSXIStTYGKLrT,soul,musicbrainz,artist,1967
freddy cannon,freddy cannon,freddy cannon,freddy cannon,Freddy Cannon,1ffNa7yLg0ncUpBm5P03pm,doo-wop;rockabilly,spotify,artist,1966
freddy cannon & the belmonts,freddy cannon & the belmonts,freddy cannon,freddy cannon,Freddy Cannon,1ffNa7yLg0ncUpBm5P03pm,doo-wop;rockabilly,spotify,l2,1981
freddy fender,freddy fender,freddy fender,freddy fender,Freddy Fender,0SNdq9iJyup4XY6JbNHbt6,tejano;classic country,spotify,artist,1976
freddy king,freddy king,freddy king,freddy king,Freddy King,6pwCX5jsLlyzZDiH2fTsya,northern soul;classic blues,spotify,artist,1961
freddy robinson,freddy robinson,freddy robinson,freddy robinson,Freddy Robinson,4Vq67R8dIs1pu5RwfAOARV,jazz blues,spotify,artist,1970
freddy scott,freddy scott,freddy scott,freddy scott,Freddy Scott,2v9AgsBq3PTAHGnw9zILmf,,none,artist,1967
frederick knight,frederick knight,frederick knight,frederick knight,Frederick Knight,3X7yeRPAqw2O76f84A2r9U,northern soul;classic soul,spotify,artist,1972
free,free,free,free,Free,2e53aHBQdCMKWqHDuyJsjC,classic rock;blues rock,spotify,artist,1971
free movement,free movement,free movement,free movement,Free Movement,6zJyaL9ZBnMoSHdVyYTQZ4,uk funky;kuduro,spotify,artist,1972
freedom williams,freedom williams,freedom williams,freedom williams,Freedom Williams,08MVPakTEdRJimQNV61NFR,hip house,spotify,artist,1993
freedy johnston,freedy johnston,freedy johnston,freedy johnston,Freedy Johnston,5aeoG3xBrai5JsTqVmmgj0,power pop;jangle pop,spotify,artist,1995
freeway featuring jay-z & beanie sigel,freeway,freeway,freeway,Freeway,2Jwr7hGoSNK3S3QBxh3T0z,east coast hip hop,spotify,l1,2003
freeway featuring peedi crakk,freeway,freeway,freeway,Freeway,2Jwr7hGoSNK3S3QBxh3T0z,east coast hip hop,spotify,l1,2003
french montana,french montana,french montana,french montana,French Montana,6vXTefBL93Dj5IqAWq6OTv,hip hop;east coast hip hop,musicbrainz,artist,2013
french montana featuring blueface & lil tjay,french montana,french montana,french montana,French Montana,6vXTefBL93Dj5IqAWq6OTv,hip hop;east coast hip hop,musicbrainz,l1,2019
french montana featuring drake,french montana,french montana,french montana,French Montana,6vXTefBL93Dj5IqAWq6OTv,hip hop;east coast hip hop,musicbrainz,l1,2019
french montana featuring jeremih,french montana,french montana,french montana,French Montana,6vXTefBL93Dj5IqAWq6OTv,hip hop;east coast hip hop,musicbrainz,l1,2015
french montana featuring kodak black,french montana,french montana,french montana,French Montana,6vXTefBL93Dj5IqAWq6OTv,hip hop;east coast hip hop,musicbrainz,l1,2016
french montana featuring nicki minaj,french montana,french montana,french montana,French Montana,6vXTefBL93Dj5IqAWq6OTv,hip hop;east coast hip hop,musicbrainz,l1,2013
"french montana featuring post malone, cardi b & rvssian",french montana,french montana,french montana,French Montana,6vXTefBL93Dj5IqAWq6OTv,hip hop;east coast hip hop,musicbrainz,l1,2019
"french montana featuring rick ross, drake, lil wayne",french montana,french montana,french montana,French Montana,6vXTefBL93Dj5IqAWq6OTv,hip hop;east coast hip hop,musicbrainz,l1,2012
french montana featuring swae lee,french montana,french montana,french montana,French Montana,6vXTefBL93Dj5IqAWq6OTv,hip hop;east coast hip hop,musicbrainz,l1,2018
french montana featuring the weeknd & max b,french montana,french montana,french montana,French Montana,6vXTefBL93Dj5IqAWq6OTv,hip hop;east coast hip hop,musicbrainz,l1,2017
frenship & emily warren,frenship & emily warren,frenship,frenship,FRENSHIP,7xEFii6utZmQ61kX59HmLH,electropop;indie pop,musicbrainz,l2,2016
frida,frida,frida,frida,Frida,5uOVb4hLSQVbHbVVt27tV1,swedish pop,spotify,artist,1983
fridayy,fridayy,fridayy,fridayy,Fridayy,7sP4SQ0WY6jfps1I19Ot7i,r&b;soul,musicbrainz,artist,2024
fridayy & meek mill,fridayy & meek mill,fridayy,fridayy,Fridayy,7sP4SQ0WY6jfps1I19Ot7i,r&b;soul,musicbrainz,l2,2025
friend and lover,friend and lover,friend,friend,,,american;psychedelic pop;sunshine pop;folk pop,musicbrainz,,1968
frijid pink,frijid pink,frijid pink,frijid pink,Frijid Pink,0K24Tk5QTxx6tkcCdnY3Od,acid rock;psychedelic rock,spotify,artist,1971
frost,frost,frost,frost,Frost,4cr1vZsdjcY434Aqc3fDBt,thrash metal;black metal;death metal;avant-garde metal;heavy metal,musicbrainz,artist,1996
frozen ghost,frozen ghost,frozen ghost,frozen ghost,Frozen Ghost,037hMD9XEgzyHXzUiOi55o,rock,musicbrainz,artist,1987
fruit de la passion,fruit de la passion,fruit de la passion,fruit de la passion,Fruit De La Passion,3yGeJgBflAaa1p0mfTvD4q,latin house,spotify,artist,1998
fu-schnickens,fu-schnickens,fu-schnickens,fuschnickens,FU-Schnickens,2BnZSEAPhFsB1RIyeEgXmN,east coast hip hop;old school hip hop,spotify,artist,1995
fu-schnickens w/ shaquille o'neal,fu-schnickens,fu-schnickens,fuschnickens,FU-Schnickens,2BnZSEAPhFsB1RIyeEgXmN,east coast hip hop;old school hip hop,spotify,l1,1993
fuel,fuel,fuel,fuel,Fuel,0EyuKHE1AeE9lWUF8mzKVp,post-grunge,spotify,artist,2004
fuerza regida,fuerza regida,fuerza regida,fuerza regida,Fuerza Regida,0ys2OFYzWYB5hRDLCsBqxt,corrido;corridos tumbados;corridos bélicos;música mexicana;sierreño,spotify,artist,2025
fuerza regida & grupo frontera,fuerza regida & grupo frontera,fuerza regida,fuerza regida,Fuerza Regida,0ys2OFYzWYB5hRDLCsBqxt,corrido;corridos tumbados;corridos bélicos;música mexicana;sierreño,spotify,l2,2025
fuerza regida & marshmello,fuerza regida & marshmello,fuerza regida,fuerza regida,Fuerza Regida,0ys2OFYzWYB5hRDLCsBqxt,corrido;corridos tumbados;corridos bélicos;música mexicana;sierreño,spotify,l2,2024
fuerza regida & peso pluma,fuerza regida & peso pluma,fuerza regida,fuerza regida,Fuerza Regida,0ys2OFYzWYB5hRDLCsBqxt,corrido;corridos tumbados;corridos bélicos;música mexicana;sierreño,spotify,l2,2023
fuerza regida x grupo frontera,fuerza regida x grupo frontera,fuerza regida,fuerza regida,Fuerza Regida,0ys2OFYzWYB5hRDLCsBqxt,corrido;corridos tumbados;corridos bélicos;música mexicana;sierreño,spotify,l2,2023
fuerza regida x natanael cano,fuerza regida x natanael cano,fuerza regida,fuerza regida,Fuerza Regida,0ys2OFYzWYB5hRDLCsBqxt,corrido;corridos tumbados;corridos bélicos;música mexicana;sierreño,spotify,l2,2023
fugees,fugees,fugees,fugees,Fugees,2WKdxPFRD7IqZvlIAvhMgY,east coast hip hop,spotify,artist,1996
fun factory,fun factory,fun factory,fun factory,Fun Factory,22p5npx84cXYat7kgGocRZ,eurodance,spotify,artist,1996
funkadelic,funkadelic,funkadelic,funkadelic,Funkadelic,450o9jw6AtiQlQkHCdH6Ru,funk;funk rock,spotify,artist,1979
funkdoobiest,funkdoobiest,funkdoobiest,funkdoobiest,Funkdoobiest,0pbj7bsLCiQ5f8P9mFnuPN,hip hop,musicbrainz,artist,1993
funkmaster flex featuring dmx,funkmaster flex,funkmaster flex,funkmaster flex,Funkmaster Flex,2nXZNT0d6n2PSgHHW3MjYI,east coast hip hop,spotify,l1,2000
funkmaster flex presents khadejia featuring product,funkmaster flex presents khadejia,funkmaster flex presents khadejia,funkmaster flex presents khadejia,,,,none,,1998
funky communication committee,funky communication committee,funky communication committee,funky communication committee,,,,none,,1979
funky green dogs,funky green dogs,funky green dogs,funky green dogs,Funky Green Dogs,3sta4kc4vmWb0bOnQb6R8c,house,musicbrainz,artist,1997
funky kings,funky kings,funky kings,funky kings,Funky Kings,6S2NIwK1AryggExTQ4CyBu,country rock,spotify,artist,1977
future,future,future,future,Future,1RyvyyTE3xzB2ZywiAwp0i,rap,spotify,artist,2024
future & juice wrld,future & juice wrld,future,future,Future,1RyvyyTE3xzB2ZywiAwp0i,rap,spotify,l2,2019
future & juice wrld featuring young scooter,future & juice wrld,future,future,Future,1RyvyyTE3xzB2ZywiAwp0i,rap,spotify,l2,2018
future & lil uzi vert,future & lil uzi vert,future,future,Future,1RyvyyTE3xzB2ZywiAwp0i,rap,spotify,l2,2021
future & metro boomin,future & metro boomin,future,future,Future,1RyvyyTE3xzB2ZywiAwp0i,rap,spotify,l2,2024
future & young thug,future & young thug,future,future,Future,1RyvyyTE3xzB2ZywiAwp0i,rap,spotify,l2,2017
future & young thug featuring offset,future & young thug,future,future,Future,1RyvyyTE3xzB2ZywiAwp0i,rap,spotify,l2,2017
future featuring drake,future,future,future,Future,1RyvyyTE3xzB2ZywiAwp0i,rap,spotify,l1,2022
future featuring drake & tems,future,future,future,Future,1RyvyyTE3xzB2ZywiAwp0i,rap,spotify,l1,2023
future featuring est gee,future,future,future,Future,1RyvyyTE3xzB2ZywiAwp0i,rap,spotify,l1,2022
future featuring gunna & young thug,future,future,future,Future,1RyvyyTE3xzB2ZywiAwp0i,rap,spotify,l1,2022
future featuring kanye west,future,future,future,Future,1RyvyyTE3xzB2ZywiAwp0i,rap,spotify,l1,2022
future featuring kodak black,future,future,future,Future,1RyvyyTE3xzB2ZywiAwp0i,rap,spotify,l1,2022
future featuring lil uzi vert,future,future,future,Future,1RyvyyTE3xzB2ZywiAwp0i,rap,spotify,l1,2020
future featuring lil wayne,future,future,future,Future,1RyvyyTE3xzB2ZywiAwp0i,rap,spotify,l1,2013
future featuring nicki minaj,future,future,future,Future,1RyvyyTE3xzB2ZywiAwp0i,rap,spotify,l1,2017
"future featuring pharrell, pusha t & casino",future,future,future,Future,1RyvyyTE3xzB2ZywiAwp0i,rap,spotify,l1,2014
future featuring rihanna,future,future,future,Future,1RyvyyTE3xzB2ZywiAwp0i,rap,spotify,l1,2017
future featuring t.i.,future,future,future,Future,1RyvyyTE3xzB2ZywiAwp0i,rap,spotify,l1,2012
future featuring the weeknd,future,future,future,Future,1RyvyyTE3xzB2ZywiAwp0i,rap,spotify,l1,2017
future featuring travis scott,future,future,future,Future,1RyvyyTE3xzB2ZywiAwp0i,rap,spotify,l1,2020
future featuring yg,future,future,future,Future,1RyvyyTE3xzB2ZywiAwp0i,rap,spotify,l1,2017
future featuring young thug,future,future,future,Future,1RyvyyTE3xzB2ZywiAwp0i,rap,spotify,l1,2020
future featuring youngboy never broke again,future,future,future,Future,1RyvyyTE3xzB2ZywiAwp0i,rap,spotify,l1,2020
"future, drake & young thug","future, drake & young thug",future,future,Future,1RyvyyTE3xzB2ZywiAwp0i,rap,spotify,l2,2020
"future, metro boomin & a$ap rocky","future, metro boomin & a$ap rocky",future,future,Future,1RyvyyTE3xzB2ZywiAwp0i,rap,spotify,l2,2024
"future, metro boomin & brownstone","future, metro boomin & brownstone",future,future,Future,1RyvyyTE3xzB2ZywiAwp0i,rap,spotify,l2,2024
"future, metro boomin & j. cole","future, metro boomin & j. cole",future,future,Future,1RyvyyTE3xzB2ZywiAwp0i,rap,spotify,l2,2024
"future, metro boomin & kendrick lamar","future, metro boomin & kendrick lamar",future,future,Future,1RyvyyTE3xzB2ZywiAwp0i,rap,spotify,l2,2025
"future, metro boomin & lil baby","future, metro boomin & lil baby",future,future,Future,1RyvyyTE3xzB2ZywiAwp0i,rap,spotify,l2,2024
"future, metro boomin & rick ross","future, metro boomin & rick ross",future,future,Future,1RyvyyTE3xzB2ZywiAwp0i,rap,spotify,l2,2024
"future, metro boomin & the weeknd","future, metro boomin & the weeknd",future,future,Future,1RyvyyTE3xzB2ZywiAwp0i,rap,spotify,l2,2024
"future, metro boomin & travis scott","future, metro boomin & travis scott",future,future,Future,1RyvyyTE3xzB2ZywiAwp0i,rap,spotify,l2,2024
"future, metro boomin, travis scott & playboi carti","future, metro boomin, travis scott & playboi carti",future,future,Future,1RyvyyTE3xzB2ZywiAwp0i,rap,spotify,l2,2024
g herbo,g herbo,g herbo,g herbo,G Herbo,5QdEbQJ3ylBnc3gsIASAT5,chicago drill;drill,spotify,artist,2025
"g herbo featuring chance the rapper, juice wrld & lil uzi vert",g herbo,g herbo,g herbo,G Herbo,5QdEbQJ3ylBnc3gsIASAT5,chicago drill;drill,spotify,l1,2020
g herbo featuring polo g & lil tjay,g herbo,g herbo,g herbo,G Herbo,5QdEbQJ3ylBnc3gsIASAT5,chicago drill;drill,spotify,l1,2021
g unit,g unit,g unit,g unit,,,hip hop;gangsta rap;50 cent;hip hop rnb and dance hall,musicbrainz,,2008
g-eazy,g-eazy,g-eazy,geazy,G-Eazy,02kJSzxNuaWGqwubyUba0Z,hip hop;trap,musicbrainz,artist,2017
g-eazy & halsey,g-eazy & halsey,g-eazy,geazy,G-Eazy,02kJSzxNuaWGqwubyUba0Z,hip hop;trap,musicbrainz,l2,2018
g-eazy & kehlani,g-eazy & kehlani,g-eazy,geazy,G-Eazy,02kJSzxNuaWGqwubyUba0Z,hip hop;trap,musicbrainz,l2,2017
g-eazy featuring a$ap rocky & cardi b,g-eazy,g-eazy,geazy,G-Eazy,02kJSzxNuaWGqwubyUba0Z,hip hop;trap,musicbrainz,l1,2018
g-eazy featuring blackbear,g-eazy,g-eazy,geazy,G-Eazy,02kJSzxNuaWGqwubyUba0Z,hip hop;trap,musicbrainz,l1,2020
g-eazy featuring chris brown & mark morrison,g-eazy,g-eazy,geazy,G-Eazy,02kJSzxNuaWGqwubyUba0Z,hip hop;trap,musicbrainz,l1,2021
g-eazy featuring chris brown & tory lanez,g-eazy,g-eazy,geazy,G-Eazy,02kJSzxNuaWGqwubyUba0Z,hip hop;trap,musicbrainz,l1,2015
g-eazy featuring marc e. bassy,g-eazy,g-eazy,geazy,G-Eazy,02kJSzxNuaWGqwubyUba0Z,hip hop;trap,musicbrainz,l1,2017
g-eazy featuring remo,g-eazy,g-eazy,geazy,G-Eazy,02kJSzxNuaWGqwubyUba0Z,hip hop;trap,musicbrainz,l1,2015
g-eazy featuring yo gotti & ybn nahmir,g-eazy,g-eazy,geazy,G-Eazy,02kJSzxNuaWGqwubyUba0Z,hip hop;trap,musicbrainz,l1,2018
g-eazy x bebe rexha,g-eazy x bebe rexha,g-eazy,geazy,G-Eazy,02kJSzxNuaWGqwubyUba0Z,hip hop;trap,musicbrainz,l2,2016
g-unit featuring joe,g-unit,g-unit,gunit,G-Unit,6evKD5JWJON3qPBJtUEmtY,gangster rap,spotify,l1,2004
g-wiz,g-wiz,g-wiz,gwiz,G-Wiz,2dwahgfAGjIu7wP1w1H8E3,new jack swing,spotify,artist,1993
g.l. crockett,g.l. crockett,g.l. crockett,gl crockett,G.L. Crockett,2kLratnqIevIVRZpEn7eHL,rockabilly,spotify,artist,1965
g.q.,g.q.,g.q.,gq,G.Q.,18YelxQioKKPXK1PE5hh1n,disco;post-disco,spotify,artist,1979
gayle,gayle,gayle,gayle,GAYLE,2VSHKHBTiXWplO8lxcnUC9,country pop,musicbrainz,artist,2022
gelo,gelo,gelo,gelo,GELO,5FZN8ElUU5zENi2IK7gMnu,,none,artist,2025
gq,gq,gq,gq,GQ,6JYedwPn7zEWlTSUda9mev,funk;disco;rhythm and blues;r&b,musicbrainz,artist,1982
gs boyz,gs boyz,gs boyz,gs boyz,GS Boyz,7Ej52CNJlhlwWROkrcjKLL,crunk,spotify,artist,2009
gtr,gtr,gtr,gtr,GTR,0i5ZeP2C53G9e1GtnWLoU4,aor;arena rock;progressive rock,spotify,artist,1986
gabby barrett,gabby barrett,gabby barrett,gabby barrett,Gabby Barrett,6Iz3eq2aQGFf7TbGT2iahL,country,spotify,artist,2023
gabby barrett featuring charlie puth,gabby barrett,gabby barrett,gabby barrett,Gabby Barrett,6Iz3eq2aQGFf7TbGT2iahL,country,spotify,l1,2021
gabito ballesteros & tito double p,gabito ballesteros & tito double p,gabito ballesteros,gabito ballesteros,Gabito Ballesteros,6Sbl0NT50roqWvy746MfVf,corrido;corridos tumbados;corridos bélicos;música mexicana;sad sierreño,spotify,l2,2025
"gabito ballesteros, peso pluma & natanael cano","gabito ballesteros, peso pluma & natanael cano",gabito ballesteros,gabito ballesteros,Gabito Ballesteros,6Sbl0NT50roqWvy746MfVf,corrido;corridos tumbados;corridos bélicos;música mexicana;sad sierreño,spotify,l2,2023
gabriel,gabriel,gabriel,gabriel,,,art rock;pop rock;progressive rock;new wave;art pop,musicbrainz,,1978
gabriel and the angels,gabriel and the angels,gabriel,gabriel,Gabriel and The Angels,2bmaZDED553dfmMEtN5ads,doo-wop,spotify,artist,1963
gabriel kaplan,gabriel kaplan,gabriel kaplan,gabriel kaplan,Gabriel Kaplan,1HVblaH5FJpuXFWRXcPYlR,,none,artist,1977
gabrielle,gabrielle,gabrielle,gabrielle,GABRIELLE,7rftfGIYEeZ79sLb58ZBDi,uk garage,spotify,artist,1994
galantis,galantis,galantis,galantis,Galantis,4sTQVOfp9vEMCemLw50sbu,progressive house;edm;electro house;dance-pop;nu-disco,musicbrainz,artist,2016
gale garnett,gale garnett,gale garnett,gale garnett,Gale Garnett,5cJgEhhKGk7kiSA6O8Qzyc,,none,artist,1965
gallagher and lyle,gallagher and lyle,gallagher,gallagher,Gallagher And Lyle,2Kq6loh0WNVAGEHlDxxprf,classic pop and rock,musicbrainz,artist,1976
gallery,gallery,gallery,gallery,Gallery,3dplAkEBq2ujPOBDQFpvEp,ambient,musicbrainz,artist,1973
"game featuring chris brown, tyga, wiz khalifa & lil wayne",game,game,game,,,,none,,2013
game featuring lil wayne,game,game,game,,,,none,,2011
"game featuring lil wayne & tyler, the creator",game,game,game,,,,none,,2011
gamma,gamma,gamma,gamma,Gamma,2nxLkUvHbz2O3U6prNIfm6,aor;arena rock,spotify,artist,1982
gang starr,gang starr,gang starr,gang starr,Gang Starr,5cMgGlA1xGyeAB2ctYlRdZ,east coast hip hop;old school hip hop;hip hop;boom bap,spotify,artist,1998
garbage,garbage,garbage,garbage,Garbage,6S0GHTqz5sxK5f9HtLXn9q,alternative rock;industrial rock;alternative dance;post-grunge;trip hop,musicbrainz,artist,2005
gardner cole,gardner cole,gardner cole,gardner cole,Gardner Cole,2erL0sJuEBLHbOPsCilRR7,new jack swing;aor,spotify,artist,1988
garfunkel,garfunkel,garfunkel,garfunkel,Garfunkel,3i3tkrx9uWQDL2OdBXO20H,folk rock;folk;folk pop;rock;singer-songwriter,musicbrainz,artist,1974
garland green,garland green,garland green,garland green,Garland Green,5k8MQoJLJHbGIHXwKy9P2Q,soul,musicbrainz,artist,1969
garland jeffreys,garland jeffreys,garland jeffreys,garland jeffreys,Garland Jeffreys,6BLhUZMqXO8eXjhToNRteA,american;singer;2008 universal fire victim,musicbrainz,artist,1981
garnet mimms,garnet mimms,garnet mimms,garnet mimms,Garnet Mimms,4ZCIgBrYKaZyj4j1H0Lr4E,northern soul;soul;classic soul,spotify,artist,1966
garnet mimms & the enchanters,garnet mimms & the enchanters,garnet mimms,garnet mimms,Garnet Mimms,4ZCIgBrYKaZyj4j1H0Lr4E,northern soul;soul;classic soul,spotify,l2,1964
garrett hedlund & leighton meester,garrett hedlund & leighton meester,garrett hedlund,garrett hedlund,Garrett Hedlund,2rIaXMzFroqNiyyTkayeWU,,none,l2,2011
garry miles,garry miles,garry miles,garry miles,Garry Miles,0nG3j5RHBZDvposBh20Vam,doo-wop,spotify,artist,1960
garry mills,garry mills,garry mills,garry mills,Garry Mills,3HF1bav7BHbNXSI5u2dZOW,,none,artist,1960
garth brooks,garth brooks,garth brooks,garth brooks,Garth Brooks,4BclNkZtAUq1YrYNzye3N7,classic country;country,spotify,artist,2017
garth brooks & blake shelton,garth brooks & blake shelton,garth brooks,garth brooks,Garth Brooks,4BclNkZtAUq1YrYNzye3N7,classic country;country,spotify,l2,2020
garth brooks as chris gaines,garth brooks as chris gaines,garth brooks as chris gaines,garth brooks as chris gaines,,,,none,,1999
gary & dave,gary & dave,gary,gary,Gary,4NbPIhaePRUz9iZxc9IvWa,cuarteto;cumbia,spotify,l2,1974
gary allan,gary allan,gary allan,gary allan,Gary Allan,37W8SKV5Vc8lcGtdyWCA5m,country;acoustic country,spotify,artist,2013
gary and the hornets,gary and the hornets,gary,gary,Gary,4NbPIhaePRUz9iZxc9IvWa,cuarteto;cumbia,spotify,l2,1966
gary barlow,gary barlow,gary barlow,gary barlow,Gary Barlow,3ZcbVcd3fsf9qKK02UVzGB,pop;pop rock;british;uk;english,musicbrainz,artist,1998
gary burbank with band mcnally,gary burbank with band mcnally,gary burbank,gary burbank,Gary Burbank,4IFEYPuTAlJbCWh9hRYo7w,comedy,spotify,l2,1980
gary cane and his friends,gary cane and his friends,gary cane,gary cane,Gary Cane,7Md00Ba0lUIGtjWzV9ekGm,doo-wop,spotify,l2,1960
gary glitter,gary glitter,gary glitter,gary glitter,Gary Glitter,61zv3hX7l838ZyhaDyAx8S,glam rock,spotify,artist,1972
gary lewis and the playboys,gary lewis and the playboys,gary lewis,gary lewis,Gary Lewis,5aSnz1nvFeSHw02Ijw0VO3,rock;pop;rock and roll,musicbrainz,l2,1969
gary moore,gary moore,gary moore,gary moore,Gary Moore,23wr9RJZg0PmYvVFyNkQ4j,blues;blues rock,spotify,artist,1991
gary numan,gary numan,gary numan,gary numan,Gary Numan,5KQMtyPE8DCQNUzoNqlEsE,new wave;synthpop;industrial;industrial rock,spotify,artist,1980
gary o',gary o',gary o',gary o,,,,none,,1981
gary portnoy,gary portnoy,gary portnoy,gary portnoy,Gary Portnoy,53U1IJqr6Hhmn53UcbgF7D,,none,artist,1983
gary puckett,gary puckett,gary puckett,gary puckett,Gary Puckett,5TlchWEaNpJFOjzsPPLBDJ,,none,artist,1971
gary puckett and the union gap,gary puckett and the union gap,gary puckett,gary puckett,Gary Puckett,5TlchWEaNpJFOjzsPPLBDJ,,none,l2,1970
gary stites,gary stites,gary stites,gary stites,Gary Stites,3BYZKgSVQmid5WOiZrVroo,doo-wop;rockabilly;modern blues,spotify,artist,1960
gary tanner,gary tanner,gary tanner,gary tanner,,,,none,,1978
gary toms empire,gary toms empire,gary toms empire,gary toms empire,Gary Toms Empire,1ly64YnenXb6YiMVsW4lAL,funk;disco;r&b,musicbrainz,artist,1975
gary u.s. bonds,gary u.s. bonds,gary u.s. bonds,gary us bonds,Gary U.S. Bonds,1Qw8MHpjYxm9Xf0O1ZfPiX,doo-wop,spotify,artist,1982
gary wright,gary wright,gary wright,gary wright,Gary Wright,3z6Uf5IZkN4TogRpRpgD84,yacht rock;soft rock,spotify,artist,1981
gary's gang,gary's gang,gary's gang,garys gang,,,american;rock,musicbrainz,,1979
gavin adcock,gavin adcock,gavin adcock,gavin adcock,Gavin Adcock,5jG6uRqinuI83luutMpW6y,country;red dirt,spotify,artist,2025
gavin christopher,gavin christopher,gavin christopher,gavin christopher,Gavin Christopher,3B3JAjdGRktPASOaEXlnHP,contemporary r&b,musicbrainz,artist,1986
gavin degraw,gavin degraw,gavin degraw,gavin degraw,Gavin DeGraw,5DYAABs8rkY9VhwtENoQCz,pop;singer-songwriter;pop rock;singer/songwriter;rock,musicbrainz,artist,2013
gavin rossdale,gavin rossdale,gavin rossdale,gavin rossdale,Gavin Rossdale,6lBam1B1t8wpnH7pJHWnj6,post-grunge;grunge;british;rock,musicbrainz,artist,2009
gayle mccormick,gayle mccormick,gayle mccormick,gayle mccormick,Gayle McCormick,4lagMOeW98hg0bzu7Jl3YG,rock,musicbrainz,artist,1972
gaylord & holiday,gaylord & holiday,gaylord,gaylord,Gaylord,4xRLL3kkpvCfJwdnamywBB,queercore;black metal,spotify,l2,1976
geils,geils,geils,geils,,,blues rock;rock;pop rock;boogie rock;new wave,musicbrainz,,1977
gene & eunice,gene & eunice,gene,gene,Gene & Eunice,2hXUgDlCu2aGNNalOGvmsd,doo-wop;roots rock,spotify,artist,1959
gene & jerry,gene & jerry,gene,gene,,,,none,,1971
gene and debbe,gene and debbe,gene,gene,,,,none,,1968
gene autry,gene autry,gene autry,gene autry,Gene Autry,5ixB75BQR3ADoWQkcHQJTs,christmas,spotify,artist,2025
gene autry & the pinafores,gene autry & the pinafores,gene autry,gene autry,Gene Autry,5ixB75BQR3ADoWQkcHQJTs,christmas,spotify,l2,2025
gene chandler,gene chandler,gene chandler,gene chandler,Gene Chandler,52uMkSFt2RVO6XxTEt5VeW,doo-wop;northern soul,spotify,artist,1979
gene chandler & barbara acklin,gene chandler & barbara acklin,gene chandler,gene chandler,Gene Chandler,52uMkSFt2RVO6XxTEt5VeW,doo-wop;northern soul,spotify,l2,1968
gene cotton,gene cotton,gene cotton,gene cotton,Gene Cotton,6TmVnRduWRcnd5oSVqsMKV,,none,artist,1982
gene cotton with kim carnes,gene cotton with kim carnes,gene cotton,gene cotton,Gene Cotton,6TmVnRduWRcnd5oSVqsMKV,,none,l2,1978
gene loves jezebel,gene loves jezebel,gene loves jezebel,gene loves jezebel,Gene Loves Jezebel,4Egyhh5C7MvfJaWXFx1qc4,new wave;gothic rock;deathrock;post-punk;darkwave,spotify,artist,1990
gene mcdaniels,gene mcdaniels,gene mcdaniels,gene mcdaniels,Gene McDaniels,6I7tqjEzznFPrardDfvsvq,doo-wop;northern soul,spotify,artist,1963
gene pitney,gene pitney,gene pitney,gene pitney,Gene Pitney,3ap1NzHNV9QA1x1V6z3gSe,pop;singer-songwriter;songwriter;ballad;death by heart disease,musicbrainz,artist,1970
gene redding,gene redding,gene redding,gene redding,Gene Redding,1DvLU2XHpGqjhe3i11nyAM,,none,artist,1974
gene simmons,gene simmons,gene simmons,gene simmons,Gene Simmons,5gAbCaW9OmfIqqZGLpKb3f,hard rock;rock;glam rock;classic rock;long tongue,musicbrainz,artist,1979
gene thomas,gene thomas,gene thomas,gene thomas,Gene Thomas,0hBisbcsn4FYqTLkRSkX16,doo-wop,spotify,artist,1964
general larry platt,general larry platt,general larry platt,general larry platt,General Larry Platt,010JjFqFcVyJmc2G56puZ2,american idol,musicbrainz,artist,2010
general public,general public,general public,general public,General Public,6BZbe6PDrJgxiXZ3cIXA8o,new wave,spotify,artist,1995
genesis,genesis,genesis,genesis,Genesis,3CkvROUTQ6nRi9yQOcsB50,progressive rock;art rock,spotify,artist,1993
genius/gza,genius,genius,genius,Genius,27h07rr20y49qtTLAxrgO5,riddim;dancehall;ragga,spotify,l1,1995
genius/gza featuring inspektah deck,genius,genius,genius,Genius,27h07rr20y49qtTLAxrgO5,riddim;dancehall;ragga,spotify,l1,1996
genius/gza featuring method man,genius,genius,genius,Genius,27h07rr20y49qtTLAxrgO5,riddim;dancehall;ragga,spotify,l1,1996
gentle persuasion,gentle persuasion,gentle persuasion,gentle persuasion,Gentle Persuasion,7Lpp7wniPu0y7tylvOVVy7,,none,artist,1983
genya ravan,genya ravan,genya ravan,genya ravan,Genya Ravan,264yYi3dCLl5QehppPVZdK,,none,artist,1978
geoffrey williams,geoffrey williams,geoffrey williams,geoffrey williams,Geoffrey Williams,1kUmREHnKDz29HgPW0iU9Y,,none,artist,1992
george & gene,george & gene,george,george,george,2pRZp2WxvnWWiSPcSSYkNV,k-ballad,spotify,l2,1965
george baker selection,george baker selection,george baker selection,george baker selection,George Baker Selection,2MGJBRRGEj9m6MxJIq7fLn,nederpop,spotify,artist,1976
george benson,george benson,george benson,george benson,George Benson,4N8BwYTEC6XqykGvXXlmfv,smooth jazz;yacht rock;jazz funk;soul jazz,spotify,artist,1985
george birge,george birge,george birge,george birge,George Birge,27R1aBy7FfkYevfYen4sMp,country,spotify,artist,2025
george burns,george burns,george burns,george burns,George Burns,1YpkpllQrpNvPoQDtN9jLc,comedy,spotify,artist,1980
george duke,george duke,george duke,george duke,George Duke,3EB0uKE2lGw6BB1UFJrONl,jazz funk;jazz fusion;smooth jazz;funk,spotify,artist,1982
george ezra,george ezra,george ezra,george ezra,George Ezra,2ysnwxxNtSgbb9t1m2Ur4j,indie folk;blues;indie rock;rock;alternative rock,musicbrainz,artist,2015
george fischoff,george fischoff,george fischoff,george fischoff,George Fischoff,3m5JB6pXGxpXEb4G1t29Mp,,none,artist,1974
george hamilton iv,george hamilton iv,george hamilton iv,george hamilton iv,George Hamilton IV,5UmMAhLI4g5Y26oOM9R1CX,2008 universal fire victim,musicbrainz,artist,1963
george harrison,george harrison,george harrison,george harrison,George Harrison,7FIoB5PHdrMZVC3q2HE5MS,rock;electronic;singer/songwriter;pop;folk,musicbrainz,artist,2002
george jones,george jones,george jones,george jones,George Jones,2OpqcUtj10HHvGG6h9VYC5,classic country;outlaw country;honky tonk;traditional country;country,spotify,artist,1965
george lamond,george lamond,george lamond,george lamond,George Lamond,0L1e8CdX4rdh54b8mIxMqB,freestyle;funk melody;chicago house;latin hip hop;miami bass,spotify,artist,1993
george lamond (duet with brenda k. starr),george lamond,george lamond,george lamond,George Lamond,0L1e8CdX4rdh54b8mIxMqB,freestyle;funk melody;chicago house;latin hip hop;miami bass,spotify,l1,1991
george maharis,george maharis,george maharis,george maharis,George Maharis,2L9desEFj6VPtB3yBAxxap,pop;easy listening;aln-sh,musicbrainz,artist,1963
george martin and his orch.,george martin and his orch.,george martin,george martin,George Martin,4Fgf6RvuWpiwDXSE7Vammx,fifth beatle;film score;film soundtrack;pop rock;western classical music,musicbrainz,l2,1964
george mccrae,george mccrae,george mccrae,george mccrae,George McCrae,6oV3BNm1Gj2GGgpYknc5TN,disco;classic soul,spotify,artist,1976
george mccurn,george mccurn,george mccurn,george mccurn,,,,none,,1963
george michael,george michael,george michael,george michael,George Michael,19ra5tSw0tWufvUp8GotLo,pop;blue-eyed soul;soul;pop rock;queer,musicbrainz,artist,2017
george michael & queen,george michael & queen,george michael,george michael,George Michael,19ra5tSw0tWufvUp8GotLo,pop;blue-eyed soul;soul;pop rock;queer,musicbrainz,l2,1993
george michael/elton john,george michael,george michael,george michael,George Michael,19ra5tSw0tWufvUp8GotLo,pop;blue-eyed soul;soul;pop rock;queer,musicbrainz,l1,1992
george perkins & the silver stars,george perkins & the silver stars,george perkins,george perkins,George Perkins & The Silver Stars,12rA8dSoAe3lbGVq3Kwpfk,,none,artist,1970
george strait,george strait,george strait,george strait,George Strait,5vngPClqofybhPERIqQMYd,country;classic country;traditional country;honky tonk,spotify,artist,2014
george thorogood & the destroyers,george thorogood & the destroyers,george thorogood,george thorogood,George Thorogood & The Destroyers,4n31svBA9GGIYxGxgrQaRK,classic rock;blues rock;southern rock,spotify,artist,1985
george torrence & the naturals,george torrence & the naturals,george torrence,george torrence,,,,none,,1968
georgia gibbs,georgia gibbs,georgia gibbs,georgia gibbs,Georgia Gibbs,6E8uXyNsUKeGOgRqAOcgBa,electro swing;swing music,spotify,artist,1958
georgie fame,georgie fame,georgie fame,georgie fame,Georgie Fame,5rWKAmlxinr3muqedXVIHa,northern soul;uk r&b,spotify,artist,1968
georgie fame and the blue flames,georgie fame and the blue flames,georgie fame,georgie fame,Georgie Fame,5rWKAmlxinr3muqedXVIHa,northern soul;uk r&b,spotify,l2,1966
georgie young,georgie young,georgie young,georgie young,,,,none,,1958
georgio,georgio,georgio,georgio,Georgio,6Xc0KDqzw5u6EQLgdfeoKO,french rap,spotify,artist,1988
gera mx + christian nodal,gera mx + christian nodal,gera mx,gera mx,Gera MX,2hejA1Dkf8v8R0koF44FvW,mexican hip hop;latin hip hop,spotify,l2,2021
gerald levert,gerald levert,gerald levert,gerald levert,Gerald Levert,7BLOa6FxCbMnowidkQfLIA,quiet storm,spotify,artist,2000
"gerald levert & eddie levert, sr.","gerald levert & eddie levert, sr.",gerald levert,gerald levert,Gerald Levert,7BLOa6FxCbMnowidkQfLIA,quiet storm,spotify,l2,1995
gerald levert (duet with eddie levert),gerald levert,gerald levert,gerald levert,Gerald Levert,7BLOa6FxCbMnowidkQfLIA,quiet storm,spotify,l1,1992
gerard mcmahon,gerard mcmahon,gerard mcmahon,gerard mcmahon,Gerard McMahon,7uQOqQ8DfU5Izo8rOhgP9B,aor;power pop,spotify,artist,1983
gerardo,gerardo,gerardo,gerardo,Gerardo,1dqCEoBppk9X0WmOTJe993,latin jazz,musicbrainz,artist,1991
gerry and the pacemakers,gerry and the pacemakers,gerry,gerry,Gerry and The Pacemakers,6PQvcUTQKDRYvnPeFebifx,merseybeat;pop;beat music;british;rock and indie,musicbrainz,artist,1966
gerry granahan,gerry granahan,gerry granahan,gerry granahan,Gerry Granahan,4HjYPDDEhqsK7pklKeVWj0,doo-wop;rockabilly,spotify,artist,1958
gerry rafferty,gerry rafferty,gerry rafferty,gerry rafferty,Gerry Rafferty,7tjbDPvrdvDshcpEMXKRVb,yacht rock,spotify,artist,1980
gesaffelstein & the weeknd,gesaffelstein & the weeknd,gesaffelstein,gesaffelstein,Gesaffelstein,3hteYQFiMFbJY7wS0xDymP,ebm;tech house;post-industrial;industrial techno;midtempo bass,musicbrainz,l2,2019
get wet,get wet,get wet,get wet,Get Wet,6eEUizRgpQfjzbh8KGSK6v,,none,artist,1981
geto boys,geto boys,geto boys,geto boys,Geto Boys,3f5fB1YUbkUnW7cf7I0R48,old school hip hop;southern hip hop;gangster rap;g-funk;hardcore hip hop,spotify,artist,1993
geto boys featuring flaj,geto boys,geto boys,geto boys,Geto Boys,3f5fB1YUbkUnW7cf7I0R48,old school hip hop;southern hip hop;gangster rap;g-funk;hardcore hip hop,spotify,l1,1996
ghost,ghost,ghost,ghost,Ghost,1Qp56T7n950O3EGMsSl81D,metal;hard rock,spotify,artist,2022
ghost town dj's,ghost town dj's,ghost town dj's,ghost town djs,Ghost Town DJs,4JbmXqez7WvTggoxn3UpVT,miami bass,spotify,l3,2016
ghostface killah,ghostface killah,ghostface killah,ghostface killah,Ghostface Killah,6FD0unjzGQhX3b6eMccMJe,east coast hip hop;hardcore hip hop,spotify,artist,2000
ghostface killah featuring ne-yo,ghostface killah,ghostface killah,ghostface killah,Ghostface Killah,6FD0unjzGQhX3b6eMccMJe,east coast hip hop;hardcore hip hop,spotify,l1,2006
giant,giant,giant,giant,GIANT,3gKPME3EjakIpyBUZrWPTh,aor;arena rock;glam metal;hard rock;glam rock,spotify,artist,1990
giant steps,giant steps,giant steps,giant steps,Giant Steps,6Fd71yxjgGovp3pUeTghLg,,none,artist,1989
gidea park featuring adrian baker,gidea park,gidea park,gidea park,Gidea Park,2RdfeBB100TWHLzkOyuGui,,none,l1,1982
giggles,giggles,giggles,giggles,GIGGLES,5tg4CJGridlvi3cvdClFt4,,none,artist,1992
gigi d'agostino,gigi d'agostino,gigi d'agostino,gigi dagostino,,,electronic;dance;italian;italo dance;trance,musicbrainz,,2001
gigi perez,gigi perez,gigi perez,gigi perez,Gigi Perez,1iCnM8foFssWlPRLfAbIwo,indie pop;indie folk;queer;2020s,musicbrainz,artist,2025
gilbert o'sullivan,gilbert o'sullivan,gilbert o'sullivan,gilbert osullivan,,,easy listening;singer-songwriter;classic pop and rock;uk;irish,musicbrainz,,1974
gillette,gillette,gillette,gillette,Gillette,20ldWECcOHmOWwKwAwvn4y,eurodance,spotify,artist,1995
gin blossoms,gin blossoms,gin blossoms,gin blossoms,Gin Blossoms,6kXp61QMZFPcKMcRPqoiVj,alternative rock;rock;power pop;jangle pop;90's alternative,musicbrainz,artist,1996
gina g,gina g,gina g,gina g,Gina G,25tu0d8Po5c4IVXsZnXUU8,eurodance,spotify,artist,1997
gina go-go,gina go-go,gina go-go,gina gogo,,,,none,,1989
gina thompson,gina thompson,gina thompson,gina thompson,Gina Thompson,5u15ozs1bXTC2vJTPt2tpM,new jack swing,spotify,artist,1996
ginger baker's air force,ginger baker's air force,ginger baker's air force,ginger bakers air force,,,jazz rock;jazz fusion,musicbrainz,,1970
ginny arnell,ginny arnell,ginny arnell,ginny arnell,,,,none,,1964
gino soccio,gino soccio,gino soccio,gino soccio,Gino Soccio,3q2AjYY7FmiMh29bKki4EE,italo disco;disco;post-disco;italo dance;hi-nrg,spotify,artist,1979
gino vannelli,gino vannelli,gino vannelli,gino vannelli,Gino Vannelli,6ltcwvni6HdZAJaWhmIvNR,yacht rock;aor,spotify,artist,1987
ginuwine,ginuwine,ginuwine,ginuwine,Ginuwine,7r8RF1tN2A4CiGEplkp1oP,r&b,spotify,artist,2009
ginuwine featuring baby,ginuwine,ginuwine,ginuwine,Ginuwine,7r8RF1tN2A4CiGEplkp1oP,r&b,spotify,l1,2003
"ginuwine, r.l., tyrese, case","ginuwine, r.l., tyrese, case",ginuwine,ginuwine,Ginuwine,7r8RF1tN2A4CiGEplkp1oP,r&b,spotify,l2,2000
giorgio,giorgio,giorgio,giorgio,Giorgio,4RY5ktk4FAsRe4VXlgIY4z,art pop,spotify,artist,1972
giorgio moroder,giorgio moroder,giorgio moroder,giorgio moroder,Giorgio Moroder,6jU2Tt13MmXYk0ZBv1KmfO,italo disco;disco,spotify,artist,1979
giorgio moroder (featuring paul engeman),giorgio moroder,giorgio moroder,giorgio moroder,Giorgio Moroder,6jU2Tt13MmXYk0ZBv1KmfO,italo disco;disco,spotify,l1,1984
giuffria,giuffria,giuffria,giuffria,Giuffria,0tOyrwtpSvttpZ04mI2Fb4,aor;glam metal;arena rock,spotify,artist,1986
giveon,giveon,giveon,giveon,Giveon,5SITxfzXUPcDlM0L0LukvQ,pop soul;r&b;contemporary r&b,musicbrainz,artist,2025
gladstone,gladstone,gladstone,gladstone,Gladstone,0e1DLq2n23351zpAu6wdMV,country rock;folk rock;country pop,musicbrainz,artist,1972
gladys knight and the pips,gladys knight and the pips,gladys knight,gladys knight,Gladys Knight,2aXiJJHJei5BmCykxI37y0,soul;funk;soft rock;gospel;rhythm and blues,musicbrainz,l2,1988
glass animals,glass animals,glass animals,glass animals,Glass Animals,4yvcSjfu4PC0CYQyLy4wSq,electronic;indie;pop;indie rock;english,musicbrainz,artist,2022
glass moon,glass moon,glass moon,glass moon,Glass Moon,35nct2ex2n5nrbRZ49QCWY,post-hardcore;shoegaze,spotify,artist,1982
glass tiger,glass tiger,glass tiger,glass tiger,Glass Tiger,53RaPTbZOx2mBoZD6LLWIv,rock,musicbrainz,artist,1988
glee cast,glee cast,glee cast,glee cast,Glee Cast,0SCbttzoZTnLFebDYmAWCm,christmas,spotify,artist,2013
glee cast featuring 2cellos,glee cast,glee cast,glee cast,Glee Cast,0SCbttzoZTnLFebDYmAWCm,christmas,spotify,l1,2012
glee cast featuring gwyneth paltrow,glee cast,glee cast,glee cast,Glee Cast,0SCbttzoZTnLFebDYmAWCm,christmas,spotify,l1,2011
glee cast featuring idina menzel,glee cast,glee cast,glee cast,Glee Cast,0SCbttzoZTnLFebDYmAWCm,christmas,spotify,l1,2010
glee cast featuring jonathan groff,glee cast,glee cast,glee cast,Glee Cast,0SCbttzoZTnLFebDYmAWCm,christmas,spotify,l1,2011
glee cast featuring kristin chenoweth,glee cast,glee cast,glee cast,Glee Cast,0SCbttzoZTnLFebDYmAWCm,christmas,spotify,l1,2011
glee cast featuring neil patrick harris,glee cast,glee cast,glee cast,Glee Cast,0SCbttzoZTnLFebDYmAWCm,christmas,spotify,l1,2010
glee cast featuring olivia newton-john,glee cast,glee cast,glee cast,Glee Cast,0SCbttzoZTnLFebDYmAWCm,christmas,spotify,l1,2010
glee cast featuring ricky martin,glee cast,glee cast,glee cast,Glee Cast,0SCbttzoZTnLFebDYmAWCm,christmas,spotify,l1,2012
glen burtnick,glen burtnick,glen burtnick,glen burtnick,Glen Burtnick,1SyustVDfJb2SX3CJPJ3VQ,,none,artist,1987
glen campbell,glen campbell,glen campbell,glen campbell,Glen Campbell,59hLmB5DrdihCYtNeFeW1U,classic country,spotify,artist,2014
glen campbell & bobbie gentry,glen campbell & bobbie gentry,glen campbell,glen campbell,Glen Campbell,59hLmB5DrdihCYtNeFeW1U,classic country,spotify,l2,1969
glen campbell & rita coolidge,glen campbell & rita coolidge,glen campbell,glen campbell,Glen Campbell,59hLmB5DrdihCYtNeFeW1U,classic country,spotify,l2,1980
glen campbell/anne murray,glen campbell,glen campbell,glen campbell,Glen Campbell,59hLmB5DrdihCYtNeFeW1U,classic country,spotify,l1,1971
glenn frey,glenn frey,glenn frey,glenn frey,Glenn Frey,3vMWY1bUrmYoSoEWLiQWOZ,rock;pop;soft rock;classic pop and rock;2008 universal fire victim,musicbrainz,artist,1992
glenn jones,glenn jones,glenn jones,glenn jones,Glenn Jones,27o6v2N3H2YW2EPZjAMn0t,quiet storm,spotify,artist,1988
glenn lewis,glenn lewis,glenn lewis,glenn lewis,Glenn Lewis,28821fRwpAWk44HfJ96PGV,neo soul,spotify,artist,2002
glenn medeiros,glenn medeiros,glenn medeiros,glenn medeiros,Glenn Medeiros,0bByarMN8ryEFQsRo6iCUN,pop;adult contemporary;pop rock,musicbrainz,artist,1988
glenn medeiros (featuring the stylistics),glenn medeiros,glenn medeiros,glenn medeiros,Glenn Medeiros,0bByarMN8ryEFQsRo6iCUN,pop;adult contemporary;pop rock,musicbrainz,l1,1990
glenn medeiros featuring bobby brown,glenn medeiros,glenn medeiros,glenn medeiros,Glenn Medeiros,0bByarMN8ryEFQsRo6iCUN,pop;adult contemporary;pop rock,musicbrainz,l1,1990
"glenn medeiros featuring ray parker, jr.",glenn medeiros,glenn medeiros,glenn medeiros,Glenn Medeiros,0bByarMN8ryEFQsRo6iCUN,pop;adult contemporary;pop rock,musicbrainz,l1,1990
glenn shorrock,glenn shorrock,glenn shorrock,glenn shorrock,Glenn Shorrock,1mBRVjszEFRT7OhukskPnX,rock;pop,musicbrainz,artist,1983
glenn sutton,glenn sutton,glenn sutton,glenn sutton,Glenn Sutton,6pK855ujWB6SWhgyKoyuph,,none,artist,1979
glenn yarbrough,glenn yarbrough,glenn yarbrough,glenn yarbrough,Glenn Yarbrough,4GxVmha4ELBwUE4bPyChzS,folk;traditional folk,spotify,artist,1965
gloria estefan,gloria estefan,gloria estefan,gloria estefan,Gloria Estefan,5IFCkqu9J6xdWeYMk5I889,latin pop;pop;dance;dance-pop;latin,musicbrainz,artist,2000
gloria estefan & miami sound machine,gloria estefan & miami sound machine,gloria estefan,gloria estefan,Gloria Estefan,5IFCkqu9J6xdWeYMk5I889,latin pop;pop;dance;dance-pop;latin,musicbrainz,l2,1988
gloria gaynor,gloria gaynor,gloria gaynor,gloria gaynor,Gloria Gaynor,6V6WCgi7waF55bJmylC4H5,disco,spotify,artist,1979
gloria lynne,gloria lynne,gloria lynne,gloria lynne,Gloria Lynne,2XThtYxaIaPS5o9soX7kAu,vocal jazz;northern soul,spotify,artist,1965
gloria taylor,gloria taylor,gloria taylor,gloria taylor,Gloria Taylor,0944q8TRjQWRnfih6oaO3r,northern soul,spotify,artist,1970
gloria walker,gloria walker,gloria walker,gloria walker,Gloria Walker,6P9DYTInFZrSKQA746gHFM,,none,artist,1968
gloria walker/chevelles,gloria walker,gloria walker,gloria walker,Gloria Walker,6P9DYTInFZrSKQA746gHFM,,none,l1,1969
gloriana,gloriana,gloriana,gloriana,Gloriana,5RjqSn7vYk8Qb9GeLWRRhB,country,spotify,artist,2013
glorilla,glorilla,glorilla,glorilla,GloRilla,2qoQgPAilErOKCwE2Y8wOG,southern hip hop;hip hop;trap,musicbrainz,artist,2025
glorilla & cardi b,glorilla & cardi b,glorilla,glorilla,GloRilla,2qoQgPAilErOKCwE2Y8wOG,southern hip hop;hip hop;trap,musicbrainz,l2,2023
glorilla & megan thee stallion,glorilla & megan thee stallion,glorilla,glorilla,GloRilla,2qoQgPAilErOKCwE2Y8wOG,southern hip hop;hip hop;trap,musicbrainz,l2,2024
glorilla & sexyy red,glorilla & sexyy red,glorilla,glorilla,GloRilla,2qoQgPAilErOKCwE2Y8wOG,southern hip hop;hip hop;trap,musicbrainz,l2,2025
glorilla & t-pain,glorilla & t-pain,glorilla,glorilla,GloRilla,2qoQgPAilErOKCwE2Y8wOG,southern hip hop;hip hop;trap,musicbrainz,l2,2024
gnarls barkley,gnarls barkley,gnarls barkley,gnarls barkley,Gnarls Barkley,5SbkVQYYzlw1kte75QIabH,alternative hip hop;pop soul;pop;hip hop;pop rock,musicbrainz,artist,2008
gnash featuring johnny yukon,gnash,gnash,gnash,gnash,3iri9nBFs9e4wN7PLIetAw,singer/songwriter;alternative r&b,musicbrainz,l1,2016
gnash featuring olivia o'brien,gnash,gnash,gnash,gnash,3iri9nBFs9e4wN7PLIetAw,singer/songwriter;alternative r&b,musicbrainz,l1,2017
go west,go west,go west,go west,Go West,7bKupnlF7XOfR1En3K8oAL,pop;synth-pop;pop rock;english;sophisti-pop,musicbrainz,artist,1993
go-go's,go-go's,go-go's,gogos,Gogos,0w2URy6k6hIpiNEmuqGDVc,,none,l3,1984
goanna,goanna,goanna,goanna,Goanna,4kmYEa0DFPDv2Opcpjv5el,indie rock;art pop,musicbrainz,artist,1983
goddess,goddess,goddess,goddess,Goddess,2UgwBiqMsWyiPeqv4Ed3pi,rock;hard rock;stoner rock;psychedelic rock;progressive rock,musicbrainz,artist,1993
godley & creme,godley & creme,godley,godley,Godley & Creme,02zGgCB9SiSPeDYMfwPJXK,rock;pop;70s;80s;experimental,musicbrainz,artist,1985
godsmack,godsmack,godsmack,godsmack,Godsmack,6gZq1Q6bdOxsUPUG1TaFbF,nu metal;alternative metal;hard rock;rap metal;metal,spotify,artist,2010
godspell,godspell,godspell,godspell,Godspell,1n3eEoDZIs7O8tRoxKPBvR,,none,artist,1972
gogi grant,gogi grant,gogi grant,gogi grant,Gogi Grant,2Ak3GNswCQfRKDs3P8uWaQ,adult standards,spotify,artist,1961
goldlink featuring brent faiyaz & shy glizzy,goldlink,goldlink,goldlink,GoldLink,5XenQ7XfcvQdfIbpLEFaKQ,leftfield;hip hop,musicbrainz,l1,2017
golden earring,golden earring,golden earring,golden earring,Golden Earring,1iTlOqIrZy8DlvCPJY2sjS,nederpop;classic rock,spotify,artist,1984
gonzalez,gonzalez,gonzalez,gonzalez,,,folk;singer-songwriter;folk rock;swedish;indie folk,musicbrainz,,1979
goo goo dolls,goo goo dolls,goo goo dolls,goo goo dolls,,,alternative rock;pop punk;punk rock;power pop;acoustic rock,musicbrainz,,2008
good 2 go,good 2 go,good 2 go,good 2 go,,,,none,,1992
good charlotte,good charlotte,good charlotte,good charlotte,Good Charlotte,5aYyPjAsLj7UzANzdupwnS,pop punk;punk;emo,spotify,artist,2008
good charlotte featuring m. shadows and synyster gates,good charlotte,good charlotte,good charlotte,Good Charlotte,5aYyPjAsLj7UzANzdupwnS,pop punk;punk;emo,spotify,l1,2007
good neighbours,good neighbours,good neighbours,good neighbours,Good Neighbours,52N3KGrTWDRhdQJrgBTofE,,none,artist,2024
good question,good question,good question,good question,Good Question,1iDqd3I8FAnfiIIRaoaFzJ,power pop,spotify,artist,1988
goodfellaz,goodfellaz,goodfellaz,goodfellaz,goodfellaz,1p84DFRhs8jAHiTF45BrWV,,none,artist,1997
goodie mob,goodie mob,goodie mob,goodie mob,Goodie Mob,3F2Y683ovlWT53WKCeq0oj,southern hip hop;old school hip hop,spotify,artist,1996
goodie mob featuring outkast,goodie mob,goodie mob,goodie mob,Goodie Mob,3F2Y683ovlWT53WKCeq0oj,southern hip hop;old school hip hop,spotify,l1,1998
goody goody,goody goody,goody goody,goody goody,Goody Goody,6eFek3d0IKoYQvVCqpS5z3,disco;post-disco,spotify,artist,1978
googie rene combo,googie rene combo,googie rene combo,googie rene combo,,,,none,,1966
goose creek symphony,goose creek symphony,goose creek symphony,goose creek symphony,Goose Creek Symphony,70jJ6lRcZAXn0cnfR3GLpL,country rock;southern rock;bluegrass,spotify,artist,1972
gordon lightfoot,gordon lightfoot,gordon lightfoot,gordon lightfoot,Gordon Lightfoot,23rleGXVOVVgTk3xgtmfE4,folk rock;folk;singer-songwriter;yacht rock,spotify,artist,1982
gordon macrae,gordon macrae,gordon macrae,gordon macrae,Gordon MacRae,3dvIPsJH7o9xnBwFxowzof,musicals,spotify,artist,1958
gordon sinclair,gordon sinclair,gordon sinclair,gordon sinclair,,,,none,,1974
gorilla zoe,gorilla zoe,gorilla zoe,gorilla zoe,Gorilla Zoe,3Y365ZqTf6fJ4ZcRnLKPGt,southern hip hop;crunk,spotify,artist,2009
gorilla zoe featuring lil jon,gorilla zoe,gorilla zoe,gorilla zoe,Gorilla Zoe,3Y365ZqTf6fJ4ZcRnLKPGt,southern hip hop;crunk,spotify,l1,2011
gorillaz,gorillaz,gorillaz,gorillaz,Gorillaz,3AA28KZvwAUcZuOKwyblJQ,electronic;alternative rock;trip hop;hip hop;electropop,musicbrainz,artist,2006
gorillaz featuring george benson,gorillaz,gorillaz,gorillaz,Gorillaz,3AA28KZvwAUcZuOKwyblJQ,electronic;alternative rock;trip hop;hip hop;electropop,musicbrainz,l1,2018
gorillaz featuring shaun ryder,gorillaz,gorillaz,gorillaz,Gorillaz,3AA28KZvwAUcZuOKwyblJQ,electronic;alternative rock;trip hop;hip hop;electropop,musicbrainz,l1,2006
gorky park,gorky park,gorky park,gorky park,Gorky Park,0jQX9M2e8YmHozKjmVRBsE,russian;glam metal;russian rock;tequilajazzz,musicbrainz,artist,1990
gotye,gotye,gotye,gotye,Gotye,2AsusXITU8P25dlRNhcAbG,indie rock;indie pop;trip hop;art pop;rock,musicbrainz,artist,2012
gotye featuring kimbra,gotye,gotye,gotye,Gotye,2AsusXITU8P25dlRNhcAbG,indie rock;indie pop;trip hop;art pop;rock,musicbrainz,l1,2013
grace featuring g-eazy,grace,grace,grace,,,,none,,2016
grace jones,grace jones,grace jones,grace jones,Grace Jones,2f9ZiYA2ic1r1voObUimdd,art pop,spotify,artist,1987
grace potter & the nocturnals,grace potter & the nocturnals,grace potter,grace potter,Grace Potter & The Nocturnals,23OknxGcY1i5xX1TRPilMj,southern gothic,spotify,artist,2012
grace slick,grace slick,grace slick,grace slick,Grace Slick,3wNX7r7t4Vaahrx9XzyYIY,acid rock;psychedelic rock,spotify,artist,1980
gracie abrams,gracie abrams,gracie abrams,gracie abrams,Gracie Abrams,4tuJ0bMpJh08umKkEXKUI5,folk pop;pop;singer-songwriter;bedroom pop;2020s,musicbrainz,artist,2025
gracie abrams featuring taylor swift,gracie abrams,gracie abrams,gracie abrams,Gracie Abrams,4tuJ0bMpJh08umKkEXKUI5,folk pop;pop;singer-songwriter;bedroom pop;2020s,musicbrainz,l1,2024
graduates,graduates,graduates,graduates,Graduates,3rAWPrNdw3f4OgdFzuVIOq,doo-wop;ska punk,spotify,artist,1959
graham central station,graham central station,graham central station,graham central station,Graham Central Station,6NwWxEMDWXCUeNLeAtqIn9,funk,spotify,artist,1976
graham nash,graham nash,graham nash,graham nash,Graham Nash,2E6Roj0oQnJIm2BeXwDica,folk rock;singer-songwriter,spotify,artist,1986
graham nash & david crosby,graham nash & david crosby,graham nash,graham nash,Graham Nash,2E6Roj0oQnJIm2BeXwDica,folk rock;singer-songwriter,spotify,l2,1972
graham parker,graham parker,graham parker,graham parker,Graham Parker,6c8INA1EQQe9TkukfEdiCA,power pop;new wave,spotify,artist,1983
graham parker & the shot,graham parker & the shot,graham parker,graham parker,Graham Parker,6c8INA1EQQe9TkukfEdiCA,power pop;new wave,spotify,l2,1985
graham parker and the rumour,graham parker and the rumour,graham parker,graham parker,Graham Parker,6c8INA1EQQe9TkukfEdiCA,power pop;new wave,spotify,l2,1977
grand canyon,grand canyon,grand canyon,grand canyon,GRAND CANYON,1OfAYaectFUHb9Z2HJHvwc,,none,artist,1974
grand funk,grand funk,grand funk,grand funk,,,rock;hard rock;heavy psych;pop rock;blues rock,musicbrainz,,1975
grand funk railroad,grand funk railroad,grand funk railroad,grand funk railroad,Grand Funk Railroad,0qEcf3SFlpRcb3lK3f2GZI,classic rock,spotify,artist,1976
grand master melle mel and the furious five with mr ness & cowboy,grand master melle mel and the furious five with mr ness & cowboy,grand master melle mel,grand master melle mel,Grand Master Melle Mel,1VckTNKamFQZ9CxGTclX5b,,none,l2,1984
grand puba,grand puba,grand puba,grand puba,Grand Puba,6IjhOxJSTPh15KgFTSZ68K,east coast hip hop;jazz rap;old school hip hop;boom bap,spotify,artist,1995
grandmaster flash,grandmaster flash,grandmaster flash,grandmaster flash,Grandmaster Flash,1JfnADNz5yYEq3hrzlZHLk,old school hip hop;hip hop;east coast hip hop,spotify,artist,1982
grandmaster slice,grandmaster slice,grandmaster slice,grandmaster slice,Grandmaster Slice,1z5pJz058rKSFj99anP0Q6,,none,artist,1991
granger smith,granger smith,granger smith,granger smith,Granger Smith,4sTFGCigAQIUiEy8wSSQNF,country;texas country;red dirt;country hip hop;acoustic country,spotify,artist,2017
grapefruit,grapefruit,grapefruit,grapefruit,GRAPEFRUIT,3ho3ojQUfokNYz5XEbTCMU,psychedelic pop,musicbrainz,artist,1968
grateful dead,grateful dead,grateful dead,grateful dead,Grateful Dead,4TMHGUX5WI7OOm53PqSDAT,jam band;psychedelic rock;acid rock,spotify,artist,1987
gravediggaz,gravediggaz,gravediggaz,gravediggaz,Gravediggaz,5NIhgQ08PBzMux08ndi8Ae,horrorcore;east coast hip hop;hardcore hip hop,spotify,artist,1994
gravity kills,gravity kills,gravity kills,gravity kills,Gravity Kills,3V3ChkwvlWDJtMFuOKfYiB,industrial rock;industrial;industrial metal;ebm,spotify,artist,1996
grayson hugh,grayson hugh,grayson hugh,grayson hugh,Grayson Hugh,4SA20ppwlluQj8vOWyUc0F,soul,musicbrainz,artist,1989
grayson hugh & betty wright,grayson hugh & betty wright,grayson hugh,grayson hugh,Grayson Hugh,4SA20ppwlluQj8vOWyUc0F,soul,musicbrainz,l2,1990
great white,great white,great white,great white,Great White,6ZPbX2Lxd40e2UVkXpyxvI,glam metal;glam rock;hard rock,spotify,artist,1991
green day,green day,green day,green day,Green Day,7oPftvlwr6VrsViSDV7fJY,punk;pop punk,spotify,artist,2012
green jelly,green jelly,green jelly,green jelly,Green Jelly,6dyxkRwYuTw6ezj1tjC2rY,comedy rock;rock;punk rock,musicbrainz,artist,1993
green shoe studio featuring jacob colgan & fred stobaugh,green shoe studio,green shoe studio,green shoe studio,,,,none,,2013
greg bates,greg bates,greg bates,greg bates,Greg Bates,2COi3lJPZHP2CjJBfofGwh,country,spotify,artist,2013
greg guidry,greg guidry,greg guidry,greg guidry,Greg Guidry,7roC13N5Y9u1X6L95ngCqJ,aor;yacht rock;arena rock;soft rock,spotify,artist,1982
greg kihn,greg kihn,greg kihn,greg kihn,Greg Kihn,6blEa10uJRGghKPkXc8sAy,power pop,spotify,artist,1986
greg kihn band,greg kihn band,greg kihn band,greg kihn band,,,new wave;pop rock,musicbrainz,,1983
greg lake,greg lake,greg lake,greg lake,Greg Lake,6Uw88LgaxdanDItfR0JyJ8,christmas,spotify,artist,1982
gregg allman,gregg allman,gregg allman,gregg allman,Gregg Allman,0yDmbRjVTQsQd3OnMs5s3I,southern rock;country rock;blues;blues rock,spotify,artist,1974
gregory abbott,gregory abbott,gregory abbott,gregory abbott,Gregory Abbott,6zdcmro5vDQSUjeioajL2r,singer-songwriter;pop soul;soul,musicbrainz,artist,1987
gretchen wilson,gretchen wilson,gretchen wilson,gretchen wilson,Gretchen Wilson,0IdYRFTswLdsGwSnzOaGNF,country,spotify,artist,2005
grey & hanks,grey & hanks,grey,grey,Grey,4lDBihdpMlOalxy1jkUbPl,japanese;metal;visual kei;japanese band;alternative metal,musicbrainz,l2,1979
grin,grin,grin,grin,Grin,6X96kXcdENtONVi0NIwNkW,stoner metal;sludge metal;drone metal;doom metal;stoner rock,spotify,artist,1972
groove theory,groove theory,groove theory,groove theory,Groove Theory,7opRqRgF9lvnVraBFCMvIj,neo soul;new jack swing,spotify,artist,1996
group home,group home,group home,group home,Group Home,48elQHSJ3DmffHQpf89jxX,east coast hip hop;boom bap;old school hip hop,spotify,artist,1995
grouplove,grouplove,grouplove,grouplove,GROUPLOVE,3kVUvbeRdcrqQ3oHk5hPdx,indie,spotify,artist,2012
"grover washington, jr.","grover washington, jr.",grover washington,grover washington,"Grover Washington, Jr.",05YVYeV4HxYp5rrWalvuE1,soul jazz;smooth jazz,spotify,artist,1982
"grover washington, jr. with bill withers","grover washington, jr. with bill withers",grover washington,grover washington,,,,none,,1981
grupo firme,grupo firme,grupo firme,grupo firme,Grupo Firme,1dKdetem2xEmjgvyymzytS,banda;corrido;norteño;sierreño;grupera,spotify,artist,2021
grupo frontera,grupo frontera,grupo frontera,grupo frontera,Grupo Frontera,6XkjpgcEsYab502Vr1bBeW,cumbia norteña;banda;norteño;música mexicana;corrido,spotify,artist,2023
grupo frontera & grupo firme,grupo frontera & grupo firme,grupo frontera,grupo frontera,Grupo Frontera,6XkjpgcEsYab502Vr1bBeW,cumbia norteña;banda;norteño;música mexicana;corrido,spotify,l2,2024
grupo frontera x bad bunny,grupo frontera x bad bunny,grupo frontera,grupo frontera,Grupo Frontera,6XkjpgcEsYab502Vr1bBeW,cumbia norteña;banda;norteño;música mexicana;corrido,spotify,l2,2023
grupo marca registrada x grupo frontera,grupo marca registrada x grupo frontera,grupo marca registrada,grupo marca registrada,Grupo Marca Registrada,1gW6pz5n1aK249L0GvfQCC,corrido;corridos bélicos;corridos tumbados;electro corridos;norteño,spotify,l2,2023
gucci mane,gucci mane,gucci mane,gucci mane,Gucci Mane,13y7CgLHjMVRMDqxdx0Xdo,southern hip hop;rap;trap,spotify,artist,2022
gucci mane & drake,gucci mane & drake,gucci mane,gucci mane,Gucci Mane,13y7CgLHjMVRMDqxdx0Xdo,southern hip hop;rap;trap,spotify,l2,2016
gucci mane & kodak black,gucci mane & kodak black,gucci mane,gucci mane,Gucci Mane,13y7CgLHjMVRMDqxdx0Xdo,southern hip hop;rap;trap,spotify,l2,2023
gucci mane & lil baby,gucci mane & lil baby,gucci mane,gucci mane,Gucci Mane,13y7CgLHjMVRMDqxdx0Xdo,southern hip hop;rap;trap,spotify,l2,2023
gucci mane & nicki minaj,gucci mane & nicki minaj,gucci mane,gucci mane,Gucci Mane,13y7CgLHjMVRMDqxdx0Xdo,southern hip hop;rap;trap,spotify,l2,2017
gucci mane featuring drake,gucci mane,gucci mane,gucci mane,Gucci Mane,13y7CgLHjMVRMDqxdx0Xdo,southern hip hop;rap;trap,spotify,l1,2017
gucci mane featuring j. cole & mike will made-it,gucci mane,gucci mane,gucci mane,Gucci Mane,13y7CgLHjMVRMDqxdx0Xdo,southern hip hop;rap;trap,spotify,l1,2023
gucci mane featuring kanye west,gucci mane,gucci mane,gucci mane,Gucci Mane,13y7CgLHjMVRMDqxdx0Xdo,southern hip hop;rap;trap,spotify,l1,2016
gucci mane featuring key glock & young dolph,gucci mane,gucci mane,gucci mane,Gucci Mane,13y7CgLHjMVRMDqxdx0Xdo,southern hip hop;rap;trap,spotify,l1,2022
gucci mane featuring kodak black & london on da track,gucci mane,gucci mane,gucci mane,Gucci Mane,13y7CgLHjMVRMDqxdx0Xdo,southern hip hop;rap;trap,spotify,l1,2019
gucci mane featuring lil durk,gucci mane,gucci mane,gucci mane,Gucci Mane,13y7CgLHjMVRMDqxdx0Xdo,southern hip hop;rap;trap,spotify,l1,2022
gucci mane featuring migos,gucci mane,gucci mane,gucci mane,Gucci Mane,13y7CgLHjMVRMDqxdx0Xdo,southern hip hop;rap;trap,spotify,l1,2018
gucci mane featuring offset,gucci mane,gucci mane,gucci mane,Gucci Mane,13y7CgLHjMVRMDqxdx0Xdo,southern hip hop;rap;trap,spotify,l1,2017
gucci mane featuring plies or oj da juiceman,gucci mane,gucci mane,gucci mane,Gucci Mane,13y7CgLHjMVRMDqxdx0Xdo,southern hip hop;rap;trap,spotify,l1,2010
gucci mane featuring slim jxmmi & young dolph,gucci mane,gucci mane,gucci mane,Gucci Mane,13y7CgLHjMVRMDqxdx0Xdo,southern hip hop;rap;trap,spotify,l1,2017
gucci mane featuring the weeknd,gucci mane,gucci mane,gucci mane,Gucci Mane,13y7CgLHjMVRMDqxdx0Xdo,southern hip hop;rap;trap,spotify,l1,2017
gucci mane featuring usher,gucci mane,gucci mane,gucci mane,Gucci Mane,13y7CgLHjMVRMDqxdx0Xdo,southern hip hop;rap;trap,spotify,l1,2010
gucci mane x bruno mars x kodak black,gucci mane x bruno mars x kodak black,gucci mane,gucci mane,Gucci Mane,13y7CgLHjMVRMDqxdx0Xdo,southern hip hop;rap;trap,spotify,l2,2019
guerilla black featuring mario winans,guerilla black,guerilla black,guerilla black,Guerilla Black,2eTcJVakGgCvZQMnw9Evbn,west coast hip hop,spotify,l1,2005
gunhill road,gunhill road,gunhill road,gunhill road,Gunhill Road,6ngyPmHBVQajbz4ahy8BrE,,none,artist,1973
gunna,gunna,gunna,gunna,Gunna,5bMWqtq53Eo8vLcTDMMpWI,hip hop;trap;pop rap;southern hip hop,musicbrainz,artist,2025
gunna & 21 savage,gunna & 21 savage,gunna,gunna,Gunna,5bMWqtq53Eo8vLcTDMMpWI,hip hop;trap;pop rap;southern hip hop,musicbrainz,l2,2022
gunna & chloe,gunna & chloe,gunna,gunna,Gunna,5bMWqtq53Eo8vLcTDMMpWI,hip hop;trap;pop rap;southern hip hop,musicbrainz,l2,2022
gunna & chris brown featuring yung bleu,gunna & chris brown,gunna,gunna,Gunna,5bMWqtq53Eo8vLcTDMMpWI,hip hop;trap;pop rap;southern hip hop,musicbrainz,l2,2022
gunna & future,gunna & future,gunna,gunna,Gunna,5bMWqtq53Eo8vLcTDMMpWI,hip hop;trap;pop rap;southern hip hop,musicbrainz,l2,2022
gunna & future featuring young thug,gunna & future,gunna,gunna,Gunna,5bMWqtq53Eo8vLcTDMMpWI,hip hop;trap;pop rap;southern hip hop,musicbrainz,l2,2022
gunna featuring burna boy,gunna,gunna,gunna,Gunna,5bMWqtq53Eo8vLcTDMMpWI,hip hop;trap;pop rap;southern hip hop,musicbrainz,l1,2025
gunna featuring drake,gunna,gunna,gunna,Gunna,5bMWqtq53Eo8vLcTDMMpWI,hip hop;trap;pop rap;southern hip hop,musicbrainz,l1,2022
gunna featuring g herbo,gunna,gunna,gunna,Gunna,5bMWqtq53Eo8vLcTDMMpWI,hip hop;trap;pop rap;southern hip hop,musicbrainz,l1,2022
gunna featuring kodak black,gunna,gunna,gunna,Gunna,5bMWqtq53Eo8vLcTDMMpWI,hip hop;trap;pop rap;southern hip hop,musicbrainz,l1,2022
gunna featuring lil baby,gunna,gunna,gunna,Gunna,5bMWqtq53Eo8vLcTDMMpWI,hip hop;trap;pop rap;southern hip hop,musicbrainz,l1,2022
gunna featuring offset,gunna,gunna,gunna,Gunna,5bMWqtq53Eo8vLcTDMMpWI,hip hop;trap;pop rap;southern hip hop,musicbrainz,l1,2025
gunna featuring playboi carti,gunna,gunna,gunna,Gunna,5bMWqtq53Eo8vLcTDMMpWI,hip hop;trap;pop rap;southern hip hop,musicbrainz,l1,2019
gunna featuring roddy ricch,gunna,gunna,gunna,Gunna,5bMWqtq53Eo8vLcTDMMpWI,hip hop;trap;pop rap;southern hip hop,musicbrainz,l1,2020
gunna featuring travis scott,gunna,gunna,gunna,Gunna,5bMWqtq53Eo8vLcTDMMpWI,hip hop;trap;pop rap;southern hip hop,musicbrainz,l1,2020
gunna featuring wizkid,gunna,gunna,gunna,Gunna,5bMWqtq53Eo8vLcTDMMpWI,hip hop;trap;pop rap;southern hip hop,musicbrainz,l1,2025
gunna featuring young thug,gunna,gunna,gunna,Gunna,5bMWqtq53Eo8vLcTDMMpWI,hip hop;trap;pop rap;southern hip hop,musicbrainz,l1,2022
guns n' roses,guns n' roses,guns n' roses,guns n roses,Guns N' Roses,3qm84nBOXUEQ2vnTfUTTFC,rock;glam metal;hard rock;classic rock,spotify,artist,2008
guy,guy,guy,guy,Guy,2IBPIcSkvQZyoaVfoyZKE8,new jack swing;quiet storm,spotify,artist,2000
guy drake,guy drake,guy drake,guy drake,Guy Drake,7cNBuDJaW8bSrk9HXFqwpi,,none,artist,1970
guy marks,guy marks,guy marks,guy marks,Guy Marks,6EKfAwCJbNSO5uwPLO1EtG,,none,artist,1968
guy mitchell,guy mitchell,guy mitchell,guy mitchell,Guy Mitchell,1YAtBHWaWzZnkaoSFHGTBV,rock and roll;pop;traditional pop,musicbrainz,artist,1960
guys next door,guys next door,guys next door,guys next door,Guys Next Door,1VKd2lW4QELMrO4rZWEsOk,hyperpop,spotify,artist,1991
gwen guthrie,gwen guthrie,gwen guthrie,gwen guthrie,Gwen Guthrie,77HthcNFa6SbicRaQKdhyy,post-disco;disco,spotify,artist,1986
gwen mccrae,gwen mccrae,gwen mccrae,gwen mccrae,Gwen McCrae,742YR9ZgF0tCO5juBfvPAU,post-disco;disco;funk,spotify,artist,1975
gwen stefani,gwen stefani,gwen stefani,gwen stefani,Gwen Stefani,4yiQZ8tQPux8cPriYMWUFP,pop;dance-pop;electropop;pop rock;pop rap,musicbrainz,artist,2016
gwen stefani featuring akon,gwen stefani,gwen stefani,gwen stefani,Gwen Stefani,4yiQZ8tQPux8cPriYMWUFP,pop;dance-pop;electropop;pop rock;pop rap,musicbrainz,l1,2007
gwen stefani featuring blake shelton,gwen stefani,gwen stefani,gwen stefani,Gwen Stefani,4yiQZ8tQPux8cPriYMWUFP,pop;dance-pop;electropop;pop rock;pop rap,musicbrainz,l1,2025
gwen stefani featuring eve,gwen stefani,gwen stefani,gwen stefani,Gwen Stefani,4yiQZ8tQPux8cPriYMWUFP,pop;dance-pop;electropop;pop rock;pop rap,musicbrainz,l1,2005
gwyneth paltrow,gwyneth paltrow,gwyneth paltrow,gwyneth paltrow,Gwyneth Paltrow,4njFVSUWyxD84ur7w8Oy7h,nepo baby,musicbrainz,artist,2011
gym class heroes,gym class heroes,gym class heroes,gym class heroes,Gym Class Heroes,4IJczjB0fJ04gs4uvP0Fli,hip hop;pop rap;dance-pop;pop and chart,musicbrainz,artist,2007
gym class heroes featuring adam levine,gym class heroes,gym class heroes,gym class heroes,Gym Class Heroes,4IJczjB0fJ04gs4uvP0Fli,hip hop;pop rap;dance-pop;pop and chart,musicbrainz,l1,2012
gym class heroes featuring neon hitch,gym class heroes,gym class heroes,gym class heroes,Gym Class Heroes,4IJczjB0fJ04gs4uvP0Fli,hip hop;pop rap;dance-pop;pop and chart,musicbrainz,l1,2012
gym class heroes featuring patrick stump,gym class heroes,gym class heroes,gym class heroes,Gym Class Heroes,4IJczjB0fJ04gs4uvP0Fli,hip hop;pop rap;dance-pop;pop and chart,musicbrainz,l1,2007
gym class heroes featuring ryan tedder,gym class heroes,gym class heroes,gym class heroes,Gym Class Heroes,4IJczjB0fJ04gs4uvP0Fli,hip hop;pop rap;dance-pop;pop and chart,musicbrainz,l1,2012
gym class heroes featuring the-dream,gym class heroes,gym class heroes,gym class heroes,Gym Class Heroes,4IJczjB0fJ04gs4uvP0Fli,hip hop;pop rap;dance-pop;pop and chart,musicbrainz,l1,2008
gypsy,gypsy,gypsy,gypsy,Gypsy,2mxyDHysmFaVyG8rAn2viN,progressive rock,spotify,artist,1971
gyptian,gyptian,gyptian,gyptian,Gyptian,2JX4h8xm0hNxCB0aNBWzyi,dancehall;reggae;soca;lovers rock;ragga,spotify,artist,2010
gyrl,gyrl,gyrl,gyrl,Gyrl,3iXoqMQpbDmbsFISm3XoOw,contemporary r&b,musicbrainz,artist,1997
h-town,h-town,h-town,htown,H-Town,21gGD9dUby5ls0belA1wqZ,quiet storm;new jack swing;r&b,spotify,artist,1998
h-town/al b. sure!,h-town,h-town,htown,H-Town,21gGD9dUby5ls0belA1wqZ,quiet storm;new jack swing;r&b,spotify,l1,1994
h.b. barnum,h.b. barnum,h.b. barnum,hb barnum,H.B. Barnum,6LezSLTlOkiARiTaTX2a2A,,none,artist,1961
h.e.r.,h.e.r.,h.e.r.,her,H.E.R.,3Y7RZ31TRPVadSFVy1o8os,r&b,spotify,artist,2021
h.e.r. featuring bryson tiller,h.e.r.,h.e.r.,her,H.E.R.,3Y7RZ31TRPVadSFVy1o8os,r&b,spotify,l1,2018
h.e.r. featuring chris brown,h.e.r.,h.e.r.,her,H.E.R.,3Y7RZ31TRPVadSFVy1o8os,r&b,spotify,l1,2022
h.e.r. featuring yg,h.e.r.,h.e.r.,her,H.E.R.,3Y7RZ31TRPVadSFVy1o8os,r&b,spotify,l1,2020
hardy,hardy,hardy,hardy,HARDY,5QNm7E7RU2m64l6Gliu8Oy,country;country rock,spotify,artist,2024
hardy featuring lainey wilson,hardy,hardy,hardy,HARDY,5QNm7E7RU2m64l6Gliu8Oy,country;country rock,spotify,l1,2023
hardy featuring lauren alaina & devin dawson,hardy,hardy,hardy,HARDY,5QNm7E7RU2m64l6Gliu8Oy,country;country rock,spotify,l1,2020
hardy featuring morgan wallen,hardy,hardy,hardy,HARDY,5QNm7E7RU2m64l6Gliu8Oy,country;country rock,spotify,l1,2023
"huntr/x: ejae, audrey nuna & rei ami",huntr,huntr,huntr,HuntR,3UGgPv3QdkIWvq6odqzHfy,huntr,musicbrainz,l1,2025
haddaway,haddaway,haddaway,haddaway,Haddaway,0Suv0tRrNrUlRzAy8aXjma,eurodance,spotify,artist,1994
hadouken!,hadouken!,hadouken!,hadouken,Hadouken!,1369EOxSlL69yV9Yp1nVaR,new rave,spotify,artist,2013
"hagar, schon, aaronson, shrieve","hagar, schon, aaronson, shrieve",hagar,hagar,HAGAR,6nWO9tId8cmBzVCIiSfkd4,rock;hard rock;pop rock;pop;aor,musicbrainz,l2,1984
hagood hardy,hagood hardy,hagood hardy,hagood hardy,Hagood Hardy,2qbLM1AGCjpzC3PcOFMFU5,jazz,musicbrainz,artist,1976
hailee steinfeld,hailee steinfeld,hailee steinfeld,hailee steinfeld,Hailee Steinfeld,5p7f24Rk5HkUZsaS3BLG5F,dance-pop;nuno;electropop;synthpop,musicbrainz,artist,2017
hailee steinfeld & alesso featuring florida georgia line & watt,hailee steinfeld & alesso,hailee steinfeld,hailee steinfeld,Hailee Steinfeld,5p7f24Rk5HkUZsaS3BLG5F,dance-pop;nuno;electropop;synthpop,musicbrainz,l2,2018
hailee steinfeld & grey featuring zedd,hailee steinfeld & grey,hailee steinfeld,hailee steinfeld,Hailee Steinfeld,5p7f24Rk5HkUZsaS3BLG5F,dance-pop;nuno;electropop;synthpop,musicbrainz,l2,2017
hailey whitters,hailey whitters,hailey whitters,hailey whitters,Hailey Whitters,4e9TBaTlI3LVQz3tkTYC0I,country,spotify,artist,2023
haircut one hundred,haircut one hundred,haircut one hundred,haircut one hundred,,,silly name;awesome name,musicbrainz,,1982
halsey,halsey,halsey,halsey,Halsey,26VFTg2z8YR0cCuwLzESi2,alternative pop;electropop;pop;alternative rock;queer,musicbrainz,artist,2024
halsey featuring big sean & stefflon don,halsey,halsey,halsey,Halsey,26VFTg2z8YR0cCuwLzESi2,alternative pop;electropop;pop;alternative rock;queer,musicbrainz,l1,2018
halsey featuring lauren jauregui,halsey,halsey,halsey,Halsey,26VFTg2z8YR0cCuwLzESi2,alternative pop;electropop;pop;alternative rock;queer,musicbrainz,l1,2017
hamilton bohannon,hamilton bohannon,hamilton bohannon,hamilton bohannon,,,,none,,1975
hamilton camp,hamilton camp,hamilton camp,hamilton camp,Hamilton Camp,5ND1l6L0UQD7KoAnMupeYY,baroque pop;folk;christian country,spotify,artist,1968
"hamilton, joe frank & dennison","hamilton, joe frank & dennison",hamilton,hamilton,Hamilton,2Gke7HMz6MgNWSX71pBMyX,champeta;latin afrobeats;afrobeat;dancehall,spotify,l2,1976
"hamilton, joe frank & reynolds","hamilton, joe frank & reynolds",hamilton,hamilton,Hamilton,2Gke7HMz6MgNWSX71pBMyX,champeta;latin afrobeats;afrobeat;dancehall,spotify,l2,1976
hank ballard,hank ballard,hank ballard,hank ballard,Hank Ballard,3R0XvRGDJEL5cGXVLiAbDB,doo-wop;classic blues,spotify,artist,1962
hank ballard and the midnighters,hank ballard and the midnighters,hank ballard,hank ballard,Hank Ballard,3R0XvRGDJEL5cGXVLiAbDB,doo-wop;classic blues,spotify,l2,1961
hank jacobs,hank jacobs,hank jacobs,hank jacobs,Hank Jacobs,1dUjEJQQfxPg5cffm6ky24,northern soul,spotify,artist,1964
hank levine and orchestra,hank levine and orchestra,hank levine,hank levine,Hank Levine,2xXDCAi2vXGJTPRl2YU0rb,,none,l2,1961
hank locklin,hank locklin,hank locklin,hank locklin,Hank Locklin,46Unp6DY3Zmy7QS1Fx47yq,classic country;honky tonk;traditional country,spotify,artist,1960
hank snow,hank snow,hank snow,hank snow,Hank Snow,3fq6r0bSIm4McymHKNMk4S,classic country;traditional country;honky tonk,spotify,artist,1962
hank thompson,hank thompson,hank thompson,hank thompson,Hank Thompson,42tDjhK9kdS7CCHxs8ysz0,classic country;honky tonk;traditional country,spotify,artist,1960
hank williams jr.,hank williams jr.,hank williams jr.,hank williams jr,Hank Williams Jr,1M2vYBDP313cuU8JqOnrnr,country;rock;american;singer-songwriter;southern rock,musicbrainz,l3,1964
hank wilson,hank wilson,hank wilson,hank wilson,Hank Wilson,3LpRTiBqG0EoUeZzHLp0EE,,none,artist,1973
hannah huston,hannah huston,hannah huston,hannah huston,Hannah Huston,4r8lFKdMmYGN1Ayywk9lce,,none,artist,2016
hannah jones,hannah jones,hannah jones,hannah jones,Hannah Jones,6UZ8ssaQR8UuhgYiFH6aEm,female vocals,musicbrainz,artist,1998
hannah montana,hannah montana,hannah montana,hannah montana,Hannah Montana,7nU4hB040gTmHm45YYMvqc,fictional;pop rock;country;children's music;teen pop,musicbrainz,artist,2010
hannah montana featuring david archuleta,hannah montana,hannah montana,hannah montana,Hannah Montana,7nU4hB040gTmHm45YYMvqc,fictional;pop rock;country;children's music;teen pop,musicbrainz,l1,2009
hannah montana featuring iyaz,hannah montana,hannah montana,hannah montana,Hannah Montana,7nU4hB040gTmHm45YYMvqc,fictional;pop rock;country;children's music;teen pop,musicbrainz,l1,2010
hanson,hanson,hanson,hanson,Hanson,0SdiiPkr02EUdekHZJkt58,rock;pop;pop rock;teen pop;pop soul,musicbrainz,artist,2000
hanumankind x kalmi,hanumankind x kalmi,hanumankind,hanumankind,Hanumankind,4nVa6XlBFlIkF6msW57PHp,malayalam hip hop;desi hip hop,spotify,l2,2024
happy mondays,happy mondays,happy mondays,happy mondays,Happy Mondays,339DNkQkuhHKEcHw6oK8f0,madchester;britpop;alternative dance;acid house,spotify,artist,1991
harlow wilcox and the oakies,harlow wilcox and the oakies,harlow wilcox,harlow wilcox,Harlow Wilcox,4ap92n52jgV0Jxmf6xbHcT,,none,l2,1969
harold betters,harold betters,harold betters,harold betters,Harold Betters,6j8Vsq8qSrWXK1LkV8T73M,hard bop,spotify,artist,1965
harold dorman,harold dorman,harold dorman,harold dorman,Harold Dorman,1wM79nvxGvl9iTEPg6m2WM,doo-wop;rockabilly,spotify,artist,1960
harold faltermeyer,harold faltermeyer,harold faltermeyer,harold faltermeyer,Harold Faltermeyer,7Cf73Z3RZQTH4V69GSDxnv,synthpop,spotify,artist,1985
harold melvin and the blue notes,harold melvin and the blue notes,harold melvin,harold melvin,Harold Melvin,0i5HiI2EUTBneFAJfl7ft9,philly soul;northern soul;motown;classic soul,spotify,l2,1977
harpers bizarre,harpers bizarre,harpers bizarre,harpers bizarre,Harpers Bizarre,2bW1mPOielsoT3HuQtyydG,baroque pop,spotify,artist,1968
harriet,harriet,harriet,harriet,Harriet,2TDAUYnPuKIA8qhAgNxhKr,,none,artist,1991
harry chapin,harry chapin,harry chapin,harry chapin,Harry Chapin,42q4Ivs7tAiCZ5C7eG5q4c,singer-songwriter,spotify,artist,1981
"harry connick, jr.","harry connick, jr.",harry connick,harry connick,"Harry Connick, Jr.",6u17YlWtW4oqFF5Hn9UU79,christmas;big band;vocal jazz;adult standards,spotify,artist,1995
harry styles,harry styles,harry styles,harry styles,Harry Styles,6KImCVD70vtIoJWnq6nGn3,pop;rock;funk;synth-pop;new wave,musicbrainz,artist,2023
harvey & the moonglows,harvey & the moonglows,harvey,harvey,Harvey & The Moonglows,2ZPn0kfIZf1aeq4J988Z5b,doo-wop,spotify,artist,1958
harvey scales,harvey scales,harvey scales,harvey scales,Harvey Scales,6xrxaJKiA4uPKBQnLqeFIQ,northern soul,spotify,artist,1967
havana brown featuring pitbull,havana brown,havana brown,havana brown,Havana Brown,1EVWYRr2obCRDoSoD6KSuM,dance-pop;electropop;electro house;electronic dance;eurodance,musicbrainz,l1,2012
hawks,hawks,hawks,hawks,hawks,6r8dyOpcKwTCIgekGqgCsm,hyperpop;k-rap;electroclash,spotify,artist,1981
hawkshaw hawkins,hawkshaw hawkins,hawkshaw hawkins,hawkshaw hawkins,Hawkshaw Hawkins,0fX1VRKNIBwg3qD7oe2IVV,classic country;traditional country;boogie-woogie;honky tonk,spotify,artist,1959
hayley mills,hayley mills,hayley mills,hayley mills,Hayley Mills,61g53RNwNxFue8DjFshq05,,none,artist,1962
hayley mills and hayley mills,hayley mills and hayley mills,hayley mills,hayley mills,Hayley Mills,61g53RNwNxFue8DjFshq05,,none,l2,1961
haysi fantayzee,haysi fantayzee,haysi fantayzee,haysi fantayzee,Haysi Fantayzee,5CwI4SjmuQ6T3d3pYG1LL3,new wave;pop,musicbrainz,artist,1983
head east,head east,head east,head east,Head East,55UamRmLvoS6q7iWPzUrCC,southern rock;classic rock,spotify,artist,1978
heart,heart,heart,heart,Heart,34jw2BbxjoYalTp8cJFCPv,classic rock;aor;rock,spotify,artist,1994
heartland,heartland,heartland,heartland,Heartland,6B10yUcmUVw4RPKe6j58E9,,none,artist,2007
heartsfield,heartsfield,heartsfield,heartsfield,Heartsfield,3n5eF71hryf0OpsFakVYmQ,southern rock;country rock,spotify,artist,1974
heather b.,heather b.,heather b.,heather b,Heather B,7qmtfLJzKBu8csTDXTEAph,east coast hip hop;boom bap,spotify,l3,1998
heather headley,heather headley,heather headley,heather headley,Heather Headley,2xDc4cU0Rj6YG8SrmAHIy0,neo soul;musicals,spotify,artist,2006
heatwave,heatwave,heatwave,heatwave,Heatwave,6D7h7R79IZjqJC2GM2wzyY,disco;funk,spotify,artist,1978
heaven 17,heaven 17,heaven 17,heaven 17,Heaven 17,5PYuBRQMHh7nWmdV076sH9,synthpop;new wave,spotify,artist,1983
heaven bound with tony scotti,heaven bound with tony scotti,heaven bound,heaven bound,Heaven Bound,0aDegaMYYmvZ1luquHGDRN,,none,l2,1972
heavy d & the boyz,heavy d & the boyz,heavy d,heavy d,Heavy D & The Boyz,4KHdmkq99PXA6QEJ2lKpA3,new jack swing;old school hip hop;east coast hip hop,spotify,artist,1995
hedgehoppers anonymous,hedgehoppers anonymous,hedgehoppers anonymous,hedgehoppers anonymous,Hedgehoppers Anonymous,5A3bl1xizicm2UoXHmmkkq,acid rock,spotify,artist,1966
heidi newfield,heidi newfield,heidi newfield,heidi newfield,Heidi Newfield,6Jb5H8o9T7c4C13vLFpyPY,,none,artist,2008
helen reddy,helen reddy,helen reddy,helen reddy,Helen Reddy,0Sq7oGrYEe0BDmb13wgjOO,pop;australian,musicbrainz,artist,1981
helen shapiro,helen shapiro,helen shapiro,helen shapiro,Helen Shapiro,6cPxtWlJeRcqaQOPMdeecq,pop;jazz;british;uk;english,musicbrainz,artist,1961
helena ferguson,helena ferguson,helena ferguson,helena ferguson,,,,none,,1967
hello people,hello people,hello people,hello people,,,progressive pop;psychedelic pop;rock,musicbrainz,,1975
hellogoodbye,hellogoodbye,hellogoodbye,hellogoodbye,Hellogoodbye,6GH0NzpthMGxu1mcfAkOde,pop rock,musicbrainz,artist,2007
heltah skeltah and o.g.c. as the fab 5,heltah skeltah and o.g.c. as the fab 5,heltah skeltah,heltah skeltah,Heltah Skeltah,6VimeBsWv0rmWzxd6roZZC,east coast hip hop;boom bap,spotify,l2,1996
heltah skeltah featuring starang wondah of o.g.c. & doc holiday,heltah skeltah,heltah skeltah,heltah skeltah,Heltah Skeltah,6VimeBsWv0rmWzxd6roZZC,east coast hip hop;boom bap,spotify,l1,1998
henhouse five plus too,henhouse five plus too,henhouse five plus too,henhouse five plus too,,,,none,,1977
henry gross,henry gross,henry gross,henry gross,Henry Gross,4fLads1bvbdnTKlldZLAML,rock,musicbrainz,artist,1976
henry lee summer,henry lee summer,henry lee summer,henry lee summer,Henry Lee Summer,7wtiiuXdnWtATBrAxU9fnQ,aor;arena rock,spotify,artist,1991
henry mancini,henry mancini,henry mancini,henry mancini,Henry Mancini,2EExdpjU4SK3xnJHO5paJf,exotica;adult standards;easy listening,spotify,artist,1960
henry mancini and his orchestra,henry mancini and his orchestra,henry mancini,henry mancini,Henry Mancini,2EExdpjU4SK3xnJHO5paJf,exotica;adult standards;easy listening,spotify,l2,1977
henry paul band,henry paul band,henry paul band,henry paul band,Henry Paul Band,4GGDnwXsF5e9gjhJMRZ03s,southern rock;country rock;aor;arena rock,spotify,artist,1982
henson cargill,henson cargill,henson cargill,henson cargill,Henson Cargill,6OUTtVUjAvUF0uZ3wudxtv,classic country;traditional country,spotify,artist,1968
herb alpert,herb alpert,herb alpert,herb alpert,Herb Alpert,1PqdKx88nAgPolRy079lMl,jazz;smooth jazz;easy listening;disco;jazz fusion,musicbrainz,artist,1987
herb alpert & the tijuana brass,herb alpert & the tijuana brass,herb alpert,herb alpert,Herb Alpert,1PqdKx88nAgPolRy079lMl,jazz;smooth jazz;easy listening;disco;jazz fusion,musicbrainz,l2,1974
herb alpert and tijuana brass,herb alpert and tijuana brass,herb alpert,herb alpert,Herb Alpert,1PqdKx88nAgPolRy079lMl,jazz;smooth jazz;easy listening;disco;jazz fusion,musicbrainz,l2,1963
herb alpert's tijuana brass,herb alpert's tijuana brass,herb alpert's tijuana brass,herb alperts tijuana brass,,,,none,,1984
herb lance & the classics,herb lance & the classics,herb lance,herb lance,Herb Lance,31zYvVtJedjSfIdBki0UmD,vocal jazz,spotify,l2,1961
herbie hancock,herbie hancock,herbie hancock,herbie hancock,Herbie Hancock,2ZvrvbQNrHKwjT7qfGFFUW,jazz;jazz fusion;jazz funk;hard bop;cool jazz,spotify,artist,1983
herbie mann,herbie mann,herbie mann,herbie mann,Herbie Mann,6ycoXr0Ayd89vFUT6BOiWo,latin jazz;jazz;brazilian jazz;bossa nova;jazz funk,spotify,artist,1979
herman brood,herman brood,herman brood,herman brood,Herman Brood,2wFgBXIgWwnxTU1UsgtGSq,nederpop;hollands;indorock,spotify,artist,1979
herman's hermits,herman's hermits,herman's hermits,hermans hermits,,,rock;pop;british;uk;english,musicbrainz,,1968
hev-d,hev-d,hev-d,hevd,Hev-D,1nMxDZp4gzYs4kWUNjx9s7,,none,artist,1997
hey violet,hey violet,hey violet,hey violet,Hey Violet,4JNfz6aO9ZFz0gp5GY88am,,none,artist,2017
hi tek 3 featuring ya kid k,hi tek 3,hi tek 3,hi tek 3,Hi Tek 3,75aA32HVEg7Z9QNG7f9l93,hip house;chicago house;acid house,spotify,l1,1990
hi-c,hi-c,hi-c,hic,Hi-C,3EIRAkpuy9odn1jDz6PaU8,cloud rap;underground hip hop,spotify,artist,1991
hi-five,hi-five,hi-five,hifive,Hi-Five,0EVUivUkugMtNF09L4QBMH,new jack swing;quiet storm,spotify,artist,1994
hi-town djs,hi-town djs,hi-town djs,hitown djs,,,,none,,1998
him,him,him,him,HIM,74aLweE8FHHf4yN5TWv1GM,gothic metal;gothic rock;finnish rock,spotify,artist,2006
high inergy,high inergy,high inergy,high inergy,High Inergy,7C2CwbJufEVMLvEvaadNVp,motown;classic soul,spotify,artist,1983
high school musical 2 cast,high school musical 2 cast,high school musical 2 cast,high school musical 2 cast,,,,none,,2007
high school musical 3 cast,high school musical 3 cast,high school musical 3 cast,high school musical 3 cast,,,,none,,2008
high school musical cast,high school musical cast,high school musical cast,high school musical cast,High School Musical Cast,2gUMs9PE8XZVQyzCDqaYmW,cast,musicbrainz,artist,2006
high valley,high valley,high valley,high valley,High Valley,5sQqZtsAbXAoAnvA8iN9kN,country,spotify,artist,2018
hikaru utada & skrillex,hikaru utada & skrillex,hikaru utada,hikaru utada,Hikaru Utada,7lbSsjYACZHn1MSDXPxNF2,j-pop;j-r&b;anime,spotify,l2,2019
hilary duff,hilary duff,hilary duff,hilary duff,Hilary Duff,2S9W9aSAd7e5mp8WqWxN2h,teen pop;pop;y2k;crash;pop and chart,musicbrainz,artist,2015
hillsong united,hillsong united,hillsong united,hillsong united,Hillsong UNITED,74cb3MG0x0BOnYNW1uXYnM,worship;christian;ccm;pop worship;gospel,spotify,artist,2014
hinder,hinder,hinder,hinder,Hinder,6BMhCQJYHxxKAeqYS1p5rY,post-grunge,spotify,artist,2009
hipsway,hipsway,hipsway,hipsway,Hipsway,5Qnpdt4MtT54U7fFNEYDTZ,new wave,spotify,artist,1987
hit masters,hit masters,hit masters,hit masters,Hit Masters,4uGNLaVCY77CII5WspSXyQ,,none,artist,2008
hitkidd & glorilla,hitkidd & glorilla,hitkidd,hitkidd,Hitkidd,5pR1zWq3UPsOpW1pTWayLf,,none,l2,2022
hitman sammy sam,hitman sammy sam,hitman sammy sam,hitman sammy sam,Hitman Sammy Sam,6RhzdrHfuZEMnZTNRjbTpz,southern hip hop;miami bass;crunk,spotify,artist,2003
"hodges, james and smith","hodges, james and smith",hodges,hodges,,,,none,,1977
hog heaven,hog heaven,hog heaven,hog heaven,Hog Heaven,0ephiBtFO3DgtYnv1y0gW9,,none,artist,1971
hoku,hoku,hoku,hoku,Hoku,7ftZLBtMuNBXnnDFKbAblK,soul;europop;teen pop,musicbrainz,artist,2000
hole,hole,hole,hole,Hole,5SHQUMAmEK5KmuSb0aDvsn,riot grrrl;grunge,spotify,artist,1999
holland-dozier,holland-dozier,holland-dozier,hollanddozier,Holland-Dozier,4gXMKWbaoOBxvxAMz9Zbg4,motown;northern soul;classic soul;soul,spotify,artist,1973
holly johnson,holly johnson,holly johnson,holly johnson,Holly Johnson,0bYhkwob1zhwgdD5RbFy0H,pop;british;uk;britpop;english,musicbrainz,artist,1989
holly knight,holly knight,holly knight,holly knight,Holly Knight,1fgwMawRD6uZOERzG2SQto,aor;arena rock,spotify,artist,1988
hollywood argyles,hollywood argyles,hollywood argyles,hollywood argyles,,,,none,,1960
home team,home team,home team,home team,Home Team,6aWUeLZD9bErLdlZg2iMcU,,none,artist,1993
homer and jethro,homer and jethro,homer,homer,Homer,7ANZyzPbMcdINl4ZP6wmyb,author;has german audiobooks,musicbrainz,l2,1959
honeymoon suite,honeymoon suite,honeymoon suite,honeymoon suite,Honeymoon Suite,7kFyhQTV7cbd3iSYW2yt1Q,aor;arena rock;glam metal,spotify,artist,1988
hoobastank,hoobastank,hoobastank,hoobastank,Hoobastank,2MqhkhX4npxDZ62ObR5ELO,nu metal,spotify,artist,2004
hoodie allen featuring ed sheeran,hoodie allen,hoodie allen,hoodie allen,Hoodie Allen,382aq8Pij5V2nE2JMHMoxl,pop rap,musicbrainz,l1,2015
hooters,hooters,hooters,hooters,Hooters,07lmBPOkoCHn4EBCJUnlUJ,rock;folk rock;rock and indie,musicbrainz,artist,1990
hootie & the blowfish,hootie & the blowfish,hootie,hootie,Hootie & The Blowfish,08ct2eZF5lUPdJpHwNKWof,rock;alternative rock;south carolina;columbia;americana,musicbrainz,artist,1996
horace brown,horace brown,horace brown,horace brown,Horace Brown,728zmYLRpMS0S8TyoTBiXR,hip hop rnb and dance hall,musicbrainz,artist,1996
horst jankowski,horst jankowski,horst jankowski,horst jankowski,Horst Jankowski,0YJh7LL1SsLgWfSXjIFbfg,exotica;big band;easy listening,spotify,artist,1965
hot,hot,hot,hot,Hot,6UiNFle7UUqz6t9x8A6i0A,brazilian hip hop;boom bap,spotify,artist,1978
hot boys,hot boys,hot boys,hot boys,Hot Boys,0ecnb1WPePfrHg4yfQfmqN,southern hip hop;new orleans bounce,spotify,artist,2000
hot butter,hot butter,hot butter,hot butter,Hot Butter,4MmT8i3Q43NCZH1lJGQygG,dance and electronica,musicbrainz,artist,1972
hot chelle rae,hot chelle rae,hot chelle rae,hot chelle rae,Hot Chelle Rae,6jTnHxhb6cDCaCu4rdvsQ0,pop;electropop;teen pop,musicbrainz,artist,2011
hot chelle rae featuring new boyz,hot chelle rae,hot chelle rae,hot chelle rae,Hot Chelle Rae,6jTnHxhb6cDCaCu4rdvsQ0,pop;electropop;teen pop,musicbrainz,l1,2012
hot chocolate,hot chocolate,hot chocolate,hot chocolate,Hot Chocolate,72VzFto8DYvKHocaHYNWSi,soul;funk;pop;disco;pop soul,musicbrainz,artist,1983
hot sauce,hot sauce,hot sauce,hot sauce,Hot Sauce,5vgYLDfBb0fXb3yw3NxwhJ,,none,artist,1972
hot stylz featuring yung joc,hot stylz,hot stylz,hot stylz,Hot Stylz,1W4yZwIXzRls3KoybGLKy8,crunk,spotify,l1,2008
hot-toddys featuring bill pennell,hot-toddys,hot-toddys,hottoddys,,,,none,,1959
hotel,hotel,hotel,hotel,,,indie rock;indie folk;lo-fi;psychedelic folk;singer-songwriter,musicbrainz,,1980
hotel ugly,hotel ugly,hotel ugly,hotel ugly,Hotel Ugly,35WVTyRnKAoaGExqgktVyb,,none,artist,2023
hotlegs,hotlegs,hotlegs,hotlegs,Hotlegs,7aytjvL9XZ2mGzmIpT4xzy,glam rock,spotify,artist,1970
house of lords,house of lords,house of lords,house of lords,House of Lords,5C8GTLvNH9Fs8oAdR0ioIy,hard rock,musicbrainz,artist,1991
house of pain,house of pain,house of pain,house of pain,House Of Pain,0AuW7OCyKfFrsMbtHrYgIV,hip hop;rap;rap rock;rock and indie;west coast hip hop,musicbrainz,artist,1994
"houston featuring chingy, nate dogg & i-20",houston,houston,houston,Houston,5yCd7bxcAc3MdQ1h54ESsD,contemporary r&b;pop;dance-pop;pop soul;easy listening,musicbrainz,l1,2004
houston person,houston person,houston person,houston person,Houston Person,77POQuuURpr9IUBjZM5hpv,jazz;soul jazz;post-bop;hard bop,musicbrainz,artist,1976
how i became the bomb,how i became the bomb,how i became the bomb,how i became the bomb,How I Became the Bomb,0E8NThqr21dCUKDFEDPpuY,,none,artist,2015
howard hewett,howard hewett,howard hewett,howard hewett,Howard Hewett,3S78Gzhp1D01i1x2KGXrnh,quiet storm,spotify,artist,1990
howard jones,howard jones,howard jones,howard jones,Howard Jones,6loBF9iQdE11WSX29fNKqY,new wave;synthpop,spotify,artist,1992
howard tate,howard tate,howard tate,howard tate,Howard Tate,2z6I01y9cdNA4IlOAIcQED,classic soul;soul,spotify,artist,1970
howie day,howie day,howie day,howie day,Howie Day,0ekbDNE2eOq8QiaXM34wer,indie rock;pop rock;rock;singer-songwriter;acoustic rock,musicbrainz,artist,2005
hoyt axton,hoyt axton,hoyt axton,hoyt axton,Hoyt Axton,4Qfv2sYwJcGqdqF7UaMZgQ,singer-songwriter;contemporary folk;2008 universal fire victim;wp-1621,musicbrainz,artist,1974
hozier,hozier,hozier,hozier,Hozier,2FXC3k01G6Gw61bmprjgqS,blues rock;blues;indie rock;soul;pop soul,musicbrainz,artist,2025
hozier & allison russell,hozier & allison russell,hozier,hozier,Hozier,2FXC3k01G6Gw61bmprjgqS,blues rock;blues;indie rock;soul;pop soul,musicbrainz,l2,2024
hudson westbrook,hudson westbrook,hudson westbrook,hudson westbrook,Hudson Westbrook,0C4gtx1iHMfuaQ73GKWvtZ,country,spotify,artist,2025
hudson and landry,hudson and landry,hudson,hudson,,,comedy,musicbrainz,,1972
huelyn duvall,huelyn duvall,huelyn duvall,huelyn duvall,Huelyn Duvall,5fljMGfogbYnsdQBoPFKjW,rockabilly;doo-wop;psychobilly,spotify,artist,1959
huey,huey,huey,huey,Huey,33wbkdcxtduHKY53LnI1Hf,crunk,spotify,artist,2007
"huey ""piano"" smith with his clowns","huey ""piano"" smith with his clowns","huey ""piano"" smith",huey piano smith,Huey Piano Smith,5QoLkPCHKEqauJ5HPyBa8V,r&b;new orleans r&b,musicbrainz,l3,1959
huey lewis & the news,huey lewis & the news,huey lewis,huey lewis,Huey Lewis & The News,7A9yZMTrFZcgEWAX2kBfK6,rock;pop rock;classic pop and rock;fixme;fixme recordings merge,musicbrainz,artist,1995
huey smith,huey smith,huey smith,huey smith,Huey Smith,5vVhNwcW2JVws6Lh4OFTk8,,none,artist,1962
"hugh jackman, keala settle, zac efron, zendaya & the greatest showman ensemble","hugh jackman, keala settle, zac efron, zendaya & the greatest showman ensemble",hugh jackman,hugh jackman,Hugh Jackman,5F1aoppMtU3OMiltO8ymJ2,musicals,spotify,l2,2018
hugh laurie,hugh laurie,hugh laurie,hugh laurie,Hugh Laurie,5WM5zPOswRcPu07rxP2dQv,blues;jazz blues;comedy,spotify,artist,2011
hugh masekela,hugh masekela,hugh masekela,hugh masekela,Hugh Masekela,1b3F5FI7TX4IWTNA4P1kWp,afro soul;afrobeat,spotify,artist,1969
hughes/thrall,hughes,hughes,hughes,Hughes/Thrall,75lXk5oKF5H1xFt8euZZpn,aor;arena rock,spotify,artist,1983
hugo & luigi,hugo & luigi,hugo,hugo,Hugo & Luigi,4kJvO0FgRaH1yTejZ8ujB3,rockabilly,spotify,artist,1960
"hugo montenegro, his orchestra and chorus","hugo montenegro, his orchestra and chorus",hugo montenegro,hugo montenegro,HUGO MONTENEGRO,58NpNi50YcPAyMvEHlnVCQ,film scores;arrangers;conductors;death by emphysema,musicbrainz,l2,1968
humble pie,humble pie,humble pie,humble pie,Humble Pie,2CxLP749mup3ncPrXgCnvU,blues rock,spotify,artist,1980
huncho jack,huncho jack,huncho jack,huncho jack,Huncho Jack,6extd4B6hl8VTmnlhpl2bY,,none,artist,2018
huncho jack featuring offset,huncho jack,huncho jack,huncho jack,Huncho Jack,6extd4B6hl8VTmnlhpl2bY,,none,l1,2018
huncho jack featuring takeoff,huncho jack,huncho jack,huncho jack,Huncho Jack,6extd4B6hl8VTmnlhpl2bY,,none,l1,2018
hunter hayes,hunter hayes,hunter hayes,hunter hayes,Hunter Hayes,7H6dkUChT5EoOQtUVMg4cN,country,spotify,artist,2014
hunter hayes featuring jason mraz,hunter hayes,hunter hayes,hunter hayes,Hunter Hayes,7H6dkUChT5EoOQtUVMg4cN,country,spotify,l1,2014
hurricane chris,hurricane chris,hurricane chris,hurricane chris,Hurricane Chris,1fQ46lgoUCz8FVXdTVNk0a,southern hip hop;crunk,spotify,artist,2007
hurricane chris featuring big poppa,hurricane chris,hurricane chris,hurricane chris,Hurricane Chris,1fQ46lgoUCz8FVXdTVNk0a,southern hip hop;crunk,spotify,l1,2007
hurricane chris featuring supastaar,hurricane chris,hurricane chris,hurricane chris,Hurricane Chris,1fQ46lgoUCz8FVXdTVNk0a,southern hip hop;crunk,spotify,l1,2009
hurricane smith,hurricane smith,hurricane smith,hurricane smith,Hurricane Smith,2RJ0iPw6LNjlxmbUiB3cfc,,none,artist,1973
"hustle gang featuring t.i., b.o.b, kendrick lamar & kris stephens",hustle gang,hustle gang,hustle gang,Hustle Gang,6E8nfs4zCOFE1firps87qk,hip-hop;rap,musicbrainz,l1,2013
i love makonnen featuring drake,i love makonnen,i love makonnen,i love makonnen,I LOVE MAKONNEN,2QJImTkqiGkT5rzsYIF3x9,,none,l1,2015
i prevail,i prevail,i prevail,i prevail,I Prevail,3Uobr6LgQpBbk6k4QGAb3V,metalcore;metal,spotify,artist,2015
i to i,i to i,i to i,i to i,,,,none,,1994
i.a.p. co. (the italian asphalt & pavement company),i.a.p. co.,i.a.p. co.,iap co,,,,none,,1970
ii d extreme,ii d extreme,ii d extreme,ii d extreme,,,,none,,1993
illit,illit,illit,illit,ILLIT,36cgvBn0aadzOijnjjwqMN,k-pop,spotify,artist,2024
imx,imx,imx,imx,IMx,0WsQby2bU6kzZcvikYRdms,,none,artist,2000
inxs,inxs,inxs,inxs,INXS,1eClJfHLoDI4rZe5HxzBFv,rock;new wave;alternative rock;australian;pop,musicbrainz,artist,2006
inxs & jimmy barnes,inxs & jimmy barnes,inxs,inxs,INXS,1eClJfHLoDI4rZe5HxzBFv,rock;new wave;alternative rock;australian;pop,musicbrainz,l2,1987
iv xample,iv xample,iv xample,iv xample,,,,none,,1995
ian gomm,ian gomm,ian gomm,ian gomm,Ian Gomm,7fmugt9MKV9lcPgBjEzVdm,power pop;yacht rock,spotify,artist,1979
ian hunter,ian hunter,ian hunter,ian hunter,Ian Hunter,2ajuX0Ruj90E7EMQ21JMlA,rock;hard rock;glam rock,musicbrainz,artist,1979
ian lloyd,ian lloyd,ian lloyd,ian lloyd,Ian Lloyd,1imvLPBvQHkf3PN8wKz5zg,power pop;aor;glam rock;arena rock,spotify,artist,1979
ian lloyd & stories,ian lloyd & stories,ian lloyd,ian lloyd,Ian Lloyd,1imvLPBvQHkf3PN8wKz5zg,power pop;aor;glam rock;arena rock,spotify,l2,1974
ian matthews,ian matthews,ian matthews,ian matthews,Ian Matthews,7lJ6jyfOpEct1AYcoq7ahI,country rock,spotify,artist,1979
ian thomas,ian thomas,ian thomas,ian thomas,Ian Thomas,4rBfr3kWsm2wlRY8VfgJzF,rock,musicbrainz,artist,1974
ian van dahl featuring marsha,ian van dahl,ian van dahl,ian van dahl,Ian van Dahl,27IuDZNaLuEtupD8QZftiZ,eurodance;trance,spotify,l1,2001
ian whitcomb,ian whitcomb,ian whitcomb,ian whitcomb,Ian Whitcomb,7GYdSOyUNp70L6kXepVAzJ,ragtime,spotify,artist,1965
ian whitcomb and bluesville,ian whitcomb and bluesville,ian whitcomb,ian whitcomb,Ian Whitcomb,7GYdSOyUNp70L6kXepVAzJ,ragtime,spotify,l2,1965
ice cube,ice cube,ice cube,ice cube,Ice Cube,3Mcii5XWf6E0lrY3Uky4cA,gangster rap;west coast hip hop;old school hip hop;g-funk,spotify,artist,2006
ice cube featuring das efx,ice cube,ice cube,ice cube,Ice Cube,3Mcii5XWf6E0lrY3Uky4cA,gangster rap;west coast hip hop;old school hip hop;g-funk,spotify,l1,1993
ice cube featuring george clinton,ice cube,ice cube,ice cube,Ice Cube,3Mcii5XWf6E0lrY3Uky4cA,gangster rap;west coast hip hop;old school hip hop;g-funk,spotify,l1,1994
ice cube featuring mack 10 & ms. toi,ice cube,ice cube,ice cube,Ice Cube,3Mcii5XWf6E0lrY3Uky4cA,gangster rap;west coast hip hop;old school hip hop;g-funk,spotify,l1,2000
ice cube featuring mr. short khop,ice cube,ice cube,ice cube,Ice Cube,3Mcii5XWf6E0lrY3Uky4cA,gangster rap;west coast hip hop;old school hip hop;g-funk,spotify,l1,1999
ice spice,ice spice,ice spice,ice spice,Ice Spice,3LZZPxNDGDFVSIPqf4JuEf,drill;hip hop;jersey club;jersey drill;east coast hip hop,musicbrainz,artist,2024
ice spice & central cee,ice spice & central cee,ice spice,ice spice,Ice Spice,3LZZPxNDGDFVSIPqf4JuEf,drill;hip hop;jersey club;jersey drill;east coast hip hop,musicbrainz,l2,2024
ice spice & lil tjay,ice spice & lil tjay,ice spice,ice spice,Ice Spice,3LZZPxNDGDFVSIPqf4JuEf,drill;hip hop;jersey club;jersey drill;east coast hip hop,musicbrainz,l2,2023
ice spice & nicki minaj,ice spice & nicki minaj,ice spice,ice spice,Ice Spice,3LZZPxNDGDFVSIPqf4JuEf,drill;hip hop;jersey club;jersey drill;east coast hip hop,musicbrainz,l2,2023
ice-t,ice-t,ice-t,icet,ICE-T,0eGh2jSWPBX5GuqIHoZJZG,west coast hip hop;old school hip hop;gangster rap,spotify,artist,1991
icehouse,icehouse,icehouse,icehouse,ICEHOUSE,3IUisqn0mluZR0LITs8Sqk,synthpop,spotify,artist,1989
icicle works,icicle works,icicle works,icicle works,,,classic pop and rock,musicbrainz,,1984
icona pop featuring charli xcx,icona pop,icona pop,icona pop,Icona Pop,1VBflYyxBhnDc9uVib98rw,dance;synth-pop;euro house;europop;electronic,musicbrainz,l1,2013
iconz featuring tony manshino,iconz,iconz,iconz,Iconz,0WQ7XFbNTUov6uE7gNFFZn,hip hop;crunk;hip hop rnb and dance hall,musicbrainz,l1,2001
icy blu,icy blu,icy blu,icy blu,Icy Blu,1ZVl42Cxb9SthSXXM5fm5l,,none,artist,1992
ideal,ideal,ideal,ideal,Ideal,2bK1rpFhmGkImiZNuUyHVT,ndw;germany;german;punk;new wave,musicbrainz,artist,2000
ideal featuring lil' mo,ideal,ideal,ideal,Ideal,2bK1rpFhmGkImiZNuUyHVT,ndw;germany;german;punk;new wave,musicbrainz,l1,2000
idina menzel,idina menzel,idina menzel,idina menzel,Idina Menzel,73Np75Wv2tju61Eo9Zw4IR,musicals,spotify,artist,2014
idina menzel & aurora,idina menzel & aurora,idina menzel,idina menzel,Idina Menzel,73Np75Wv2tju61Eo9Zw4IR,musicals,spotify,l2,2020
idina menzel & evan rachel wood,idina menzel & evan rachel wood,idina menzel,idina menzel,Idina Menzel,73Np75Wv2tju61Eo9Zw4IR,musicals,spotify,l2,2019
idina menzel duet with michael buble,idina menzel duet with michael buble,idina menzel,idina menzel,Idina Menzel,73Np75Wv2tju61Eo9Zw4IR,musicals,spotify,l2,2014
idris muhammad,idris muhammad,idris muhammad,idris muhammad,Idris Muhammad,6ghiUK2ao3KcmmDt2pbNzN,jazz funk;soul jazz,spotify,artist,1977
iggy azalea,iggy azalea,iggy azalea,iggy azalea,Iggy Azalea,5yG7ZAZafVaAlMTeBybKAL,hip hop;pop rap;trap;electropop;hip house,musicbrainz,artist,2019
iggy azalea featuring charli xcx,iggy azalea,iggy azalea,iggy azalea,Iggy Azalea,5yG7ZAZafVaAlMTeBybKAL,hip hop;pop rap;trap;electropop;hip house,musicbrainz,l1,2014
iggy azalea featuring jennifer hudson,iggy azalea,iggy azalea,iggy azalea,Iggy Azalea,5yG7ZAZafVaAlMTeBybKAL,hip hop;pop rap;trap;electropop;hip house,musicbrainz,l1,2015
iggy azalea featuring m0,iggy azalea,iggy azalea,iggy azalea,Iggy Azalea,5yG7ZAZafVaAlMTeBybKAL,hip hop;pop rap;trap;electropop;hip house,musicbrainz,l1,2015
iggy azalea featuring rita ora,iggy azalea,iggy azalea,iggy azalea,Iggy Azalea,5yG7ZAZafVaAlMTeBybKAL,hip hop;pop rap;trap;electropop;hip house,musicbrainz,l1,2015
iggy azalea feauring tyga,iggy azalea feauring tyga,iggy azalea feauring tyga,iggy azalea feauring tyga,,,,none,,2018
iggy pop with kate pierson,iggy pop with kate pierson,iggy pop,iggy pop,Iggy Pop,33EUXrFKGjpUSGacqEHhU4,proto-punk;glam rock,spotify,l2,1991
ike & tina turner,ike & tina turner,ike,ike,Ike & Tina Turner,1ZikppG9dPedbIgMfnfx8k,motown;northern soul,spotify,artist,1975
ike & tina turner & the ikettes,ike & tina turner & the ikettes,ike,ike,,,,none,,1970
ike & tina turner featuring tina,ike & tina turner,ike,ike,Ike & Tina Turner,1ZikppG9dPedbIgMfnfx8k,motown;northern soul,spotify,l1,1966
ike clanton,ike clanton,ike clanton,ike clanton,Ike Clanton,7M9YPaAMJHld0GTk9QZC0y,,none,artist,1962
ill al skratch featuring brian mcknight,ill al skratch,ill al skratch,ill al skratch,Ill Al Skratch,2prhxg78mXtbxE5ZcHGvQj,east coast hip hop,spotify,l1,1994
illegal,illegal,illegal,illegal,Illegal,62ZZU19LSSyMX7HQUGQgqc,,none,artist,1993
imagine dragons,imagine dragons,imagine dragons,imagine dragons,Imagine Dragons,53XhwfbYqKCa1cC15pYq2q,alternative rock;pop rock;indie pop;pop;alternative pop,musicbrainz,artist,2022
imagine dragons + khalid,imagine dragons + khalid,imagine dragons,imagine dragons,Imagine Dragons,53XhwfbYqKCa1cC15pYq2q,alternative rock;pop rock;indie pop;pop;alternative pop,musicbrainz,l2,2018
imagine dragons x jid,imagine dragons x jid,imagine dragons,imagine dragons,Imagine Dragons,53XhwfbYqKCa1cC15pYq2q,alternative rock;pop rock;indie pop;pop;alternative pop,musicbrainz,l2,2022
imajin featuring keith murray,imajin,imajin,imajin,Imajin,31t97EfxA1xPENa2MtraB2,,none,l1,1998
imani coppola,imani coppola,imani coppola,imani coppola,Imani Coppola,4stDtiogPv0MnO9rcS4uci,alternative hip-hop;alternative;hip-hop;pop,musicbrainz,artist,1998
immature,immature,immature,immature,Immature,4XDxFeclKBCFPb30yQlRUH,new jack swing;quiet storm,spotify,artist,1997
immature (featuring smooth),immature,immature,immature,Immature,4XDxFeclKBCFPb30yQlRUH,new jack swing;quiet storm,spotify,l1,1996
immature featuring smooth and ed from good burger,immature,immature,immature,Immature,4XDxFeclKBCFPb30yQlRUH,new jack swing;quiet storm,spotify,l1,1997
imogen heap,imogen heap,imogen heap,imogen heap,Imogen Heap,6Xb4ezwoAQC4516kI89nWz,alternative rock;electropop;electronic;pop;british,musicbrainz,artist,2025
impact,impact,impact,impact,Impact,23MSkX2SgqmEvlqpuJtYgH,christian;rap chrétien,spotify,artist,1976
incubus,incubus,incubus,incubus,Incubus,3YcBF2ttyueytpXtEzn1Za,nu metal;funk rock;alternative metal;alternative rock,spotify,artist,2007
indecent obsession,indecent obsession,indecent obsession,indecent obsession,Indecent Obsession,3ZM2MAAydv9t5hF3wOhqZd,pop rock;boy band;teen pop,musicbrainz,artist,1990
independents,independents,independents,independents,,,horror punk;usa,musicbrainz,,1972
india.arie,india.arie,india.arie,indiaarie,India.Arie,7Gf3LSwa5hh8Cjo60WhVjC,neo soul,spotify,artist,2007
indigo girls,indigo girls,indigo girls,indigo girls,Indigo Girls,4wM29TDTr3HI0qFY3KoSFG,folk rock;folk;singer/songwriter;contemporary folk;folk pop,musicbrainz,artist,1992
industry,industry,industry,industry,Industry,6fhoTWByEf92xEyjQFfgeZ,new wave,spotify,artist,1984
inez & charlie foxx,inez & charlie foxx,inez,inez,Inez & Charlie Foxx,6OlCESvM7vIkFZ6mv6iitB,northern soul,spotify,artist,1968
inez foxx,inez foxx,inez foxx,inez foxx,Inez Foxx,7yQyT3GaAXmzJMf6Vt1ZZj,northern soul,spotify,artist,1964
inez foxx with charlie foxx,inez foxx with charlie foxx,inez foxx,inez foxx,Inez Foxx,7yQyT3GaAXmzJMf6Vt1ZZj,northern soul,spotify,l2,1963
information society,information society,information society,information society,Information Society,6bJUzb3mLEYCkTAp7eNJgO,funk melody;synthpop;freestyle;new wave,spotify,artist,1991
ingrid andress,ingrid andress,ingrid andress,ingrid andress,Ingrid Andress,0jPnVIasXzBYjrlpO5irii,country,spotify,artist,2020
ingrid andress with sam hunt,ingrid andress with sam hunt,ingrid andress,ingrid andress,Ingrid Andress,0jPnVIasXzBYjrlpO5irii,country,spotify,l2,2022
ingrid michaelson,ingrid michaelson,ingrid michaelson,ingrid michaelson,Ingrid Michaelson,2vm8GdHyrJh2O2MfbQFYG0,indie pop,musicbrainz,artist,2014
ini kamoze,ini kamoze,ini kamoze,ini kamoze,iNi Kamoze,1VJspRsoC6c0bvqhnSiFCs,reggae;roots reggae,spotify,artist,1995
inner circle,inner circle,inner circle,inner circle,Inner Circle,5os0Ltvz8Q8BvXOPOd1frx,reggae;roots reggae,spotify,artist,1998
inner city,inner city,inner city,inner city,Inner City,0vUJ3QLN3MlRfjOc2LjGWp,acid house;chicago house,spotify,artist,1990
innerlude,innerlude,innerlude,innerlude,Innerlude,7iHs5rSoQAhA5uIZLjuF98,pinoy r&b,spotify,artist,1998
inoj,inoj,inoj,inoj,INOJ,5IUvXYeMtVmp8YJWf0eqvf,miami bass,spotify,artist,1998
inoj/lathun,inoj,inoj,inoj,INOJ,5IUvXYeMtVmp8YJWf0eqvf,miami bass,spotify,l1,1998
insane clown posse,insane clown posse,insane clown posse,insane clown posse,Insane Clown Posse,4xtWjIlVuZwTCeqVAsgEXy,horrorcore;rap rock,spotify,artist,1998
instant funk,instant funk,instant funk,instant funk,Instant Funk,7yipNHuykPsCzXH6Ok2Zyy,aln-sh;disco;boogie;funk;electro-funk,musicbrainz,artist,1979
internet money & gunna featuring don toliver & nav,internet money & gunna,internet money,internet money,Internet Money,6MPCFvOQv5cIGfw3jODMF0,trap;emo rap;hip hop,musicbrainz,l2,2021
internet money featuring juice wrld & trippie redd,internet money,internet money,internet money,Internet Money,6MPCFvOQv5cIGfw3jODMF0,trap;emo rap;hip hop,musicbrainz,l1,2020
internet money featuring youngboy never broke again,internet money,internet money,internet money,Internet Money,6MPCFvOQv5cIGfw3jODMF0,trap;emo rap;hip hop,musicbrainz,l1,2022
"internet money, don toliver & lil uzi vert featuring gunna","internet money, don toliver & lil uzi vert",internet money,internet money,Internet Money,6MPCFvOQv5cIGfw3jODMF0,trap;emo rap;hip hop,musicbrainz,l2,2021
"internet money, lil tecca & a boogie wit da hoodie","internet money, lil tecca & a boogie wit da hoodie",internet money,internet money,Internet Money,6MPCFvOQv5cIGfw3jODMF0,trap;emo rap;hip hop,musicbrainz,l2,2019
intonation featuring joee,intonation,intonation,intonation,Intonation Featuring Joee,3hPtBDbhHN7vKxcQhC6mvj,freestyle,spotify,artist,1995
intro,intro,intro,intro,Intro,03n0Ll5tJjUxajYOvc0TQm,new jack swing;quiet storm,spotify,artist,1995
irene cara,irene cara,irene cara,irene cara,Irene Cara,3oZa8Xs6IjlIUGLAhVyK4G,dance-pop;mezzo-soprano;pop;adult contemporary;disco,musicbrainz,artist,1984
irma thomas,irma thomas,irma thomas,irma thomas,Irma Thomas,01Z8Z9K54zewyP04ZfGLSv,classic soul,spotify,artist,1965
iron butterfly,iron butterfly,iron butterfly,iron butterfly,Iron Butterfly,3cdvlbCYf4WoBdy89RWkNS,acid rock;psychedelic rock,spotify,artist,1970
ironhorse,ironhorse,ironhorse,ironhorse,IronHorse,6iPNm6umDYoWD5C6HynAv9,,none,artist,1980
"irv gotti presents the inc. featuring ja rule, ashanti, charli baltimore & vita",irv gotti presents the inc.,irv gotti presents the inc.,irv gotti presents the inc,,,,none,,2002
isaac hayes,isaac hayes,isaac hayes,isaac hayes,Isaac Hayes,3IKV7o6WPphDB7cCWXaG3E,soul;classic soul;funk,spotify,artist,1980
isaac hayes & david porter,isaac hayes & david porter,isaac hayes,isaac hayes,Isaac Hayes,3IKV7o6WPphDB7cCWXaG3E,soul;classic soul;funk,spotify,l2,1972
isaiah rashad featuring lil uzi vert,isaiah rashad,isaiah rashad,isaiah rashad,Isaiah Rashad,6aaMZ3fcfLv4tEbmY7bjRM,hip hop,musicbrainz,l1,2021
isle of man,isle of man,isle of man,isle of man,Isle of Man,3Rw7jW9qFcfCgAlPyuZeTt,,none,artist,1986
"isley, jasper, isley","isley, jasper, isley",isley,isley,"Isley, Jasper, Isley",3QpJtjdcw4jiQpic9R4Mr0,quiet storm,spotify,artist,1986
"israel ""popper stopper"" tolbert","israel ""popper stopper"" tolbert","israel ""popper stopper"" tolbert",israel popper stopper tolbert,,,,none,,1970
isyss,isyss,isyss,isyss,Isyss,6Ai8wem3AnC3ccP6E5aw1q,,none,artist,2003
isyss featuring jadakiss,isyss,isyss,isyss,Isyss,6Ai8wem3AnC3ccP6E5aw1q,,none,l1,2002
ivan,ivan,ivan,ivan,Ivan,46pR6XQFnDyuprcvxrrHvq,italo disco;italo dance;hi-nrg,spotify,artist,1958
ivan cornejo,ivan cornejo,ivan cornejo,ivan cornejo,Ivan Cornejo,6PH3FLQAxtqYy46Zv08bpV,sad sierreño;corridos tumbados;música mexicana;corrido;sierreño,spotify,artist,2025
ivan neville,ivan neville,ivan neville,ivan neville,Ivan Neville,19cQyOJhKZzDng4EbLRuIO,,none,artist,1989
ivo robic,ivo robic,ivo robic,ivo robic,Ivo Robic,6ouLM9uXt774BmPfmTzgX8,schlager,spotify,artist,1960
ivo robic and the song-masters,ivo robic and the song-masters,ivo robic,ivo robic,Ivo Robic,6ouLM9uXt774BmPfmTzgX8,schlager,spotify,l2,1959
ivory,ivory,ivory,ivory,IVORY,4820AP0lvBGJjSK0PXgZgo,riddim;dubstep;deathstep;bass music,spotify,artist,1997
ivory joe hunter,ivory joe hunter,ivory joe hunter,ivory joe hunter,Ivory Joe Hunter,3DpdJvcq90sWYUx35Tcbea,doo-wop;jazz blues;northern soul,spotify,artist,1959
iyaz,iyaz,iyaz,iyaz,Iyaz,5tKXB9uuebKE34yowVaU3C,reggae;hiphop;rnb;reggae-pop;contemporary r&b,musicbrainz,artist,2010
iyaz featuring travie mccoy,iyaz,iyaz,iyaz,Iyaz,5tKXB9uuebKE34yowVaU3C,reggae;hiphop;rnb;reggae-pop;contemporary r&b,musicbrainz,l1,2011
j balvin,j balvin,j balvin,j balvin,J Balvin,1vyhD5VmyZ7KMfW5gqLgo5,reggaeton;latin,spotify,artist,2016
j balvin & bad bunny,j balvin & bad bunny,j balvin,j balvin,J Balvin,1vyhD5VmyZ7KMfW5gqLgo5,reggaeton;latin,spotify,l2,2019
j balvin & ed sheeran,j balvin & ed sheeran,j balvin,j balvin,J Balvin,1vyhD5VmyZ7KMfW5gqLgo5,reggaeton;latin,spotify,l2,2022
j balvin & skrillex,j balvin & skrillex,j balvin,j balvin,J Balvin,1vyhD5VmyZ7KMfW5gqLgo5,reggaeton;latin,spotify,l2,2021
j balvin & willy william featuring beyonce,j balvin & willy william,j balvin,j balvin,J Balvin,1vyhD5VmyZ7KMfW5gqLgo5,reggaeton;latin,spotify,l2,2018
"j balvin, dua lipa, bad bunny & tainy","j balvin, dua lipa, bad bunny & tainy",j balvin,j balvin,J Balvin,1vyhD5VmyZ7KMfW5gqLgo5,reggaeton;latin,spotify,l2,2020
j'son,j'son,j'son,json,Json,5eAZLsVlw4VKkwtQS9cfrX,christian hip hop,spotify,l3,1998
j-hope,j-hope,j-hope,jhope,j-hope,0b1sIQumIAsNbqAoIClSpy,k-pop;k-rap,spotify,artist,2025
j-hope & glorilla,j-hope & glorilla,j-hope,jhope,j-hope,0b1sIQumIAsNbqAoIClSpy,k-pop;k-rap,spotify,l2,2025
j-hope featuring becky g.,j-hope,j-hope,jhope,j-hope,0b1sIQumIAsNbqAoIClSpy,k-pop;k-rap,spotify,l1,2019
j-hope featuring miguel,j-hope,j-hope,jhope,j-hope,0b1sIQumIAsNbqAoIClSpy,k-pop;k-rap,spotify,l1,2025
j-hope with j. cole,j-hope with j. cole,j-hope,jhope,j-hope,0b1sIQumIAsNbqAoIClSpy,k-pop;k-rap,spotify,l2,2023
j-kwon,j-kwon,j-kwon,jkwon,J-Kwon,1Zz5UxfKSSqc6hpa3xJPCw,hip hop;pop rap,musicbrainz,artist,2004
j-kwon featuring sadiyyah,j-kwon,j-kwon,jkwon,J-Kwon,1Zz5UxfKSSqc6hpa3xJPCw,hip hop;pop rap,musicbrainz,l1,2004
j-shin featuring latocha scott,j-shin,j-shin,jshin,J-Shin,61whxt4O1XSL0DNux0eTtp,,none,l1,2000
j. blackfoot,j. blackfoot,j. blackfoot,j blackfoot,J. Blackfoot,6QiSpmkvVxkrB0Prr35zko,blues;footwork;zydeco;soul blues,spotify,artist,1984
j. cole,j. cole,j. cole,j cole,J. Cole,6l3HvQ5sa6mXTsMTB19rO5,rap,spotify,artist,2025
j. cole & bas,j. cole & bas,j. cole,j cole,J. Cole,6l3HvQ5sa6mXTsMTB19rO5,rap,spotify,l2,2021
j. cole & lil baby,j. cole & lil baby,j. cole,j cole,J. Cole,6l3HvQ5sa6mXTsMTB19rO5,rap,spotify,l2,2021
j. cole featuring amber coffman & the cults,j. cole,j. cole,j cole,J. Cole,6l3HvQ5sa6mXTsMTB19rO5,rap,spotify,l1,2014
"j. cole featuring ari lennox, young dro & gucci mane",j. cole,j. cole,j cole,J. Cole,6l3HvQ5sa6mXTsMTB19rO5,rap,spotify,l1,2024
j. cole featuring bas,j. cole,j. cole,j cole,J. Cole,6l3HvQ5sa6mXTsMTB19rO5,rap,spotify,l1,2024
j. cole featuring bas & central cee,j. cole,j. cole,j cole,J. Cole,6l3HvQ5sa6mXTsMTB19rO5,rap,spotify,l1,2024
j. cole featuring cam'ron,j. cole,j. cole,j cole,J. Cole,6l3HvQ5sa6mXTsMTB19rO5,rap,spotify,l1,2024
j. cole featuring daylyt & ab-soul,j. cole,j. cole,j cole,J. Cole,6l3HvQ5sa6mXTsMTB19rO5,rap,spotify,l1,2024
j. cole featuring miguel,j. cole,j. cole,j cole,J. Cole,6l3HvQ5sa6mXTsMTB19rO5,rap,spotify,l1,2013
j. cole featuring missy elliott,j. cole,j. cole,j cole,J. Cole,6l3HvQ5sa6mXTsMTB19rO5,rap,spotify,l1,2012
j. cole featuring tlc,j. cole,j. cole,j cole,J. Cole,6l3HvQ5sa6mXTsMTB19rO5,rap,spotify,l1,2013
j. cole featuring trey songz,j. cole,j. cole,j cole,J. Cole,6l3HvQ5sa6mXTsMTB19rO5,rap,spotify,l1,2012
j. cole featuring kill edward,j. cole,j. cole,j cole,J. Cole,6l3HvQ5sa6mXTsMTB19rO5,rap,spotify,l1,2018
"j. cole, 21 savage & morray","j. cole, 21 savage & morray",j. cole,j cole,J. Cole,6l3HvQ5sa6mXTsMTB19rO5,rap,spotify,l2,2021
"j. cole, bas & 6lack","j. cole, bas & 6lack",j. cole,j cole,J. Cole,6l3HvQ5sa6mXTsMTB19rO5,rap,spotify,l2,2021
j. dash,j. dash,j. dash,j dash,J. Dash,6bsEozzA1CHU0TIq2DXDxq,,none,artist,2013
j. frank wilson and the cavaliers,j. frank wilson and the cavaliers,j. frank wilson,j frank wilson,J. Frank Wilson,0A8m3vYUYaogw9boPbPbBi,doo-wop,spotify,l2,1974
j. holiday,j. holiday,j. holiday,j holiday,J. Holiday,7G6hXrjGpi6I7waNl4wxAk,r&b,spotify,artist,2008
j.d. drews,j.d. drews,j.d. drews,jd drews,,,,none,,1981
j.d. souther,j.d. souther,j.d. souther,jd souther,J.D. SOUTHER,5TUbcchkSaok2o4E5CJkUm,rock;singer-songwriter;country rock,musicbrainz,artist,1980
j.i the prince of n.y,j.i the prince of n.y,j.i the prince of n.y,ji the prince of ny,J.I the Prince of N.Y,2eqoJbzUGDwys5ENUkbT3h,trap;drill,musicbrainz,artist,2020
j.j. barnes,j.j. barnes,j.j. barnes,jj barnes,J.J. Barnes,2hIOIluaknpeTzdniBzj8A,northern soul;motown;soul,spotify,artist,1967
j.j. cale,j.j. cale,j.j. cale,jj cale,J.J. Cale,06nsZ3qSOYZ2hPVIMcr1IN,blues;blues rock;roots rock,spotify,artist,1977
j.j. fad,j.j. fad,j.j. fad,jj fad,J.J. Fad,2eynOGnZLqDuEJwbRHlHN1,miami bass;old school hip hop;funk melody,spotify,artist,1989
j.j. jackson,j.j. jackson,j.j. jackson,jj jackson,,,soul;r&b,musicbrainz,,1969
jackboys & sheck wes,jackboys & sheck wes,jackboys,jackboys,JACKBOYS,7A8S43ryYdbWpJKeHRZRcq,,none,l2,2020
jackboys featuring don toliver,jackboys,jackboys,jackboys,JACKBOYS,7A8S43ryYdbWpJKeHRZRcq,,none,l1,2020
jackboys featuring young thug,jackboys,jackboys,jackboys,JACKBOYS,7A8S43ryYdbWpJKeHRZRcq,,none,l1,2020
"jackboys, pop smoke & travis scott","jackboys, pop smoke & travis scott",jackboys,jackboys,JACKBOYS,7A8S43ryYdbWpJKeHRZRcq,,none,l2,2020
jc chasez,jc chasez,jc chasez,jc chasez,JC Chasez,3uYMHKWtW2ld1e5ujh3omN,pop;electropop,musicbrainz,artist,2003
jc chasez featuring dirt mcgirt,jc chasez,jc chasez,jc chasez,JC Chasez,3uYMHKWtW2ld1e5ujh3omN,pop;electropop,musicbrainz,l1,2004
jd featuring da brat,jd,jd,jd,JD,3mxhZI3DNAijJ1oPAJzJEm,,none,l1,1998
jd featuring jay-z,jd,jd,jd,JD,3mxhZI3DNAijJ1oPAJzJEm,,none,l1,1998
jennie,jennie,jennie,jennie,JENNIE,250b0Wlc5Vk0CoUsaCY84M,k-pop,spotify,artist,2025
jennie & doechii,jennie & doechii,jennie,jennie,JENNIE,250b0Wlc5Vk0CoUsaCY84M,k-pop,spotify,l2,2025
jennie & dominic fike,jennie & dominic fike,jennie,jennie,JENNIE,250b0Wlc5Vk0CoUsaCY84M,k-pop,spotify,l2,2025
jennie & dua lipa,jennie & dua lipa,jennie,jennie,JENNIE,250b0Wlc5Vk0CoUsaCY84M,k-pop,spotify,l2,2025
"jeongyeon, jihyo & chaeyoung of twice","jeongyeon, jihyo & chaeyoung of twice",jeongyeon,jeongyeon,JEONGYEON,7rIklq880EhBfCh2x7BVwX,k-pop,musicbrainz,l2,2025
jid & j. cole featuring kenny mason & sheck wes,jid & j. cole,jid,jid,JID,6U3ybJ9UHNKEdsH7ktGBZ7,hip hop;southern hip hop;rapper;trap,musicbrainz,l2,2022
jid featuring 21 savage & baby tate,jid,jid,jid,JID,6U3ybJ9UHNKEdsH7ktGBZ7,hip hop;southern hip hop;rapper;trap,musicbrainz,l1,2024
jin,jin,jin,jin,Jin,7to1UlTpu40h7CpjRPkGqA,vocaloid,spotify,artist,2024
jnr choi & sam tompkins,jnr choi & sam tompkins,jnr choi,jnr choi,JNR CHOI,1Z25ZlGHqqlr3o1UGQOfNn,hip hop,musicbrainz,l2,2022
jp saxe featuring julia michaels,jp saxe,jp saxe,jp saxe,JP Saxe,66W9LaWS0DPdL7Sz8iYGYe,,none,l1,2020
jt,jt,jt,jt,JT,39af15p0feaAOdL9DTRj3m,electronic,musicbrainz,artist,2024
jt money featuring sole,jt money,jt money,jt money,JT Money,1pJhCUTEZhR4nYeemYlkVz,miami bass;southern hip hop,spotify,l1,1999
jvke,jvke,jvke,jvke,JVKE,164Uj4eKjl6zTBKfJLFKKK,pop;indie pop;alternative pop,musicbrainz,artist,2023
ja rule,ja rule,ja rule,ja rule,Ja Rule,1J2VVASYAamtQ3Bt8wGgA6,east coast hip hop,spotify,artist,2003
ja rule featuring ashanti,ja rule,ja rule,ja rule,Ja Rule,1J2VVASYAamtQ3Bt8wGgA6,east coast hip hop,spotify,l1,2003
ja rule featuring bobby brown,ja rule,ja rule,ja rule,Ja Rule,1J2VVASYAamtQ3Bt8wGgA6,east coast hip hop,spotify,l1,2003
ja rule featuring case,ja rule,ja rule,ja rule,Ja Rule,1J2VVASYAamtQ3Bt8wGgA6,east coast hip hop,spotify,l1,2002
"ja rule featuring charli ""chuck"" baltimore",ja rule,ja rule,ja rule,Ja Rule,1J2VVASYAamtQ3Bt8wGgA6,east coast hip hop,spotify,l1,2002
ja rule featuring christina milian,ja rule,ja rule,ja rule,Ja Rule,1J2VVASYAamtQ3Bt8wGgA6,east coast hip hop,spotify,l1,2001
ja rule featuring fat joe & jadakiss,ja rule,ja rule,ja rule,Ja Rule,1J2VVASYAamtQ3Bt8wGgA6,east coast hip hop,spotify,l1,2005
ja rule featuring lil' mo,ja rule,ja rule,ja rule,Ja Rule,1J2VVASYAamtQ3Bt8wGgA6,east coast hip hop,spotify,l1,2001
ja rule featuring lil' mo & vita,ja rule,ja rule,ja rule,Ja Rule,1J2VVASYAamtQ3Bt8wGgA6,east coast hip hop,spotify,l1,2001
ja rule featuring r. kelly & ashanti,ja rule,ja rule,ja rule,Ja Rule,1J2VVASYAamtQ3Bt8wGgA6,east coast hip hop,spotify,l1,2005
ja-kki,ja-kki,ja-kki,jakki,Jakki,0NtG9TOYmNkM8M5xllJbZ9,,none,l3,1976
jack & jack,jack & jack,jack,jack,Jack & Jack,1INuLZXjjVbcJRyWvD1iSq,pop-rap,musicbrainz,artist,2014
jack black,jack black,jack black,jack black,Jack Black,5bIGlLj60IowIsC7IpsONB,rock and indie,musicbrainz,artist,2025
jack blanchard & misty morgan,jack blanchard & misty morgan,jack blanchard,jack blanchard,Jack Blanchard & Misty Morgan,5euFVjMHgVfUUaaFD2zYl1,traditional country,spotify,artist,1970
jack eubanks,jack eubanks,jack eubanks,jack eubanks,Jack Eubanks,2HL1qwVVGW2L8oVIH9CysO,honky tonk,spotify,artist,1962
jack greene,jack greene,jack greene,jack greene,Jack Greene,2ACyExPfCCVOaqS1p2tHih,2008 universal fire victim,musicbrainz,artist,1967
jack harlow,jack harlow,jack harlow,jack harlow,Jack Harlow,2LIk90788K0zvyj2JJVwkJ,hip hop;english;rap;pop rap,musicbrainz,artist,2024
jack harlow & doja cat,jack harlow & doja cat,jack harlow,jack harlow,Jack Harlow,2LIk90788K0zvyj2JJVwkJ,hip hop;english;rap;pop rap,musicbrainz,l2,2025
jack harlow & pooh shiesty,jack harlow & pooh shiesty,jack harlow,jack harlow,Jack Harlow,2LIk90788K0zvyj2JJVwkJ,hip hop;english;rap;pop rap,musicbrainz,l2,2021
jack harlow featuring big sean,jack harlow,jack harlow,jack harlow,Jack Harlow,2LIk90788K0zvyj2JJVwkJ,hip hop;english;rap;pop rap,musicbrainz,l1,2021
"jack harlow featuring dababy, tory lanez & lil wayne",jack harlow,jack harlow,jack harlow,Jack Harlow,2LIk90788K0zvyj2JJVwkJ,hip hop;english;rap;pop rap,musicbrainz,l1,2021
jack harlow featuring drake,jack harlow,jack harlow,jack harlow,Jack Harlow,2LIk90788K0zvyj2JJVwkJ,hip hop;english;rap;pop rap,musicbrainz,l1,2022
jack harlow featuring lil wayne,jack harlow,jack harlow,jack harlow,Jack Harlow,2LIk90788K0zvyj2JJVwkJ,hip hop;english;rap;pop rap,musicbrainz,l1,2022
jack ingram,jack ingram,jack ingram,jack ingram,Jack Ingram,7HNEfHmDlFofG6YnMt8G7N,texas country;red dirt,spotify,artist,2009
jack johnson,jack johnson,jack johnson,jack johnson,Jack Johnson,3GBPw9NK25X1Wt2OUvOwY3,surf rock,spotify,artist,2013
jack jones,jack jones,jack jones,jack jones,Jack Jones,6eVCRmRG2HcfL4yx77A9WK,adult standards;easy listening,spotify,artist,1968
jack laforge his piano and orchestra,jack laforge his piano and orchestra,jack laforge his piano,jack laforge his piano,,,,none,,1965
jack nitzsche,jack nitzsche,jack nitzsche,jack nitzsche,Jack Nitzsche,2GVyv9OLNp6cmxfUDbGrXM,surf rock,spotify,artist,1963
jack ross,jack ross,jack ross,jack ross,Jack Ross,4csPwZAIk1sDa2GdXyhQPf,,none,artist,1962
jack scott,jack scott,jack scott,jack scott,Jack Scott,7JgXhRBdZzkCye8B8xoYn2,,none,artist,1961
jack wagner,jack wagner,jack wagner,jack wagner,Jack Wagner,57EljyVzzkhN9Dornk7gZx,pop;aor;yacht rock,musicbrainz,artist,1987
jack white & alicia keys,jack white & alicia keys,jack white,jack white,Jack White,4FZ3j1oH43e7cukCALsCwf,blues rock,spotify,l2,2008
jack wild,jack wild,jack wild,jack wild,Jack Wild,7sUPh40BAw82wk5XJsu8qJ,,none,artist,1970
jackie deshannon,jackie deshannon,jackie deshannon,jackie deshannon,Jackie DeShannon,0iVed2Qu7dmL0pIYCj1Xw8,singer-songwriter;easy listening;pop;soul;classic pop and rock,musicbrainz,artist,1977
jackie english,jackie english,jackie english,jackie english,,,,none,,1981
jackie lee,jackie lee,jackie lee,jackie lee,Jackie Lee,0jjBUNxsZr6bLAl6AD0Bpt,américain;compositeur;american;usa;composer,musicbrainz,artist,1966
jackie moore,jackie moore,jackie moore,jackie moore,Jackie Moore,1EialtL6J5R7O0exgdgQ1w,northern soul;classic soul;philly soul;disco;post-disco,spotify,artist,1973
jackie ross,jackie ross,jackie ross,jackie ross,Jackie Ross,1c9ivsDITvYJmYqbtF02FT,northern soul;motown,spotify,artist,1965
jackie wilson,jackie wilson,jackie wilson,jackie wilson,Jackie Wilson,4VnomLtKTm9Ahe1tZfmZju,motown;northern soul;classic soul;soul;doo-wop,spotify,artist,1972
jackie wilson & count basie,jackie wilson & count basie,jackie wilson,jackie wilson,Jackie Wilson,4VnomLtKTm9Ahe1tZfmZju,motown;northern soul;classic soul;soul;doo-wop,spotify,l2,1968
jackie wilson & linda hopkins,jackie wilson & linda hopkins,jackie wilson,jackie wilson,Jackie Wilson,4VnomLtKTm9Ahe1tZfmZju,motown;northern soul;classic soul;soul;doo-wop,spotify,l2,1963
jackie wilson and lavern baker,jackie wilson and lavern baker,jackie wilson,jackie wilson,Jackie Wilson,4VnomLtKTm9Ahe1tZfmZju,motown;northern soul;classic soul;soul;doo-wop,spotify,l2,1966
jackson 5,jackson 5,jackson 5,jackson 5,Jackson 5,3xgwhV3mD8oKszusjYJzbK,,none,artist,2024
jackson browne,jackson browne,jackson browne,jackson browne,Jackson Browne,5lkiCO9UQ8B23dZ1o0UV4m,yacht rock;soft rock;folk rock;singer-songwriter,spotify,artist,1986
jackson dean,jackson dean,jackson dean,jackson dean,Jackson Dean,0VkWDV0Bfd0EkXvaKAXUTl,country;country rock,spotify,artist,2022
jacky noguez and his musette orchestra,jacky noguez and his musette orchestra,jacky noguez,jacky noguez,Jacky Noguez,62pPCEoBirYTPoLx68Z3z6,,none,l2,1959
jacky noguez and his orchestra,jacky noguez and his orchestra,jacky noguez,jacky noguez,Jacky Noguez,62pPCEoBirYTPoLx68Z3z6,,none,l2,1960
jacob sartorius,jacob sartorius,jacob sartorius,jacob sartorius,Jacob Sartorius,6czdbISBoxGckbBX8F4m8L,pop;synthpop;teen pop,musicbrainz,artist,2016
jacquees,jacquees,jacquees,jacquees,Jacquees,4tMm1dU6Gn04VAZ9ClHcIZ,r&b;trap soul,spotify,artist,2019
jacquees x dej loaf,jacquees x dej loaf,jacquees,jacquees,Jacquees,4tMm1dU6Gn04VAZ9ClHcIZ,r&b;trap soul,spotify,l2,2018
jacquie lee,jacquie lee,jacquie lee,jacquie lee,,,,none,,2013
jadakiss featuring anthony hamilton,jadakiss,jadakiss,jadakiss,Jadakiss,5pnbUBPifNnlusY8kTBivi,east coast hip hop,spotify,l1,2004
jadakiss featuring mariah carey,jadakiss,jadakiss,jadakiss,Jadakiss,5pnbUBPifNnlusY8kTBivi,east coast hip hop,spotify,l1,2005
jadakiss featuring nate dogg,jadakiss,jadakiss,jadakiss,Jadakiss,5pnbUBPifNnlusY8kTBivi,east coast hip hop,spotify,l1,2004
jade,jade,jade,jade,Jade,7ypgj95aGInvJMJbMv78wB,new jack swing,spotify,artist,1995
jade anderson,jade anderson,jade anderson,jade anderson,Jade Anderson,798hzIQEARYmYi7wf6TtMJ,,none,artist,2002
jagged edge,jagged edge,jagged edge,jagged edge,Jagged Edge,7Aq8lpLMSt1Zxu56pe9bmp,r&b,spotify,artist,2006
jagged edge featuring da brat & jd,jagged edge,jagged edge,jagged edge,Jagged Edge,7Aq8lpLMSt1Zxu56pe9bmp,r&b,spotify,l1,1997
jagged edge with nelly,jagged edge with nelly,jagged edge,jagged edge,Jagged Edge,7Aq8lpLMSt1Zxu56pe9bmp,r&b,spotify,l2,2001
jaheim,jaheim,jaheim,jaheim,Jaheim,4sbB4Yy6Qig51pKCIKSLw3,r&b;neo soul;quiet storm,spotify,artist,2010
jaheim featuring next,jaheim,jaheim,jaheim,Jaheim,4sbB4Yy6Qig51pKCIKSLw3,r&b;neo soul;quiet storm,spotify,l1,2002
jaheim featuring tha rayne,jaheim,jaheim,jaheim,Jaheim,4sbB4Yy6Qig51pKCIKSLw3,r&b;neo soul;quiet storm,spotify,l1,2003
jake holmes,jake holmes,jake holmes,jake holmes,Jake Holmes,3LuF7P74RidHXKY2b1BkAs,baroque pop;acid rock,spotify,artist,1970
jake owen,jake owen,jake owen,jake owen,Jake Owen,1n2pb9Tsfe4SwAjmUac6YT,country;acoustic country,spotify,artist,2022
jake paul & erika costell featuring uncle kade,jake paul & erika costell,jake paul,jake paul,Jake Paul,41hhOkoRcm7m4fE0g7t1sa,,none,l2,2017
jake paul featuring team 10,jake paul,jake paul,jake paul,Jake Paul,41hhOkoRcm7m4fE0g7t1sa,,none,l1,2017
jake worthington,jake worthington,jake worthington,jake worthington,Jake Worthington,40v31oiMOaz7dorFhevJRp,traditional country;texas country;red dirt;honky tonk;country,spotify,artist,2014
james,james,james,james,James,0qLNsNKm8bQcMoRFkR8Hmh,britpop;madchester,spotify,artist,1994
james & bobby purify,james & bobby purify,james,james,James,0qLNsNKm8bQcMoRFkR8Hmh,britpop;madchester,spotify,l2,1968
james arthur,james arthur,james arthur,james arthur,James Arthur,4IWBUUAFIplrNtaOHcJPRM,soft pop,spotify,artist,2017
james bay,james bay,james bay,james bay,James Bay,4EzkuveR9pLvDVFNx6foYD,pop;soul;alternative rock;indie pop,musicbrainz,artist,2016
james blunt,james blunt,james blunt,james blunt,James Blunt,7KMqksf0UMdyA0UCf4R3ux,pop rock;pop;soft rock;rock;singer-songwriter,musicbrainz,artist,2011
james booker,james booker,james booker,james booker,James Booker,0gxNgUdRvhVgeq4L3gFamF,boogie-woogie;cajun;jazz blues;ragtime;blues,spotify,artist,1961
james brown,james brown,james brown,james brown,James Brown,7GaxyUddsPok8BuhxN6OUW,funk;soul;motown;classic soul,spotify,artist,1986
james brown and his orchestra,james brown and his orchestra,james brown,james brown,James Brown,7GaxyUddsPok8BuhxN6OUW,funk;soul;motown;classic soul,spotify,l2,1964
james brown and the famous flames,james brown and the famous flames,james brown,james brown,James Brown,7GaxyUddsPok8BuhxN6OUW,funk;soul;motown;classic soul,spotify,l2,1968
james brown at the organ,james brown at the organ,james brown at the organ,james brown at the organ,,,,none,,1966
james brown-lyn collins,james brown-lyn collins,james brown-lyn collins,james brownlyn collins,,,,none,,1973
james carr,james carr,james carr,james carr,James Carr,4WvlST7M86wJ5g4Sl9gL6n,soul,musicbrainz,artist,1968
james darren,james darren,james darren,james darren,James Darren,2HGarUbK0vcZoTUtLQZMD6,pop,musicbrainz,artist,1977
james gang,james gang,james gang,james gang,James Gang,5hfOHpGMsi8O3DA0ROLGqF,classic rock;southern rock,spotify,artist,1971
james gilreath,james gilreath,james gilreath,james gilreath,James Gilreath,4bIyrIaZF9xTRNmaTTndPu,,none,artist,1963
james ingram,james ingram,james ingram,james ingram,James Ingram,5bTTx0CRvZj1kRJwUsWWYo,yacht rock,spotify,artist,1991
james ingram and patti austin,james ingram and patti austin,james ingram,james ingram,James Ingram,5bTTx0CRvZj1kRJwUsWWYo,yacht rock,spotify,l2,1983
james ingram with michael mcdonald,james ingram with michael mcdonald,james ingram,james ingram,James Ingram,5bTTx0CRvZj1kRJwUsWWYo,yacht rock,spotify,l2,1984
james last,james last,james last,james last,James Last,5UyJW2eCOuXtyYftgbMxZG,orchestral;easy listening;polka;big band,spotify,artist,1972
james last band,james last band,james last band,james last band,,,,none,,1980
james macarthur,james macarthur,james macarthur,james macarthur,James MacArthur,4JoRCqENSX6lCeZsYRrCqk,doo-wop,spotify,artist,1963
james newton howard featuring jennifer lawrence,james newton howard,james newton howard,james newton howard,James Newton Howard,2M4eNCvV3CJUswavkhAQg2,soundtrack,spotify,l1,2015
james otto,james otto,james otto,james otto,James Otto,3VStI6m5Ig9FAyUaa0lYAP,country;acoustic country,spotify,artist,2008
james phelps,james phelps,james phelps,james phelps,James Phelps,3MJ1dGVIWaBiSTZmbMY6ao,northern soul,spotify,artist,1965
james ray,james ray,james ray,james ray,James Ray,1dj1TTdY9JewciDqplmUPA,,none,artist,1962
james taylor,james taylor,james taylor,james taylor,James Taylor,0vn7UBvSQECKJm2817Yf1P,folk rock;singer-songwriter;soft rock,spotify,artist,1988
james taylor & j.d. souther,james taylor & j.d. souther,james taylor,james taylor,James Taylor,0vn7UBvSQECKJm2817Yf1P,folk rock;singer-songwriter;soft rock,spotify,l2,1981
james walsh gypsy band,james walsh gypsy band,james walsh gypsy band,james walsh gypsy band,James Walsh Gypsy Band,1wVIVUOGgJpAgSdQsHmuZ7,northern soul;aor,spotify,artist,1978
james wolpert,james wolpert,james wolpert,james wolpert,James Wolpert,3c95qPRLU7Jpu9rC3rc5A0,,none,artist,2013
jameson rodgers,jameson rodgers,jameson rodgers,jameson rodgers,Jameson Rodgers,5pyVHz7lcfqKoV9BflFYwN,country,spotify,artist,2021
jameson rodgers featuring luke combs,jameson rodgers,jameson rodgers,jameson rodgers,Jameson Rodgers,5pyVHz7lcfqKoV9BflFYwN,country,spotify,l1,2021
jamestown massacre,jamestown massacre,jamestown massacre,jamestown massacre,Jamestown Massacre,3zdU7KUAvK2LgHn5SWv1Zg,,none,artist,1972
jamey johnson,jamey johnson,jamey johnson,jamey johnson,Jamey Johnson,5yhxqYI0JBwUKfXpSEjiM8,outlaw country;country;red dirt;classic country,spotify,artist,2009
jamie foxx,jamie foxx,jamie foxx,jamie foxx,Jamie Foxx,7LnaAXbDVIL75IVPnndf7w,soul;hip hop rnb and dance hall,musicbrainz,artist,1994
jamie foxx featuring chris brown,jamie foxx,jamie foxx,jamie foxx,Jamie Foxx,7LnaAXbDVIL75IVPnndf7w,soul;hip hop rnb and dance hall,musicbrainz,l1,2015
jamie foxx featuring drake,jamie foxx,jamie foxx,jamie foxx,Jamie Foxx,7LnaAXbDVIL75IVPnndf7w,soul;hip hop rnb and dance hall,musicbrainz,l1,2011
"jamie foxx featuring drake, kanye west + the-dream",jamie foxx,jamie foxx,jamie foxx,Jamie Foxx,7LnaAXbDVIL75IVPnndf7w,soul;hip hop rnb and dance hall,musicbrainz,l1,2009
jamie foxx featuring justin timberlake & t .i.,jamie foxx,jamie foxx,jamie foxx,Jamie Foxx,7LnaAXbDVIL75IVPnndf7w,soul;hip hop rnb and dance hall,musicbrainz,l1,2010
jamie foxx featuring ludacris,jamie foxx,jamie foxx,jamie foxx,Jamie Foxx,7LnaAXbDVIL75IVPnndf7w,soul;hip hop rnb and dance hall,musicbrainz,l1,2006
jamie foxx featuring t-pain,jamie foxx,jamie foxx,jamie foxx,Jamie Foxx,7LnaAXbDVIL75IVPnndf7w,soul;hip hop rnb and dance hall,musicbrainz,l1,2009
jamie foxx featuring t.i.,jamie foxx,jamie foxx,jamie foxx,Jamie Foxx,7LnaAXbDVIL75IVPnndf7w,soul;hip hop rnb and dance hall,musicbrainz,l1,2009
jamie foxx featuring twista,jamie foxx,jamie foxx,jamie foxx,Jamie Foxx,7LnaAXbDVIL75IVPnndf7w,soul;hip hop rnb and dance hall,musicbrainz,l1,2006
jamie horton,jamie horton,jamie horton,jamie horton,Jamie Horton,0B8UKOOQgB92TnFjJBZSrB,rockabilly;doo-wop,spotify,artist,1960
jamie n commons & x ambassadors,jamie n commons & x ambassadors,jamie n commons,jamie n commons,Jamie N Commons,2FsZnS8gQ8jG1HGnPYNlm9,southern gothic,spotify,l2,2014
jamie o'neal,jamie o'neal,jamie o'neal,jamie oneal,,,country pop;country;folk,musicbrainz,,2005
jamie walters,jamie walters,jamie walters,jamie walters,Jamie Walters,4JRaryUoRSFiZt04ReUD8N,soft rock,spotify,artist,1995
jamiroquai,jamiroquai,jamiroquai,jamiroquai,Jamiroquai,6J7biCazzYhU3gM9j1wfid,acid jazz;funk,spotify,artist,1997
jamo thomas & his party brothers orchestra,jamo thomas & his party brothers orchestra,jamo thomas,jamo thomas,Jamo Thomas,3DB24IbDojOBYtsPsfuGrz,northern soul,spotify,l2,1966
jamul,jamul,jamul,jamul,Jamul,0C7Jc4S1QC6wIy1y0BzW3O,arabic hip hop,spotify,artist,1970
jan & arnie,jan & arnie,jan,jan,Jan & Arnie,3jGt6JSBLThjWeEiaLTjFg,doo-wop;rockabilly,spotify,artist,1958
jan & dean,jan & dean,jan,jan,Jan & Dean,0pqGj6vO9YHsXuZmaJaP2Y,surf rock;doo-wop,spotify,artist,1966
jan and kjeld,jan and kjeld,jan,jan,,,,none,,1960
jan bradley,jan bradley,jan bradley,jan bradley,Jan Bradley,4tPAbp9qF8nR9becfJGQCZ,northern soul;doo-wop,spotify,artist,1965
jan hammer,jan hammer,jan hammer,jan hammer,Jan Hammer,50zRydJXfkLzGIOj9mITfy,jazz fusion,spotify,artist,1986
jana kramer,jana kramer,jana kramer,jana kramer,Jana Kramer,2PaRhxWFaqCUZybJDDoNrf,country,spotify,artist,2016
jane birkin serge gainsbourg,jane birkin serge gainsbourg,jane birkin serge gainsbourg,jane birkin serge gainsbourg,,,,none,,1970
jane child,jane child,jane child,jane child,Jane Child,5JBif5ahOKFFVuEpHhrp8Y,new jack swing,spotify,artist,1990
jane morgan,jane morgan,jane morgan,jane morgan,Jane Morgan,6weaBZaOOwhDomV1SYeHYZ,ballad;traditional pop;2008 universal fire victim,musicbrainz,artist,1960
jane olivor,jane olivor,jane olivor,jane olivor,Jane Olivor,5H3RMltca1InjgdaPAQvOt,,none,artist,1978
jane wiedlin,jane wiedlin,jane wiedlin,jane wiedlin,Jane Wiedlin,3IXBujNySf3RBaGjDI8dqm,new wave,spotify,artist,1988
jane's addiction,jane's addiction,jane's addiction,janes addiction,,,alternative rock;alternative metal;hard rock;funk metal;rock,musicbrainz,,2003
janelle monae,janelle monae,janelle monae,janelle monae,,,funk;soul;pop;pop rap;queer,musicbrainz,,2018
janelle monae & jidenna,janelle monae & jidenna,janelle monae,janelle monae,,,,none,,2015
janet,janet,janet,janet,Janet,0LwySibLlyu9JUdUFN1ZoS,pop;dance;contemporary r&b;soul;female vocals,musicbrainz,artist,2008
janet & daddy yankee,janet & daddy yankee,janet,janet,Janet,0LwySibLlyu9JUdUFN1ZoS,pop;dance;contemporary r&b;soul;female vocals,musicbrainz,l2,2018
janet & nelly,janet & nelly,janet,janet,Janet,0LwySibLlyu9JUdUFN1ZoS,pop;dance;contemporary r&b;soul;female vocals,musicbrainz,l2,2006
janet featuring blackstreet,janet,janet,janet,Janet,0LwySibLlyu9JUdUFN1ZoS,pop;dance;contemporary r&b;soul;female vocals,musicbrainz,l1,1998
janet featuring j. cole,janet,janet,janet,Janet,0LwySibLlyu9JUdUFN1ZoS,pop;dance;contemporary r&b;soul;female vocals,musicbrainz,l1,2015
janet featuring khia,janet,janet,janet,Janet,0LwySibLlyu9JUdUFN1ZoS,pop;dance;contemporary r&b;soul;female vocals,musicbrainz,l1,2006
"janet featuring missy elliott, p. diddy & carly simon",janet,janet,janet,Janet,0LwySibLlyu9JUdUFN1ZoS,pop;dance;contemporary r&b;soul;female vocals,musicbrainz,l1,2002
janet jackson,janet jackson,janet jackson,janet jackson,Janet Jackson,4qwGe91Bz9K2T8jXTZ815W,new jack swing,spotify,artist,2004
janey street,janey street,janey street,janey street,Janey Street,3iZVP8849jkeOWeseQZ4i5,,none,artist,1984
janice harper,janice harper,janice harper,janice harper,Janice Harper,5Ed5WcI7vIDnjz8DD5cdyO,rockabilly,spotify,artist,1960
janie grant,janie grant,janie grant,janie grant,Janie Grant,2TR2qR8NS657uMn5L89DFR,northern soul;doo-wop,spotify,artist,1962
janis ian,janis ian,janis ian,janis ian,Janis Ian,5c9uFWpZY2MTlk7Rft0tgp,singer-songwriter;folk,spotify,artist,1981
janis joplin,janis joplin,janis joplin,janis joplin,Janis Joplin,4NgfOZCL9Ml67xzM0xzIvC,classic rock;acid rock;psychedelic rock,spotify,artist,1972
jann arden,jann arden,jann arden,jann arden,Jann Arden,1aftUCES5zD5xXI7O9ZF9F,pop;pop rock,musicbrainz,artist,1996
jaron and the long road to love,jaron and the long road to love,jaron,jaron,Jaron And The Long Road To Love,1gnxlAhv4TnE1Kbvcbv8QI,,none,artist,2010
jarreau,jarreau,jarreau,jarreau,Jarreau,3rdSICqeHVi0HEv4nncFDk,vocal jazz;2000s;1970s;1980s;soft rock,musicbrainz,artist,1983
jars of clay,jars of clay,jars of clay,jars of clay,Jars Of Clay,1lMaDSraU3oiNUsVWJLHdF,ccm;christian rock;christian alternative rock;christian;christian pop,spotify,artist,1996
jasmine guy,jasmine guy,jasmine guy,jasmine guy,Jasmine Guy,3AGd9ZRjmrt0MdtByKeIaW,new jack swing,spotify,artist,1991
jason aldean,jason aldean,jason aldean,jason aldean,Jason Aldean,3FfvYsEGaIb52QPXhg4DcH,country;acoustic country,spotify,artist,2025
jason aldean & carrie underwood,jason aldean & carrie underwood,jason aldean,jason aldean,Jason Aldean,3FfvYsEGaIb52QPXhg4DcH,country;acoustic country,spotify,l2,2022
jason aldean featuring miranda lambert,jason aldean,jason aldean,jason aldean,Jason Aldean,3FfvYsEGaIb52QPXhg4DcH,country;acoustic country,spotify,l1,2018
jason aldean with kelly clarkson,jason aldean with kelly clarkson,jason aldean,jason aldean,Jason Aldean,3FfvYsEGaIb52QPXhg4DcH,country;acoustic country,spotify,l2,2011
jason aldean with luke bryan & eric church,jason aldean with luke bryan & eric church,jason aldean,jason aldean,Jason Aldean,3FfvYsEGaIb52QPXhg4DcH,country;acoustic country,spotify,l2,2013
jason derulo,jason derulo,jason derulo,jason derulo,Jason Derulo,07YZf4WDAMNwqr4jfgOZ8y,pop;r&b;2010s;dance-pop;dance,musicbrainz,artist,2021
jason derulo featuring 2 chainz,jason derulo,jason derulo,jason derulo,Jason Derulo,07YZf4WDAMNwqr4jfgOZ8y,pop;r&b;2010s;dance-pop;dance,musicbrainz,l1,2014
jason derulo featuring adam levine,jason derulo,jason derulo,jason derulo,Jason Derulo,07YZf4WDAMNwqr4jfgOZ8y,pop;r&b;2010s;dance-pop;dance,musicbrainz,l1,2021
jason derulo featuring nicki minaj & ty dolla $ign,jason derulo,jason derulo,jason derulo,Jason Derulo,07YZf4WDAMNwqr4jfgOZ8y,pop;r&b;2010s;dance-pop;dance,musicbrainz,l1,2017
jason derulo featuring snoop dogg,jason derulo,jason derulo,jason derulo,Jason Derulo,07YZf4WDAMNwqr4jfgOZ8y,pop;r&b;2010s;dance-pop;dance,musicbrainz,l1,2014
jason michael carroll,jason michael carroll,jason michael carroll,jason michael carroll,Jason Michael Carroll,6vgqbvuLEUcrg7SB1kRTYE,country;acoustic country,spotify,artist,2010
jason mraz,jason mraz,jason mraz,jason mraz,Jason Mraz,4phGZZrJZRo4ElhRtViYdl,soft pop;acoustic pop,spotify,artist,2018
jason mraz & colbie caillat,jason mraz & colbie caillat,jason mraz,jason mraz,Jason Mraz,4phGZZrJZRo4ElhRtViYdl,soft pop;acoustic pop,spotify,l2,2009
javier,javier,javier,javier,Javier,4iwS6LJddmu3Rldz4aGpCi,neo soul;quiet storm,spotify,artist,2003
javier colon,javier colon,javier colon,javier colon,Javier Colon,3flTDj1VSZCktpBGZlNutt,soul,musicbrainz,artist,2011
jawsh 685 x jason derulo,jawsh 685 x jason derulo,jawsh 685,jawsh 685,Jawsh 685,56mfhUDKa1vec6rSLZV5Eg,pop;english,musicbrainz,l2,2021
jax,jax,jax,jax,Jax,7DQYAz99eM3Y5PkP9WtUew,house;edm,musicbrainz,artist,2023
jay & the americans,jay & the americans,jay,jay,Jay & The Americans,0DAqhikcMKLo2lPADVz2fs,doo-wop,spotify,artist,1970
jay and the techniques,jay and the techniques,jay,jay,,,,none,,1968
jay black,jay black,jay black,jay black,Jay Black,2eRexaEYzDIxZh6S8HhJLy,,none,artist,1980
jay ferguson,jay ferguson,jay ferguson,jay ferguson,Jay Ferguson,3aahGWIXwvG1fxduXjimtl,yacht rock,spotify,artist,1979
"jay rock, kendrick lamar, future & james blake","jay rock, kendrick lamar, future & james blake",jay rock,jay rock,Jay Rock,28ExwzUQsvgJooOI0X1mr3,hip hop,musicbrainz,l2,2018
jay sean featuring lil wayne,jay sean,jay sean,jay sean,Jay Sean,4pADjHPWyrlAF0FA7joK2H,contemporary r&b;pop;electropop;dance-pop;hip hop,musicbrainz,l1,2011
jay sean featuring nicki minaj,jay sean,jay sean,jay sean,Jay Sean,4pADjHPWyrlAF0FA7joK2H,contemporary r&b;pop;electropop;dance-pop;hip hop,musicbrainz,l1,2010
jay sean featuring pitbull,jay sean,jay sean,jay sean,Jay Sean,4pADjHPWyrlAF0FA7joK2H,contemporary r&b;pop;electropop;dance-pop;hip hop,musicbrainz,l1,2012
jay sean featuring sean paul & lil jon,jay sean,jay sean,jay sean,Jay Sean,4pADjHPWyrlAF0FA7joK2H,contemporary r&b;pop;electropop;dance-pop;hip hop,musicbrainz,l1,2010
jay z featuring beyonce,jay z,jay z,jay z,,,,none,,2014
jay z featuring frank ocean,jay z,jay z,jay z,,,,none,,2013
jay z featuring justin timberlake,jay z,jay z,jay z,,,,none,,2014
jay z featuring rick ross,jay z,jay z,jay z,,,,none,,2013
jay z kanye west,jay z kanye west,jay z kanye west,jay z kanye west,,,,none,,2012
jay z kanye west featuring frank ocean,jay z kanye west,jay z kanye west,jay z kanye west,,,,none,,2012
jay z kanye west featuring otis redding,jay z kanye west,jay z kanye west,jay z kanye west,,,,none,,2011
jay-z,jay-z,jay-z,jayz,JAY-Z,3nFkdlSjzX9mRTtwJOzDYB,hip hop;east coast hip hop;rap,spotify,artist,2017
jay-z & t.i. featuring kanye west & lil wayne,jay-z & t.i.,jay-z,jayz,JAY-Z,3nFkdlSjzX9mRTtwJOzDYB,hip hop;east coast hip hop;rap,spotify,l2,2009
jay-z + alicia keys,jay-z + alicia keys,jay-z,jayz,JAY-Z,3nFkdlSjzX9mRTtwJOzDYB,hip hop;east coast hip hop;rap,spotify,l2,2010
jay-z + mr. hudson,jay-z + mr. hudson,jay-z,jayz,JAY-Z,3nFkdlSjzX9mRTtwJOzDYB,hip hop;east coast hip hop;rap,spotify,l2,2010
jay-z + swizz beatz,jay-z + swizz beatz,jay-z,jayz,JAY-Z,3nFkdlSjzX9mRTtwJOzDYB,hip hop;east coast hip hop;rap,spotify,l2,2010
jay-z featuring amil (of major coinz) & ja,jay-z,jay-z,jayz,JAY-Z,3nFkdlSjzX9mRTtwJOzDYB,hip hop;east coast hip hop;rap,spotify,l1,1999
jay-z featuring babyface and foxy brown,jay-z,jay-z,jayz,JAY-Z,3nFkdlSjzX9mRTtwJOzDYB,hip hop;east coast hip hop;rap,spotify,l1,1997
jay-z featuring beanie sigel & amil,jay-z,jay-z,jayz,JAY-Z,3nFkdlSjzX9mRTtwJOzDYB,hip hop;east coast hip hop;rap,spotify,l1,2000
jay-z featuring beyonce,jay-z,jay-z,jayz,JAY-Z,3nFkdlSjzX9mRTtwJOzDYB,hip hop;east coast hip hop;rap,spotify,l1,2017
jay-z featuring beyonce knowles,jay-z,jay-z,jayz,JAY-Z,3nFkdlSjzX9mRTtwJOzDYB,hip hop;east coast hip hop;rap,spotify,l1,2003
jay-z featuring big jaz,jay-z,jay-z,jayz,JAY-Z,3nFkdlSjzX9mRTtwJOzDYB,hip hop;east coast hip hop;rap,spotify,l1,1999
jay-z featuring blackstreet,jay-z,jay-z,jayz,JAY-Z,3nFkdlSjzX9mRTtwJOzDYB,hip hop;east coast hip hop;rap,spotify,l1,1998
jay-z featuring chrisette michele,jay-z,jay-z,jayz,JAY-Z,3nFkdlSjzX9mRTtwJOzDYB,hip hop;east coast hip hop;rap,spotify,l1,2007
"jay-z featuring damian ""jr. gong"" marely",jay-z,jay-z,jayz,JAY-Z,3nFkdlSjzX9mRTtwJOzDYB,hip hop;east coast hip hop;rap,spotify,l1,2017
jay-z featuring foxxy brown,jay-z,jay-z,jayz,JAY-Z,3nFkdlSjzX9mRTtwJOzDYB,hip hop;east coast hip hop;rap,spotify,l1,1996
jay-z featuring frank ocean,jay-z,jay-z,jayz,JAY-Z,3nFkdlSjzX9mRTtwJOzDYB,hip hop;east coast hip hop;rap,spotify,l1,2017
jay-z featuring gloria carter,jay-z,jay-z,jayz,JAY-Z,3nFkdlSjzX9mRTtwJOzDYB,hip hop;east coast hip hop;rap,spotify,l1,2017
jay-z featuring memphis bleek & amil,jay-z,jay-z,jayz,JAY-Z,3nFkdlSjzX9mRTtwJOzDYB,hip hop;east coast hip hop;rap,spotify,l1,2000
jay-z featuring r. kelly,jay-z,jay-z,jayz,JAY-Z,3nFkdlSjzX9mRTtwJOzDYB,hip hop;east coast hip hop;rap,spotify,l1,2001
jay-z featuring ugk,jay-z,jay-z,jayz,JAY-Z,3nFkdlSjzX9mRTtwJOzDYB,hip hop;east coast hip hop;rap,spotify,l1,2000
"jay-z, beanie sigel and memphis bleek","jay-z, beanie sigel and memphis bleek",jay-z,jayz,JAY-Z,3nFkdlSjzX9mRTtwJOzDYB,hip hop;east coast hip hop;rap,spotify,l2,2001
"jay-z, bono, the edge & rihanna","jay-z, bono, the edge & rihanna",jay-z,jayz,JAY-Z,3nFkdlSjzX9mRTtwJOzDYB,hip hop;east coast hip hop;rap,spotify,l2,2010
"jay-z, rihanna & kanye west","jay-z, rihanna & kanye west",jay-z,jayz,JAY-Z,3nFkdlSjzX9mRTtwJOzDYB,hip hop;east coast hip hop;rap,spotify,l2,2010
jay-z/linkin park,jay-z,jay-z,jayz,JAY-Z,3nFkdlSjzX9mRTtwJOzDYB,hip hop;east coast hip hop;rap,spotify,l1,2005
jaya,jaya,jaya,jaya,Jaya,2TeEZ5rfw62Mw15I4RFjXK,opm;p-pop,spotify,artist,1990
jaye p. morgan,jaye p. morgan,jaye p. morgan,jaye p morgan,Jaye P. Morgan,5pXHBib9XGRDufx8zSc5Wk,yacht rock;aor,spotify,artist,1960
jaymes young,jaymes young,jaymes young,jaymes young,Jaymes Young,6QrQ7OrISRYIfS5mtacaw2,,none,artist,2022
jazmine sullivan,jazmine sullivan,jazmine sullivan,jazmine sullivan,Jazmine Sullivan,7gSjFKpVmDgC2MMsnN8CYq,r&b;neo soul,spotify,artist,2021
jazmine sullivan featuring h.e.r.,jazmine sullivan,jazmine sullivan,jazmine sullivan,Jazmine Sullivan,7gSjFKpVmDgC2MMsnN8CYq,r&b;neo soul,spotify,l1,2021
jazzy jeff & the fresh prince,jazzy jeff & the fresh prince,jazzy jeff,jazzy jeff,Jazzy Jeff,528HQl6KCMm1to0nyGSCxb,,none,l2,1994
jean & the darlings,jean & the darlings,jean,jean,,,,none,,1967
jean beauvoir,jean beauvoir,jean beauvoir,jean beauvoir,Jean Beauvoir,3n99AZrLOuuAtHvu12uDDC,aor;arena rock,spotify,artist,1986
jean knight,jean knight,jean knight,jean knight,Jean Knight,2Tk0pWxTuQgnE5nsUexrLr,classic soul;motown;soul,spotify,artist,1985
jean shepard,jean shepard,jean shepard,jean shepard,Jean Shepard,3lQuLlW6tYv1nm3nzyJ6Ty,classic country;honky tonk;traditional country,spotify,artist,1973
jeanette (baby) washington,jeanette,jeanette,jeanette,Jeanette (Baby) Washington,5R9qLH5xcwb3Bj6VputVL1,northern soul,spotify,artist,1961
jeanne black,jeanne black,jeanne black,jeanne black,Jeanne Black,4f2WSqFHOISjWlyl9mYJJw,adult standards,spotify,artist,1961
jeanne pruett,jeanne pruett,jeanne pruett,jeanne pruett,Jeanne Pruett,4Ho9AFq314C9J8fvtspLSe,classic country;christian country;traditional country,spotify,artist,1973
jeannie c. riley,jeannie c. riley,jeannie c. riley,jeannie c riley,Jeannie C. Riley,3MIwMeYV8vmgQFbbRiJTp2,classic country,spotify,artist,1971
jeannie ortega featuring papoose,jeannie ortega,jeannie ortega,jeannie ortega,Jeannie Ortega,5ZScUKiM35L8nM4Flfeplu,,none,l1,2006
jeannie seely,jeannie seely,jeannie seely,jeannie seely,Jeannie Seely,0i9f82nIFjrLnnsf2YX3vY,classic country;traditional country;christian country,spotify,artist,1966
jeezy featuring jay z,jeezy,jeezy,jeezy,Jeezy,10ZP74NjhScq9YiNxJkmhi,hip hop;southern hip hop;gangsta rap;trap;hyphy,musicbrainz,l1,2014
jeff bates,jeff bates,jeff bates,jeff bates,Jeff Bates,6MaIFcQgc3Buqm4eCu3yU8,christian country,spotify,artist,2003
jeff beck & rod stewart,jeff beck & rod stewart,jeff beck,jeff beck,Jeff Beck,0AD4odMWVQ2wUSlgxOB5Rl,jazz fusion;blues rock;blues,spotify,l2,1985
jeff carson,jeff carson,jeff carson,jeff carson,Jeff Carson,1THO5gJEaoKK9ey0aZbCQE,traditional country,spotify,artist,1995
jeff foxworthy,jeff foxworthy,jeff foxworthy,jeff foxworthy,Jeff Foxworthy,7zOcRYg1BYXpwr71XTWNr7,comedy,spotify,artist,1995
jeff foxworthy with alan jackson,jeff foxworthy with alan jackson,jeff foxworthy,jeff foxworthy,Jeff Foxworthy,7zOcRYg1BYXpwr71XTWNr7,comedy,spotify,l2,1996
jeff lorber & karyn white,jeff lorber & karyn white,jeff lorber,jeff lorber,Jeff Lorber,1SaH16LT1AWVsBU8AKY4HN,smooth jazz;jazz fusion;jazz funk;jazz;cool jazz,spotify,l2,1987
jeff lynne,jeff lynne,jeff lynne,jeff lynne,Jeff Lynne,3bTAaMx9nf237AkBnGw3vL,rock;guitar;genius;elo;xanadu,musicbrainz,artist,1984
jefferson,jefferson,jefferson,jefferson,Jefferson,55kietK9jMxLS3Sw2ye0Uk,psychedelic rock;folk rock;rock;acid rock;psychedelic pop,musicbrainz,artist,1970
jefferson airplane,jefferson airplane,jefferson airplane,jefferson airplane,Jefferson Airplane,2qFr8w5sWUITRlzZ9kZotF,psychedelic rock;acid rock,spotify,artist,1972
jefferson starship,jefferson starship,jefferson starship,jefferson starship,Jefferson Starship,3HC7NcxQx2Yk0fWoRKJ0xF,yacht rock;aor;classic rock,spotify,artist,1984
jeffrey osborne,jeffrey osborne,jeffrey osborne,jeffrey osborne,Jeffrey Osborne,5qUHCOUsvVKUpVrMMmztMK,quiet storm,spotify,artist,1988
jelly roll,jelly roll,jelly roll,jelly roll,Jelly Roll,19k8AgwwTSxeaxkOuCQEJs,country hip hop;country,spotify,artist,2025
jelly roll with lainey wilson,jelly roll with lainey wilson,jelly roll,jelly roll,Jelly Roll,19k8AgwwTSxeaxkOuCQEJs,country hip hop;country,spotify,l2,2024
jellybean featuring catherine buchanan,jellybean,jellybean,jellybean,JellyBean,7kVMCotFzX62XQaJGx4gur,,none,l1,1986
jellybean featuring elisa fiorillo,jellybean,jellybean,jellybean,JellyBean,7kVMCotFzX62XQaJGx4gur,,none,l1,1987
jellybean featuring niki haris,jellybean,jellybean,jellybean,JellyBean,7kVMCotFzX62XQaJGx4gur,,none,l1,1991
jellybean featuring steven dante,jellybean,jellybean,jellybean,JellyBean,7kVMCotFzX62XQaJGx4gur,,none,l1,1987
jellyfish,jellyfish,jellyfish,jellyfish,Jellyfish,10flBVEy5MiUXOJWTaFsyL,power pop;jangle pop,spotify,artist,1991
jennell hawkins,jennell hawkins,jennell hawkins,jennell hawkins,Jennell Hawkins,2AaM0dElHbvGzrqMXcghbm,doo-wop,spotify,artist,1962
jennifer hanson,jennifer hanson,jennifer hanson,jennifer hanson,Jennifer Hanson,6xadQb6qb6Kz0enpqkfOrV,country,musicbrainz,artist,2003
jennifer holliday,jennifer holliday,jennifer holliday,jennifer holliday,Jennifer Holliday,2ju2ZxMe9yBOnt1MkWo32t,pop soul;ballad;quiet storm;soul;2008 universal fire victim,musicbrainz,artist,1986
jennifer hudson,jennifer hudson,jennifer hudson,jennifer hudson,Jennifer Hudson,35GL8Cu2GKTcHzKGi75xl5,contemporary r&b;r&b;pop soul;soul;american idol,musicbrainz,artist,2011
jennifer hudson & ne-yo featuring rick ross,jennifer hudson & ne-yo,jennifer hudson,jennifer hudson,Jennifer Hudson,35GL8Cu2GKTcHzKGi75xl5,contemporary r&b;r&b;pop soul;soul;american idol,musicbrainz,l2,2012
jennifer hudson featuring the roots,jennifer hudson,jennifer hudson,jennifer hudson,Jennifer Hudson,35GL8Cu2GKTcHzKGi75xl5,contemporary r&b;r&b;pop soul;soul;american idol,musicbrainz,l1,2010
jennifer lopez,jennifer lopez,jennifer lopez,jennifer lopez,Jennifer Lopez,2DlGxzQSjYe5N6G9nkYghR,pop;latin pop;electronic;dance;dance-pop,musicbrainz,artist,2016
jennifer lopez & lin-manuel miranda,jennifer lopez & lin-manuel miranda,jennifer lopez,jennifer lopez,Jennifer Lopez,2DlGxzQSjYe5N6G9nkYghR,pop;latin pop;electronic;dance;dance-pop,musicbrainz,l2,2016
jennifer lopez featuring big pun & fat joe,jennifer lopez,jennifer lopez,jennifer lopez,Jennifer Lopez,2DlGxzQSjYe5N6G9nkYghR,pop;latin pop;electronic;dance;dance-pop,musicbrainz,l1,2000
jennifer lopez featuring dj khaled & cardi b,jennifer lopez,jennifer lopez,jennifer lopez,Jennifer Lopez,2DlGxzQSjYe5N6G9nkYghR,pop;latin pop;electronic;dance;dance-pop,musicbrainz,l1,2018
jennifer lopez featuring fat joe,jennifer lopez,jennifer lopez,jennifer lopez,Jennifer Lopez,2DlGxzQSjYe5N6G9nkYghR,pop;latin pop;electronic;dance;dance-pop,musicbrainz,l1,2005
jennifer lopez featuring french montana,jennifer lopez,jennifer lopez,jennifer lopez,Jennifer Lopez,2DlGxzQSjYe5N6G9nkYghR,pop;latin pop;electronic;dance;dance-pop,musicbrainz,l1,2014
jennifer lopez featuring iggy azalea or pitbull,jennifer lopez,jennifer lopez,jennifer lopez,Jennifer Lopez,2DlGxzQSjYe5N6G9nkYghR,pop;latin pop;electronic;dance;dance-pop,musicbrainz,l1,2014
jennifer lopez featuring ja rule,jennifer lopez,jennifer lopez,jennifer lopez,Jennifer Lopez,2DlGxzQSjYe5N6G9nkYghR,pop;latin pop;electronic;dance;dance-pop,musicbrainz,l1,2002
jennifer lopez featuring ll cool j,jennifer lopez,jennifer lopez,jennifer lopez,Jennifer Lopez,2DlGxzQSjYe5N6G9nkYghR,pop;latin pop;electronic;dance;dance-pop,musicbrainz,l1,2003
jennifer lopez featuring lil wayne,jennifer lopez,jennifer lopez,jennifer lopez,Jennifer Lopez,2DlGxzQSjYe5N6G9nkYghR,pop;latin pop;electronic;dance;dance-pop,musicbrainz,l1,2011
jennifer lopez featuring nas,jennifer lopez,jennifer lopez,jennifer lopez,Jennifer Lopez,2DlGxzQSjYe5N6G9nkYghR,pop;latin pop;electronic;dance;dance-pop,musicbrainz,l1,2002
jennifer lopez featuring pitbull,jennifer lopez,jennifer lopez,jennifer lopez,Jennifer Lopez,2DlGxzQSjYe5N6G9nkYghR,pop;latin pop;electronic;dance;dance-pop,musicbrainz,l1,2013
jennifer lopez featuring styles & jadakiss,jennifer lopez,jennifer lopez,jennifer lopez,Jennifer Lopez,2DlGxzQSjYe5N6G9nkYghR,pop;latin pop;electronic;dance;dance-pop,musicbrainz,l1,2003
jennifer love hewitt,jennifer love hewitt,jennifer love hewitt,jennifer love hewitt,Jennifer Love Hewitt,2BZDbnjUHnL2XAPgkdqTpb,teen pop;pop rock;pop,musicbrainz,artist,1999
jennifer paige,jennifer paige,jennifer paige,jennifer paige,Jennifer Paige,26PDtWYDJ1KD0brukKsJH1,pop,musicbrainz,artist,1998
jennifer rush,jennifer rush,jennifer rush,jennifer rush,Jennifer Rush,3fsCWTIuWIRvEGS7gerSJX,rock;pop;classic pop and rock,musicbrainz,artist,1986
jennifer rush (duet with elton john),jennifer rush,jennifer rush,jennifer rush,Jennifer Rush,3fsCWTIuWIRvEGS7gerSJX,rock;pop;classic pop and rock,musicbrainz,l1,1987
jennifer warnes,jennifer warnes,jennifer warnes,jennifer warnes,Jennifer Warnes,1BwHztAQKypBuy5WBEdJnG,pop;folk rock;singer/songwriter;adult contemporary;pop rock,musicbrainz,artist,1982
jennifer warnes/chris thompson,jennifer warnes,jennifer warnes,jennifer warnes,Jennifer Warnes,1BwHztAQKypBuy5WBEdJnG,pop;folk rock;singer/songwriter;adult contemporary;pop rock,musicbrainz,l1,1983
jenny burton,jenny burton,jenny burton,jenny burton,Jenny Burton,2RSwLfG8Zw3ChFI2aOh4HO,post-disco;chicago house;freestyle,spotify,artist,1984
jenny burton & patrick jude,jenny burton & patrick jude,jenny burton,jenny burton,Jenny Burton,2RSwLfG8Zw3ChFI2aOh4HO,post-disco;chicago house;freestyle,spotify,l2,1984
jeremih,jeremih,jeremih,jeremih,Jeremih,3KV3p5EY4AvKxOlhGHORLg,contemporary r&b;soul;pop rap;wonky;alternative r&b,musicbrainz,artist,2016
jeremih featuring 50 cent,jeremih,jeremih,jeremih,Jeremih,3KV3p5EY4AvKxOlhGHORLg,contemporary r&b;soul;pop rap;wonky;alternative r&b,musicbrainz,l1,2011
jeremih featuring j. cole,jeremih,jeremih,jeremih,Jeremih,3KV3p5EY4AvKxOlhGHORLg,contemporary r&b;soul;pop rap;wonky;alternative r&b,musicbrainz,l1,2015
jeremih featuring yg,jeremih,jeremih,jeremih,Jeremih,3KV3p5EY4AvKxOlhGHORLg,contemporary r&b;soul;pop rap;wonky;alternative r&b,musicbrainz,l1,2015
jeremy jordan,jeremy jordan,jeremy jordan,jeremy jordan,Jeremy Jordan,0vKWxtht5v5MoAu4DID0Ub,musicals,spotify,artist,1993
jermaine dupri,jermaine dupri,jermaine dupri,jermaine dupri,Jermaine Dupri,6nfYGe7IIuuP5bMY1jkJP6,southern hip hop,spotify,artist,2005
jermaine dupri & ludacris,jermaine dupri & ludacris,jermaine dupri,jermaine dupri,Jermaine Dupri,6nfYGe7IIuuP5bMY1jkJP6,southern hip hop,spotify,l2,2002
jermaine dupri featuring nate dogg,jermaine dupri,jermaine dupri,jermaine dupri,Jermaine Dupri,6nfYGe7IIuuP5bMY1jkJP6,southern hip hop,spotify,l1,2001
jermaine jackson,jermaine jackson,jermaine jackson,jermaine jackson,Jermaine Jackson,1VDurPMbOKrNU8mcMP4X1P,pop;soul;classic pop and rock;r&b;alliteration,musicbrainz,artist,1991
jermaine jackson & pia zadora,jermaine jackson & pia zadora,jermaine jackson,jermaine jackson,Jermaine Jackson,1VDurPMbOKrNU8mcMP4X1P,pop;soul;classic pop and rock;r&b;alliteration,musicbrainz,l2,1985
jermaine paul,jermaine paul,jermaine paul,jermaine paul,Jermaine Paul,302jOsgU7aZW71XhLem57k,,none,artist,2012
jermaine stewart,jermaine stewart,jermaine stewart,jermaine stewart,Jermaine Stewart,7FAkzV0YOw0EIXFhmY4RE3,dance-pop;boogie;r&b;contemporary r&b;queer,musicbrainz,artist,1988
jerrod niemann,jerrod niemann,jerrod niemann,jerrod niemann,Jerrod Niemann,0RKP52f5PNDCRZ9Luq2Sr7,country;acoustic country,spotify,artist,2014
jerry butler,jerry butler,jerry butler,jerry butler,Jerry Butler,0U2mUJuJkthantMGmsJygP,philly soul;classic soul;northern soul;doo-wop;motown,spotify,artist,1977
jerry butler & brenda lee eager,jerry butler & brenda lee eager,jerry butler,jerry butler,Jerry Butler,0U2mUJuJkthantMGmsJygP,philly soul;classic soul;northern soul;doo-wop;motown,spotify,l2,1972
jerry butler featuring brenda lee eager,jerry butler,jerry butler,jerry butler,Jerry Butler,0U2mUJuJkthantMGmsJygP,philly soul;classic soul;northern soul;doo-wop;motown,spotify,l1,1971
jerry butler and the impressions,jerry butler and the impressions,jerry butler,jerry butler,Jerry Butler,0U2mUJuJkthantMGmsJygP,philly soul;classic soul;northern soul;doo-wop;motown,spotify,l2,1958
jerry byrd,jerry byrd,jerry byrd,jerry byrd,Jerry Byrd,5PGYCViqsPlum357lDLBpm,exotica,spotify,artist,1962
jerry fuller,jerry fuller,jerry fuller,jerry fuller,Jerry Fuller,0QHulimOh5z1RsuiqkNI4H,northern soul;rockabilly,spotify,artist,1961
jerry garcia,jerry garcia,jerry garcia,jerry garcia,Jerry Garcia,3QDaXfnxfQqqJQK5lSdjLN,bluegrass,spotify,artist,1972
jerry jaye,jerry jaye,jerry jaye,jerry jaye,Jerry Jaye,34LPrj2jJHyeenP4sURa7N,rockabilly;boogie-woogie;indorock;rock and roll,spotify,artist,1967
jerry jeff walker,jerry jeff walker,jerry jeff walker,jerry jeff walker,Jerry Jeff Walker,763opp15PhfHpEaiVjM6m7,texas country;outlaw country;red dirt;country rock;classic country,spotify,artist,1973
jerry keller,jerry keller,jerry keller,jerry keller,Jerry Keller,2lR41igVimFPS6opgzQKFt,doo-wop,spotify,artist,1959
jerry landis,jerry landis,jerry landis,jerry landis,Jerry Landis,2rDP9ab2bp0ImonnqJK0u0,,none,artist,1963
jerry lee lewis,jerry lee lewis,jerry lee lewis,jerry lee lewis,Jerry Lee Lewis,2zyz0VJqrDXeFDIyrfVXSo,rockabilly;rock and roll;boogie-woogie,spotify,artist,1973
jerry lee lewis and his pumping piano,jerry lee lewis and his pumping piano,jerry lee lewis,jerry lee lewis,Jerry Lee Lewis,2zyz0VJqrDXeFDIyrfVXSo,rockabilly;rock and roll;boogie-woogie,spotify,l2,1961
jerry murad's harmonicats,jerry murad's harmonicats,jerry murad's harmonicats,jerry murads harmonicats,,,,none,,1961
jerry naylor,jerry naylor,jerry naylor,jerry naylor,Jerry Naylor,4imGUItg3QaBnZoRAV1QRb,rockabilly,spotify,artist,1970
jerry reed,jerry reed,jerry reed,jerry reed,Jerry Reed,3kvy8do7n0qVqvlNFS4yOF,classic country;outlaw country;country,spotify,artist,1982
jerry reed and the hully girlies,jerry reed and the hully girlies,jerry reed,jerry reed,Jerry Reed,3kvy8do7n0qVqvlNFS4yOF,classic country;outlaw country;country,spotify,l2,1962
jerry smith and his pianos,jerry smith and his pianos,jerry smith,jerry smith,Jerry Smith,6OpOg5HVCc8xVf7OVrd5Fk,brazilian funk;brega funk,spotify,l2,1969
jerry vale,jerry vale,jerry vale,jerry vale,Jerry Vale,5MaJrqhwysKwbvDePyAS6l,adult standards;kundiman,spotify,artist,1966
jerry wallace,jerry wallace,jerry wallace,jerry wallace,Jerry Wallace,3dE4AKlTQ3EW6yU6F9LuQT,country pop;country,musicbrainz,artist,1972
jerry wallace with the jewels,jerry wallace with the jewels,jerry wallace,jerry wallace,Jerry Wallace,3dE4AKlTQ3EW6yU6F9LuQT,country pop;country,musicbrainz,l2,1960
jerryo,jerryo,jerryo,jerryo,Jerryo,1NZevNdmhyfqtmDe4uJC5e,,none,artist,1967
jeru the damaja,jeru the damaja,jeru the damaja,jeru the damaja,Jeru The Damaja,6CsOL9C9iLL0eWKINlDxzQ,east coast hip hop;boom bap;old school hip hop,spotify,artist,1994
jess glynne,jess glynne,jess glynne,jess glynne,Jess Glynne,4ScCswdRlyA23odg9thgIO,house;dance-pop;pop;soul;r&b,musicbrainz,artist,2015
jesse anderson,jesse anderson,jesse anderson,jesse anderson,Jesse Anderson,134omrMYPFFiBqIo39Gscs,blues,musicbrainz,artist,1970
jesse belvin,jesse belvin,jesse belvin,jesse belvin,Jesse Belvin,4u0qFtN4NZ1NjcvAw3HAGU,doo-wop,spotify,artist,1959
jesse james,jesse james,jesse james,jesse james,Jesse James,2sS8bFwfkrcDY97gXMAUa0,,none,artist,1967
jesse jaymes,jesse jaymes,jesse jaymes,jesse jaymes,Jesse Jaymes,3O9tspWBqfMkHdpE2MCCH3,,none,artist,1991
jesse johnson,jesse johnson,jesse johnson,jesse johnson,Jesse Johnson,3vyOcdrMm1VBYp5p4lo7NT,funk;american;usa;guitarist;musician,musicbrainz,artist,1988
jesse johnson (featuring sly stone),jesse johnson,jesse johnson,jesse johnson,Jesse Johnson,3vyOcdrMm1VBYp5p4lo7NT,funk;american;usa;guitarist;musician,musicbrainz,l1,1987
jesse johnson's revue,jesse johnson's revue,jesse johnson's revue,jesse johnsons revue,,,,none,,1985
jesse lee turner,jesse lee turner,jesse lee turner,jesse lee turner,Jesse Lee Turner,2CS2gr8hLiW2xGbRaxiYZv,rockabilly,spotify,artist,1959
jesse mccartney,jesse mccartney,jesse mccartney,jesse mccartney,Jesse McCartney,2Hjj68yyUPiC0HKEOigcEp,teen pop;american;pop,musicbrainz,artist,2011
jesse mccartney featuring ludacris,jesse mccartney,jesse mccartney,jesse mccartney,Jesse McCartney,2Hjj68yyUPiC0HKEOigcEp,teen pop;american;pop,musicbrainz,l1,2009
jesse mccartney featuring t-pain,jesse mccartney,jesse mccartney,jesse mccartney,Jesse McCartney,2Hjj68yyUPiC0HKEOigcEp,teen pop;american;pop,musicbrainz,l1,2010
jesse powell,jesse powell,jesse powell,jesse powell,Jesse Powell,4ryyCNxkhfBSXHx4k2lo3T,quiet storm,spotify,artist,1999
jesse winchester,jesse winchester,jesse winchester,jesse winchester,Jesse Winchester,0LQrsY8CFvCyUAqAtiiVxw,americana,spotify,artist,1981
jessi colter,jessi colter,jessi colter,jessi colter,Jessi Colter,43HpW8B5gYRnYbSzm37n5v,outlaw country;classic country;traditional country;honky tonk,spotify,artist,1975
jessica andrews,jessica andrews,jessica andrews,jessica andrews,Jessica Andrews,5rNhVm2CnqiO5Lv4Dt2lck,,none,artist,2001
jessica darrow,jessica darrow,jessica darrow,jessica darrow,Jessica Darrow,4vdAAzZBUKbsrvHi6UR7B7,,none,artist,2022
jessica simpson,jessica simpson,jessica simpson,jessica simpson,Jessica Simpson,2tFN9ubMXEhdAQvdQxcsma,pop;pop and chart;teen pop,musicbrainz,artist,2008
jessica simpson featuring nick lachey,jessica simpson,jessica simpson,jessica simpson,Jessica Simpson,2tFN9ubMXEhdAQvdQxcsma,pop;pop and chart;teen pop,musicbrainz,l1,2000
jessie hill,jessie hill,jessie hill,jessie hill,Jessie Hill,0LeecN3yVUDsHFFzrTLp5v,cajun,spotify,artist,1960
jessie j,jessie j,jessie j,jessie j,Jessie J,2gsggkzM5R49q6jpPvazou,r&b;pop;soul;contemporary r&b,musicbrainz,artist,2015
jessie j featuring 2 chainz,jessie j,jessie j,jessie j,Jessie J,2gsggkzM5R49q6jpPvazou,r&b;pop;soul;contemporary r&b,musicbrainz,l1,2015
jessie j featuring b.o.b,jessie j,jessie j,jessie j,Jessie J,2gsggkzM5R49q6jpPvazou,r&b;pop;soul;contemporary r&b,musicbrainz,l1,2011
"jessie j, ariana grande & nicki minaj","jessie j, ariana grande & nicki minaj",jessie j,jessie j,Jessie J,2gsggkzM5R49q6jpPvazou,r&b;pop;soul;contemporary r&b,musicbrainz,l2,2015
jessie james,jessie james,jessie james,jessie james,Jessie James,3FN07k2vwkKBTTuA21mUqQ,,none,artist,2009
jesus jones,jesus jones,jesus jones,jesus jones,Jesus Jones,0roeI3yPusDWwWRzAqTopw,madchester;alternative dance,spotify,artist,1992
jet,jet,jet,jet,Jet,5ypxebeHEIXjMtJb17uJlI,garage rock;alternative rock;garage rock revival;hard rock;rock,musicbrainz,artist,2005
jethro tull,jethro tull,jethro tull,jethro tull,Jethro Tull,6w6z8m4WXX7Tub4Rb6Lu7R,progressive rock;art rock;classic rock,spotify,artist,1977
jewel,jewel,jewel,jewel,Jewel,6FbDoZnMBTdhhhLuJBOOqP,singer-songwriter,spotify,artist,2008
jewel akens,jewel akens,jewel akens,jewel akens,Jewel Akens,1gVvCzqQy5epTJcFNwWJ37,northern soul;doo-wop,spotify,artist,1965
jewell,jewell,jewell,jewell,Jewell,05cqfWVtssCo3KVcqEAYG3,g-funk;west coast hip hop,spotify,artist,1995
"jhay cortez, j balvin & bad bunny","jhay cortez, j balvin & bad bunny",jhay cortez,jhay cortez,Jhay Cortez,15EWbkPIc4DOahpUEeKu1H,,none,l2,2019
jhene aiko,jhene aiko,jhene aiko,jhene aiko,Jhene Aiko,5a5uowlxbW1LvuanQKYl1P,contemporary r&b;r&b;soul;trap;neo soul,musicbrainz,artist,2020
jhene aiko featuring big sean,jhene aiko,jhene aiko,jhene aiko,Jhene Aiko,5a5uowlxbW1LvuanQKYl1P,contemporary r&b;r&b;soul;trap;neo soul,musicbrainz,l1,2020
jhene aiko featuring future & miguel,jhene aiko,jhene aiko,jhene aiko,Jhene Aiko,5a5uowlxbW1LvuanQKYl1P,contemporary r&b;r&b;soul;trap;neo soul,musicbrainz,l1,2020
jhene aiko featuring h.e.r.,jhene aiko,jhene aiko,jhene aiko,Jhene Aiko,5a5uowlxbW1LvuanQKYl1P,contemporary r&b;r&b;soul;trap;neo soul,musicbrainz,l1,2021
jhene aiko featuring swae lee or rae sremmurd,jhene aiko,jhene aiko,jhene aiko,Jhene Aiko,5a5uowlxbW1LvuanQKYl1P,contemporary r&b;r&b;soul;trap;neo soul,musicbrainz,l1,2018
jibbs,jibbs,jibbs,jibbs,Jibbs,4USNIVeRwXIAdbVSTqelbh,crunk,spotify,artist,2006
jibbs featuring chamillionaire,jibbs,jibbs,jibbs,Jibbs,4USNIVeRwXIAdbVSTqelbh,crunk,spotify,l1,2007
jidenna featuring roman gianarthur,jidenna,jidenna,jidenna,Jidenna,4TsHKU8l8Wq7n7OPVikirn,pop;hip hop;r&b,musicbrainz,l1,2015
jigsaw,jigsaw,jigsaw,jigsaw,Jigsaw,29NJ6VbDPYhqdXXANEwHc7,disco;pop;pop rock,musicbrainz,artist,1977
jill corey,jill corey,jill corey,jill corey,Jill Corey,7MOFoP92awkXK5PMSa8qC2,adult standards,spotify,artist,1958
jill scott,jill scott,jill scott,jill scott,Jill Scott,6AVLthptCPhfrxlHadOBJD,neo soul;quiet storm,spotify,artist,2001
jill scott featuring anthony hamilton,jill scott,jill scott,jill scott,Jill Scott,6AVLthptCPhfrxlHadOBJD,neo soul;quiet storm,spotify,l1,2011
jill sobule,jill sobule,jill sobule,jill sobule,Jill Sobule,7d4sjulGDPLfON77SO3wc3,folk pop;singer-songwriter;indie rock;pop rock;christmas music,musicbrainz,artist,1995
jim & jean,jim & jean,jim,jim,Jim & Jean,0iKIqDxDCGGOourWh39AaC,contemporary folk;folk pop;5c11e117,musicbrainz,artist,1968
jim backus & friend,jim backus & friend,jim backus,jim backus,Jim Backus,6tdcr3Jo2khaGnN99NT2YM,spoken word,spotify,l2,1958
jim campbell,jim campbell,jim campbell,jim campbell,Jim Campbell,4RZVLY0DJmcqKrgd83uYbE,,none,artist,1970
jim capaldi,jim capaldi,jim capaldi,jim capaldi,Jim Capaldi,7s1RD7Wth3hwd5pZp8tF97,blues,spotify,artist,1983
jim croce,jim croce,jim croce,jim croce,Jim Croce,1R6Hx1tJ2VOUyodEpC12xM,folk rock;singer-songwriter,spotify,artist,1976
jim ed brown,jim ed brown,jim ed brown,jim ed brown,Jim Ed Brown,6XBkny92syvAWxlIX8CZAM,classic country;traditional country;honky tonk,spotify,artist,1971
jim gilstrap,jim gilstrap,jim gilstrap,jim gilstrap,Jim Gilstrap,4FxICzMBJZuFuTPqOFTexw,,none,artist,1975
jim hurt,jim hurt,jim hurt,jim hurt,Jim Hurt,0XXZ8ERIWjhUB6wzLQk4rH,,none,artist,1980
jim jones,jim jones,jim jones,jim jones,Jim Jones,6AMa1VFQ7qCi61tCRtVWXe,hip hop;alliteration;hip hop rnb and dance hall,musicbrainz,artist,2007
jim jones & ron browz featuring juelz santana,jim jones & ron browz,jim jones,jim jones,Jim Jones,6AMa1VFQ7qCi61tCRtVWXe,hip hop;alliteration;hip hop rnb and dance hall,musicbrainz,l2,2009
jim kirk and the tm singers,jim kirk and the tm singers,jim kirk,jim kirk,Jim Kirk,55oSxHpy0KkTO0WPzYKiVd,,none,l2,1980
jim photoglo,jim photoglo,jim photoglo,jim photoglo,Jim Photoglo,2MtaGjp33oMpAQ702qK4Rj,,none,artist,1981
jim reeves,jim reeves,jim reeves,jim reeves,Jim Reeves,2Ev0e8GUIX4u7d9etNLTXg,classic country;christian country,spotify,artist,1966
jim stafford,jim stafford,jim stafford,jim stafford,Jim Stafford,0CIdEoAG4j0tnC6IZsDr0q,,none,artist,1977
jim steinman,jim steinman,jim steinman,jim steinman,Jim Steinman,2V3UNup4XHyqdCOGcQai1d,death by aspiration pneumonia;rock;musical,musicbrainz,artist,1981
jim weatherly,jim weatherly,jim weatherly,jim weatherly,Jim Weatherly,0KYECjrpbLM1bbgqxYB7ZF,,none,artist,1975
jim and monica,jim and monica,jim,jim,,,,none,,1964
jimi hendrix,jimi hendrix,jimi hendrix,jimi hendrix,Jimi Hendrix,776Uo845nYHJpNaStv1Ds4,psychedelic rock;classic rock;acid rock;blues rock,spotify,artist,1971
jimin,jimin,jimin,jimin,JIMIN,0bxSJJ7V2M4Zb9lpRzWPD8,k-pop,spotify,artist,2025
jimin & loco,jimin & loco,jimin,jimin,JIMIN,0bxSJJ7V2M4Zb9lpRzWPD8,k-pop,spotify,l2,2024
jimmie allen,jimmie allen,jimmie allen,jimmie allen,Jimmie Allen,147nKr9upHZSSxqCzh9j7c,country,spotify,artist,2023
jimmie allen & brad paisley,jimmie allen & brad paisley,jimmie allen,jimmie allen,Jimmie Allen,147nKr9upHZSSxqCzh9j7c,country,spotify,l2,2022
jimmie beaumont,jimmie beaumont,jimmie beaumont,jimmie beaumont,,,,none,,1961
jimmie rodgers,jimmie rodgers,jimmie rodgers,jimmie rodgers,Jimmie Rodgers,7bKOOOKEkE918wKOQEhYnp,doo-wop,spotify,artist,1967
"jimmy ""bo"" horne","jimmy ""bo"" horne","jimmy ""bo"" horne",jimmy bo horne,,,,none,,1978
jimmy barnes,jimmy barnes,jimmy barnes,jimmy barnes,Jimmy Barnes,1k5aZWIOUbUfKcnMxtEivJ,aln-sh;hard rock;blues-rock;soul;rhythm and blues,musicbrainz,artist,1988
jimmy beaumont and the skyliners,jimmy beaumont and the skyliners,jimmy beaumont,jimmy beaumont,Jimmy Beaumont,5OYct2MZJUFAndjRkkU37P,northern soul;doo-wop,spotify,l2,1975
jimmy beck & his orchestra,jimmy beck & his orchestra,jimmy beck,jimmy beck,Jimmy Beck,2vIg4dmFzojpsHnurNvgio,,none,l2,1959
jimmy bowen with the rhythm orchids,jimmy bowen with the rhythm orchids,jimmy bowen,jimmy bowen,Jimmy Bowen,6nUcMkLeIkY6By8FS5vj0V,rockabilly,spotify,l2,1958
jimmy buffett,jimmy buffett,jimmy buffett,jimmy buffett,Jimmy Buffett,28AyklUmMECPwdfo8NEsV0,country;soft rock;country rock;caribbean music;singer-songwriter,musicbrainz,artist,2023
"jimmy buffett with clint black, kenny chesney, alan jackson, toby keith & george strait","jimmy buffett with clint black, kenny chesney, alan jackson, toby keith & george strait",jimmy buffett,jimmy buffett,Jimmy Buffett,28AyklUmMECPwdfo8NEsV0,country;soft rock;country rock;caribbean music;singer-songwriter,musicbrainz,l2,2004
jimmy castor,jimmy castor,jimmy castor,jimmy castor,Jimmy Castor,2PjSvSJuXBNrG3eGH3XnZd,rock and indie;r&b;soul,musicbrainz,artist,1967
jimmy charles,jimmy charles,jimmy charles,jimmy charles,Jimmy Charles,2aWMpUpxRV3pGXVdr6Srp9,doo-wop,spotify,artist,1961
jimmy charles and the revelletts,jimmy charles and the revelletts,jimmy charles,jimmy charles,Jimmy Charles,2aWMpUpxRV3pGXVdr6Srp9,doo-wop,spotify,l2,1960
jimmy clanton,jimmy clanton,jimmy clanton,jimmy clanton,Jimmy Clanton,2XZXvrqedRMiKv6UWjAT4B,doo-wop,spotify,artist,1969
jimmy clanton and his rockets,jimmy clanton and his rockets,jimmy clanton,jimmy clanton,Jimmy Clanton,2XZXvrqedRMiKv6UWjAT4B,doo-wop,spotify,l2,1958
jimmy cliff,jimmy cliff,jimmy cliff,jimmy cliff,Jimmy Cliff,3rJ3m1tM6vUgiWLjfV8sRf,reggae;rocksteady;roots reggae,spotify,artist,1994
jimmy cozier,jimmy cozier,jimmy cozier,jimmy cozier,Jimmy Cozier,2MxZPQ1KnDgKExusivK6oO,jazz,musicbrainz,artist,2001
jimmy cross,jimmy cross,jimmy cross,jimmy cross,Jimmy Cross,4eKMkGVTuUvP80KG6Aq1gO,,none,artist,1965
jimmy darren,jimmy darren,jimmy darren,jimmy darren,,,,none,,1959
jimmy davis & junction,jimmy davis & junction,jimmy davis,jimmy davis,Jimmy Davis & Junction,2FoHRKcDEOgMNctbXHWsQj,aor;arena rock,spotify,artist,1987
jimmy dean,jimmy dean,jimmy dean,jimmy dean,Jimmy Dean,1RaDKTFXuy0qA8YV1h9SwC,classic country,spotify,artist,1976
jimmy delphs,jimmy delphs,jimmy delphs,jimmy delphs,,,,none,,1968
jimmy durante,jimmy durante,jimmy durante,jimmy durante,Jimmy Durante,5FNHfTn3yzVpqdUyWwej0v,adult standards,spotify,artist,1963
jimmy eat world,jimmy eat world,jimmy eat world,jimmy eat world,Jimmy Eat World,3Ayl7mCk0nScecqOzvNp6s,emo;pop punk,spotify,artist,2005
jimmy elledge,jimmy elledge,jimmy elledge,jimmy elledge,Jimmy Elledge,4xJgf5FGAe5qNMV7vh8uO7,,none,artist,1962
jimmy fallon featuring will.i.am,jimmy fallon,jimmy fallon,jimmy fallon,Jimmy Fallon,7mAcgRMD6EfCKHO6cIkDOP,christmas,spotify,l1,2014
jimmy gilmer and the fireballs,jimmy gilmer and the fireballs,jimmy gilmer,jimmy gilmer,Jimmy Gilmer,6Vg8U5m1yHwqRyQMi87tay,,none,l2,1964
jimmy hall,jimmy hall,jimmy hall,jimmy hall,Jimmy Hall,0MluOkiVkAQl3zztr8pJ0w,,none,artist,1982
jimmy harnen with synch,jimmy harnen with synch,jimmy harnen,jimmy harnen,,,,none,,1989
jimmy holiday,jimmy holiday,jimmy holiday,jimmy holiday,Jimmy Holiday,6gOZp4VmgZVkbvEjIwzsTJ,northern soul,spotify,artist,1966
jimmy hughes,jimmy hughes,jimmy hughes,jimmy hughes,Jimmy Hughes,3n2wo77JXqocwxtlFKAK5g,northern soul,spotify,artist,1967
jimmy james & the vagabonds,jimmy james & the vagabonds,jimmy james,jimmy james,Jimmy James & The Vagabonds,3bflLnRrSv2lbgQHyhFP7l,northern soul,spotify,artist,1976
jimmy jones,jimmy jones,jimmy jones,jimmy jones,Jimmy JONES,0cB7D34yXpaw5NeBCjjqhf,,none,artist,1961
jimmy mccracklin,jimmy mccracklin,jimmy mccracklin,jimmy mccracklin,Jimmy McCracklin,58CohJpaPmE4H0fXEAnt4i,boogie-woogie;soul blues;blues;classic blues;rockabilly,spotify,artist,1966
jimmy mcgriff,jimmy mcgriff,jimmy mcgriff,jimmy mcgriff,Jimmy McGriff,1A0QR12gcj2L5hYh1WWDeh,jazz funk;soul jazz;hard bop;jazz blues;acid jazz,spotify,artist,1968
jimmy norman,jimmy norman,jimmy norman,jimmy norman,Jimmy Norman,08cTJ0ul1OHZgf7bw5c1TM,,none,artist,1962
jimmy ray,jimmy ray,jimmy ray,jimmy ray,Jimmy Ray,73SqYF4E1VmJj8bySH3Het,hi-nrg;hypertechno,spotify,artist,1998
jimmy reed,jimmy reed,jimmy reed,jimmy reed,Jimmy Reed,41ZMMuFFLPTVPkUsSI5KlV,blues;classic blues,spotify,artist,1963
jimmy roselli,jimmy roselli,jimmy roselli,jimmy roselli,Jimmy Roselli,7IbQOrbuDPJu0mac9pDwf3,,none,artist,1967
jimmy ruffin,jimmy ruffin,jimmy ruffin,jimmy ruffin,Jimmy Ruffin,0hF0PwB04hnXfYMiZWfJzy,motown;northern soul;classic soul;soul,spotify,artist,1980
jimmy ryser,jimmy ryser,jimmy ryser,jimmy ryser,Jimmy Ryser,0BB5YSCmMcaWLSB9D4vkiI,aor;arena rock,spotify,artist,1990
jimmy smith,jimmy smith,jimmy smith,jimmy smith,Jimmy Smith,5GXruybcLmXPjR9rKKFyS6,hard bop;soul jazz;jazz;jazz blues;jazz funk,spotify,artist,1968
jimmy smith and the big band,jimmy smith and the big band,jimmy smith,jimmy smith,Jimmy Smith,5GXruybcLmXPjR9rKKFyS6,hard bop;soul jazz;jazz;jazz blues;jazz funk,spotify,l2,1962
jimmy smith with kenny burrell and grady tate,jimmy smith with kenny burrell and grady tate,jimmy smith,jimmy smith,Jimmy Smith,5GXruybcLmXPjR9rKKFyS6,hard bop;soul jazz;jazz;jazz blues;jazz funk,spotify,l2,1965
jimmy somerville,jimmy somerville,jimmy somerville,jimmy somerville,Jimmy Somerville,6LQeBFIfD4C22RJVVjQ6S7,hi-nrg;synthpop,spotify,artist,1990
jimmy soul,jimmy soul,jimmy soul,jimmy soul,Jimmy Soul,7k4MYPtpz3fAViMuuLi9ry,,none,artist,1963
jimmy velvet,jimmy velvet,jimmy velvet,jimmy velvet,Jimmy Velvet,67WqvGaFBKDUjucrKjAaFA,,none,artist,1965
jimmy wayne,jimmy wayne,jimmy wayne,jimmy wayne,Jimmy Wayne,60h3lZFY2T93K7qxVPrajf,christian country,spotify,artist,2008
jimmy witherspoon,jimmy witherspoon,jimmy witherspoon,jimmy witherspoon,Jimmy Witherspoon,44nM3WIVyb84xoxLOgfJUp,blues;2008 universal fire victim,musicbrainz,artist,1965
jimmy witter,jimmy witter,jimmy witter,jimmy witter,Jimmy Witter,2QQaSfuhgy97XYKAUHVstp,rockabilly;psychobilly,spotify,artist,1961
jin,jin,jin,jin,Jin,7to1UlTpu40h7CpjRPkGqA,vocaloid,spotify,artist,2025
jinny,jinny,jinny,jinny,Jinny,41iU1l6aLVoBpIQMusSbF2,italo house,musicbrainz,artist,1991
jive bunny & the mastermixers,jive bunny & the mastermixers,jive bunny,jive bunny,,,rock;pop;british;uk;rock and roll,musicbrainz,,1990
jivin' gene and the jokers,jivin' gene and the jokers,jivin' gene,jivin gene,Jivin' Gene,3vTSVyoG5zU5ralPeMjQtW,cajun;zydeco,spotify,l2,1959
jo ann & troy,jo ann & troy,jo ann,jo ann,,,,none,,1965
jo ann campbell,jo ann campbell,jo ann campbell,jo ann campbell,Jo Ann Campbell,1PY8j7weiWfQMdTGbTjVxc,rockabilly;traditional country;doo-wop,spotify,artist,1963
jo dee messina,jo dee messina,jo dee messina,jo dee messina,Jo Dee Messina,3ltFy7g6KKQPPttsdOMlq3,country;classic country,spotify,artist,2005
jo dee messina with tim mcgraw,jo dee messina with tim mcgraw,jo dee messina,jo dee messina,Jo Dee Messina,3ltFy7g6KKQPPttsdOMlq3,country;classic country,spotify,l2,2002
jo jo gunne,jo jo gunne,jo jo gunne,jo jo gunne,Jo Jo Gunne,180M0URr7cSwB94IZToyLH,,none,artist,1972
jojo,jojo,jojo,jojo,JoJo,5xuNBZoM7z1Vv8IQ6uM0p6,pop;teen pop;hip hop;soul;pop and chart,musicbrainz,artist,2011
jojo featuring bow wow,jojo,jojo,jojo,JoJo,5xuNBZoM7z1Vv8IQ6uM0p6,pop;teen pop;hip hop;soul;pop and chart,musicbrainz,l1,2005
joan armatrading,joan armatrading,joan armatrading,joan armatrading,Joan Armatrading,1bdAJUX6JPsnYHbTl5jbk6,singer-songwriter,spotify,artist,1983
joan baez,joan baez,joan baez,joan baez,Joan Baez,1EevBGfUh3RSQSGpluxgBm,folk;folk rock;singer-songwriter;traditional folk,spotify,artist,1975
joan jett,joan jett,joan jett,joan jett,Joan Jett,0A2Dl50E08EcI0bcDF8i2o,rock;hard rock;usa;classic rock,musicbrainz,artist,1990
joan jett & the blackhearts,joan jett & the blackhearts,joan jett,joan jett,Joan Jett,0A2Dl50E08EcI0bcDF8i2o,rock;hard rock;usa;classic rock,musicbrainz,l2,1989
joan osborne,joan osborne,joan osborne,joan osborne,Joan Osborne,0djV4iaxhNfYWpH60ia85o,rock;pop;folk;blues rock;country rock,musicbrainz,artist,1996
joanie sommers,joanie sommers,joanie sommers,joanie sommers,Joanie Sommers,64ZUngtVBOg6z3kKagoZhU,northern soul,spotify,artist,1962
joboxers,joboxers,joboxers,joboxers,,,,none,,1983
jocelyn brown,jocelyn brown,jocelyn brown,jocelyn brown,Jocelyn Brown,2ga5ADaBpljQ3YrCh99ZMq,boogie;background vocalist;disco;pop;r&b,musicbrainz,artist,1984
jocelyn enriquez,jocelyn enriquez,jocelyn enriquez,jocelyn enriquez,Jocelyn Enriquez,5hgxMFtaWAhh6LDHdVBZLB,freestyle;funk melody,spotify,artist,1997
jodeci,jodeci,jodeci,jodeci,Jodeci,1eNkUXHPaXyuyC8NAgzykK,new jack swing;quiet storm;r&b,spotify,artist,1996
jodie sands,jodie sands,jodie sands,jodie sands,Jodie Sands,2CwhAAsaeSXrHlA8naUeyV,adult standards,spotify,artist,1958
jody miller,jody miller,jody miller,jody miller,Jody Miller,656TGMl6uRQSQlFRVCKt7w,traditional country,spotify,artist,1971
jody reynolds,jody reynolds,jody reynolds,jody reynolds,Jody Reynolds,4j07I8NDDAMIy4BWc6aqOj,rockabilly,spotify,artist,1958
jody watley,jody watley,jody watley,jody watley,Jody Watley,71aKjsWKYqASAffyIQaocZ,new jack swing;freestyle,spotify,artist,1998
jody watley with eric b. & rakim,jody watley with eric b. & rakim,jody watley,jody watley,Jody Watley,71aKjsWKYqASAffyIQaocZ,new jack swing;freestyle,spotify,l2,1989
joe,joe,joe,joe,Joe,3zTOe1BtyTkwNvYZOxXktX,r&b;quiet storm,spotify,artist,2007
"joe ""bean"" esposito","joe ""bean"" esposito","joe ""bean"" esposito",joe bean esposito,,,,none,,1983
joe barry,joe barry,joe barry,joe barry,Joe Barry,2eMH8MCrUhu9NVcH0Hv83z,cajun;zydeco;modern blues,spotify,artist,1961
joe budden,joe budden,joe budden,joe budden,Joe Budden,1SAugjIcuwNPKS4urSB7A6,hip hop;east coast hip hop;soul and reggae,musicbrainz,artist,2003
joe budden featuring lil wayne & tank,joe budden,joe budden,joe budden,Joe Budden,1SAugjIcuwNPKS4urSB7A6,hip hop;east coast hip hop;soul and reggae,musicbrainz,l1,2013
joe cocker,joe cocker,joe cocker,joe cocker,Joe Cocker,3pFCERyEiP5xeN2EsPXhjI,rock;pop;british;pop rock;rhythm & blues,musicbrainz,artist,1990
joe cocker and jennifer warnes,joe cocker and jennifer warnes,joe cocker,joe cocker,Joe Cocker,3pFCERyEiP5xeN2EsPXhjI,rock;pop;british;pop rock;rhythm & blues,musicbrainz,l2,1983
joe cocker and the chris stainton band,joe cocker and the chris stainton band,joe cocker,joe cocker,Joe Cocker,3pFCERyEiP5xeN2EsPXhjI,rock;pop;british;pop rock;rhythm & blues,musicbrainz,l2,1973
joe cocker with leon russell & the shelter people,joe cocker with leon russell & the shelter people,joe cocker,joe cocker,Joe Cocker,3pFCERyEiP5xeN2EsPXhjI,rock;pop;british;pop rock;rhythm & blues,musicbrainz,l2,1970
joe damiano,joe damiano,joe damiano,joe damiano,,,,none,,1959
joe diffie,joe diffie,joe diffie,joe diffie,Joe Diffie,3THMgU4KdL7LlO5TEREs2g,classic country;country,spotify,artist,2002
joe dolce,joe dolce,joe dolce,joe dolce,Joe Dolce,4wUEfafmKVXlwEiz9RdPFc,aln-sh,musicbrainz,artist,1981
joe dowell,joe dowell,joe dowell,joe dowell,Joe Dowell,1b5taabb9eKSbyzVFVtEjh,,none,artist,1962
joe fagin,joe fagin,joe fagin,joe fagin,Joe Fagin,7uHFuiwBAwAVGXml2UIjKc,pop,musicbrainz,artist,1982
joe featuring g-unit,joe,joe,joe,Joe,3zTOe1BtyTkwNvYZOxXktX,r&b;quiet storm,spotify,l1,2004
joe featuring mystikal,joe,joe,joe,Joe,3zTOe1BtyTkwNvYZOxXktX,r&b;quiet storm,spotify,l1,2001
joe harnell and his orchestra,joe harnell and his orchestra,joe harnell,joe harnell,Joe Harnell,2VSItkPmLJg1zckWeMdT01,,none,l2,1963
joe henderson,joe henderson,joe henderson,joe henderson,Joe Henderson,3BG0nwVh3Gc7cuT4XdsLtt,hard bop;jazz;bebop;free jazz;cool jazz,spotify,artist,1962
joe hinton,joe hinton,joe hinton,joe hinton,Joe Hinton,2KjHHegzN6WkxpPGvkdU4c,northern soul;motown;classic soul,spotify,artist,1964
joe jackson,joe jackson,joe jackson,joe jackson,Joe Jackson,6KOqPxwfNAmZPkiCnDE9yT,new wave;power pop,spotify,artist,1984
joe jonas,joe jonas,joe jonas,joe jonas,Joe Jonas,7gbmX8SsfjEjxDMzBi1ZOL,,none,artist,2011
joe jones,joe jones,joe jones,joe jones,Joe Jones,6gFJPZbJEHf1W1c2uxg1cL,jazz;hard bop;post-bop;bebop,musicbrainz,artist,1961
joe medlin,joe medlin,joe medlin,joe medlin,,,,none,,1959
joe nichols,joe nichols,joe nichols,joe nichols,Joe Nichols,4aJTB79uwT4sP0Nb8QGWHc,country;acoustic country,spotify,artist,2014
joe perkins,joe perkins,joe perkins,joe perkins,Joe Perkins,1sFbpu494RLEGW1JYTSamq,,none,artist,1963
joe public,joe public,joe public,joe public,Joe Public,1wY2joQEGGPsFJvlbTkFaz,new jack swing;contemporary r&b,musicbrainz,artist,1992
joe reisman orch. & chorus,joe reisman orch. & chorus,joe reisman orch.,joe reisman orch,,,,none,,1961
"joe sherman, his orchestra and chorus","joe sherman, his orchestra and chorus",joe sherman,joe sherman,Joe Sherman,5TpFOJbmNiLwu3bluMpxAz,anti-folk;go-go,spotify,l2,1963
joe simon,joe simon,joe simon,joe simon,Joe Simon,1AJg5pSv3kWL1NCVM3QZOP,soul,musicbrainz,artist,1975
joe simon featuring the mainstreeters,joe simon,joe simon,joe simon,Joe Simon,1AJg5pSv3kWL1NCVM3QZOP,soul,musicbrainz,l1,1973
joe south,joe south,joe south,joe south,Joe South,3qhXBCpLtJwCS0nEWiadrC,singer-songwriter;rockabilly;country;classic pop and rock;country soul,musicbrainz,artist,1971
joe south and the believers,joe south and the believers,joe south,joe south,Joe South,3qhXBCpLtJwCS0nEWiadrC,singer-songwriter;rockabilly;country;classic pop and rock;country soul,musicbrainz,l2,1970
joe stampley,joe stampley,joe stampley,joe stampley,Joe Stampley,0bRY1ri3TKSfD5BRU8CvaJ,classic country;traditional country;honky tonk;outlaw country,spotify,artist,1973
joe sun,joe sun,joe sun,joe sun,Joe Sun,69yy2nd13aeAbJuRYknm94,traditional country,spotify,artist,1980
joe tex,joe tex,joe tex,joe tex,Joe Tex,5tWz5OFiXjAOWzGM9lGZRz,soul,musicbrainz,artist,1977
joe turner,joe turner,joe turner,joe turner,Joe Turner,7GuP7k1TX7viMFB59KDLbt,blues;jump blues;r&b;rock and roll;death by heart attack,musicbrainz,artist,1960
joe walsh,joe walsh,joe walsh,joe walsh,Joe Walsh,5bDxAyJiTYBat1YnFJhvEK,classic rock;southern rock,spotify,artist,1983
joel corry x mnek,joel corry x mnek,joel corry,joel corry,Joel Corry,6DgP9otnZw5z6daOntINxp,dance pop,spotify,l2,2020
joel diamond,joel diamond,joel diamond,joel diamond,Joel Diamond,45mL4OArt7eWF8FQ03aQyD,,none,artist,1981
joey b. ellis & tynetta hare,joey b. ellis & tynetta hare,joey b. ellis,joey b ellis,Joey B. Ellis,3enaYEWvKatANTbLxRVMaR,new jack swing,spotify,l2,1991
joey dee,joey dee,joey dee,joey dee,Joey Dee,7AhwU55MQG9KtNtwr9JoZN,doo-wop,spotify,artist,1963
joey dee & the starliters,joey dee & the starliters,joey dee,joey dee,Joey Dee,7AhwU55MQG9KtNtwr9JoZN,doo-wop,spotify,l2,1963
joey heatherton,joey heatherton,joey heatherton,joey heatherton,Joey Heatherton,2ZIeThCJV4PpDwNr6lgSni,northern soul,spotify,artist,1973
joey kid,joey kid,joey kid,joey kid,Joey Kid,6fre5CenwJZSshWcfYfSoD,freestyle;chicago house;funk melody,spotify,artist,1990
joey lawrence,joey lawrence,joey lawrence,joey lawrence,Joey Lawrence,4FsQzIQN32waEatAdYweSJ,new jack swing,spotify,artist,1993
joey mcintyre,joey mcintyre,joey mcintyre,joey mcintyre,Joey McIntyre,3SIW6eVIZSz9V05WsaKIr3,,none,artist,1999
joey powers,joey powers,joey powers,joey powers,Joey Powers,34zudYAaTtp0ulMMSpdcrc,adult standards,spotify,artist,1964
joey scarbury,joey scarbury,joey scarbury,joey scarbury,Joey Scarbury,5V9pNqcN25JXuH88g7lq2o,yacht rock,spotify,artist,1981
joey travolta,joey travolta,joey travolta,joey travolta,Joey Travolta,0srkA3boJm8wdqwBIOPfeD,,none,artist,1978
john & anne ryder,john & anne ryder,john,john,,,,none,,1969
john & ernest,john & ernest,john,john,,,,none,,1973
john & yoko/the plastic ono band with the harlem community choir,john & yoko,john,john,,,,none,,2024
john anderson,john anderson,john anderson,john anderson,John Anderson,3U7k7hBsHF9dy4ELW53Wrv,classic country;country;traditional country,spotify,artist,1983
john baldry,john baldry,john baldry,john baldry,John Baldry,23a7RRnIpe5rS97rEU0MzC,boogie-woogie;blues;blues rock,spotify,artist,1971
john barry and his orchestra,john barry and his orchestra,john barry,john barry,John Barry And His Orchestra,6TmP52vEbVpUASqclk1HDN,calypso,spotify,artist,1965
john belushi,john belushi,john belushi,john belushi,John Belushi,74t3dvHCvHCs5Vcp9l7cvi,actor;death by cocaine;death by heroin,musicbrainz,artist,1978
john cafferty,john cafferty,john cafferty,john cafferty,John Cafferty,0fPK3TAseRcy6sAS8U8pEw,american,musicbrainz,artist,1986
john cafferty & the beaver brown band,john cafferty & the beaver brown band,john cafferty,john cafferty,John Cafferty,0fPK3TAseRcy6sAS8U8pEw,american,musicbrainz,l2,1989
john cougar,john cougar,john cougar,john cougar,,,,none,,1983
john cougar mellencamp,john cougar mellencamp,john cougar mellencamp,john cougar mellencamp,,,,none,,1984
john d. loudermilk,john d. loudermilk,john d. loudermilk,john d loudermilk,John D. Loudermilk,2uZxOKdDo7Uy4M0jDa9DNx,rockabilly;rock and roll,spotify,artist,1962
john davis and the monster orchestra,john davis and the monster orchestra,john davis,john davis,John Davis,7vOhVUYThfNemTFiROHUE8,power pop;gothic rock,spotify,l2,1979
john dawson read,john dawson read,john dawson read,john dawson read,John Dawson Read,7CjTlmzhi8DjyQiXX5i7Mx,,none,artist,1975
john denver,john denver,john denver,john denver,John Denver,7EK1bQADBoqbYXnT4Cqv9w,folk,spotify,artist,1982
john denver & sylvie vartan,john denver & sylvie vartan,john denver,john denver,John Denver,7EK1bQADBoqbYXnT4Cqv9w,folk,spotify,l2,1984
john denver with fat city,john denver with fat city,john denver,john denver,John Denver,7EK1bQADBoqbYXnT4Cqv9w,folk,spotify,l2,1971
john eddie,john eddie,john eddie,john eddie,John Eddie,4CO7qgV1BusQBS6uyi06Ff,roots rock;outlaw country,spotify,artist,1986
john farnham,john farnham,john farnham,john farnham,John Farnham,1QxaPWG1POM8Ul6WwsHq4y,pop;indie pop;indie folk;folk pop;rock and indie,musicbrainz,artist,1990
john fogerty,john fogerty,john fogerty,john fogerty,John Fogerty,5ujCegv1BRbEPTCwQqFk6t,country rock,spotify,artist,1986
john forte,john forte,john forte,john forte,John Forte,1damanY48OjG8KZHLdsSNo,hip hop,musicbrainz,artist,1998
john fred and the playboys,john fred and the playboys,john fred,john fred,John Fred and The Playboys,3Kf1A84nUA6sKk3Gh7VcHb,,none,artist,1968
john gary,john gary,john gary,john gary,John Gary,7JZGn3cCxwdRIoudPO1kNL,adult standards;easy listening,spotify,artist,1964
john handy,john handy,john handy,john handy,John Handy,3Hl3dCaBcrnvBAOMAW4nJR,acid jazz;jazz funk,spotify,artist,1976
john hunter,john hunter,john hunter,john hunter,John Hunter,081z1QFOcaE8U9rKyNJh4U,blues;electric blues;texas blues;electric texas blues,musicbrainz,artist,1985
john kay,john kay,john kay,john kay,John Kay,3IJv5pAua8t2Q5FP79TXOt,acid rock,spotify,artist,1972
john kongos,john kongos,john kongos,john kongos,John Kongos,15KbeP35gI9t2vgYzwsTjj,glam rock,spotify,artist,1971
john lee hooker,john lee hooker,john lee hooker,john lee hooker,John Lee Hooker,1yNOfXGQNGjAynk77wv85x,blues;classic blues;blues rock;soul blues;country blues,spotify,artist,1962
john legend,john legend,john legend,john legend,John Legend,5y2Xq6xcjJb2jVM54GHK3t,soft pop;neo soul,spotify,artist,2020
john legend featuring andre 3000,john legend,john legend,john legend,John Legend,5y2Xq6xcjJb2jVM54GHK3t,soft pop;neo soul,spotify,l1,2009
john legend featuring ludacris,john legend,john legend,john legend,John Legend,5y2Xq6xcjJb2jVM54GHK3t,soft pop;neo soul,spotify,l1,2012
john lennon,john lennon,john lennon,john lennon,John Lennon,4x1nvY2FN8jxqAFA0DA02H,christmas,spotify,artist,1984
john lennon & the plastic ono band,john lennon & the plastic ono band,john lennon,john lennon,John Lennon,4x1nvY2FN8jxqAFA0DA02H,christmas,spotify,l2,1988
john lennon with the plastic ono nuclear band,john lennon with the plastic ono nuclear band,john lennon,john lennon,John Lennon,4x1nvY2FN8jxqAFA0DA02H,christmas,spotify,l2,1975
john lennon/plastic ono band,john lennon,john lennon,john lennon,John Lennon,4x1nvY2FN8jxqAFA0DA02H,christmas,spotify,l1,1971
john lennon/plastic ono band with elephant's memory,john lennon,john lennon,john lennon,John Lennon,4x1nvY2FN8jxqAFA0DA02H,christmas,spotify,l1,1972
john lennon/plastic ono band yoko ono/plastic ono band,john lennon,john lennon,john lennon,John Lennon,4x1nvY2FN8jxqAFA0DA02H,christmas,spotify,l1,1971
john livigni,john livigni,john livigni,john livigni,,,,none,,1975
john mayall,john mayall,john mayall,john mayall,John Mayall,5s4z3mRAE7nxE3jjft8J3h,blues;blues rock;modern blues;classic blues;jazz blues,spotify,artist,1969
john mayer,john mayer,john mayer,john mayer,John Mayer,0hEurMDQu99nJRq8pTxO14,singer-songwriter,spotify,artist,2019
john mayer featuring katy perry,john mayer,john mayer,john mayer,John Mayer,0hEurMDQu99nJRq8pTxO14,singer-songwriter,spotify,l1,2014
john mayer trio,john mayer trio,john mayer trio,john mayer trio,,,,none,,2005
john mellencamp,john mellencamp,john mellencamp,john mellencamp,John Mellencamp,3lPQ2Fk5JOwGWAF3ORFCqH,classic rock,spotify,artist,2006
john mellencamp with me'shell ndegeocello,john mellencamp with me'shell ndegeocello,john mellencamp,john mellencamp,John Mellencamp,3lPQ2Fk5JOwGWAF3ORFCqH,classic rock,spotify,l2,1995
john michael montgomery,john michael montgomery,john michael montgomery,john michael montgomery,John Michael Montgomery,7mPcfx7PhnBh6n4HMCd61A,country;classic country,spotify,artist,2004
john miles,john miles,john miles,john miles,John Miles,4PNJyxFoJUvJnuN4IPVcdw,transition,musicbrainz,artist,1977
john morgan featuring jason aldean,john morgan,john morgan,john morgan,John Morgan,7FetIwKD9uIJFiUwdHfq6g,country,spotify,l1,2025
john newman,john newman,john newman,john newman,John Newman,34v5MVKeQnIo0CWYMbbrPf,pop;soul;pop soul;breakbeat;dance-pop,musicbrainz,artist,2014
john o'banion,john o'banion,john o'banion,john obanion,,,,none,,1981
john ono lennon,john ono lennon,john ono lennon,john ono lennon,,,,none,,1970
john parr,john parr,john parr,john parr,John Parr,3Z1tibPKhUYWCno0IYicCN,rock,musicbrainz,artist,1987
john paul young,john paul young,john paul young,john paul young,John Paul Young,2wMcQIxzH2LYHJZNxo9FcN,,none,artist,1979
john phillips,john phillips,john phillips,john phillips,John Phillips,4oUvJTLyyKeHFItsikiUfU,2008 universal fire victim,musicbrainz,artist,1970
john rich,john rich,john rich,john rich,John Rich,51THHWH97iA2ISvNxUn6Gs,christian country,spotify,artist,2022
john rich featuring the five,john rich,john rich,john rich,John Rich,51THHWH97iA2ISvNxUn6Gs,christian country,spotify,l1,2019
john roberts,john roberts,john roberts,john roberts,John Roberts,5HGXZdpWmmXoDqbCCsBlYt,,none,artist,1967
john rowles,john rowles,john rowles,john rowles,John Rowles,40f70JVK5anPhD3fGoXkra,,none,artist,1971
john schneider,john schneider,john schneider,john schneider,John Schneider,5dk1fnALF9pkgCllupjX2M,classic country;traditional country,spotify,artist,1982
john sebastian,john sebastian,john sebastian,john sebastian,John Sebastian,0b1ZA5JkTkR7GGqSEDR1aS,folk;american;singer-songwriter;folk rock;contemporary folk,musicbrainz,artist,1976
john stewart,john stewart,john stewart,john stewart,john stewart,6oUwknumyEJaBWec90XyoO,folk,musicbrainz,artist,1980
john taylor,john taylor,john taylor,john taylor,John Taylor,0o9WWL7JAXnjjvUNyPwWTF,jazz,spotify,artist,1986
john travolta,john travolta,john travolta,john travolta,John Travolta,4hKkEHkaqCsyxNxXEsszVH,musicals,spotify,artist,1978
john travolta & olivia newton-john,john travolta & olivia newton-john,john travolta,john travolta,John Travolta,4hKkEHkaqCsyxNxXEsszVH,musicals,spotify,l2,1978
"john travolta, olivia newton-john & grease cast","john travolta, olivia newton-john & grease cast",john travolta,john travolta,John Travolta,4hKkEHkaqCsyxNxXEsszVH,musicals,spotify,l2,1978
john valenti,john valenti,john valenti,john valenti,John Valenti,1Z4s7wNdcuXJ6UBrAI0tGX,aor;soft rock;northern soul,spotify,artist,1976
john w. anderson presents kasandra,john w. anderson presents kasandra,john w. anderson presents kasandra,john w anderson presents kasandra,,,,none,,1968
john waite,john waite,john waite,john waite,John Waite,2TPyCsRoh2tjeZLTQ2ojlj,arena rock,spotify,artist,1995
"john wesley ryles, i","john wesley ryles, i",john wesley ryles,john wesley ryles,"John Wesley Ryles, I",7B5i4R1EnX6Gskv6cIBZUs,,none,artist,1969
john williams,john williams,john williams,john williams,John Williams,0HBESaOJXoy3IZcAiEr5y5,traditional folk;celtic,spotify,artist,1978
"john williams/""jaws"" soundtrack",john williams,john williams,john williams,John Williams,0HBESaOJXoy3IZcAiEr5y5,traditional folk;celtic,spotify,l1,1975
johnnie & joe,johnnie & joe,johnnie,johnnie,Johnnie & Joe,1LsEATjRzbAZRkF0vkLLgd,doo-wop,spotify,artist,1960
johnnie morisette,johnnie morisette,johnnie morisette,johnnie morisette,Johnnie Morisette,4cWccQkyh0amEhbSlfhYRt,boogie-woogie,spotify,artist,1962
johnnie ray,johnnie ray,johnnie ray,johnnie ray,Johnnie Ray,6SQKNCUKIWjR1pQ1U3PZZq,adult standards,spotify,artist,1959
johnnie taylor,johnnie taylor,johnnie taylor,johnnie taylor,Johnnie Taylor,4OGuNAnRFWZOgOA2d51taz,blues;soul blues;footwork;zydeco;classic soul,spotify,artist,1977
johnnie taylor (the soul philosopher),johnnie taylor,johnnie taylor,johnnie taylor,Johnnie Taylor,4OGuNAnRFWZOgOA2d51taz,blues;soul blues;footwork;zydeco;classic soul,spotify,l1,1972
johnny adams,johnny adams,johnny adams,johnny adams,Johnny Adams,56iUqx4oOGMHS94kgFQNA2,folk punk,spotify,artist,1969
johnny and the hurricanes,johnny and the hurricanes,johnny,johnny,Johnny And The Hurricanes,2ofRLKfL33SIVXFCFUqM3k,roots rock;rockabilly,spotify,artist,1961
johnny beecher and his buckingham road quintet,johnny beecher and his buckingham road quintet,johnny beecher,johnny beecher,Johnny Beecher,08eFqT258lUnHb3Ospjs84,,none,l2,1963
johnny bond,johnny bond,johnny bond,johnny bond,Johnny Bond,3oY80B5wwJ7TH3inVejOQ0,,none,artist,1965
johnny bristol,johnny bristol,johnny bristol,johnny bristol,Johnny Bristol,0F4yfY9manxJrgsfwbXdZa,classic soul;philly soul;motown;soul;northern soul,spotify,artist,1977
johnny burnette,johnny burnette,johnny burnette,johnny burnette,Johnny Burnette,3PrFCybHMqrcPls31JxoIl,doo-wop;rock and roll;rockabilly;motown,spotify,artist,1961
johnny cash,johnny cash,johnny cash,johnny cash,Johnny Cash,6kACVPfCOnqzgfEF5ryl0x,classic country;outlaw country;country,spotify,artist,1971
johnny cash & june carter,johnny cash & june carter,johnny cash,johnny cash,Johnny Cash,6kACVPfCOnqzgfEF5ryl0x,classic country;outlaw country;country,spotify,l2,1970
johnny cash and the tennessee three,johnny cash and the tennessee three,johnny cash,johnny cash,Johnny Cash,6kACVPfCOnqzgfEF5ryl0x,classic country;outlaw country;country,spotify,l2,1976
johnny cash and the tennessee two,johnny cash and the tennessee two,johnny cash,johnny cash,Johnny Cash,6kACVPfCOnqzgfEF5ryl0x,classic country;outlaw country;country,spotify,l2,1960
johnny cash with the gene lowery singers,johnny cash with the gene lowery singers,johnny cash,johnny cash,Johnny Cash,6kACVPfCOnqzgfEF5ryl0x,classic country;outlaw country;country,spotify,l2,1961
johnny caswell,johnny caswell,johnny caswell,johnny caswell,Johnny Caswell,5K3olUPdZjhVOUHV2HqmUQ,northern soul;philly soul,spotify,artist,1963
johnny crawford,johnny crawford,johnny crawford,johnny crawford,Johnny Crawford,48QdHdRanCXdBt6lygsDES,doo-wop,spotify,artist,1964
johnny cymbal,johnny cymbal,johnny cymbal,johnny cymbal,Johnny Cymbal,2lxV0uK5as9Fi6hFlW1Cgh,doo-wop;rockabilly,spotify,artist,1963
johnny ferguson,johnny ferguson,johnny ferguson,johnny ferguson,Johnny Ferguson,5ZbogEKxSeWA1yRxjEQaKU,indie pop,spotify,artist,1960
johnny gibson,johnny gibson,johnny gibson,johnny gibson,Johnny Gibson,42o30EsZDua3ocRwE5FOH7,,none,artist,1962
johnny gill,johnny gill,johnny gill,johnny gill,Johnny Gill,7oHzn7edwmrYClrPRINkbn,new jack swing;quiet storm,spotify,artist,1997
johnny gill featuring roger troutman,johnny gill,johnny gill,johnny gill,Johnny Gill,7oHzn7edwmrYClrPRINkbn,new jack swing;quiet storm,spotify,l1,1997
johnny guitar watson,johnny guitar watson,johnny guitar watson,johnny guitar watson,,,funk;soul;blues;electric blues;rhythm and blues,musicbrainz,,1977
johnny hates jazz,johnny hates jazz,johnny hates jazz,johnny hates jazz,Johnny Hates Jazz,6zpPKMhpOoG646kJgZ7RKf,new wave;synthpop,spotify,artist,1988
johnny horton,johnny horton,johnny horton,johnny horton,Johnny Horton,1bBZcz4jP7CoPlqpCFh4gz,classic country;rockabilly;honky tonk,spotify,artist,1962
johnny kemp,johnny kemp,johnny kemp,johnny kemp,Johnny Kemp,2u8hDu5KBMpvneOV8Th3LE,new jack swing,spotify,artist,1989
johnny lee,johnny lee,johnny lee,johnny lee,Johnny Lee,45rAZqRt5nUUMatQzk8qJu,classic country;country,spotify,artist,1981
johnny lytle,johnny lytle,johnny lytle,johnny lytle,Johnny Lytle,1YENA5yMZMS2ta6wzLKWPg,soul jazz;northern soul;hard bop,spotify,artist,1966
johnny maestro,johnny maestro,johnny maestro,johnny maestro,Johnny Maestro,1pXoY8oTJtPVGsrB4jmCRw,doo-wop,spotify,artist,1961
johnny maestro the voice of the crests,johnny maestro the voice of the crests,johnny maestro the voice of the crests,johnny maestro the voice of the crests,,,,none,,1961
johnny maestro with the coeds,johnny maestro with the coeds,johnny maestro,johnny maestro,Johnny Maestro,1pXoY8oTJtPVGsrB4jmCRw,doo-wop,spotify,l2,1961
johnny mathis,johnny mathis,johnny mathis,johnny mathis,Johnny Mathis,21LGsW7bziR4Ledx7WZ1Wf,christmas,spotify,artist,1984
johnny mathis & deniece williams,johnny mathis & deniece williams,johnny mathis,johnny mathis,Johnny Mathis,21LGsW7bziR4Ledx7WZ1Wf,christmas,spotify,l2,1978
johnny mathis/deniece williams,johnny mathis,johnny mathis,johnny mathis,Johnny Mathis,21LGsW7bziR4Ledx7WZ1Wf,christmas,spotify,l1,1978
johnny nash,johnny nash,johnny nash,johnny nash,Johnny Nash,0nAVvgfE9yI4DwvMiYwk8a,rocksteady;pop soul;pop reggae;2008 universal fire victim;classic pop and rock,musicbrainz,artist,1974
johnny o,johnny o,johnny o,johnny o,,,,none,,1994
johnny otis,johnny otis,johnny otis,johnny otis,Johnny Otis,5PGt6fQNjLKhYYeGLWKWcM,doo-wop;rockabilly;jazz blues,spotify,artist,1958
johnny paycheck,johnny paycheck,johnny paycheck,johnny paycheck,Johnny Paycheck,0DchahWJGQqrqr8PMM5zQD,outlaw country;classic country;honky tonk;country;traditional country,spotify,artist,1971
johnny preston,johnny preston,johnny preston,johnny preston,Johnny Preston,0aZTXxE3Oe5e6i8lD5iklP,rock and roll,musicbrainz,artist,1961
johnny restivo,johnny restivo,johnny restivo,johnny restivo,Johnny Restivo,0RHOoF3Gk8xeWJyozvvvle,rockabilly,spotify,artist,1959
johnny rivers,johnny rivers,johnny rivers,johnny rivers,Johnny Rivers,3TiISqKS6ESlMQ4WFfZJw2,pop rock;rock;singer-songwriter;rock and roll;rock and indie,musicbrainz,artist,1978
johnny rivers & friends,johnny rivers & friends,johnny rivers,johnny rivers,Johnny Rivers,3TiISqKS6ESlMQ4WFfZJw2,pop rock;rock;singer-songwriter;rock and roll;rock and indie,musicbrainz,l2,1970
johnny rodriguez,johnny rodriguez,johnny rodriguez,johnny rodriguez,Johnny Rodriguez,5hYruMimtF8axJGLsFpfoU,classic country;traditional country;outlaw country;honky tonk,spotify,artist,1974
johnny sea,johnny sea,johnny sea,johnny sea,Johnny Sea,02VofvbHlWLIGTd4Ttvndm,,none,artist,1966
johnny t. angel,johnny t. angel,johnny t. angel,johnny t angel,,,,none,,1974
johnny thunder,johnny thunder,johnny thunder,johnny thunder,Johnny Thunder,3vKYWZYE87GXDo6C3A7iG3,neo-psychedelic,spotify,artist,1965
johnny thunder & ruby winters,johnny thunder & ruby winters,johnny thunder,johnny thunder,Johnny Thunder,3vKYWZYE87GXDo6C3A7iG3,neo-psychedelic,spotify,l2,1967
johnny tillotson,johnny tillotson,johnny tillotson,johnny tillotson,Johnny Tillotson,36msvw9B10rxW90NSQ2794,doo-wop,spotify,artist,1965
johnny wakelin & the kinshasa band,johnny wakelin & the kinshasa band,johnny wakelin,johnny wakelin,Johnny Wakelin,7s8sBDHfKZL7gFBtdObnTm,,none,l2,1975
johnny williams,johnny williams,johnny williams,johnny williams,Johnny Williams,6FEEG3SQE1vZX4LZ3ATXms,,none,artist,1973
johnny winter,johnny winter,johnny winter,johnny winter,Johnny Winter,2ODUxmFxJSyvGiimNhMHbO,blues;blues rock;classic blues;modern blues;southern rock,spotify,artist,1971
johnny and the expressions,johnny and the expressions,johnny,johnny,Johnny and the Expressions,1ZWqPynUpS5f0jNEGw6dYu,,none,artist,1966
"joiner, arkansas junior high school band","joiner, arkansas junior high school band",joiner,joiner,Joiner,7JlMMmd03EDX3KupBZwN4d,,none,l2,1960
joji,joji,joji,joji,Joji,3MZsBdqDrRTJihTHQrO6Dq,lo-fi hip hop;ballad;r&b/soul;trip hop;alt-pop,musicbrainz,artist,2022
jomanda,jomanda,jomanda,jomanda,Jomanda,09xC3MewWz48F1OpYckXTZ,chicago house;acid house;new jack swing;hip house,spotify,artist,1993
jon & robin,jon & robin,jon,jon,Jon & Robin,1GdPCwrerFsj8OT1o7dkLS,,none,artist,1967
jon & robin and the in crowd,jon & robin and the in crowd,jon,jon,,,,none,,1968
jon & vangelis,jon & vangelis,jon,jon,Jon & Vangelis,5gS1uXayWA0WJPgcRqNIae,new age;progressive rock,spotify,artist,1982
jon astley,jon astley,jon astley,jon astley,Jon Astley,1I8A3N4AgFS3geeMC8uh8I,british,musicbrainz,artist,1988
jon b,jon b,jon b,jon b,,,contemporary r&b;hip hop rnb and dance hall,musicbrainz,,2001
jon b. featuring babyface,jon b.,jon b.,jon b,Jon B.,3SRJWVa6lZnqRHOyAHmDrX,r&b;quiet storm,spotify,l1,1995
jon bellion,jon bellion,jon bellion,jon bellion,Jon Bellion,50JJSqHUf2RQ9xsHs0KMHg,hip hop;pop,musicbrainz,artist,2017
jon bon jovi,jon bon jovi,jon bon jovi,jon bon jovi,Jon Bon Jovi,6h2bWHWTJL38N8dqocVaif,hard rock;pop rock;glam metal;rock;singer-songwriter,musicbrainz,artist,1991
jon butcher axis,jon butcher axis,jon butcher axis,jon butcher axis,Jon Butcher Axis,29iYPp3BSrMl72zDV17pem,aor;modern blues;arena rock,spotify,artist,1985
jon pardi,jon pardi,jon pardi,jon pardi,Jon Pardi,4MoAOfV4ROWofLG3a3hhBN,country;acoustic country,spotify,artist,2023
jon secada,jon secada,jon secada,jon secada,Jon Secada,10n1KB2sjTrGdyuC83y8jW,latin pop;pop;classic pop and rock,musicbrainz,artist,1997
jon thomas and orchestra,jon thomas and orchestra,jon thomas,jon thomas,Jon Thomas and Orchestra,1LDgwdbEfQ95ez3EcCuNwc,,none,artist,1960
jonas blue featuring dakota,jonas blue,jonas blue,jonas blue,Jonas Blue,1HBjj22wzbscIZ9sEb5dyf,tropical house,spotify,l1,2016
jonas brothers,jonas brothers,jonas brothers,jonas brothers,Jonas Brothers,7gOdHgIoIKoe4i9Tta6qdD,teen pop;pop rock;post-emo;pop and chart;emo-pop,musicbrainz,artist,2025
jonas brothers featuring karol g,jonas brothers,jonas brothers,jonas brothers,Jonas Brothers,7gOdHgIoIKoe4i9Tta6qdD,teen pop;pop rock;post-emo;pop and chart;emo-pop,musicbrainz,l1,2020
"jonathan bailey featuring ariana grande, ethan slater, marissa bode & cynthia erivo",jonathan bailey,jonathan bailey,jonathan bailey,Jonathan Bailey,2Je7IdIHe8UvZbLXdapQ26,musicals,spotify,l1,2024
jonathan butler,jonathan butler,jonathan butler,jonathan butler,Jonathan Butler,5gl2M2G5Dn5XTEW30iMMoD,smooth jazz;gospel,spotify,artist,1987
jonathan cain,jonathan cain,jonathan cain,jonathan cain,Jonathan Cain,4Vwf3WKaTL7xeAIsfQF1CV,,none,artist,1976
jonathan edwards,jonathan edwards,jonathan edwards,jonathan edwards,Jonathan Edwards,7gyVuJLsatWofXCAw1SGxM,folk;singer-songwriter;country;contemporary folk,musicbrainz,artist,1972
jonathan king,jonathan king,jonathan king,jonathan king,Jonathan King,0dmIrugjfUDvm0Pwbl3EdH,,none,artist,1966
jonell & method man,jonell & method man,jonell,jonell,Jonell,0uebtFau58l3Klv0F4vNmS,,none,l2,2002
joni james,joni james,joni james,joni james,Joni James,0hiq5HixjjN3gtSXLZmnBw,adult standards;vocal jazz,spotify,artist,1961
joni mitchell,joni mitchell,joni mitchell,joni mitchell,Joni Mitchell,5hW4L92KnC6dX9t7tYM4Ve,folk;singer-songwriter;folk rock,spotify,artist,1986
jonn hart featuring iamsu!,jonn hart,jonn hart,jonn hart,Jonn Hart,7vMpNua6oKT52WWHNUJ1No,contemporary r&b,musicbrainz,l1,2013
joose,joose,joose,joose,Joose,5b0gjkewEFpBLASK87phSP,,none,artist,1997
jordan adetunji,jordan adetunji,jordan adetunji,jordan adetunji,Jordan Adetunji,0jPHHnU8GUWEF7rwPE9osY,sexy drill,spotify,artist,2024
jordan davis,jordan davis,jordan davis,jordan davis,Jordan Davis,77kULmXAQ6vWer7IIHdGzI,country;pop country,spotify,artist,2025
jordan davis featuring luke bryan,jordan davis,jordan davis,jordan davis,Jordan Davis,77kULmXAQ6vWer7IIHdGzI,country;pop country,spotify,l1,2022
jordan hill,jordan hill,jordan hill,jordan hill,Jordan Hill,6Jn6fFQq2HuE4hLiRFa42K,,none,artist,1996
jordan knight,jordan knight,jordan knight,jordan knight,Jordan Knight,3535K20yQ8KqxheH4mEzND,teen pop;dance-pop,musicbrainz,artist,1999
jordan pruitt,jordan pruitt,jordan pruitt,jordan pruitt,Jordan Pruitt,1JfkqBTXs6VC3JZ7RJNu7h,,none,artist,2007
jordan smith,jordan smith,jordan smith,jordan smith,Jordan Smith,41Y6qeruScUZ9h0dbFEfoK,pop;contemporary christian;contemporary gospel,musicbrainz,artist,2016
jordan smith & adam levine,jordan smith & adam levine,jordan smith,jordan smith,Jordan Smith,41Y6qeruScUZ9h0dbFEfoK,pop;contemporary christian;contemporary gospel,musicbrainz,l2,2016
jordin sparks,jordin sparks,jordin sparks,jordin sparks,Jordin Sparks,2AQjGvtT0pFYfxR3neFcvz,pop;contemporary r&b;dance-pop;hip hop rnb and dance hall;american idol,musicbrainz,artist,2011
jordin sparks duet with chris brown,jordin sparks duet with chris brown,jordin sparks,jordin sparks,Jordin Sparks,2AQjGvtT0pFYfxR3neFcvz,pop;contemporary r&b;dance-pop;hip hop rnb and dance hall;american idol,musicbrainz,l2,2008
jordy,jordy,jordy,jordy,JORDY,0p9SPN0Vhv6aDRZCz4W13E,pop;queer;lgbtqi,musicbrainz,artist,1993
jorgen ingmann & his guitar,jorgen ingmann & his guitar,jorgen ingmann,jorgen ingmann,,,,none,,1961
jose feliciano,jose feliciano,jose feliciano,jose feliciano,Jose Feliciano,5rSwU305qzQEGoHs4Id5vq,latin pop;bolero;pop;acoustic guitar;latin,musicbrainz,artist,2025
jose jimenez,jose jimenez,jose jimenez,jose jimenez,Jose Jimenez,7d0GXv6gFuxPDxYGZ0mbDk,,none,artist,1961
josh gracin,josh gracin,josh gracin,josh gracin,Josh Gracin,1456WwI15Lm9CktCzkLZvm,country;acoustic country,spotify,artist,2008
josh groban,josh groban,josh groban,josh groban,Josh Groban,6cXMpsP9x0SH4kFfMyVezF,christmas,spotify,artist,2006
josh groban & the african children's choir,josh groban & the african children's choir,josh groban,josh groban,Josh Groban,6cXMpsP9x0SH4kFfMyVezF,christmas,spotify,l2,2007
josh kaufman,josh kaufman,josh kaufman,josh kaufman,Josh Kaufman,3kKgcBXTgyAZhXPV3AaSZc,,none,artist,2014
josh kelley,josh kelley,josh kelley,josh kelley,Josh Kelley,1yLlQimDTRrACa45u50LXW,rock;american;blues rock;pop rock,musicbrainz,artist,2011
josh ross,josh ross,josh ross,josh ross,Josh Ross,1ZGTSMjK1D2HrpPTOh916U,country,spotify,artist,2025
josh thompson,josh thompson,josh thompson,josh thompson,Josh Thompson,4BuyNtIXCdb4fHesOdR3io,country,spotify,artist,2010
josh turner,josh turner,josh turner,josh turner,Josh Turner,7vCtweS8UVAXTyau2j0rDT,country;christian country,spotify,artist,2017
josh turner featuring trisha yearwood,josh turner,josh turner,josh turner,Josh Turner,7vCtweS8UVAXTyau2j0rDT,country;christian country,spotify,l1,2008
joshua kadison,joshua kadison,joshua kadison,joshua kadison,Joshua Kadison,2VrP5BkyzDhY43dWMlaYjD,,none,artist,1995
joshua radin,joshua radin,joshua radin,joshua radin,Joshua Radin,7omzannyG2lfDqP5xyZo34,folk rock;américain;acoustic;usa;american,musicbrainz,artist,2008
josie cotton,josie cotton,josie cotton,josie cotton,Josie Cotton,3cLCoFmTc8zHOP26agi4dC,new wave;power pop,spotify,artist,1984
joss stone,joss stone,joss stone,joss stone,Joss Stone,7bvcQXJHkFiN1ppIN3q4fi,neo soul,spotify,artist,2007
journey,journey,journey,journey,Journey,0rvjqX7ttXeg3mTy8Xscbt,aor;classic rock,spotify,artist,1997
joy of cooking,joy of cooking,joy of cooking,joy of cooking,Joy Of Cooking,76sETeecYEhjZp9iPi7F0h,folk rock,musicbrainz,artist,1971
"joyce ""fenderella"" irby","joyce ""fenderella"" irby","joyce ""fenderella"" irby",joyce fenderella irby,,,,none,,1990
joyce cobb,joyce cobb,joyce cobb,joyce cobb,Joyce Cobb,3cG0EWvyO2JGkNLL0ecizy,soul blues,spotify,artist,1980
joyce kennedy & jeffrey osborne,joyce kennedy & jeffrey osborne,joyce kennedy,joyce kennedy,Joyce Kennedy,7r0bFUc05YM7efmauBeOKw,,none,l2,1984
joyner lucas & chris brown,joyner lucas & chris brown,joyner lucas,joyner lucas,Joyner Lucas,6C1ohJrd5VydigQtaGy5Wa,hip hop;east coast hip hop,musicbrainz,l2,2018
joyner lucas & j. cole,joyner lucas & j. cole,joyner lucas,joyner lucas,Joyner Lucas,6C1ohJrd5VydigQtaGy5Wa,hip hop;east coast hip hop,musicbrainz,l2,2021
joyner lucas & jelly roll,joyner lucas & jelly roll,joyner lucas,joyner lucas,Joyner Lucas,6C1ohJrd5VydigQtaGy5Wa,hip hop;east coast hip hop,musicbrainz,l2,2024
joyner lucas & lil baby,joyner lucas & lil baby,joyner lucas,joyner lucas,Joyner Lucas,6C1ohJrd5VydigQtaGy5Wa,hip hop;east coast hip hop,musicbrainz,l2,2021
joyner lucas featuring logic,joyner lucas,joyner lucas,joyner lucas,Joyner Lucas,6C1ohJrd5VydigQtaGy5Wa,hip hop;east coast hip hop,musicbrainz,l1,2019
jr. walker & the all stars,jr. walker & the all stars,jr. walker,jr walker,Jr. Walker & The All Stars,1rHh0AI30JhKrbzKIFjFNd,motown;northern soul;classic soul;soul,spotify,artist,1972
juanes,juanes,juanes,juanes,Juanes,0UWZUmn7sybxMCqrw9tGa7,latin pop;colombian pop;rock en español,spotify,artist,2008
jud strunk,jud strunk,jud strunk,jud strunk,Jud Strunk,3Q68nynET81w3iLWZYEBVU,,none,artist,1975
judas priest,judas priest,judas priest,judas priest,Judas Priest,2tRsMl4eGxwoNabM08Dm4I,heavy metal;metal;hard rock;glam metal,spotify,artist,1982
jude cole,jude cole,jude cole,jude cole,Jude Cole,6MxIoQ7GT947XGYca2irUU,aor;arena rock,spotify,artist,1993
judson spence,judson spence,judson spence,judson spence,Judson Spence,2iDXfUayTfaawalL8HDDj6,,none,artist,1989
judy cheeks,judy cheeks,judy cheeks,judy cheeks,Judy Cheeks,0H7YdwJ8xgHzCOECgiwZau,r&b;disco;house,musicbrainz,artist,1978
judy clay & william bell,judy clay & william bell,judy clay,judy clay,Judy Clay,6Bez6xFXAhRw4XTYVhUekp,northern soul;classic soul;soul,spotify,l2,1968
judy collins,judy collins,judy collins,judy collins,Judy Collins,5yzE49FicYiSxN61oaxkNn,folk;folk rock;baroque pop,spotify,artist,1979
juelz santana,juelz santana,juelz santana,juelz santana,Juelz Santana,6Uh8uJyN9g7oFjDK16nJgb,hip hop;east coast hip hop,musicbrainz,artist,2006
juice newton,juice newton,juice newton,juice newton,Juice Newton,4L1z1IcfK7lbqx8izGHaw5,country,musicbrainz,artist,1984
juice wrld,juice wrld,juice wrld,juice wrld,Juice WRLD,4MCBfE4596Uoi2O4DtmEMz,melodic rap;emo rap,spotify,artist,2025
juice wrld & justin bieber,juice wrld & justin bieber,juice wrld,juice wrld,Juice WRLD,4MCBfE4596Uoi2O4DtmEMz,melodic rap;emo rap,spotify,l2,2022
juice wrld & marshmello featuring polo g & the kid laroi,juice wrld & marshmello,juice wrld,juice wrld,Juice WRLD,4MCBfE4596Uoi2O4DtmEMz,melodic rap;emo rap,spotify,l2,2020
juice wrld & nicki minaj,juice wrld & nicki minaj,juice wrld,juice wrld,Juice WRLD,4MCBfE4596Uoi2O4DtmEMz,melodic rap;emo rap,spotify,l2,2024
juice wrld & suga,juice wrld & suga,juice wrld,juice wrld,Juice WRLD,4MCBfE4596Uoi2O4DtmEMz,melodic rap;emo rap,spotify,l2,2021
juice wrld & the weeknd,juice wrld & the weeknd,juice wrld,juice wrld,Juice WRLD,4MCBfE4596Uoi2O4DtmEMz,melodic rap;emo rap,spotify,l2,2020
juice wrld & trippie redd,juice wrld & trippie redd,juice wrld,juice wrld,Juice WRLD,4MCBfE4596Uoi2O4DtmEMz,melodic rap;emo rap,spotify,l2,2020
juice wrld & young thug,juice wrld & young thug,juice wrld,juice wrld,Juice WRLD,4MCBfE4596Uoi2O4DtmEMz,melodic rap;emo rap,spotify,l2,2021
juice wrld & youngboy never broke again,juice wrld & youngboy never broke again,juice wrld,juice wrld,Juice WRLD,4MCBfE4596Uoi2O4DtmEMz,melodic rap;emo rap,spotify,l2,2020
juice wrld featuring lil uzi vert,juice wrld,juice wrld,juice wrld,Juice WRLD,4MCBfE4596Uoi2O4DtmEMz,melodic rap;emo rap,spotify,l1,2018
juice wrld x halsey,juice wrld x halsey,juice wrld,juice wrld,Juice WRLD,4MCBfE4596Uoi2O4DtmEMz,melodic rap;emo rap,spotify,l2,2020
juice wrld x benny blanco,juice wrld x benny blanco,juice wrld,juice wrld,Juice WRLD,4MCBfE4596Uoi2O4DtmEMz,melodic rap;emo rap,spotify,l2,2020
juice wrld x marshmello,juice wrld x marshmello,juice wrld,juice wrld,Juice WRLD,4MCBfE4596Uoi2O4DtmEMz,melodic rap;emo rap,spotify,l2,2020
"juice wrld, clever & post malone","juice wrld, clever & post malone",juice wrld,juice wrld,Juice WRLD,4MCBfE4596Uoi2O4DtmEMz,melodic rap;emo rap,spotify,l2,2021
"juice wrld, eminem & benny blanco","juice wrld, eminem & benny blanco",juice wrld,juice wrld,Juice WRLD,4MCBfE4596Uoi2O4DtmEMz,melodic rap;emo rap,spotify,l2,2024
"juice wrld, polo g & trippie redd","juice wrld, polo g & trippie redd",juice wrld,juice wrld,Juice WRLD,4MCBfE4596Uoi2O4DtmEMz,melodic rap;emo rap,spotify,l2,2021
juicy j featuring big sean & young jeezy,juicy j,juicy j,juicy j,Juicy J,5gCRApTajqwbnHHPbr2Fpi,crunk,spotify,l1,2013
juicy j featuring lil wayne & 2 chainz,juicy j,juicy j,juicy j,Juicy J,5gCRApTajqwbnHHPbr2Fpi,crunk,spotify,l1,2013
juicy j featuring wale & trey songz,juicy j,juicy j,juicy j,Juicy J,5gCRApTajqwbnHHPbr2Fpi,crunk,spotify,l1,2014
"juicy j, wiz khalifa & ty dolla $ign featuring kill the noise & madsonik","juicy j, wiz khalifa & ty dolla $ign",juicy j,juicy j,Juicy J,5gCRApTajqwbnHHPbr2Fpi,crunk,spotify,l2,2015
jules shear,jules shear,jules shear,jules shear,Jules Shear,1NEZJBSrARPOusiStgoIQ9,american;singer-songwriter,musicbrainz,artist,1985
julia michaels,julia michaels,julia michaels,julia michaels,Julia Michaels,0ZED1XzwlLHW4ZaG4lOT6m,pop,musicbrainz,artist,2017
julian cope,julian cope,julian cope,julian cope,Julian Cope,5sMku8iI6FH3ypZTErz4kv,neo-psychedelic;jangle pop,spotify,artist,1987
julian lennon,julian lennon,julian lennon,julian lennon,Julian Lennon,4Tvos0a5rRrBu4Oodu5f79,rock;soft rock,musicbrainz,artist,1989
juliana hatfield,juliana hatfield,juliana hatfield,juliana hatfield,Juliana Hatfield,4L1danWWAgSc0b7nBgY9CB,power pop,spotify,artist,1995
julianne hough,julianne hough,julianne hough,julianne hough,Julianne Hough,3fwF8dJ81843s3dcRvThWf,,none,artist,2008
julie,julie,julie,julie,julie,3VNzWLePg9jTvQ2ximYOzW,shoegaze,spotify,artist,1976
julie andrews-dick van dyke,julie andrews-dick van dyke,julie andrews-dick van dyke,julie andrewsdick van dyke,,,,none,,1965
julie monday,julie monday,julie monday,julie monday,Julie Monday,32ukQDkOq2SJIaiOGaHv7W,,none,artist,1966
julie roberts,julie roberts,julie roberts,julie roberts,Julie Roberts,5sXhYkm9PpLn5R70U2T6Ba,traditional country,spotify,artist,2004
julie rogers,julie rogers,julie rogers,julie rogers,Julie Rogers,4SgVjVQjtQVDYyXhZD5d5L,,none,artist,1965
juliet roberts,juliet roberts,juliet roberts,juliet roberts,Juliet Roberts,3sz2zWRx7TqW0Q1BOsxSbA,jazz;british;video game;soul;classic pop and rock,musicbrainz,artist,1994
juliet simms,juliet simms,juliet simms,juliet simms,Juliet Simms,1hlXIybvN1I8r3ooBEkYRh,rock,musicbrainz,artist,2012
julio iglesias & diana ross,julio iglesias & diana ross,julio iglesias,julio iglesias,Julio Iglesias,4etuCZVdP8yiNPn4xf0ie5,bolero,spotify,l2,1984
julio iglesias and willie nelson,julio iglesias and willie nelson,julio iglesias,julio iglesias,Julio Iglesias,4etuCZVdP8yiNPn4xf0ie5,bolero,spotify,l2,1984
julio iglesias featuring stevie wonder,julio iglesias,julio iglesias,julio iglesias,Julio Iglesias,4etuCZVdP8yiNPn4xf0ie5,bolero,spotify,l1,1988
jump 'n the saddle,jump 'n the saddle,jump 'n the saddle,jump n the saddle,,,,none,,1984
jumpin' gene simmons,jumpin' gene simmons,jumpin' gene simmons,jumpin gene simmons,Jumpin' Gene Simmons,3hGdfAN24DNSTF1p0B82Cx,rockabilly,spotify,artist,1964
june valli,june valli,june valli,june valli,June Valli,1KmKEXZocALOJhgHl7VxNi,adult standards;vocal jazz,spotify,artist,1960
jung kook,jung kook,jung kook,jung kook,Jung Kook,6HaGTQPmzraVmaVxvz6EUc,k-pop,spotify,artist,2024
jung kook & jack harlow,jung kook & jack harlow,jung kook,jung kook,Jung Kook,6HaGTQPmzraVmaVxvz6EUc,k-pop,spotify,l2,2023
jung kook featuring latto,jung kook,jung kook,jung kook,Jung Kook,6HaGTQPmzraVmaVxvz6EUc,k-pop,spotify,l1,2023
junior,junior,junior,junior,,,blues;chicago blues;electric blues;rhythm & blues,musicbrainz,,1982
junior h,junior h,junior h,junior h,Junior H,7Gi6gjaWy3DxyilpF1a8Is,corridos tumbados;corrido;corridos bélicos;sad sierreño;sierreño,spotify,artist,2024
junior h x oscar maydon,junior h x oscar maydon,junior h,junior h,Junior H,7Gi6gjaWy3DxyilpF1a8Is,corridos tumbados;corrido;corridos bélicos;sad sierreño;sierreño,spotify,l2,2023
junior h x peso pluma,junior h x peso pluma,junior h,junior h,Junior H,7Gi6gjaWy3DxyilpF1a8Is,corridos tumbados;corrido;corridos bélicos;sad sierreño;sierreño,spotify,l2,2023
junior m.a.f.i.a.,junior m.a.f.i.a.,junior m.a.f.i.a.,junior mafia,Junior M.A.F.I.A.,3r0OeTcOw37N9juMYyyw39,east coast hip hop;old school hip hop,spotify,artist,1995
junior m.a.f.i.a. featuring the notorious b.i.g.,junior m.a.f.i.a.,junior m.a.f.i.a.,junior mafia,Junior M.A.F.I.A.,3r0OeTcOw37N9juMYyyw39,east coast hip hop;old school hip hop,spotify,l1,1996
junior parker,junior parker,junior parker,junior parker,Junior Parker,6XYy5PbBFvsABSY2ZS6R8u,soul blues,spotify,artist,1963
just us,just us,just us,just us,Just Us,6gZBuGRyiyGkAVFCJAWdMk,,none,artist,1966
justin bieber,justin bieber,justin bieber,justin bieber,Justin Bieber,1uNFoZAHBGtllmzznpCI3s,pop;teen pop;2010s;2020s;dance-pop,musicbrainz,artist,2025
justin bieber & benny blanco,justin bieber & benny blanco,justin bieber,justin bieber,Justin Bieber,1uNFoZAHBGtllmzznpCI3s,pop;teen pop;2010s;2020s;dance-pop,musicbrainz,l2,2021
justin bieber & dijon,justin bieber & dijon,justin bieber,justin bieber,Justin Bieber,1uNFoZAHBGtllmzznpCI3s,pop;teen pop;2010s;2020s;dance-pop,musicbrainz,l2,2025
justin bieber & don toliver,justin bieber & don toliver,justin bieber,justin bieber,Justin Bieber,1uNFoZAHBGtllmzznpCI3s,pop;teen pop;2010s;2020s;dance-pop,musicbrainz,l2,2022
justin bieber & gunna,justin bieber & gunna,justin bieber,justin bieber,Justin Bieber,1uNFoZAHBGtllmzznpCI3s,pop;teen pop;2010s;2020s;dance-pop,musicbrainz,l2,2025
justin bieber & lil b,justin bieber & lil b,justin bieber,justin bieber,Justin Bieber,1uNFoZAHBGtllmzznpCI3s,pop;teen pop;2010s;2020s;dance-pop,musicbrainz,l2,2025
justin bieber & sexyy red,justin bieber & sexyy red,justin bieber,justin bieber,Justin Bieber,1uNFoZAHBGtllmzznpCI3s,pop;teen pop;2010s;2020s;dance-pop,musicbrainz,l2,2025
justin bieber + bloodpop,justin bieber + bloodpop,justin bieber,justin bieber,Justin Bieber,1uNFoZAHBGtllmzznpCI3s,pop;teen pop;2010s;2020s;dance-pop,musicbrainz,l2,2017
justin bieber duet with mariah carey,justin bieber duet with mariah carey,justin bieber,justin bieber,Justin Bieber,1uNFoZAHBGtllmzznpCI3s,pop;teen pop;2010s;2020s;dance-pop,musicbrainz,l2,2011
justin bieber featuring beam,justin bieber,justin bieber,justin bieber,Justin Bieber,1uNFoZAHBGtllmzznpCI3s,pop;teen pop;2010s;2020s;dance-pop,musicbrainz,l1,2021
justin bieber featuring big sean,justin bieber,justin bieber,justin bieber,Justin Bieber,1uNFoZAHBGtllmzznpCI3s,pop;teen pop;2010s;2020s;dance-pop,musicbrainz,l1,2015
justin bieber featuring burna boy,justin bieber,justin bieber,justin bieber,Justin Bieber,1uNFoZAHBGtllmzznpCI3s,pop;teen pop;2010s;2020s;dance-pop,musicbrainz,l1,2021
justin bieber featuring busta rhymes,justin bieber,justin bieber,justin bieber,Justin Bieber,1uNFoZAHBGtllmzznpCI3s,pop;teen pop;2010s;2020s;dance-pop,musicbrainz,l1,2012
justin bieber featuring chance the rapper,justin bieber,justin bieber,justin bieber,Justin Bieber,1uNFoZAHBGtllmzznpCI3s,pop;teen pop;2010s;2020s;dance-pop,musicbrainz,l1,2021
justin bieber featuring daniel caesar & giveon,justin bieber,justin bieber,justin bieber,Justin Bieber,1uNFoZAHBGtllmzznpCI3s,pop;teen pop;2010s;2020s;dance-pop,musicbrainz,l1,2021
justin bieber featuring dominic fike,justin bieber,justin bieber,justin bieber,Justin Bieber,1uNFoZAHBGtllmzznpCI3s,pop;teen pop;2010s;2020s;dance-pop,musicbrainz,l1,2021
justin bieber featuring drake,justin bieber,justin bieber,justin bieber,Justin Bieber,1uNFoZAHBGtllmzznpCI3s,pop;teen pop;2010s;2020s;dance-pop,musicbrainz,l1,2012
justin bieber featuring halsey,justin bieber,justin bieber,justin bieber,Justin Bieber,1uNFoZAHBGtllmzznpCI3s,pop;teen pop;2010s;2020s;dance-pop,musicbrainz,l1,2016
justin bieber featuring jaden smith,justin bieber,justin bieber,justin bieber,Justin Bieber,1uNFoZAHBGtllmzznpCI3s,pop;teen pop;2010s;2020s;dance-pop,musicbrainz,l1,2011
justin bieber featuring kehlani,justin bieber,justin bieber,justin bieber,Justin Bieber,1uNFoZAHBGtllmzznpCI3s,pop;teen pop;2010s;2020s;dance-pop,musicbrainz,l1,2020
justin bieber featuring khalid,justin bieber,justin bieber,justin bieber,Justin Bieber,1uNFoZAHBGtllmzznpCI3s,pop;teen pop;2010s;2020s;dance-pop,musicbrainz,l1,2021
justin bieber featuring ludacris,justin bieber,justin bieber,justin bieber,Justin Bieber,1uNFoZAHBGtllmzznpCI3s,pop;teen pop;2010s;2020s;dance-pop,musicbrainz,l1,2013
justin bieber featuring nas,justin bieber,justin bieber,justin bieber,Justin Bieber,1uNFoZAHBGtllmzznpCI3s,pop;teen pop;2010s;2020s;dance-pop,musicbrainz,l1,2015
justin bieber featuring nicki minaj,justin bieber,justin bieber,justin bieber,Justin Bieber,1uNFoZAHBGtllmzznpCI3s,pop;teen pop;2010s;2020s;dance-pop,musicbrainz,l1,2013
justin bieber featuring post malone & clever,justin bieber,justin bieber,justin bieber,Justin Bieber,1uNFoZAHBGtllmzznpCI3s,pop;teen pop;2010s;2020s;dance-pop,musicbrainz,l1,2020
justin bieber featuring quavo,justin bieber,justin bieber,justin bieber,Justin Bieber,1uNFoZAHBGtllmzznpCI3s,pop;teen pop;2010s;2020s;dance-pop,musicbrainz,l1,2020
justin bieber featuring r. kelly,justin bieber,justin bieber,justin bieber,Justin Bieber,1uNFoZAHBGtllmzznpCI3s,pop;teen pop;2010s;2020s;dance-pop,musicbrainz,l1,2013
justin bieber featuring the kid laroi,justin bieber,justin bieber,justin bieber,Justin Bieber,1uNFoZAHBGtllmzznpCI3s,pop;teen pop;2010s;2020s;dance-pop,musicbrainz,l1,2021
justin bieber featuring travi$ scott,justin bieber,justin bieber,justin bieber,Justin Bieber,1uNFoZAHBGtllmzznpCI3s,pop;teen pop;2010s;2020s;dance-pop,musicbrainz,l1,2015
justin bieber featuring usher,justin bieber,justin bieber,justin bieber,Justin Bieber,1uNFoZAHBGtllmzznpCI3s,pop;teen pop;2010s;2020s;dance-pop,musicbrainz,l1,2011
"justin bieber, cash cobain & eddie benjamin","justin bieber, cash cobain & eddie benjamin",justin bieber,justin bieber,Justin Bieber,1uNFoZAHBGtllmzznpCI3s,pop;teen pop;2010s;2020s;dance-pop,musicbrainz,l2,2025
justin hayward,justin hayward,justin hayward,justin hayward,Justin Hayward,1C4kZs9XyNnm9HWFng6ZFH,rock;rock and indie;prog rock,musicbrainz,artist,1978
justin hayward & john lodge,justin hayward & john lodge,justin hayward,justin hayward,Justin Hayward,1C4kZs9XyNnm9HWFng6ZFH,rock;rock and indie;prog rock,musicbrainz,l2,1976
justin moore,justin moore,justin moore,justin moore,Justin Moore,30e8DmahrEamvLbFRPdWmk,country;acoustic country,spotify,artist,2024
justin moore & priscilla block,justin moore & priscilla block,justin moore,justin moore,Justin Moore,30e8DmahrEamvLbFRPdWmk,country;acoustic country,spotify,l2,2023
justin timberlake,justin timberlake,justin timberlake,justin timberlake,Justin Timberlake,31TPClRtHm23RisEBtV3X7,pop;dance-pop;r&b;disco;contemporary r&b,musicbrainz,artist,2024
justin timberlake & matt morris featuring charlie sexton,justin timberlake & matt morris,justin timberlake,justin timberlake,Justin Timberlake,31TPClRtHm23RisEBtV3X7,pop;dance-pop;r&b;disco;contemporary r&b,musicbrainz,l2,2010
justin timberlake duet with beyonce,justin timberlake duet with beyonce,justin timberlake,justin timberlake,Justin Timberlake,31TPClRtHm23RisEBtV3X7,pop;dance-pop;r&b;disco;contemporary r&b,musicbrainz,l2,2008
justin timberlake featuring chris stapleton,justin timberlake,justin timberlake,justin timberlake,Justin Timberlake,31TPClRtHm23RisEBtV3X7,pop;dance-pop;r&b;disco;contemporary r&b,musicbrainz,l1,2018
justin timberlake featuring jay z,justin timberlake,justin timberlake,justin timberlake,Justin Timberlake,31TPClRtHm23RisEBtV3X7,pop;dance-pop;r&b;disco;contemporary r&b,musicbrainz,l1,2013
justin timberlake featuring t.i.,justin timberlake,justin timberlake,justin timberlake,Justin Timberlake,31TPClRtHm23RisEBtV3X7,pop;dance-pop;r&b;disco;contemporary r&b,musicbrainz,l1,2007
justine washington,justine washington,justine washington,justine washington,Justine Washington,4g5otsWvoaZrcHg0fp3dQ0,doo-wop,spotify,artist,1964
juvenile,juvenile,juvenile,juvenile,JUVENILE,2Wj83ZkeRUYtTq0kaPOoQW,hip hop;southern hip hop;gangsta rap;dirty south;rap southern,musicbrainz,artist,2006
juvenile featuring mannie fresh,juvenile,juvenile,juvenile,JUVENILE,2Wj83ZkeRUYtTq0kaPOoQW,hip hop;southern hip hop;gangsta rap;dirty south;rap southern,musicbrainz,l1,2004
juvenile featuring mannie fresh & lil' wayne,juvenile,juvenile,juvenile,JUVENILE,2Wj83ZkeRUYtTq0kaPOoQW,hip hop;southern hip hop;gangsta rap;dirty south;rap southern,musicbrainz,l1,2000
juvenile featuring soulja slim,juvenile,juvenile,juvenile,JUVENILE,2Wj83ZkeRUYtTq0kaPOoQW,hip hop;southern hip hop;gangsta rap;dirty south;rap southern,musicbrainz,l1,2004
"juvenile, wacko & skip","juvenile, wacko & skip",juvenile,juvenile,JUVENILE,2Wj83ZkeRUYtTq0kaPOoQW,hip hop;southern hip hop;gangsta rap;dirty south;rap southern,musicbrainz,l2,2005
k camp,k camp,k camp,k camp,K CAMP,5bgfj5zUoWpyeVatGDjn6H,hip hop;trap,musicbrainz,artist,2015
k'jon,k'jon,k'jon,kjon,Kjon,5lGIkQsAlMAcGEiMWWIKei,,none,l3,2009
k'naan,k'naan,k'naan,knaan,Knaan,6QLV6q1Xmx1yIwdls3KQ5t,,none,l3,2010
k'naan featuring nelly furtado,k'naan,k'naan,knaan,Knaan,6QLV6q1Xmx1yIwdls3KQ5t,,none,l3,2012
k-ci & jojo,k-ci & jojo,k-ci,kci,K-Ci & JoJo,05RZIdfz59ZW2FvFuwnmNK,r&b,spotify,artist,2001
k-ci hailey,k-ci hailey,k-ci hailey,kci hailey,K-Ci Hailey,53M8YqZnU51ZjTFiXAFpIo,,none,artist,1995
k. michelle,k. michelle,k. michelle,k michelle,K. Michelle,2retT7MFwHDVTeGKDdybEx,r&b,spotify,artist,2014
k.m.c. kru,k.m.c. kru,k.m.c. kru,kmc kru,K.M.C. Kru,37bsI3pcgS0ANRzXPITmAX,new jack swing;chicago house;miami bass,spotify,artist,1991
k.p. & envyi,k.p. & envyi,k.p.,kp,K.P. & Envyi,2YNgNtNUJlJpCmWgz3kHh5,miami bass;uk funky,spotify,artist,1998
k.t.p.,k.t.p.,k.t.p.,ktp,KTP,5RYuC4bMSpSnbnOKICF4FU,nim;rozpadniemy;ktp;w strone dnia;ponad,musicbrainz,l3,1987
k.w.s.,k.w.s.,k.w.s.,kws,K.W.S.,188XxH8QLu4w8GW7cxSJe9,british;uk;english,musicbrainz,artist,1992
k5,k5,k5,k5,k5,3DxLnZNy3di0aVg6jOAbWZ,,none,artist,1997
k7,k7,k7,k7,K7,23H1ellgs9wxOBx2V0fkao,freestyle,spotify,artist,1995
kai,kai,kai,kai,KAI,6iVo62B0bdTknRcrktCmak,k-pop,spotify,artist,1998
katseye,katseye,katseye,katseye,KATSEYE,3c0gDdb9lhnHGFtP4prQpn,k-pop,spotify,artist,2025
kbc band,kbc band,kbc band,kbc band,KBC Band,35wb0FVs9malO0ZMpE39IO,,none,artist,1986
kc,kc,kc,kc,KC,0HnFImXmf8r1qmmyFwDXMt,melodic bass;future bass,spotify,artist,1984
kc and the sunshine band,kc and the sunshine band,kc,kc,KC,0HnFImXmf8r1qmmyFwDXMt,melodic bass;future bass,spotify,l2,1980
kcamp featuring 2 chainz,kcamp,kcamp,kcamp,,,,none,,2014
kids see ghosts,kids see ghosts,kids see ghosts,kids see ghosts,KIDS SEE GHOSTS,2hPgGN4uhvXAxiXQBIXOmE,hip hop;pop rap;experimental hip hop,musicbrainz,artist,2018
kids see ghosts featuring louis prima,kids see ghosts,kids see ghosts,kids see ghosts,KIDS SEE GHOSTS,2hPgGN4uhvXAxiXQBIXOmE,hip hop;pop rap;experimental hip hop,musicbrainz,l1,2018
kongos,kongos,kongos,kongos,KONGOS,58R5LHkK3vkmEyGUPOR5kS,alternative rock,musicbrainz,artist,2014
krs-one,krs-one,krs-one,krsone,KRS-One,2gINJ8xw86xawPyGvx1bla,east coast hip hop;old school hip hop;hip hop;hardcore hip hop,spotify,artist,1997
ksi featuring trippie redd,ksi,ksi,ksi,KSI,1nzgtKYFckznkcVMR3Gg4z,pop rap;trap;hip hop,musicbrainz,l1,2024
ksi x lil wayne,ksi x lil wayne,ksi,ksi,KSI,1nzgtKYFckznkcVMR3Gg4z,pop rap;trap;hip hop,musicbrainz,l2,2021
kt tunstall,kt tunstall,kt tunstall,kt tunstall,KT Tunstall,5zzrJD2jXrE9dZ1AklRFcL,folk;scottish;british;singer-songwriter;uk,musicbrainz,artist,2007
kacey cisyk/original cast,kacey cisyk,kacey cisyk,kacey cisyk,Kacey Cisyk,1HGp77H5K2A9n8MnZS1dJG,,none,l1,1977
kacey musgraves,kacey musgraves,kacey musgraves,kacey musgraves,Kacey Musgraves,70kkdajctXSbqSMJbQO424,country;country pop;contemporary country;easy listening;americana,musicbrainz,artist,2024
kai winding & orchestra,kai winding & orchestra,kai winding,kai winding,Kai Winding,1kYYk4lJ7ZWbyy3zDYOl6h,hard bop;jazz;bebop;cool jazz,spotify,l2,1963
kajagoogoo,kajagoogoo,kajagoogoo,kajagoogoo,Kajagoogoo,0f3kLT4wvi2mFHlHJgV8Hl,synthpop;new wave,spotify,artist,1983
kaleo,kaleo,kaleo,kaleo,KALEO,7jdFEYD2LTYjfwxOdlVjmc,blues rock;indie rock;seen live;indie folk,musicbrainz,artist,2017
kali uchis,kali uchis,kali uchis,kali uchis,Kali Uchis,1U1el3k54VvEUzo3ybLPlM,contemporary r&b;alternative r&b;latin pop;neo soul,musicbrainz,artist,2023
kali uchis & karol g,kali uchis & karol g,kali uchis,kali uchis,Kali Uchis,1U1el3k54VvEUzo3ybLPlM,contemporary r&b;alternative r&b;latin pop;neo soul,musicbrainz,l2,2023
kali uchis & peso pluma,kali uchis & peso pluma,kali uchis,kali uchis,Kali Uchis,1U1el3k54VvEUzo3ybLPlM,contemporary r&b;alternative r&b;latin pop;neo soul,musicbrainz,l2,2024
kaliii,kaliii,kaliii,kaliii,Kaliii,1YRqgFNXqRyMDRr8ClS1NL,hip hop;trap;southern hip hop,musicbrainz,artist,2023
kalin twins,kalin twins,kalin twins,kalin twins,Kalin Twins,6LXtFndRkOihPIa2dWY3FH,doo-wop,spotify,artist,1959
kandi,kandi,kandi,kandi,Kandi,0ThrQemMA2B8xxusTUl8IM,dance and electronica;r&b,musicbrainz,artist,2001
kane brown,kane brown,kane brown,kane brown,Kane Brown,3oSJ7TBVCWMDMiYjXNiCKE,country;pop country,spotify,artist,2025
kane brown & john legend,kane brown & john legend,kane brown,kane brown,Kane Brown,3oSJ7TBVCWMDMiYjXNiCKE,country;pop country,spotify,l2,2020
kane brown featuring lauren alaina,kane brown,kane brown,kane brown,Kane Brown,3oSJ7TBVCWMDMiYjXNiCKE,country;pop country,spotify,l1,2017
kane brown with jelly roll,kane brown with jelly roll,kane brown,kane brown,Kane Brown,3oSJ7TBVCWMDMiYjXNiCKE,country;pop country,spotify,l2,2025
kane brown with katelyn brown,kane brown with katelyn brown,kane brown,kane brown,Kane Brown,3oSJ7TBVCWMDMiYjXNiCKE,country;pop country,spotify,l2,2023
kane brown with swae lee & khalid,kane brown with swae lee & khalid,kane brown,kane brown,Kane Brown,3oSJ7TBVCWMDMiYjXNiCKE,country;pop country,spotify,l2,2020
kane brown x blackbear,kane brown x blackbear,kane brown,kane brown,Kane Brown,3oSJ7TBVCWMDMiYjXNiCKE,country;pop country,spotify,l2,2021
kane roberts,kane roberts,kane roberts,kane roberts,Kane Roberts,12FdDK5z7grZIamaG6xTUK,aor;glam metal;arena rock;glam rock;hard rock,spotify,artist,1991
kanii,kanii,kanii,kanii,Kanii,1S82w4yw9TYIHZ889mPPaW,jersey club,spotify,artist,2023
kano,kano,kano,kano,Kano,50nN8IFD4xA67fI4jYbLV4,grime;uk grime,spotify,artist,1982
kansas,kansas,kansas,kansas,Kansas,2hl0xAkS2AIRAu23TVMBG1,classic rock;progressive rock;aor,spotify,artist,1987
kanye west,kanye west,kanye west,kanye west,Kanye West,5K4W6rqBFWDnAN6FQUkS6x,rap,spotify,artist,2021
kanye west & lil pump,kanye west & lil pump,kanye west,kanye west,Kanye West,5K4W6rqBFWDnAN6FQUkS6x,rap,spotify,l2,2018
kanye west & xxxtentacion,kanye west & xxxtentacion,kanye west,kanye west,Kanye West,5K4W6rqBFWDnAN6FQUkS6x,rap,spotify,l2,2022
kanye west featuring adam levine,kanye west,kanye west,kanye west,Kanye West,5K4W6rqBFWDnAN6FQUkS6x,rap,spotify,l1,2006
kanye west featuring ant clemons,kanye west,kanye west,kanye west,Kanye West,5K4W6rqBFWDnAN6FQUkS6x,rap,spotify,l1,2019
kanye west featuring cam'ron & consequence,kanye west,kanye west,kanye west,Kanye West,5K4W6rqBFWDnAN6FQUkS6x,rap,spotify,l1,2013
kanye west featuring chris martin,kanye west,kanye west,kanye west,Kanye West,5K4W6rqBFWDnAN6FQUkS6x,rap,spotify,l1,2008
kanye west featuring clipse & kenny g,kanye west,kanye west,kanye west,Kanye West,5K4W6rqBFWDnAN6FQUkS6x,rap,spotify,l1,2019
kanye west featuring dj khaled,kanye west,kanye west,kanye west,Kanye West,5K4W6rqBFWDnAN6FQUkS6x,rap,spotify,l1,2012
kanye west featuring dwele,kanye west,kanye west,kanye west,Kanye West,5K4W6rqBFWDnAN6FQUkS6x,rap,spotify,l1,2008
kanye west featuring fred hammond,kanye west,kanye west,kanye west,Kanye West,5K4W6rqBFWDnAN6FQUkS6x,rap,spotify,l1,2019
kanye west featuring jamie foxx,kanye west,kanye west,kanye west,Kanye West,5K4W6rqBFWDnAN6FQUkS6x,rap,spotify,l1,2006
"kanye west featuring jay-z, rick ross, bon iver & nicki minaj",kanye west,kanye west,kanye west,Kanye West,5K4W6rqBFWDnAN6FQUkS6x,rap,spotify,l1,2011
kanye west featuring lil wayne,kanye west,kanye west,kanye west,Kanye West,5K4W6rqBFWDnAN6FQUkS6x,rap,spotify,l1,2009
kanye west featuring lupe fiasco,kanye west,kanye west,kanye west,Kanye West,5K4W6rqBFWDnAN6FQUkS6x,rap,spotify,l1,2006
kanye west featuring partynextdoor,kanye west,kanye west,kanye west,Kanye West,5K4W6rqBFWDnAN6FQUkS6x,rap,spotify,l1,2018
kanye west featuring paul mccartney,kanye west,kanye west,kanye west,Kanye West,5K4W6rqBFWDnAN6FQUkS6x,rap,spotify,l1,2015
kanye west featuring pusha t,kanye west,kanye west,kanye west,Kanye West,5K4W6rqBFWDnAN6FQUkS6x,rap,spotify,l1,2011
kanye west featuring sunday service choir,kanye west,kanye west,kanye west,Kanye West,5K4W6rqBFWDnAN6FQUkS6x,rap,spotify,l1,2019
kanye west featuring syleena johnson,kanye west,kanye west,kanye west,Kanye West,5K4W6rqBFWDnAN6FQUkS6x,rap,spotify,l1,2004
kanye west featuring t-pain,kanye west,kanye west,kanye west,Kanye West,5K4W6rqBFWDnAN6FQUkS6x,rap,spotify,l1,2008
kanye west featuring t.i.,kanye west,kanye west,kanye west,Kanye West,5K4W6rqBFWDnAN6FQUkS6x,rap,spotify,l1,2018
"kanye west featuring teyana taylor, nicki minaj & bon iver",kanye west,kanye west,kanye west,Kanye West,5K4W6rqBFWDnAN6FQUkS6x,rap,spotify,l1,2010
"kanye west featuring theophilus london, allan kingdom & paul mccartney",kanye west,kanye west,kanye west,Kanye West,5K4W6rqBFWDnAN6FQUkS6x,rap,spotify,l1,2015
kanye west featuring travis scott,kanye west,kanye west,kanye west,Kanye West,5K4W6rqBFWDnAN6FQUkS6x,rap,spotify,l1,2020
kanye west featuring ty dolla $ign & ant clemons,kanye west,kanye west,kanye west,Kanye West,5K4W6rqBFWDnAN6FQUkS6x,rap,spotify,l1,2019
kanye west featuring young jeezy,kanye west,kanye west,kanye west,Kanye West,5K4W6rqBFWDnAN6FQUkS6x,rap,spotify,l1,2009
kanye west jay z,kanye west jay z,kanye west jay z,kanye west jay z,,,,none,,2011
"kanye west, big sean, pusha t, 2 chainz","kanye west, big sean, pusha t, 2 chainz",kanye west,kanye west,Kanye West,5K4W6rqBFWDnAN6FQUkS6x,rap,spotify,l2,2012
"kanye west, gucci mane, big sean, 2 chainz, travi$ scott, yo gotti, quavo, desiigner","kanye west, gucci mane, big sean, 2 chainz, travi$ scott, yo gotti, quavo, desiigner",kanye west,kanye west,Kanye West,5K4W6rqBFWDnAN6FQUkS6x,rap,spotify,l2,2016
"kanye west, jay-z, big sean","kanye west, jay-z, big sean",kanye west,kanye west,Kanye West,5K4W6rqBFWDnAN6FQUkS6x,rap,spotify,l2,2013
"kanye west, r. kelly","kanye west, r. kelly",kanye west,kanye west,Kanye West,5K4W6rqBFWDnAN6FQUkS6x,rap,spotify,l2,2012
kaoma,kaoma,kaoma,kaoma,Kaoma,1LsXqDdYVyONhrjAORENbu,lambada;dance;latin,musicbrainz,artist,1990
kardinal offishall featuring akon,kardinal offishall,kardinal offishall,kardinal offishall,Kardinal Offishall,5P2rwRBgIN450RaJxdjYdA,hip hop;pop rap;canadian hip hop;rap;fixme,musicbrainz,l1,2008
karen kamon,karen kamon,karen kamon,karen kamon,Karen Kamon,6b0jcuYkiGjtwHub0AH3FQ,,none,artist,1984
karen nelson and billy t,karen nelson and billy t,karen nelson,karen nelson,Karen Nelson,7xX6V7tpI7pG3RoB2ZuHeV,,none,l2,1977
karen young,karen young,karen young,karen young,Karen Young,3uUlX9J4ybsNbVy6j7zMdh,disco;pop;contralto,musicbrainz,artist,1978
"karl hammel, jr.","karl hammel, jr.",karl hammel,karl hammel,,,,none,,1961
karla bonoff,karla bonoff,karla bonoff,karla bonoff,Karla Bonoff,1ZIMtrSe8sINPurERT4tRa,soft rock;folk rock;pop rock;liedermacherin;folk,musicbrainz,artist,1982
karmin,karmin,karmin,karmin,Karmin,4M0DLz8te9Q1lNIXBBwvfG,,none,artist,2013
karol g,karol g,karol g,karol g,KAROL G,790FomKkXshlbRYZFtlgla,reggaeton;latin;urbano latino,spotify,artist,2025
karol g & carla morrison,karol g & carla morrison,karol g,karol g,KAROL G,790FomKkXshlbRYZFtlgla,reggaeton;latin;urbano latino,spotify,l2,2023
karol g & feid,karol g & feid,karol g,karol g,KAROL G,790FomKkXshlbRYZFtlgla,reggaeton;latin;urbano latino,spotify,l2,2025
karol g & nicki minaj,karol g & nicki minaj,karol g,karol g,KAROL G,790FomKkXshlbRYZFtlgla,reggaeton;latin;urbano latino,spotify,l2,2020
karol g & ovy on the drums,karol g & ovy on the drums,karol g,karol g,KAROL G,790FomKkXshlbRYZFtlgla,reggaeton;latin;urbano latino,spotify,l2,2023
karol g & peso pluma,karol g & peso pluma,karol g,karol g,KAROL G,790FomKkXshlbRYZFtlgla,reggaeton;latin;urbano latino,spotify,l2,2024
karol g & quevedo,karol g & quevedo,karol g,karol g,KAROL G,790FomKkXshlbRYZFtlgla,reggaeton;latin;urbano latino,spotify,l2,2023
karol g & tiesto,karol g & tiesto,karol g,karol g,KAROL G,790FomKkXshlbRYZFtlgla,reggaeton;latin;urbano latino,spotify,l2,2024
karol g x maldy,karol g x maldy,karol g,karol g,KAROL G,790FomKkXshlbRYZFtlgla,reggaeton;latin;urbano latino,spotify,l2,2023
karol g x romeo santos,karol g x romeo santos,karol g,karol g,KAROL G,790FomKkXshlbRYZFtlgla,reggaeton;latin;urbano latino,spotify,l2,2023
karol g x shakira,karol g x shakira,karol g,karol g,KAROL G,790FomKkXshlbRYZFtlgla,reggaeton;latin;urbano latino,spotify,l2,2023
"karol g, cris mj & ryan castro","karol g, cris mj & ryan castro",karol g,karol g,KAROL G,790FomKkXshlbRYZFtlgla,reggaeton;latin;urbano latino,spotify,l2,2023
"karol g, feid & dfzm featuring ovy on the drums, j balvin, maluma, ryan castro & blessd","karol g, feid & dfzm",karol g,karol g,KAROL G,790FomKkXshlbRYZFtlgla,reggaeton;latin;urbano latino,spotify,l2,2024
"karol g, justin quiles & angel dior","karol g, justin quiles & angel dior",karol g,karol g,KAROL G,790FomKkXshlbRYZFtlgla,reggaeton;latin;urbano latino,spotify,l2,2023
karyn white,karyn white,karyn white,karyn white,Karyn White,5lJBrQQ88JjskJmJeVKX4F,new jack swing;quiet storm,spotify,artist,1995
kasenetz-katz singing orchestral circus,kasenetz-katz singing orchestral circus,kasenetz-katz singing orchestral circus,kasenetzkatz singing orchestral circus,Kasenetz-Katz Singing Orchestral Circus,0hTjOmHk7qrViVHvzd4jaQ,bubblegum pop,spotify,artist,1968
kaskade featuring neon trees,kaskade,kaskade,kaskade,Kaskade,6TQj5BFPooTa08A7pk8AQ1,edm,spotify,l1,2011
kat deluna featuring elephant man,kat deluna,kat deluna,kat deluna,Kat Deluna,0bOlhT8OcoC1lCpN69NcFP,latin;pop;dancehall,musicbrainz,l1,2007
katalina,katalina,katalina,katalina,Katalina,42x2HMw9blq8LsNW3aQ0hE,,none,artist,1996
kate bush,kate bush,kate bush,kate bush,Kate Bush,1aSxMhuvixZ8h9dK9jIDwL,art pop;baroque pop;art rock,spotify,artist,2022
kate taylor,kate taylor,kate taylor,kate taylor,Kate Taylor,5FdDAswhhV5McY8pzNzFzK,ccm;alt country,spotify,artist,1977
kate voegele,kate voegele,kate voegele,kate voegele,Kate Voegele,7whckrkkTMEuvqfaNfMs7S,rock;pop;folk;folk rock;pop rock,musicbrainz,artist,2008
katfish,katfish,katfish,katfish,Katfish,5LCM6ZrvUQQcSy4iSamiWd,,none,artist,1975
katharine mcphee,katharine mcphee,katharine mcphee,katharine mcphee,Katharine McPhee,5oWOx0BBDSMoFB8JDrjQre,pop;american idol,musicbrainz,artist,2007
kathy dalton,kathy dalton,kathy dalton,kathy dalton,Kathy Dalton,0MSCiyca9Tzd7ETbHS2W4f,,none,artist,1974
kathy kirby,kathy kirby,kathy kirby,kathy kirby,Kathy Kirby,1kVx0f62SrfKxKIzXJtTUf,,none,artist,1965
kathy linden,kathy linden,kathy linden,kathy linden,Kathy Linden,7lcxoY1XE4kitd6d6CFPNl,adult standards;doo-wop,spotify,artist,1959
kathy troccoli,kathy troccoli,kathy troccoli,kathy troccoli,Kathy Troccoli,73CmW7Heo8CxnYXydAs6qc,ccm,spotify,artist,1994
kathy young with the innocents,kathy young with the innocents,kathy young,kathy young,Kathy Young,1Mzx5NUspZTLsc9rUXKTik,doo-wop,spotify,l2,1961
katrina and the waves,katrina and the waves,katrina,katrina,Katrina,0eUVbl6fC6fVsT7xnkSzVJ,new wave;rock;pop rock;british;uk,musicbrainz,l2,1989
katy perry,katy perry,katy perry,katy perry,Katy Perry,6jJ0s89eD6GaHleKKya26X,pop,spotify,artist,2024
katy perry featuring juicy j,katy perry,katy perry,katy perry,Katy Perry,6jJ0s89eD6GaHleKKya26X,pop,spotify,l1,2014
katy perry featuring kanye west,katy perry,katy perry,katy perry,Katy Perry,6jJ0s89eD6GaHleKKya26X,pop,spotify,l1,2011
katy perry featuring migos,katy perry,katy perry,katy perry,Katy Perry,6jJ0s89eD6GaHleKKya26X,pop,spotify,l1,2017
katy perry featuring nicki minaj,katy perry,katy perry,katy perry,Katy Perry,6jJ0s89eD6GaHleKKya26X,pop,spotify,l1,2017
katy perry featuring skip marley,katy perry,katy perry,katy perry,Katy Perry,6jJ0s89eD6GaHleKKya26X,pop,spotify,l1,2017
katy perry featuring snoop dogg,katy perry,katy perry,katy perry,Katy Perry,6jJ0s89eD6GaHleKKya26X,pop,spotify,l1,2010
katy tiz,katy tiz,katy tiz,katy tiz,Katy Tiz,2E19mfEFhCr6UgZUYJGOEW,pop,musicbrainz,artist,2014
"kay flock, cardi b, dougie b & bory300","kay flock, cardi b, dougie b & bory300",kay flock,kay flock,Kay Flock,2AMeiDbfU2vonrTkpXDKUu,new york drill;drill;brooklyn drill,spotify,l2,2022
kay starr,kay starr,kay starr,kay starr,Kay Starr,7rpf45DdbpweG51Acze45i,christmas;vocal jazz,spotify,artist,1962
kayak,kayak,kayak,kayak,Kayak,6wd4A6cXWVVcQLtp7hY8cC,progressive rock;crossover prog;dutch;art rock;european,musicbrainz,artist,1978
ke$ha,ke$ha,ke$ha,kesha,Kesha,6LqNN22kT3074XbTVUrhzX,dance-pop;electronic;indie pop;pop rock;europop,musicbrainz,l3,2013
ke$ha featuring 3oh!3,ke$ha,ke$ha,kesha,Kesha,6LqNN22kT3074XbTVUrhzX,dance-pop;electronic;indie pop;pop rock;europop,musicbrainz,l3,2010
"ke$ha featuring lil wayne, wiz khalifa, t.i. & andre 3000",ke$ha,ke$ha,kesha,Kesha,6LqNN22kT3074XbTVUrhzX,dance-pop;electronic;indie pop;pop rock;europop,musicbrainz,l3,2011
ke$ha featuring will.i.am or juicy j,ke$ha,ke$ha,kesha,Kesha,6LqNN22kT3074XbTVUrhzX,dance-pop;electronic;indie pop;pop rock;europop,musicbrainz,l3,2013
keke wyatt featuring avant,keke wyatt,keke wyatt,keke wyatt,KeKe Wyatt,0KWcq2E8ejxp78jdfpCd4K,quiet storm,spotify,l1,2002
keala settle & the greatest showman ensemble,keala settle & the greatest showman ensemble,keala settle,keala settle,Keala Settle,7HV2RI2qNug4EcQqLbCAKS,musicals,spotify,l2,2018
keane,keane,keane,keane,Keane,15Vix1oxvga4elvr398tnm,alternative rock;piano rock;post-britpop;synth-pop;pop rock,musicbrainz,artist,2006
keedy,keedy,keedy,keedy,Keedy,3PClGlNFl1Nn8dSg3g6y33,,none,artist,1991
kehlani,kehlani,kehlani,kehlani,Kehlani,0cGUm45nv7Z6M6qdXYQGTX,neo soul;r&b;pop;hip hop;contemporary r&b,musicbrainz,artist,2025
kehlani featuring jhene aiko,kehlani,kehlani,kehlani,Kehlani,0cGUm45nv7Z6M6qdXYQGTX,neo soul;r&b;pop;hip hop;contemporary r&b,musicbrainz,l1,2020
kehlani featuring tory lanez,kehlani,kehlani,kehlani,Kehlani,0cGUm45nv7Z6M6qdXYQGTX,neo soul;r&b;pop;hip hop;contemporary r&b,musicbrainz,l1,2020
kehlani featuring ty dolla $ign,kehlani,kehlani,kehlani,Kehlani,0cGUm45nv7Z6M6qdXYQGTX,neo soul;r&b;pop;hip hop;contemporary r&b,musicbrainz,l1,2019
keith,keith,keith,keith,,,production music;composer,musicbrainz,,1967
keith anderson,keith anderson,keith anderson,keith anderson,Keith Anderson,4AgQTHagFdBq8VL791lSXz,country;acoustic country,spotify,artist,2008
keith barbour,keith barbour,keith barbour,keith barbour,Keith Barbour,1EtaYpGNKSdI7fYF1CqYfz,baroque pop,spotify,artist,1969
keith carradine,keith carradine,keith carradine,keith carradine,Keith Carradine,7FZCrgUVWK0ho9XoWhv4vY,pop;soft rock,musicbrainz,artist,1976
keith colley,keith colley,keith colley,keith colley,Keith Colley,2owAqJG3UT1Qel0oW0ote7,,none,artist,1963
keith hampshire,keith hampshire,keith hampshire,keith hampshire,Keith Hampshire,2qCiEgzCkpHCpM67VfkbqG,musicals,spotify,artist,1973
keith herman,keith herman,keith herman,keith herman,Keith Herman,1QYhBqKXcdRaOJMefFZYfm,power pop,spotify,artist,1979
keith martin,keith martin,keith martin,keith martin,Keith Martin,2Qqf37OSdOIouqmfUfqrL6,singer-songwriter;ballad;quiet storm;pop soul;contemporary r&b,musicbrainz,artist,1995
keith murray,keith murray,keith murray,keith murray,KEITH MURRAY,0nceKIJS0YY0cA8OrZnBwo,hip hop;east coast hip hop;hardcore hip hop,musicbrainz,artist,1995
keith murray featuring def squad,keith murray,keith murray,keith murray,KEITH MURRAY,0nceKIJS0YY0cA8OrZnBwo,hip hop;east coast hip hop;hardcore hip hop,musicbrainz,l1,2003
keith sweat,keith sweat,keith sweat,keith sweat,Keith Sweat,2r09Inibex3C4ZNTUVSG3m,new jack swing;quiet storm;r&b,spotify,artist,1999
keith sweat (duet with jacci mcghee),keith sweat,keith sweat,keith sweat,Keith Sweat,2r09Inibex3C4ZNTUVSG3m,new jack swing;quiet storm;r&b,spotify,l1,1988
keith sweat (featuring kut klose),keith sweat,keith sweat,keith sweat,Keith Sweat,2r09Inibex3C4ZNTUVSG3m,new jack swing;quiet storm;r&b,spotify,l1,1995
keith sweat (featuring ronald isley),keith sweat,keith sweat,keith sweat,Keith Sweat,2r09Inibex3C4ZNTUVSG3m,new jack swing;quiet storm;r&b,spotify,l1,1997
keith sweat featuring athena cage,keith sweat,keith sweat,keith sweat,Keith Sweat,2r09Inibex3C4ZNTUVSG3m,new jack swing;quiet storm;r&b,spotify,l1,1997
keith sweat featuring snoop dogg,keith sweat,keith sweat,keith sweat,Keith Sweat,2r09Inibex3C4ZNTUVSG3m,new jack swing;quiet storm;r&b,spotify,l1,1999
keith urban,keith urban,keith urban,keith urban,Keith Urban,0u2FHSq3ln94y5Q57xazwf,country,spotify,artist,2022
keith urban and miranda lambert,keith urban and miranda lambert,keith urban,keith urban,Keith Urban,0u2FHSq3ln94y5Q57xazwf,country,spotify,l2,2014
keith urban duet with p!nk,keith urban duet with p!nk,keith urban,keith urban,Keith Urban,0u2FHSq3ln94y5Q57xazwf,country,spotify,l2,2021
keith urban featuring carrie underwood,keith urban,keith urban,keith urban,Keith Urban,0u2FHSq3ln94y5Q57xazwf,country,spotify,l1,2017
keith urban featuring eric church,keith urban,keith urban,keith urban,Keith Urban,0u2FHSq3ln94y5Q57xazwf,country,spotify,l1,2015
keith urban featuring julia michaels,keith urban,keith urban,keith urban,Keith Urban,0u2FHSq3ln94y5Q57xazwf,country,spotify,l1,2018
keith washington,keith washington,keith washington,keith washington,Keith Washington,5l0XyfQLHoWFvINcSaSrSx,quiet storm;new jack swing,spotify,artist,1998
kelis,kelis,kelis,kelis,Kelis,0IF46mUS8NXjgHabxk2MCM,contemporary r&b;electro house;pop;neo-soul;soul,musicbrainz,artist,2004
kelis featuring too $hort,kelis,kelis,kelis,Kelis,0IF46mUS8NXjgHabxk2MCM,contemporary r&b;electro house;pop;neo-soul;soul,musicbrainz,l1,2006
kellee patterson,kellee patterson,kellee patterson,kellee patterson,Kellee Patterson,0Jn5s2a3pv3RxDEKOptkUI,soul jazz,spotify,artist,1978
kellie coffey,kellie coffey,kellie coffey,kellie coffey,Kellie Coffey,5I83RQZnnynCnohkLJ8vot,,none,artist,2002
kellie pickler,kellie pickler,kellie pickler,kellie pickler,Kellie Pickler,021hNAnkFIbyFyL97br6NB,country,spotify,artist,2010
kelly clarkson,kelly clarkson,kelly clarkson,kelly clarkson,Kelly Clarkson,3BmGtnKgCSGYIUhmivXKWX,christmas,spotify,artist,2025
kelly clarkson & ariana grande,kelly clarkson & ariana grande,kelly clarkson,kelly clarkson,Kelly Clarkson,3BmGtnKgCSGYIUhmivXKWX,christmas,spotify,l2,2023
kelly clarkson & brett eldredge,kelly clarkson & brett eldredge,kelly clarkson,kelly clarkson,Kelly Clarkson,3BmGtnKgCSGYIUhmivXKWX,christmas,spotify,l2,2021
kelly clarkson featuring jeff beck,kelly clarkson,kelly clarkson,kelly clarkson,Kelly Clarkson,3BmGtnKgCSGYIUhmivXKWX,christmas,spotify,l1,2007
kelly clarkson featuring vince gill,kelly clarkson,kelly clarkson,kelly clarkson,Kelly Clarkson,3BmGtnKgCSGYIUhmivXKWX,christmas,spotify,l1,2013
kelly osbourne,kelly osbourne,kelly osbourne,kelly osbourne,Kelly Osbourne,1hckaudcoOzWyeRIlrOksc,british;uk;english;pop;new wave,musicbrainz,artist,2002
kelly price,kelly price,kelly price,kelly price,Kelly Price,49FeZO3eSrJs7oH7lYLU1r,r&b,spotify,artist,2001
kelly price & friends,kelly price & friends,kelly price,kelly price,Kelly Price,49FeZO3eSrJs7oH7lYLU1r,r&b,spotify,l2,2000
kelly rowland,kelly rowland,kelly rowland,kelly rowland,Kelly Rowland,3AuMNF8rQAKOzjYppFNAoB,contemporary r&b;pop;pop soul;pop rap;electropop,musicbrainz,artist,2013
kelly rowland featuring eve,kelly rowland,kelly rowland,kelly rowland,Kelly Rowland,3AuMNF8rQAKOzjYppFNAoB,contemporary r&b;pop;pop soul;pop rap;electropop,musicbrainz,l1,2007
kelly rowland featuring lil wayne,kelly rowland,kelly rowland,kelly rowland,Kelly Rowland,3AuMNF8rQAKOzjYppFNAoB,contemporary r&b;pop;pop soul;pop rap;electropop,musicbrainz,l1,2013
kelsea ballerini,kelsea ballerini,kelsea ballerini,kelsea ballerini,Kelsea Ballerini,3RqBeV12Tt7A8xH3zBDDUF,country;pop country,spotify,artist,2021
kelsea ballerini & noah kahan,kelsea ballerini & noah kahan,kelsea ballerini,kelsea ballerini,Kelsea Ballerini,3RqBeV12Tt7A8xH3zBDDUF,country;pop country,spotify,l2,2024
kelsea ballerini featuring kenny chesney,kelsea ballerini,kelsea ballerini,kelsea ballerini,Kelsea Ballerini,3RqBeV12Tt7A8xH3zBDDUF,country;pop country,spotify,l1,2022
kelsea ballerini x halsey,kelsea ballerini x halsey,kelsea ballerini,kelsea ballerini,Kelsea Ballerini,3RqBeV12Tt7A8xH3zBDDUF,country;pop country,spotify,l2,2020
kem,kem,kem,kem,Kem,1f2e3RQf7LHOum8NU61q0R,neo soul;quiet storm,spotify,artist,2005
ken carson,ken carson,ken carson,ken carson,Ken Carson,3gBZUcNeVumkeeJ19CY2sX,rage rap,spotify,artist,2024
kendrick lamar,kendrick lamar,kendrick lamar,kendrick lamar,Kendrick Lamar,2YZyLoL8N0Wb9xBt1NhZWg,hip hop;west coast hip hop,spotify,artist,2025
kendrick lamar & kodak black,kendrick lamar & kodak black,kendrick lamar,kendrick lamar,Kendrick Lamar,2YZyLoL8N0Wb9xBt1NhZWg,hip hop;west coast hip hop,spotify,l2,2022
kendrick lamar & sza,kendrick lamar & sza,kendrick lamar,kendrick lamar,Kendrick Lamar,2YZyLoL8N0Wb9xBt1NhZWg,hip hop;west coast hip hop,spotify,l2,2025
kendrick lamar & tanna leone,kendrick lamar & tanna leone,kendrick lamar,kendrick lamar,Kendrick Lamar,2YZyLoL8N0Wb9xBt1NhZWg,hip hop;west coast hip hop,spotify,l2,2022
kendrick lamar & taylour paige,kendrick lamar & taylour paige,kendrick lamar,kendrick lamar,Kendrick Lamar,2YZyLoL8N0Wb9xBt1NhZWg,hip hop;west coast hip hop,spotify,l2,2022
kendrick lamar & travis scott,kendrick lamar & travis scott,kendrick lamar,kendrick lamar,Kendrick Lamar,2YZyLoL8N0Wb9xBt1NhZWg,hip hop;west coast hip hop,spotify,l2,2018
kendrick lamar featuring azchike,kendrick lamar,kendrick lamar,kendrick lamar,Kendrick Lamar,2YZyLoL8N0Wb9xBt1NhZWg,hip hop;west coast hip hop,spotify,l1,2025
kendrick lamar featuring beth gibbons,kendrick lamar,kendrick lamar,kendrick lamar,Kendrick Lamar,2YZyLoL8N0Wb9xBt1NhZWg,hip hop;west coast hip hop,spotify,l1,2022
"kendrick lamar featuring bilal, anna wise & snoop dogg",kendrick lamar,kendrick lamar,kendrick lamar,Kendrick Lamar,2YZyLoL8N0Wb9xBt1NhZWg,hip hop;west coast hip hop,spotify,l1,2015
"kendrick lamar featuring bilal, anna wise & thundercat",kendrick lamar,kendrick lamar,kendrick lamar,Kendrick Lamar,2YZyLoL8N0Wb9xBt1NhZWg,hip hop;west coast hip hop,spotify,l1,2015
kendrick lamar featuring dody6,kendrick lamar,kendrick lamar,kendrick lamar,Kendrick Lamar,2YZyLoL8N0Wb9xBt1NhZWg,hip hop;west coast hip hop,spotify,l1,2025
kendrick lamar featuring drake,kendrick lamar,kendrick lamar,kendrick lamar,Kendrick Lamar,2YZyLoL8N0Wb9xBt1NhZWg,hip hop;west coast hip hop,spotify,l1,2013
kendrick lamar featuring george clinton & thundercat,kendrick lamar,kendrick lamar,kendrick lamar,Kendrick Lamar,2YZyLoL8N0Wb9xBt1NhZWg,hip hop;west coast hip hop,spotify,l1,2015
"kendrick lamar featuring hitta j3, youngthreat & peysoh",kendrick lamar,kendrick lamar,kendrick lamar,Kendrick Lamar,2YZyLoL8N0Wb9xBt1NhZWg,hip hop;west coast hip hop,spotify,l1,2024
kendrick lamar featuring lefty gunplay,kendrick lamar,kendrick lamar,kendrick lamar,Kendrick Lamar,2YZyLoL8N0Wb9xBt1NhZWg,hip hop;west coast hip hop,spotify,l1,2025
kendrick lamar featuring mc eiht,kendrick lamar,kendrick lamar,kendrick lamar,Kendrick Lamar,2YZyLoL8N0Wb9xBt1NhZWg,hip hop;west coast hip hop,spotify,l1,2014
kendrick lamar featuring rihanna,kendrick lamar,kendrick lamar,kendrick lamar,Kendrick Lamar,2YZyLoL8N0Wb9xBt1NhZWg,hip hop;west coast hip hop,spotify,l1,2017
kendrick lamar featuring sampha,kendrick lamar,kendrick lamar,kendrick lamar,Kendrick Lamar,2YZyLoL8N0Wb9xBt1NhZWg,hip hop;west coast hip hop,spotify,l1,2022
kendrick lamar featuring u2,kendrick lamar,kendrick lamar,kendrick lamar,Kendrick Lamar,2YZyLoL8N0Wb9xBt1NhZWg,hip hop;west coast hip hop,spotify,l1,2017
"kendrick lamar featuring wallie the sensei, siete7x & roddy ricch",kendrick lamar,kendrick lamar,kendrick lamar,Kendrick Lamar,2YZyLoL8N0Wb9xBt1NhZWg,hip hop;west coast hip hop,spotify,l1,2025
kendrick lamar featuring zacari,kendrick lamar,kendrick lamar,kendrick lamar,Kendrick Lamar,2YZyLoL8N0Wb9xBt1NhZWg,hip hop;west coast hip hop,spotify,l1,2018
"kendrick lamar, baby keem, & sam dew","kendrick lamar, baby keem, & sam dew",kendrick lamar,kendrick lamar,Kendrick Lamar,2YZyLoL8N0Wb9xBt1NhZWg,hip hop;west coast hip hop,spotify,l2,2022
"kendrick lamar, blxst & amanda reifer","kendrick lamar, blxst & amanda reifer",kendrick lamar,kendrick lamar,Kendrick Lamar,2YZyLoL8N0Wb9xBt1NhZWg,hip hop;west coast hip hop,spotify,l2,2022
"kendrick lamar, summer walker & ghostface killah","kendrick lamar, summer walker & ghostface killah",kendrick lamar,kendrick lamar,Kendrick Lamar,2YZyLoL8N0Wb9xBt1NhZWg,hip hop;west coast hip hop,spotify,l2,2022
kenny ball and his jazzmen,kenny ball and his jazzmen,kenny ball,kenny ball,Kenny Ball,3SfeeNI8A0OqdevBRw8x9i,,none,l2,1962
kenny chandler,kenny chandler,kenny chandler,kenny chandler,Kenny Chandler,6j0rGvvMZQWTQiaz5yRSrQ,,none,artist,1963
kenny chesney,kenny chesney,kenny chesney,kenny chesney,Kenny Chesney,3grHWM9bx2E9vwJCdlRv9O,country,spotify,artist,2024
kenny chesney & tim mcgraw,kenny chesney & tim mcgraw,kenny chesney,kenny chesney,Kenny Chesney,3grHWM9bx2E9vwJCdlRv9O,country,spotify,l2,2012
kenny chesney & uncle kracker,kenny chesney & uncle kracker,kenny chesney,kenny chesney,Kenny Chesney,3grHWM9bx2E9vwJCdlRv9O,country,spotify,l2,2004
kenny chesney duet with george strait,kenny chesney duet with george strait,kenny chesney,kenny chesney,Kenny Chesney,3grHWM9bx2E9vwJCdlRv9O,country,spotify,l2,2008
kenny chesney featuring grace potter,kenny chesney,kenny chesney,kenny chesney,Kenny Chesney,3grHWM9bx2E9vwJCdlRv9O,country,spotify,l1,2011
kenny chesney featuring p!nk,kenny chesney,kenny chesney,kenny chesney,Kenny Chesney,3grHWM9bx2E9vwJCdlRv9O,country,spotify,l1,2016
kenny chesney with dave matthews,kenny chesney with dave matthews,kenny chesney,kenny chesney,Kenny Chesney,3grHWM9bx2E9vwJCdlRv9O,country,spotify,l2,2009
kenny chesney with grace potter,kenny chesney with grace potter,kenny chesney,kenny chesney,Kenny Chesney,3grHWM9bx2E9vwJCdlRv9O,country,spotify,l2,2015
kenny chesney with mac mcanally,kenny chesney with mac mcanally,kenny chesney,kenny chesney,Kenny Chesney,3grHWM9bx2E9vwJCdlRv9O,country,spotify,l2,2009
kenny chesney with the wailers,kenny chesney with the wailers,kenny chesney,kenny chesney,Kenny Chesney,3grHWM9bx2E9vwJCdlRv9O,country,spotify,l2,2009
kenny dino,kenny dino,kenny dino,kenny dino,Kenny Dino,0E7mBVC5ILMm3TD1mWhNmC,doo-wop,spotify,artist,1962
kenny g,kenny g,kenny g,kenny g,Kenny G,6I3M904Y9IwgDjrQ9pANiB,smooth jazz;christmas,spotify,artist,2000
kenny g with peabo bryson,kenny g with peabo bryson,kenny g,kenny g,Kenny G,6I3M904Y9IwgDjrQ9pANiB,smooth jazz;christmas,spotify,l2,1993
kenny g. (vocal by lenny williams),kenny g.,kenny g.,kenny g,Kenny G,6I3M904Y9IwgDjrQ9pANiB,smooth jazz;christmas,spotify,l3,1988
kenny karen,kenny karen,kenny karen,kenny karen,Kenny Karen,1jNXA8xnFXGVnZP5FrUZBI,,none,artist,1973
kenny lattimore,kenny lattimore,kenny lattimore,kenny lattimore,Kenny Lattimore,1UjTUqWfGkof4L5HO5NmzP,quiet storm;neo soul,spotify,artist,1997
kenny loggins,kenny loggins,kenny loggins,kenny loggins,Kenny Loggins,3Y3xIwWyq5wnNHPp5gPjOW,yacht rock,spotify,artist,1992
kenny loggins & jim messina,kenny loggins & jim messina,kenny loggins,kenny loggins,Kenny Loggins,3Y3xIwWyq5wnNHPp5gPjOW,yacht rock,spotify,l2,1973
kenny loggins with jim messina,kenny loggins with jim messina,kenny loggins,kenny loggins,Kenny Loggins,3Y3xIwWyq5wnNHPp5gPjOW,yacht rock,spotify,l2,1972
kenny loggins with steve perry,kenny loggins with steve perry,kenny loggins,kenny loggins,Kenny Loggins,3Y3xIwWyq5wnNHPp5gPjOW,yacht rock,spotify,l2,1982
kenny nolan,kenny nolan,kenny nolan,kenny nolan,Kenny Nolan,1SnzNXMiZ3jDa2GRbmXvaB,chanson québécoise;rock quebecois,spotify,artist,1980
kenny o'dell,kenny o'dell,kenny o'dell,kenny odell,,,,none,,1968
kenny rogers,kenny rogers,kenny rogers,kenny rogers,Kenny Rogers,4tw2Lmn9tTPUv7Gy7mVPI4,country;classic country,spotify,artist,2006
kenny rogers & dolly parton,kenny rogers & dolly parton,kenny rogers,kenny rogers,Kenny Rogers,4tw2Lmn9tTPUv7Gy7mVPI4,country;classic country,spotify,l2,1985
kenny rogers & the first edition,kenny rogers & the first edition,kenny rogers,kenny rogers,Kenny Rogers,4tw2Lmn9tTPUv7Gy7mVPI4,country;classic country,spotify,l2,1972
kenny rogers and sheena easton,kenny rogers and sheena easton,kenny rogers,kenny rogers,Kenny Rogers,4tw2Lmn9tTPUv7Gy7mVPI4,country;classic country,spotify,l2,1983
kenny rogers duet with dolly parton,kenny rogers duet with dolly parton,kenny rogers,kenny rogers,Kenny Rogers,4tw2Lmn9tTPUv7Gy7mVPI4,country;classic country,spotify,l2,1984
kenny rogers with alison krauss & billy dean,kenny rogers with alison krauss & billy dean,kenny rogers,kenny rogers,Kenny Rogers,4tw2Lmn9tTPUv7Gy7mVPI4,country;classic country,spotify,l2,2000
kenny rogers with kim carnes,kenny rogers with kim carnes,kenny rogers,kenny rogers,Kenny Rogers,4tw2Lmn9tTPUv7Gy7mVPI4,country;classic country,spotify,l2,1980
kenny rogers with kim carnes & james ingram,kenny rogers with kim carnes & james ingram,kenny rogers,kenny rogers,Kenny Rogers,4tw2Lmn9tTPUv7Gy7mVPI4,country;classic country,spotify,l2,1985
kenny starr,kenny starr,kenny starr,kenny starr,,,,none,,1976
kent jones,kent jones,kent jones,kent jones,Kent Jones,3jHBxvZ9gbBkZ17wKUqVsO,pop rap,musicbrainz,artist,2016
kenya grace,kenya grace,kenya grace,kenya grace,Kenya Grace,7uMDnSZyUYNBPLhPMNuaM2,pop,musicbrainz,artist,2024
keri hilson,keri hilson,keri hilson,keri hilson,Keri Hilson,63wjoROpeh5f11Qm93UiJ1,pop;contemporary r&b;pop rap;electro;anti vax,musicbrainz,artist,2011
keri hilson featuring kanye west & ne-yo,keri hilson,keri hilson,keri hilson,Keri Hilson,63wjoROpeh5f11Qm93UiJ1,pop;contemporary r&b;pop rap;electro;anti vax,musicbrainz,l1,2009
keri hilson featuring lil wayne,keri hilson,keri hilson,keri hilson,Keri Hilson,63wjoROpeh5f11Qm93UiJ1,pop;contemporary r&b;pop rap;electro;anti vax,musicbrainz,l1,2009
kermit (jim henson),kermit,kermit,kermit,Kermit,2lKVLoBlDFcONGT1XhQsIw,jazz;swing;dixieland;rhythm and blues,musicbrainz,l1,1980
kerry chater,kerry chater,kerry chater,kerry chater,Kerry Chater,1g4jwfZj18BraRGAWfOG93,yacht rock,spotify,artist,1977
kesha,kesha,kesha,kesha,Kesha,6LqNN22kT3074XbTVUrhzX,dance-pop;electronic;indie pop;pop rock;europop,musicbrainz,artist,2025
kesha featuring the dap-kings horns,kesha,kesha,kesha,Kesha,6LqNN22kT3074XbTVUrhzX,dance-pop;electronic;indie pop;pop rock;europop,musicbrainz,l1,2017
ketty lester,ketty lester,ketty lester,ketty lester,Ketty Lester,36pJnWrcvAsoWm6fUqGaHi,vocal jazz;soul;northern soul,musicbrainz,artist,1962
kevin denney,kevin denney,kevin denney,kevin denney,Kevin Denney,2IR7aUvlCvUdumA0Ns0IUW,country,musicbrainz,artist,2002
kevin gates,kevin gates,kevin gates,kevin gates,Kevin Gates,1gPhS1zisyXr5dHTYZyiMe,gangsta rap;hip hop;southern rap;hip-hop;rap,musicbrainz,artist,2021
kevin gates featuring august alsina,kevin gates,kevin gates,kevin gates,Kevin Gates,1gPhS1zisyXr5dHTYZyiMe,gangsta rap;hip hop;southern rap;hip-hop;rap,musicbrainz,l1,2015
kevin gates featuring juicy j,kevin gates,kevin gates,kevin gates,Kevin Gates,1gPhS1zisyXr5dHTYZyiMe,gangsta rap;hip hop;southern rap;hip-hop;rap,musicbrainz,l1,2022
"kevin gates featuring trey songz, ty dolla $ign & jamie foxx",kevin gates,kevin gates,kevin gates,Kevin Gates,1gPhS1zisyXr5dHTYZyiMe,gangsta rap;hip hop;southern rap;hip-hop;rap,musicbrainz,l1,2016
kevin johnson,kevin johnson,kevin johnson,kevin johnson,Kevin Johnson,5mgA4JbRf6TeDCCR1iB3q9,,none,artist,1973
kevin lamb,kevin lamb,kevin lamb,kevin lamb,Kevin Lamb,5gYUDgAOPYzdNOQPqVjiE2,roots rock;folk rock,spotify,artist,1978
kevin lyttle featuring spragga benz,kevin lyttle,kevin lyttle,kevin lyttle,Kevin Lyttle,1GaBsp1ICIp1e6udgE7fba,soca;dancehall,spotify,l1,2004
kevin paige,kevin paige,kevin paige,kevin paige,Kevin Paige,0mIEx2v1UvdaDeapwDeOEq,,none,artist,1990
kevin raleigh,kevin raleigh,kevin raleigh,kevin raleigh,Kevin Raleigh,5omoUPgIGTTCh1lM8BK6R3,arena rock;aor,spotify,artist,1989
"kevin rudolf featuring birdman, jay sean, & lil wayne",kevin rudolf,kevin rudolf,kevin rudolf,Kevin Rudolf,0Chxmm4XMM87mJOHvyiUzL,pop rock;pop rap;rock,musicbrainz,l1,2010
kevin rudolf featuring lil wayne,kevin rudolf,kevin rudolf,kevin rudolf,Kevin Rudolf,0Chxmm4XMM87mJOHvyiUzL,pop rock;pop rap;rock,musicbrainz,l1,2009
kevin rudolf featuring rick ross,kevin rudolf,kevin rudolf,kevin rudolf,Kevin Rudolf,0Chxmm4XMM87mJOHvyiUzL,pop rock;pop rap;rock,musicbrainz,l1,2009
kevon edmonds,kevon edmonds,kevon edmonds,kevon edmonds,Kevon Edmonds,3an8oUQQJYhvsqS59GQrqR,quiet storm,spotify,artist,2000
key glock,key glock,key glock,key glock,Key Glock,0RESbWvOMyua0yuyVrztJ5,hip hop;trap;gangsta rap;southern hip hop,musicbrainz,artist,2025
key glock & young dolph,key glock & young dolph,key glock,key glock,Key Glock,0RESbWvOMyua0yuyVrztJ5,hip hop;trap;gangsta rap;southern hip hop,musicbrainz,l2,2024
keyshia cole,keyshia cole,keyshia cole,keyshia cole,Keyshia Cole,1vfezMIyCr4XUdYRaKIKi3,r&b,spotify,artist,2009
keyshia cole duet with monica,keyshia cole duet with monica,keyshia cole,keyshia cole,Keyshia Cole,1vfezMIyCr4XUdYRaKIKi3,r&b,spotify,l2,2009
keyshia cole featuring 2pac,keyshia cole,keyshia cole,keyshia cole,Keyshia Cole,1vfezMIyCr4XUdYRaKIKi3,r&b,spotify,l1,2009
keyshia cole featuring lil wayne,keyshia cole,keyshia cole,keyshia cole,Keyshia Cole,1vfezMIyCr4XUdYRaKIKi3,r&b,spotify,l1,2012
keyshia cole featuring missy elliott & lil kim,keyshia cole,keyshia cole,keyshia cole,Keyshia Cole,1vfezMIyCr4XUdYRaKIKi3,r&b,spotify,l1,2007
keyshia cole featuring shyne,keyshia cole,keyshia cole,keyshia cole,Keyshia Cole,1vfezMIyCr4XUdYRaKIKi3,r&b,spotify,l1,2005
keyshia cole introducing amina,keyshia cole introducing amina,keyshia cole introducing amina,keyshia cole introducing amina,,,,none,,2008
khalid,khalid,khalid,khalid,Khalid,6LuN9FCkKOj5PcnpouEgny,r&b;contemporary r&b;pop;singer-songwriter;hip hop,musicbrainz,artist,2020
khalid & kane brown,khalid & kane brown,khalid,khalid,Khalid,6LuN9FCkKOj5PcnpouEgny,r&b;contemporary r&b;pop;singer-songwriter;hip hop,musicbrainz,l2,2019
khalid & normani,khalid & normani,khalid,khalid,Khalid,6LuN9FCkKOj5PcnpouEgny,r&b;contemporary r&b;pop;singer-songwriter;hip hop,musicbrainz,l2,2019
khalid & swae lee,khalid & swae lee,khalid,khalid,Khalid,6LuN9FCkKOj5PcnpouEgny,r&b;contemporary r&b;pop;singer-songwriter;hip hop,musicbrainz,l2,2018
khalid featuring a boogie wit da hoodie,khalid,khalid,khalid,Khalid,6LuN9FCkKOj5PcnpouEgny,r&b;contemporary r&b;pop;singer-songwriter;hip hop,musicbrainz,l1,2019
khalid featuring empress of,khalid,khalid,khalid,Khalid,6LuN9FCkKOj5PcnpouEgny,r&b;contemporary r&b;pop;singer-songwriter;hip hop,musicbrainz,l1,2018
khalid with john mayer,khalid with john mayer,khalid,khalid,Khalid,6LuN9FCkKOj5PcnpouEgny,r&b;contemporary r&b;pop;singer-songwriter;hip hop,musicbrainz,l2,2019
khalid x disclosure,khalid x disclosure,khalid,khalid,Khalid,6LuN9FCkKOj5PcnpouEgny,r&b;contemporary r&b;pop;singer-songwriter;hip hop,musicbrainz,l2,2020
khalid x safe,khalid x safe,khalid,khalid,Khalid,6LuN9FCkKOj5PcnpouEgny,r&b;contemporary r&b;pop;singer-songwriter;hip hop,musicbrainz,l2,2019
"khalid, ty dolla $ign & 6lack","khalid, ty dolla $ign & 6lack",khalid,khalid,Khalid,6LuN9FCkKOj5PcnpouEgny,r&b;contemporary r&b;pop;singer-songwriter;hip hop,musicbrainz,l2,2018
khia featuring dsd,khia,khia,khia,Khia,3q7isf09BuwXLyR2khBs60,hip hop;pop and chart,musicbrainz,l1,2002
kiara (duet with shanice wilson),kiara,kiara,kiara,Kiara,0zToOTYyYxwzdIb1kp6ppc,,none,l1,1989
kid 'n play,kid 'n play,kid 'n play,kid n play,Kid 'N Play,7mldB9nEb6VC2cUj7EcgFw,new jack swing;old school hip hop,spotify,artist,1992
kid cudi,kid cudi,kid cudi,kid cudi,Kid Cudi,0fA0VVWsXO9YnASrzqfmYu,hip hop;alternative hip hop;pop rap;us;trap,musicbrainz,artist,2021
kid cudi & eminem,kid cudi & eminem,kid cudi,kid cudi,Kid Cudi,0fA0VVWsXO9YnASrzqfmYu,hip hop;alternative hip hop;pop rap;us;trap,musicbrainz,l2,2020
kid cudi featuring cee-lo,kid cudi,kid cudi,kid cudi,Kid Cudi,0fA0VVWsXO9YnASrzqfmYu,hip hop;alternative hip hop;pop rap;us;trap,musicbrainz,l1,2010
kid cudi featuring kanye west,kid cudi,kid cudi,kid cudi,Kid Cudi,0fA0VVWsXO9YnASrzqfmYu,hip hop;alternative hip hop;pop rap;us;trap,musicbrainz,l1,2010
kid cudi featuring kanye west & common,kid cudi,kid cudi,kid cudi,Kid Cudi,0fA0VVWsXO9YnASrzqfmYu,hip hop;alternative hip hop;pop rap;us;trap,musicbrainz,l1,2009
kid cudi featuring king chip,kid cudi,kid cudi,kid cudi,Kid Cudi,0fA0VVWsXO9YnASrzqfmYu,hip hop;alternative hip hop;pop rap;us;trap,musicbrainz,l1,2012
kid cudi featuring mgmt & ratatat,kid cudi,kid cudi,kid cudi,Kid Cudi,0fA0VVWsXO9YnASrzqfmYu,hip hop;alternative hip hop;pop rap;us;trap,musicbrainz,l1,2011
"kid cudi, skepta & pop smoke","kid cudi, skepta & pop smoke",kid cudi,kid cudi,Kid Cudi,0fA0VVWsXO9YnASrzqfmYu,hip hop;alternative hip hop;pop rap;us;trap,musicbrainz,l2,2020
kid frost,kid frost,kid frost,kid frost,Kid Frost,6OxjXk1y4QXXRUJyldFIIG,latin hip hop;mexican hip hop;west coast hip hop;g-funk,spotify,artist,1992
kid ink featuring chris brown,kid ink,kid ink,kid ink,Kid Ink,6KZDXtSj0SzGOV705nNeh3,pop rap;hip-hop;rap;west coast hip hop;hip hop,musicbrainz,l1,2015
kid ink featuring dej loaf,kid ink,kid ink,kid ink,Kid Ink,6KZDXtSj0SzGOV705nNeh3,pop rap;hip-hop;rap;west coast hip hop;hip hop,musicbrainz,l1,2015
kid ink featuring fetty wap,kid ink,kid ink,kid ink,Kid Ink,6KZDXtSj0SzGOV705nNeh3,pop rap;hip-hop;rap;west coast hip hop;hip hop,musicbrainz,l1,2016
kid ink featuring meek mill & wale,kid ink,kid ink,kid ink,Kid Ink,6KZDXtSj0SzGOV705nNeh3,pop rap;hip-hop;rap;west coast hip hop;hip hop,musicbrainz,l1,2013
kid ink featuring usher & tinashe,kid ink,kid ink,kid ink,Kid Ink,6KZDXtSj0SzGOV705nNeh3,pop rap;hip-hop;rap;west coast hip hop;hip hop,musicbrainz,l1,2015
"kid ink, tyga, wale, yg & rich homie quan","kid ink, tyga, wale, yg & rich homie quan",kid ink,kid ink,Kid Ink,6KZDXtSj0SzGOV705nNeh3,pop rap;hip-hop;rap;west coast hip hop;hip hop,musicbrainz,l2,2015
kid laroi & juice wrld,kid laroi & juice wrld,kid laroi,kid laroi,Kid LAROI,49qMwkOBCTe55iZPRkjuao,hip hop;emo rap;pop rap;rap;english,musicbrainz,l2,2020
kid rock,kid rock,kid rock,kid rock,Kid Rock,7dOBabd5O4CvKrg4iriHTM,rock;country;rap;country rock;singer,musicbrainz,artist,2015
kid rock featuring sheryl crow or allison moorer,kid rock,kid rock,kid rock,Kid Rock,7dOBabd5O4CvKrg4iriHTM,rock;country;rap;country rock;singer,musicbrainz,l1,2003
kiesza,kiesza,kiesza,kiesza,Kiesza,4zxvC7CRGvggq9EWXOpwAo,electronic;pop;deep house;tech house;dance-pop,musicbrainz,artist,2014
kiiara,kiiara,kiiara,kiiara,Kiiara,4u5smJBskI6Adzv08PuiUP,alternative r&b;glitch pop,musicbrainz,artist,2016
kiki dee,kiki dee,kiki dee,kiki dee,Kiki Dee,4vjGlQWexbru6aOUCLTVir,soul;classic pop and rock,musicbrainz,artist,1976
kiley dean,kiley dean,kiley dean,kiley dean,Kiley Dean,5DwwWqoLNvjK2DwIh0Ofy2,,none,artist,2003
killer mike featuring big boi,killer mike,killer mike,killer mike,Killer Mike,2N4EYkIlG1kv25g6Wv8LGI,southern hip hop;alternative hip hop,spotify,l1,2003
kim carnes,kim carnes,kim carnes,kim carnes,Kim Carnes,5PN2aHIvLEM98XIorsPMhE,pop;rock;soft rock;adult contemporary;pop rock,musicbrainz,artist,1986
kim mitchell,kim mitchell,kim mitchell,kim mitchell,Kim Mitchell,5P6mPJKEwpIgjFIIFZhEma,rock;canada;progressive rock;hard rock,musicbrainz,artist,1985
kim petras featuring nicki minaj,kim petras,kim petras,kim petras,Kim Petras,3Xt3RrJMFv5SZkCfUE8C1J,pop;dance-pop;queer;electropop;synth-pop,musicbrainz,l1,2023
kim sanders,kim sanders,kim sanders,kim sanders,Kim Sanders,3r0eNgS3DP7qwXqYk4FglY,,none,artist,1998
kim weston,kim weston,kim weston,kim weston,Kim Weston,71pUA2TXf3JHUPUgsjLtuL,motown;northern soul;classic soul,spotify,artist,1967
kim wilde,kim wilde,kim wilde,kim wilde,Kim Wilde,73a6pNH4YtLNgDbPQwXveo,pop;synth-pop;new wave;dance-pop;pop rock,musicbrainz,artist,1988
kimberley locke,kimberley locke,kimberley locke,kimberley locke,Kimberley Locke,6UKa8gyuwzx5arpY8kf9XK,american idol;pop;r&b,musicbrainz,artist,2004
kimberly nichole,kimberly nichole,kimberly nichole,kimberly nichole,kimberly nichole,6hNpluTuhkKwTmMnlRAoMo,,none,artist,2015
kimberly scott,kimberly scott,kimberly scott,kimberly scott,Kimberly Scott,0I5KEx7j8SdRxHspyTvwmu,quiet storm,spotify,artist,1998
king,king,king,king,King,5NHm4TU5Twz7owibYxJfFU,desi hip hop;hindi hip hop;desi pop;hindi pop;hindi indie,spotify,artist,1985
king crimson,king crimson,king crimson,king crimson,King Crimson,7M1FPw29m5FbicYzS2xdpi,progressive rock;art rock;psychedelic rock,spotify,artist,1970
king curtis,king curtis,king curtis,king curtis,King Curtis,0WxOgeRxUt0MwPrI7A5atQ,jazz blues,spotify,artist,1967
king curtis & the kingpins,king curtis & the kingpins,king curtis,king curtis,King Curtis,0WxOgeRxUt0MwPrI7A5atQ,jazz blues,spotify,l2,1971
king curtis and the noble knights,king curtis and the noble knights,king curtis,king curtis,King Curtis,0WxOgeRxUt0MwPrI7A5atQ,jazz blues,spotify,l2,1962
king floyd,king floyd,king floyd,king floyd,King Floyd,03PCdNvkF81s7xHmtkNcoz,classic soul;motown,spotify,artist,1972
king harvest,king harvest,king harvest,king harvest,King Harvest,5FHwr1FymaS5kutIEK6e2y,classic rock;rock,musicbrainz,artist,1973
king just,king just,king just,king just,KING JUST,78oMJVcPGN1rZ64YjIJrE4,hip hop,musicbrainz,artist,1994
king von,king von,king von,king von,King Von,6QtgPSJPSzcnn7dPZ4VINp,chicago drill;drill,spotify,artist,2022
king von & 21 savage,king von & 21 savage,king von,king von,King Von,6QtgPSJPSzcnn7dPZ4VINp,chicago drill;drill,spotify,l2,2022
king von & lil durk,king von & lil durk,king von,king von,King Von,6QtgPSJPSzcnn7dPZ4VINp,chicago drill;drill,spotify,l2,2022
king von featuring fivio foreign,king von,king von,king von,King Von,6QtgPSJPSzcnn7dPZ4VINp,chicago drill;drill,spotify,l1,2022
king von featuring g herbo,king von,king von,king von,King Von,6QtgPSJPSzcnn7dPZ4VINp,chicago drill;drill,spotify,l1,2022
king von featuring lil durk,king von,king von,king von,King Von,6QtgPSJPSzcnn7dPZ4VINp,chicago drill;drill,spotify,l1,2020
king von featuring moneybagg yo,king von,king von,king von,King Von,6QtgPSJPSzcnn7dPZ4VINp,chicago drill;drill,spotify,l1,2022
king von featuring polo g,king von,king von,king von,King Von,6QtgPSJPSzcnn7dPZ4VINp,chicago drill;drill,spotify,l1,2020
kingdom come,kingdom come,kingdom come,kingdom come,Kingdom Come,2YFKPea38AMhGqGSqkFF1Q,glam metal;aor;hard rock;arena rock;glam rock,spotify,artist,1988
kingofthehill,kingofthehill,kingofthehill,kingofthehill,Kingofthehill,4gt6ddBHlCQhK8n1vxj3Up,glam metal,spotify,artist,1991
kings of the sun,kings of the sun,kings of the sun,kings of the sun,Kings Of The Sun,1TSshonnjRm1tPoas41AEm,,none,artist,1988
kings of leon,kings of leon,kings of leon,kings of leon,Kings of Leon,2qk9voo8llSGYcZ6xrBzKx,alternative rock;indie rock;southern rock;garage rock;pop rock,musicbrainz,artist,2010
kinsu,kinsu,kinsu,kinsu,KINSU,2PGs6O9dQatGP9Q6OeiARv,miami bass,spotify,artist,1998
kip moore,kip moore,kip moore,kip moore,Kip Moore,2hJPr4lk7Q8SSvCVBl9fWM,country,spotify,artist,2019
kirby st. romain,kirby st. romain,kirby st. romain,kirby st romain,Kirby St. Romain,57vwVBXHtzGyyhOw7oTZ1r,rockabilly,spotify,artist,1963
kirk franklin,kirk franklin,kirk franklin,kirk franklin,Kirk Franklin,4akybxRTGHJZ1DXjLhJ1qu,gospel;gospel r&b;worship,spotify,artist,2011
"kirk franklin featuring mary j. blige, bono, r. kelly, crystal lewis & the family",kirk franklin,kirk franklin,kirk franklin,Kirk Franklin,4akybxRTGHJZ1DXjLhJ1qu,gospel;gospel r&b;worship,spotify,l1,1999
kirko bangz,kirko bangz,kirko bangz,kirko bangz,Kirko Bangz,2r8r62VGJKGi463aH1HJUZ,rap;hip hop,musicbrainz,artist,2012
kiss,kiss,kiss,kiss,KISS,07XSN3sPlIlB2L2XNcTwJw,glam metal;glam rock;hard rock;rock;classic rock,spotify,artist,1990
kissing the pink,kissing the pink,kissing the pink,kissing the pink,Kissing The Pink,5B9MfAU2KZlyvsofev6XXR,new wave;synthpop,spotify,artist,1983
kitty kallen,kitty kallen,kitty kallen,kitty kallen,Kitty Kallen,0EYASMyi33J1ywBDgei1II,2008 universal fire victim,musicbrainz,artist,1963
kitty wells,kitty wells,kitty wells,kitty wells,Kitty Wells,4fxdqujwhb2NIQyr7qnnPX,classic country;honky tonk;traditional country;christian country,spotify,artist,1958
kix,kix,kix,kix,Kix,45KpBChrKYWhTlU6N57ofu,glam metal;glam rock;hard rock,spotify,artist,1990
klaatu,klaatu,klaatu,klaatu,Klaatu,5sEqrr7b7uiNN5jAmnupWK,drum and bass,spotify,artist,1977
klique,klique,klique,klique,Klique,6rSpZipZ9Uz3GWZ8rMfp3q,,none,artist,1983
klymaxx,klymaxx,klymaxx,klymaxx,Klymaxx,2wh5Qu35PjDbJBqAv65RGa,new jack swing;quiet storm,spotify,artist,1987
"knoc-turn'al with dr. dre & missy ""misdemeanor"" elliott","knoc-turn'al with dr. dre & missy ""misdemeanor"" elliott",knoc-turn'al,knocturnal,Knocturnal,2f4b4DmtyparmGCmt4ULKi,,none,l3,2002
ko ko taylor,ko ko taylor,ko ko taylor,ko ko taylor,,,,none,,1966
kodak black,kodak black,kodak black,kodak black,Kodak Black,46SHBwWsqBkxI7EeeBEQG7,hip hop;southern hip hop;trap;rap,musicbrainz,artist,2022
kodak black featuring future,kodak black,kodak black,kodak black,Kodak Black,46SHBwWsqBkxI7EeeBEQG7,hip hop;southern hip hop;trap;rap,musicbrainz,l1,2017
kodak black featuring juice wrld,kodak black,kodak black,kodak black,Kodak Black,46SHBwWsqBkxI7EeeBEQG7,hip hop;southern hip hop;trap;rap,musicbrainz,l1,2018
kodak black featuring lil pump,kodak black,kodak black,kodak black,Kodak Black,46SHBwWsqBkxI7EeeBEQG7,hip hop;southern hip hop;trap;rap,musicbrainz,l1,2018
kodak black featuring lil wayne,kodak black,kodak black,kodak black,Kodak Black,46SHBwWsqBkxI7EeeBEQG7,hip hop;southern hip hop;trap;rap,musicbrainz,l1,2018
kodak black featuring travis scott & offset,kodak black,kodak black,kodak black,Kodak Black,46SHBwWsqBkxI7EeeBEQG7,hip hop;southern hip hop;trap;rap,musicbrainz,l1,2019
kodak black featuring xxxtentacion,kodak black,kodak black,kodak black,Kodak Black,46SHBwWsqBkxI7EeeBEQG7,hip hop;southern hip hop;trap;rap,musicbrainz,l1,2018
"kodak black, nle choppa, jimin, jvke & muni long","kodak black, nle choppa, jimin, jvke & muni long",kodak black,kodak black,Kodak Black,46SHBwWsqBkxI7EeeBEQG7,hip hop;southern hip hop;trap;rap,musicbrainz,l2,2023
koe wetzel,koe wetzel,koe wetzel,koe wetzel,Koe Wetzel,1Tie3AZgLQZqYEp8Fv4zOZ,red dirt;texas country;country;country rock,spotify,artist,2024
koe wetzel & jessie murph,koe wetzel & jessie murph,koe wetzel,koe wetzel,Koe Wetzel,1Tie3AZgLQZqYEp8Fv4zOZ,red dirt;texas country;country;country rock,spotify,l2,2025
koffee brown,koffee brown,koffee brown,koffee brown,Koffee Brown,6HEyD6mSqQQKMVilyU31ZY,hip hop rnb and dance hall,musicbrainz,artist,2001
kokomo,kokomo,kokomo,kokomo,Kokomo,00FrqfQ1NB4Dlr10yUP4Hr,blues;country blues;death by heart attack,musicbrainz,artist,1961
kon kan,kon kan,kon kan,kon kan,Kon Kan,5y6BuYJCvTV8DIzLtHOXOB,rock,musicbrainz,artist,1989
kongas,kongas,kongas,kongas,Kongas,4GkifqyhyFy4UqIclUSKCL,disco,spotify,artist,1978
kool & the gang,kool & the gang,kool,kool,Kool & The Gang,3VNITwohbvU5Wuy5PC6dsI,disco;funk,spotify,artist,1988
kool g rap,kool g rap,kool g rap,kool g rap,Kool G Rap,099tLNCZZvtjC7myKD0mFp,east coast hip hop;old school hip hop;hardcore hip hop;boom bap;horrorcore,spotify,artist,1996
kool moe dee,kool moe dee,kool moe dee,kool moe dee,Kool Moe Dee,2RE8NwNxsOyuNZDD0jRxHP,old school hip hop;new jack swing;east coast hip hop,spotify,artist,1988
korn,korn,korn,korn,Korn,3RNrq3jvMZxD9ZyoOZbQOD,nu metal;metal;rap metal;alternative metal,spotify,artist,2006
korn featuring amy lee,korn,korn,korn,Korn,3RNrq3jvMZxD9ZyoOZbQOD,nu metal;metal;rap metal;alternative metal,spotify,l1,2007
korona,korona,korona,korona,Korona,7iF0fSBkuxoC9WHsUXKYFA,,none,artist,1980
koryn hawthorne,koryn hawthorne,koryn hawthorne,koryn hawthorne,Koryn Hawthorne,03qM4LmPCrR7CuHTE0WAIW,gospel r&b;gospel;worship;christian,spotify,artist,2015
kraftwerk,kraftwerk,kraftwerk,kraftwerk,Kraftwerk,0dmPX6ovclgOy8WWJaFEUU,krautrock;neue deutsche welle;synthpop;electronic;new wave,spotify,artist,1978
kreayshawn,kreayshawn,kreayshawn,kreayshawn,Kreayshawn,51xJF4OqJPHWop1fv0VVyd,hip hop,musicbrainz,artist,2011
krewella,krewella,krewella,krewella,Krewella,0Cd6nHYwecCNM1sVEXKlYr,edm;dubstep,spotify,artist,2013
kris allen,kris allen,kris allen,kris allen,Kris Allen,2zwHaEmXxX6DTv4i8ajNCM,pop;american idol;country pop,musicbrainz,artist,2010
kris jensen,kris jensen,kris jensen,kris jensen,Kris Jensen,5yqQjExEgPCkwY7U4T6NHH,,none,artist,1962
kris kristofferson,kris kristofferson,kris kristofferson,kris kristofferson,Kris Kristofferson,0vYQRW5LIDeYQOccTviQNX,outlaw country;classic country;country,spotify,artist,1977
kris kristofferson & rita coolidge,kris kristofferson & rita coolidge,kris kristofferson,kris kristofferson,Kris Kristofferson,0vYQRW5LIDeYQOccTviQNX,outlaw country;classic country;country,spotify,l2,1974
kris kross,kris kross,kris kross,kris kross,Kris Kross,2zrZfs23sjuHDv4E6YRmNf,hip hop;hip hop rnb and dance hall,musicbrainz,artist,1996
kris kross featuring supercat,kris kross,kris kross,kris kross,Kris Kross,2zrZfs23sjuHDv4E6YRmNf,hip hop;hip hop rnb and dance hall,musicbrainz,l1,1993
kris wu,kris wu,kris wu,kris wu,Kris Wu,2lbUjuMzHkT4qIECvk2f3L,chinese hip hop;c-pop;chinese r&b,spotify,artist,2018
kristen bell & idina menzel,kristen bell & idina menzel,kristen bell,kristen bell,Kristen Bell,2kHxkdiKCSnHMkhIgFBZaI,actress,musicbrainz,l2,2014
kristen bell & santino fontana,kristen bell & santino fontana,kristen bell,kristen bell,Kristen Bell,2kHxkdiKCSnHMkhIgFBZaI,actress,musicbrainz,l2,2014
"kristen bell, agatha lee monn & katie lopez","kristen bell, agatha lee monn & katie lopez",kristen bell,kristen bell,Kristen Bell,2kHxkdiKCSnHMkhIgFBZaI,actress,musicbrainz,l2,2014
kristine w,kristine w,kristine w,kristine w,Kristine W,3tY3dHLP0MmkYwPhNVOU0x,vocal house,musicbrainz,artist,1996
kristinia debarge,kristinia debarge,kristinia debarge,kristinia debarge,Kristinia DeBarge,5Z22vlK4DCgDrQgBEqfc8w,,none,artist,2009
kristy and jimmy mcnichol,kristy and jimmy mcnichol,kristy,kristy,Kristy,3iOYWXrde6lLd3v8FD3Nv2,,none,l2,1978
krokus,krokus,krokus,krokus,Krokus,4YveAIZNQZBiWbt7iWsvCa,glam metal;hard rock;heavy metal,spotify,artist,1986
kumbia kings featuring a.b. quintanilla,kumbia kings,kumbia kings,kumbia kings,Kumbia Kings,3jO5UGHrEzfd5YIamfs7Ir,cumbia;tejano,spotify,l1,2000
kungs vs cookin' on 3 burners,kungs vs cookin' on 3 burners,kungs vs cookin' on 3 burners,kungs vs cookin on 3 burners,Kungs vs Cookin' on 3 Burners,0qReLc8HgqmEgp2k00MjQj,,none,artist,2016
kurtis blow,kurtis blow,kurtis blow,kurtis blow,Kurtis Blow,1fc01f1zGNzeHOQ2uwzH34,hip hop;pop rap;electro;east coast hip hop;disco rap,musicbrainz,artist,1985
kut klose,kut klose,kut klose,kut klose,Kut Klose,3g0RlUGYDE7rdAJSnLkNOv,quiet storm;new jack swing,spotify,artist,1995
kygo & ellie goulding,kygo & ellie goulding,kygo,kygo,Kygo,23fqKkggKUBHNkbKtXEls4,tropical house,spotify,l2,2017
kygo & imagine dragons,kygo & imagine dragons,kygo,kygo,Kygo,23fqKkggKUBHNkbKtXEls4,tropical house,spotify,l2,2018
kygo & onerepublic,kygo & onerepublic,kygo,kygo,Kygo,23fqKkggKUBHNkbKtXEls4,tropical house,spotify,l2,2020
kygo featuring conrad,kygo,kygo,kygo,Kygo,23fqKkggKUBHNkbKtXEls4,tropical house,spotify,l1,2015
kygo featuring miguel,kygo,kygo,kygo,Kygo,23fqKkggKUBHNkbKtXEls4,tropical house,spotify,l1,2018
kygo x whitney houston,kygo x whitney houston,kygo,kygo,Kygo,23fqKkggKUBHNkbKtXEls4,tropical house,spotify,l2,2019
kygo x selena gomez,kygo x selena gomez,kygo,kygo,Kygo,23fqKkggKUBHNkbKtXEls4,tropical house,spotify,l2,2017
kyle featuring lil yachty,kyle,kyle,kyle,KYLE,4qBgvVog0wzW75IQ48mU7v,hip-hop;rapper;us;kyle;k.i.d,musicbrainz,l1,2017
kylie minogue,kylie minogue,kylie minogue,kylie minogue,Kylie Minogue,4RVnAU35WRWra6OZ3CbbMA,dance pop,spotify,artist,2004
kym sims,kym sims,kym sims,kym sims,Kym Sims,40PLSl99xXqAQsCQQPmfyM,chicago house,spotify,artist,1992
kyper,kyper,kyper,kyper,Kyper,7lzp3gFognVRw2KwoNdFRs,,none,artist,1990
kyu sakamoto,kyu sakamoto,kyu sakamoto,kyu sakamoto,Kyu Sakamoto,3WKkjW8B7x5UZmfC9pnDmN,kayokyoku;enka,spotify,artist,1963
l'trimm,l'trimm,l'trimm,ltrimm,,,miami bass;booty bass,musicbrainz,,1988
l.a. guns,l.a. guns,l.a. guns,la guns,L.A. Guns,22TEmHXBBLjTec2LOAuMdS,glam metal;glam rock;hard rock,spotify,artist,1992
l.a. jets,l.a. jets,l.a. jets,la jets,La Jets,4tTy2yt2L8dpuIw6RUwp2W,,none,l3,1977
l.a. style,l.a. style,l.a. style,la style,L.A. Style,4reUSabzsXZWM3BMH4fU1Q,eurodance,spotify,artist,1992
l.a.d.,l.a.d.,l.a.d.,lad,,,industrial metal;progressive metal;death metal,musicbrainz,,1996
l.b.c. crew feat. tray d & south sentrell,l.b.c. crew,l.b.c. crew,lbc crew,LBC Crew,1BMp54gXcUnbyVudcybnLP,g-funk;west coast hip hop,spotify,l3,1996
l.f.o. (lyte funky ones) (featuring kayo),l.f.o.,l.f.o.,lfo,LFO,1FizW0swe8ODtXvEOHXbHX,electronic;idm;electronica;dance and electronica;bleep techno,musicbrainz,l3,1998
l.t.d.,l.t.d.,l.t.d.,ltd,L.T.D.,10uPhPcqWjfqiVE9gScKYO,quiet storm;classic soul,spotify,artist,1981
l.v.,l.v.,l.v.,lv,L.V.,2LhsePRtgCo4THVKULQBL7,r&b,musicbrainz,artist,1996
lanco,lanco,lanco,lanco,LANCO,2lRH2dgU5Kk4Bc5phmII4T,country,spotify,artist,2018
lfo,lfo,lfo,lfo,LFO,1FizW0swe8ODtXvEOHXbHX,electronic;idm;electronica;dance and electronica;bleep techno,musicbrainz,artist,2001
lisa,lisa,lisa,lisa,LiSA,0blbVefuxOGltDBa00dspv,anime;j-pop;j-rock,spotify,artist,2024
lisa featuring doja cat & raye,lisa,lisa,lisa,LiSA,0blbVefuxOGltDBa00dspv,anime;j-pop;j-rock,spotify,l1,2025
lisa featuring rosalia,lisa,lisa,lisa,LiSA,0blbVefuxOGltDBa00dspv,anime;j-pop;j-rock,spotify,l1,2024
ll cool j,ll cool j,ll cool j,ll cool j,LL COOL J,1P8IfcNKwrkQP5xJWuhaOC,old school hip hop;east coast hip hop;rap,spotify,artist,2004
ll cool j featuring 7 aurelius,ll cool j,ll cool j,ll cool j,LL COOL J,1P8IfcNKwrkQP5xJWuhaOC,old school hip hop;east coast hip hop;rap,spotify,l1,2005
ll cool j featuring amerie,ll cool j,ll cool j,ll cool j,LL COOL J,1P8IfcNKwrkQP5xJWuhaOC,old school hip hop;east coast hip hop;rap,spotify,l1,2003
ll cool j featuring jennifer lopez,ll cool j,ll cool j,ll cool j,LL COOL J,1P8IfcNKwrkQP5xJWuhaOC,old school hip hop;east coast hip hop;rap,spotify,l1,2006
"ll cool j featuring method man, redman, dmx, canibus and master p",ll cool j,ll cool j,ll cool j,LL COOL J,1P8IfcNKwrkQP5xJWuhaOC,old school hip hop;east coast hip hop;rap,spotify,l1,1998
ll cool j featuring the-dream,ll cool j,ll cool j,ll cool j,LL COOL J,1P8IfcNKwrkQP5xJWuhaOC,old school hip hop;east coast hip hop;rap,spotify,l1,2008
lmfao,lmfao,lmfao,lmfao,LMFAO,3sgFRtyBnxXD5ESfmbK4dl,pop;electropop;pop rap;dance-pop;electro,musicbrainz,artist,2012
lmfao featuring lauren bennett & goonrock,lmfao,lmfao,lmfao,LMFAO,3sgFRtyBnxXD5ESfmbK4dl,pop;electropop;pop rap;dance-pop;electro,musicbrainz,l1,2012
lmfao featuring lil jon,lmfao,lmfao,lmfao,LMFAO,3sgFRtyBnxXD5ESfmbK4dl,pop;electropop;pop rap;dance-pop;electro,musicbrainz,l1,2010
lsg,lsg,lsg,lsg,LSG,7a6UoORU9y9Qkkm03fLmpY,quiet storm;new jack swing,spotify,artist,1998
ltd,ltd,ltd,ltd,LTD,16wFpcx3mVyCUishgZsQPm,bogus artist;fixme,musicbrainz,artist,1978
la bouche,la bouche,la bouche,la bouche,La Bouche,488v7rQzthLNK22r0UvMie,eurodance;europop,spotify,artist,1998
la flavour,la flavour,la flavour,la flavour,La Flavour,3kYXNIiBmhF0vLU54SBO55,hi-nrg;freestyle;disco,spotify,artist,1980
la roux,la roux,la roux,la roux,La Roux,3K2zB87GZv1krx031en5VA,electronic;synth-pop,musicbrainz,artist,2010
latanya featuring twista,latanya,latanya,latanya,latanya,31CDQ6ZW83cfT59L6kNYlR,,none,l1,1998
latour,latour,latour,latour,Latour,6Y0dRb1wZq8Xhok2i6Oy4R,chicago house,spotify,artist,1991
latoya jackson,latoya jackson,latoya jackson,latoya jackson,Latoya Jackson,59NFhW9sZMR1VDLv9WWwEy,latoya-jackson;soul,musicbrainz,artist,1984
lavern baker,lavern baker,lavern baker,lavern baker,LaVern Baker,0V6zo2mJw9FdwWLClKC9yw,swing music;boogie-woogie;doo-wop;rockabilly,spotify,artist,1965
lavern baker & jimmy ricks,lavern baker & jimmy ricks,lavern baker,lavern baker,LaVern Baker,0V6zo2mJw9FdwWLClKC9yw,swing music;boogie-woogie;doo-wop;rockabilly,spotify,l2,1961
laban,laban,laban,laban,Laban,5A490wDfownZLDcpIDOJiL,dansktop;dansk pop;italo disco,spotify,artist,1986
labelle,labelle,labelle,labelle,LaBelle,3DznKagEU8yMQZR9z33Da5,disco;philly soul,spotify,artist,1975
labrinth,labrinth,labrinth,labrinth,Labrinth,2feDdbD5araYcm6JhFHHw7,hip-hop;uk;singer;producer,musicbrainz,artist,2023
labrinth & zendaya,labrinth & zendaya,labrinth,labrinth,Labrinth,2feDdbD5araYcm6JhFHHw7,hip-hop;uk;singer;producer,musicbrainz,l2,2022
labrinth featuring emeli sande,labrinth,labrinth,labrinth,Labrinth,2feDdbD5araYcm6JhFHHw7,hip-hop;uk;singer;producer,musicbrainz,l1,2013
"labrinth, sia & diplo present... lsd","labrinth, sia & diplo present... lsd",labrinth,labrinth,Labrinth,2feDdbD5araYcm6JhFHHw7,hip-hop;uk;singer;producer,musicbrainz,l2,2018
lady a,lady a,lady a,lady a,Lady A,32WkQRZEVKSzVAAYqukAEA,country;pop country,spotify,artist,2021
lady antebellum,lady antebellum,lady antebellum,lady antebellum,,,,none,,2020
lady flash,lady flash,lady flash,lady flash,Lady Flash,6FT3DrxYxzwhrDpGc7s7E4,pop;girl-group;'70s;background vocalists,musicbrainz,artist,1976
lady gaga,lady gaga,lady gaga,lady gaga,Lady Gaga,1HY2Jd0NmPuamShAr6KMms,art pop;pop,spotify,artist,2025
lady gaga & ariana grande,lady gaga & ariana grande,lady gaga,lady gaga,Lady Gaga,1HY2Jd0NmPuamShAr6KMms,art pop;pop,spotify,l2,2020
lady gaga & blackpink,lady gaga & blackpink,lady gaga,lady gaga,Lady Gaga,1HY2Jd0NmPuamShAr6KMms,art pop;pop,spotify,l2,2020
lady gaga & bradley cooper,lady gaga & bradley cooper,lady gaga,lady gaga,Lady Gaga,1HY2Jd0NmPuamShAr6KMms,art pop;pop,spotify,l2,2019
lady gaga & bruno mars,lady gaga & bruno mars,lady gaga,lady gaga,Lady Gaga,1HY2Jd0NmPuamShAr6KMms,art pop;pop,spotify,l2,2025
lady gaga featuring beyonce,lady gaga,lady gaga,lady gaga,Lady Gaga,1HY2Jd0NmPuamShAr6KMms,art pop;pop,spotify,l1,2010
lady gaga featuring colby o'donis,lady gaga,lady gaga,lady gaga,Lady Gaga,1HY2Jd0NmPuamShAr6KMms,art pop;pop,spotify,l1,2009
lady gaga featuring gesaffelstein,lady gaga,lady gaga,lady gaga,Lady Gaga,1HY2Jd0NmPuamShAr6KMms,art pop;pop,spotify,l1,2025
lady gaga featuring r. kelly,lady gaga,lady gaga,lady gaga,Lady Gaga,1HY2Jd0NmPuamShAr6KMms,art pop;pop,spotify,l1,2014
lady sovereign,lady sovereign,lady sovereign,lady sovereign,Lady Sovereign,36ikBJX6oQWWlgrXCock30,hip hop;grime;uk;britannique;british,musicbrainz,artist,2007
laid back,laid back,laid back,laid back,Laid Back,2OLmN3LLWtLF7zerL4VdaX,pop;synthpop;synth-pop;pop reggae;electro-disco,musicbrainz,artist,1984
lainey wilson,lainey wilson,lainey wilson,lainey wilson,Lainey Wilson,6tPHARSq45lQ8BSALCfkFC,country,spotify,artist,2025
laissez faire,laissez faire,laissez faire,laissez faire,Laissez Faire,0Cxmr6goLDTw17DG2YJcwG,visual kei,musicbrainz,artist,1992
lake,lake,lake,lake,LAKE,1KvWSkU2qrxVTpkMgdMqqF,progressive rock;symphonic prog;art rock;rock;folk rock,musicbrainz,artist,1977
lakeside,lakeside,lakeside,lakeside,Lakeside,74lTWE4DqbFU3Vn8z4uH72,funk;post-disco,spotify,artist,1981
lale anderson,lale anderson,lale anderson,lale anderson,Lale Anderson,1BuAe8IBtjhzlYtQqE4l7F,schlager,spotify,artist,1961
lally stott,lally stott,lally stott,lally stott,,,,none,,1971
lalo schifrin,lalo schifrin,lalo schifrin,lalo schifrin,Lalo Schifrin,39iHRO9MH9To3gjW7wqaW1,brazilian jazz;exotica,spotify,artist,1968
lamont dozier,lamont dozier,lamont dozier,lamont dozier,Lamont Dozier,6Dpx8fRtNa9CEORHIiBQTG,classic soul,spotify,artist,1975
lana cantrell,lana cantrell,lana cantrell,lana cantrell,Lana Cantrell,0woZZJmWAIMpDP6kUEiHrR,easy listening,spotify,artist,1975
lana del rey,lana del rey,lana del rey,lana del rey,Lana Del Rey,00FQb4jTyendYWaN8pK0wa,indie pop;electronic;pop;alternative;dream pop,musicbrainz,artist,2025
lana del rey featuring the weeknd,lana del rey,lana del rey,lana del rey,Lana Del Rey,00FQb4jTyendYWaN8pK0wa,indie pop;electronic;pop;alternative;dream pop,musicbrainz,l1,2017
lana del rey vs. cedric gervais,lana del rey vs. cedric gervais,lana del rey vs. cedric gervais,lana del rey vs cedric gervais,,,,none,,2013
landon pigg,landon pigg,landon pigg,landon pigg,Landon Pigg,1whjlG0NSaQytgDIWz10GS,indie pop;easy listening;rock;american,musicbrainz,artist,2008
lani hall,lani hall,lani hall,lani hall,Lani Hall,6vIMSnFRkGcJNE776F2TEJ,2008 universal fire victim,musicbrainz,artist,1981
lanier & co.,lanier & co.,lanier,lanier,Lanier,3vpTi8MoSnALQBF2TgfW84,,none,l2,1983
lara fabian,lara fabian,lara fabian,lara fabian,Lara Fabian,7ocwZINHqO9DZJgFtc1B20,variété française;chanson;chanson québécoise,spotify,artist,2000
lari white,lari white,lari white,lari white,Lari White,2tn388eKIoCPIo5roQtT41,christian country;southern gospel,spotify,artist,1998
larray,larray,larray,larray,Larray,0rQjJGZLXBq95OA3nSmDj9,,none,artist,2020
larry bright,larry bright,larry bright,larry bright,Larry Bright,5vmS5w5Hy4Xiw6aIrC6LBA,,none,artist,1960
larry carlton,larry carlton,larry carlton,larry carlton,Larry Carlton,7aRi9OzdA2ciputfuguaPK,smooth jazz;jazz fusion;jazz;cool jazz,spotify,artist,1982
larry elgart and his manhattan swing orchestra,larry elgart and his manhattan swing orchestra,larry elgart,larry elgart,Larry Elgart And His Manhattan Swing Orchestra,0R6Oa8qhUXdLRFL8Hiytgn,swing music;big band,spotify,artist,1982
larry finnegan,larry finnegan,larry finnegan,larry finnegan,Larry Finnegan,5PVlrxc9rQMfzZACGYv2Ns,,none,artist,1962
larry gatlin,larry gatlin,larry gatlin,larry gatlin,Larry Gatlin,35qH8znAZo209NTBDDifTP,southern gospel;christian country,spotify,artist,1974
larry graham,larry graham,larry graham,larry graham,Larry Graham,6lUcc15t11bnaPr2qOuFs2,classic soul;quiet storm,spotify,artist,1981
larry groce,larry groce,larry groce,larry groce,Larry Groce,2z9Y52xPb933l5cs0GNvnc,children's music;lullaby,spotify,artist,1976
larry hall,larry hall,larry hall,larry hall,Larry Hall,2EyA5ero1CgVx0v84eie8j,christian pop;ccm,spotify,artist,1960
larry john mcnally,larry john mcnally,larry john mcnally,larry john mcnally,Larry John McNally,7fQwarCxGRYQBCS2nJ8CmB,aor;yacht rock;soft rock,spotify,artist,1981
larry lee,larry lee,larry lee,larry lee,Larry Lee,6AI7L2T6gClA4Rysdj05gx,,none,artist,1982
larry santos,larry santos,larry santos,larry santos,Larry Santos,1NC7ffVNItOILMCj1vw2cB,indie;pop;crooners;soft pop;easy listening,musicbrainz,artist,1976
larry verne,larry verne,larry verne,larry verne,Larry Verne,6vWMWDRy2Jbshg42p1Iuzg,,none,artist,1961
larry williams & johnny watson,larry williams & johnny watson,larry williams,larry williams,Larry Williams & Johnny Watson,20HVf2j1u1qObPT1ZZERcl,northern soul,spotify,artist,1967
larsen-feiten band,larsen-feiten band,larsen-feiten band,larsenfeiten band,,,,none,,1980
las ketchup,las ketchup,las ketchup,las ketchup,Las Ketchup,1e8GEl48ktvfDpruMKB6Oe,pop;spanish;europop;european;flamenco pop,musicbrainz,artist,2002
lasgo,lasgo,lasgo,lasgo,Lasgo,25Kw8f1zcn9VtUk5Nl3qrp,eurodance,spotify,artist,2004
latimore,latimore,latimore,latimore,Latimore,0nVQLK3LSM9SFP5xp64D7a,blues,spotify,artist,1977
latin alliance featuring war,latin alliance,latin alliance,latin alliance,Latin Alliance,1ebBPvAkvcpxtaP0J1IQzb,latin hip hop,spotify,l1,1991
latto,latto,latto,latto,Latto,3MdXrJWsbVzdn6fe5JYkSQ,trap;pop rap,musicbrainz,artist,2025
latto featuring cardi b,latto,latto,latto,Latto,3MdXrJWsbVzdn6fe5JYkSQ,trap;pop rap,musicbrainz,l1,2023
latto featuring lu kala,latto,latto,latto,Latto,3MdXrJWsbVzdn6fe5JYkSQ,trap;pop rap,musicbrainz,l1,2023
latto featuring megan thee stallion & flo milli,latto,latto,latto,Latto,3MdXrJWsbVzdn6fe5JYkSQ,trap;pop rap,musicbrainz,l1,2024
laufey,laufey,laufey,laufey,Laufey,7gW0r5CkdEUMm42w9XpyZO,jazz pop;singer-songwriter;jazz;easy listening;bossa nova,musicbrainz,artist,2025
laura branigan,laura branigan,laura branigan,laura branigan,Laura Branigan,4463nfFMmK1cwAWBQDwT5e,pop;synth-pop;ballad;american;death by brain aneurysm,musicbrainz,artist,1990
laura enea,laura enea,laura enea,laura enea,Laura Enea,6TEserE0g2TKlKBCGElMLL,freestyle;chicago house;funk melody;latin hip hop,spotify,artist,1992
laura lee,laura lee,laura lee,laura lee,Laura Lee,6jBERUXeBhzGvqU3Fkwjib,soul;2008 universal fire victim,musicbrainz,artist,1972
laura nyro,laura nyro,laura nyro,laura nyro,Laura Nyro,6QDWC6QeGhvCWCv3nUJwoV,singer-songwriter;philly soul;pop soul,spotify,artist,1970
lauren alaina,lauren alaina,lauren alaina,lauren alaina,Lauren Alaina,1v3tdpIdBSW14rHUfiEVOv,country,spotify,artist,2017
lauren daigle,lauren daigle,lauren daigle,lauren daigle,Lauren Daigle,40LHVA5BTQp9RxHOQ9JPYj,christian;worship;ccm;christian pop,spotify,artist,2019
lauren duski,lauren duski,lauren duski,lauren duski,Lauren Duski,65Soberz2DNvbx2hrxHcx5,,none,artist,2017
lauren spencer smith,lauren spencer smith,lauren spencer smith,lauren spencer smith,Lauren Spencer Smith,79AyR6ATpj2LTPxfb6FX50,,none,artist,2023
lauren wood,lauren wood,lauren wood,lauren wood,Lauren Wood,67K9nZU3LXIwrDjxVOO9IG,yacht rock,spotify,artist,1979
laurnea,laurnea,laurnea,laurnea,Laurnea,5SFyIP5omZE70NEVDn6Mxn,neo soul,spotify,artist,1997
lauryn hill,lauryn hill,lauryn hill,lauryn hill,Lauryn Hill,39Th4ljnYFamTQ2vVhl4jK,hip hop;neo soul;contemporary r&b;soul and reggae;alternative hip hop,musicbrainz,artist,1999
lauv,lauv,lauv,lauv,Lauv,5JZ7CnR6gTvEMKX4g70Amv,indie pop;electropop;alternative pop;queer;pop,musicbrainz,artist,2018
lauv & troye sivan,lauv & troye sivan,lauv,lauv,Lauv,5JZ7CnR6gTvEMKX4g70Amv,indie pop;electropop;alternative pop;queer;pop,musicbrainz,l2,2019
laverne & shirley,laverne & shirley,laverne,laverne,Laverne & Shirley,0WHZs70mEsuAKWzDEUuc48,,none,artist,1976
lawrence reynolds,lawrence reynolds,lawrence reynolds,lawrence reynolds,Lawrence Reynolds,1QUKNp0QR0SOSmYjoROBKR,christian country,spotify,artist,1969
lawrence welk,lawrence welk,lawrence welk,lawrence welk,Lawrence Welk,4rvZd1HQHnWZyzGkIVFGLq,2008 universal fire victim;check it;death by pneumonia,musicbrainz,artist,1962
lawrence welk and his orchestra,lawrence welk and his orchestra,lawrence welk,lawrence welk,Lawrence Welk,4rvZd1HQHnWZyzGkIVFGLq,2008 universal fire victim;check it;death by pneumonia,musicbrainz,l2,1965
lawrence welk his orchestra and chorus,lawrence welk his orchestra and chorus,lawrence welk his orchestra,lawrence welk his orchestra,,,,none,,1961
lay bankz,lay bankz,lay bankz,lay bankz,Lay Bankz,4OVbrPbhvK46A1uXTU1u5F,jersey club,spotify,artist,2024
layng martine,layng martine,layng martine,layng martine,Layng Martine,6ahqEOjfLOmUx0g5oQY2M1,,none,artist,1971
"layton greene, lil baby, city girls & pnb rock","layton greene, lil baby, city girls & pnb rock",layton greene,layton greene,Layton Greene,02ZtVIjKL1PYLlMmP1sz0h,,none,l2,2020
lazy racer,lazy racer,lazy racer,lazy racer,Lazy Racer,7iSzRbQaMgaymLexwzWOVX,aor;yacht rock,spotify,artist,1979
le click,le click,le click,le click,Le Click,6MGQ2oUq4y55GDYyINkhnr,eurodance,spotify,artist,1997
le click featuring kayo,le click,le click,le click,Le Click,6MGQ2oUq4y55GDYyINkhnr,eurodance,spotify,l1,1998
le pamplemousse,le pamplemousse,le pamplemousse,le pamplemousse,,,,none,,1978
le sserafim,le sserafim,le sserafim,le sserafim,LE SSERAFIM,4SpbR6yFEvexJuaBpgAU5p,k-pop,spotify,artist,2024
leann rimes,leann rimes,leann rimes,leann rimes,LeAnn Rimes,2d3VHzlOEwXvmBdS4pzOPL,country;pop;contemporary country;adult contemporary;country pop,musicbrainz,artist,2008
leblanc & carr,leblanc & carr,leblanc,leblanc,Leblanc,4M8rXGu8B5kwIAqDLrG5cb,melodic techno,spotify,l2,1978
leroux,leroux,leroux,leroux,LeRoux,4m5AiTlgcHYAeFnLWEIZeG,aor;arena rock;cajun;zydeco;southern rock,spotify,artist,1983
letoya,letoya,letoya,letoya,LeToya,5xenrbYhp4IRydrWpBe4Bx,r&b;hip hop,musicbrainz,artist,2006
letoya featuring ludacris,letoya,letoya,letoya,LeToya,5xenrbYhp4IRydrWpBe4Bx,r&b;hip hop,musicbrainz,l1,2009
lea michele,lea michele,lea michele,lea michele,Lea Michele,16rJDrSGCHMXjPUuKwQcvp,musicals,spotify,artist,2013
lea roberts,lea roberts,lea roberts,lea roberts,Lea Roberts,5bCSe1fnqmIaOe9BvSWH2W,,none,artist,1975
leah andreone,leah andreone,leah andreone,leah andreone,Leah Andreone,2ov2f5yawnEga8dJH2c5Xl,,none,artist,1997
leapy lee,leapy lee,leapy lee,leapy lee,Leapy Lee,7lgv8OCexyuvGs3Xn2O7n2,2008 universal fire victim,musicbrainz,artist,1969
led zeppelin,led zeppelin,led zeppelin,led zeppelin,Led Zeppelin,36QJpDe2go2KgaRleHCDTp,classic rock;rock;hard rock;rock and roll,spotify,artist,1980
lee allen and his band,lee allen and his band,lee allen,lee allen,Lee Allen,4pMQOY4niN5H3RJddDWU4V,christian country;southern gospel,spotify,l2,1958
lee andrews and the hearts,lee andrews and the hearts,lee andrews,lee andrews,Lee Andrews,3mFuZPYNpQfxCrwK3gg526,doo-wop;northern soul,spotify,l2,1958
lee ann womack,lee ann womack,lee ann womack,lee ann womack,Lee Ann Womack,738OS3zrCO782uDiUN9pet,country,spotify,artist,2009
lee brice,lee brice,lee brice,lee brice,Lee Brice,5Zq7R5qmi58ByYyBQTlNuk,country;acoustic country,spotify,artist,2022
lee dewyze,lee dewyze,lee dewyze,lee dewyze,Lee DeWyze,1KNNZV9twnpQBqyUoGvWA6,american idol;alternative rock;rock,musicbrainz,artist,2010
lee dewyze & crystal bowersox,lee dewyze & crystal bowersox,lee dewyze,lee dewyze,Lee DeWyze,1KNNZV9twnpQBqyUoGvWA6,american idol;alternative rock;rock,musicbrainz,l2,2010
lee dorsey,lee dorsey,lee dorsey,lee dorsey,Lee Dorsey,0En4EEcDMJ5kaUCf1aZ9js,northern soul,spotify,artist,1969
lee garrett,lee garrett,lee garrett,lee garrett,Lee Garrett,7AisKb5UElO6RRAJ3Nvn2V,,none,artist,1976
lee greenwood,lee greenwood,lee greenwood,lee greenwood,Lee Greenwood,3g229vTyhsdwm9SO2p1FPL,country;singer-songwriter;classic pop and rock;2008 universal fire victim;pro trump,musicbrainz,artist,2002
lee michaels,lee michaels,lee michaels,lee michaels,Lee Michaels,2qYmpGuOYpD78zHioUjo3L,uk garage,spotify,artist,1972
lee morgan,lee morgan,lee morgan,lee morgan,Lee Morgan,38C3okxv3fyyOIQUVPCdGX,hard bop;jazz;bebop;cool jazz,spotify,artist,1965
lee oskar,lee oskar,lee oskar,lee oskar,Lee Oskar,0ZjB2OpMQL3LKJyEdeIz7o,rock,musicbrainz,artist,1976
lee ritenour,lee ritenour,lee ritenour,lee ritenour,Lee Ritenour,1nDqTUspmq8IXhcEZT93iq,smooth jazz;jazz fusion;yacht rock;jazz funk;jazz,spotify,artist,1983
lee and paul,lee and paul,lee,lee,,,,none,,1959
lefty frizzell,lefty frizzell,lefty frizzell,lefty frizzell,Lefty Frizzell,05pAwLhsutiuj6gerEwGvU,classic country;honky tonk;traditional country;outlaw country,spotify,artist,1964
legacy of sound featuring meja,legacy of sound,legacy of sound,legacy of sound,Legacy Of Sound,1DIAkyxfMbBgEP7qjfojGl,eurodance,spotify,l1,1993
leif garrett,leif garrett,leif garrett,leif garrett,Leif Garrett,2MyNAoQL07EABerr6yhoT4,disco,spotify,artist,1982
leila k with rob 'n' raz,leila k with rob 'n' raz,leila k,leila k,Leila K,61Da4fqVMgPoo9mYY0R3k6,eurodance,spotify,l2,1990
lemon pipers,lemon pipers,lemon pipers,lemon pipers,,,psychedelic pop;classic pop and rock;bubblegum pop;bubblegum,musicbrainz,,1968
len,len,len,len,LEN,0nyc9SZGLITSOJASmTZsnZ,pop;alternative rock;indie rock;pop and chart,musicbrainz,artist,2000
len barry,len barry,len barry,len barry,Len Barry,5lpi5D6a2y9gDOLvZ7d6zn,classic pop and rock;2008 universal fire victim,musicbrainz,artist,1966
lena horne,lena horne,lena horne,lena horne,Lena Horne,2I6nP70ltmOHi6xjJUXHMe,vocal jazz,spotify,artist,1963
lena zavaroni,lena zavaroni,lena zavaroni,lena zavaroni,Lena Zavaroni,0lm1R91lcysFZwQ8K2sMe7,singer;scottish;italian descent;lena zavaroni,musicbrainz,artist,1974
lenny kravitz,lenny kravitz,lenny kravitz,lenny kravitz,Lenny Kravitz,5gznATMVO85ZcLTkE9ULU7,rock;hard rock;funk rock;soul;psychedelic rock,musicbrainz,artist,2008
lenny kravitz featuring jay-z,lenny kravitz,lenny kravitz,lenny kravitz,Lenny Kravitz,5gznATMVO85ZcLTkE9ULU7,rock;hard rock;funk rock;soul;psychedelic rock,musicbrainz,l1,2004
lenny leblanc,lenny leblanc,lenny leblanc,lenny leblanc,Lenny LeBlanc,6UXDMJQeP2GCfHgspo2KZx,worship;christian,spotify,artist,1981
lenny miles,lenny miles,lenny miles,lenny miles,Lenny Miles,6IK8aJAKWheSFTpQUZ8VrH,northern soul;doo-wop,spotify,artist,1961
lenny o'henry,lenny o'henry,lenny o'henry,lenny ohenry,,,,none,,1964
lenny welch,lenny welch,lenny welch,lenny welch,Lenny Welch,4i9IEoaY6Q1v3Puqz3PwC1,doo-wop,spotify,artist,1972
lenore o'malley,lenore o'malley,lenore o'malley,lenore omalley,,,,none,,1980
leo sayer,leo sayer,leo sayer,leo sayer,Leo Sayer,04LIHk1SobiQwt2tlupoAV,soft rock;yacht rock,spotify,artist,1981
leon & mary russell,leon & mary russell,leon,leon,Leon & Mary Russell,62a9KhMxJXITvzjLR3nSw1,aor,spotify,artist,1976
leon hayward,leon hayward,leon hayward,leon hayward,Leon Hayward,2jS4I2iYvwyf5lJ54HX8RZ,,none,artist,1965
leon haywood,leon haywood,leon haywood,leon haywood,Leon Haywood,4r2UnA39uIXexqO1mABayb,funk,spotify,artist,1980
leon redbone,leon redbone,leon redbone,leon redbone,Leon Redbone,7hYKC5uBED0V5rpKQkqgQ5,christmas;ragtime,spotify,artist,1981
leon russell,leon russell,leon russell,leon russell,Leon Russell,6r1Xmz7YUD4z0VRUoGm8XN,outlaw country,spotify,artist,1976
leon thomas,leon thomas,leon thomas,leon thomas,Leon Thomas,0nnBZ8FXWjG9wZgM2cpfeb,jazz;vocal jazz;free jazz,musicbrainz,artist,2025
leona lewis,leona lewis,leona lewis,leona lewis,Leona Lewis,5lKZWd6HiSCLfnDGrq9RAm,pop;contemporary r&b;dance-pop;british;uk,musicbrainz,artist,2009
leonard cohen,leonard cohen,leonard cohen,leonard cohen,Leonard Cohen,5l8VQNuIg0turYE1VtM9zV,singer-songwriter,spotify,artist,2016
leroy pullins,leroy pullins,leroy pullins,leroy pullins,Leroy Pullins,78ILCwgjqaUns97bIiL8zr,i m a nut;2008 universal fire victim,musicbrainz,artist,1966
leroy van dyke,leroy van dyke,leroy van dyke,leroy van dyke,Leroy Van Dyke,6fU4BXH81Y9lMOopk9ida3,classic country;traditional country,spotify,artist,1962
les compagnons de la chanson,les compagnons de la chanson,les compagnons de la chanson,les compagnons de la chanson,Les Compagnons De La Chanson,0tqfplArnNaPnE2AkNIglR,chanson,spotify,artist,1960
les cooper and the soul rockers,les cooper and the soul rockers,les cooper,les cooper,Les Cooper and The Soul Rockers,68TFke90h9r39bMMREaIjt,doo-wop,spotify,artist,1963
les crane,les crane,les crane,les crane,Les Crane,0nH8Oa5lL0hHMKQpOqujVq,spoken word,spotify,artist,1971
les emmerson,les emmerson,les emmerson,les emmerson,Les Emmerson,1gsvFFgoBr1KREEa9zukeg,death by covid-19,musicbrainz,artist,1973
les mccann & eddie harris,les mccann & eddie harris,les mccann,les mccann,Les McCann,07tYu4BGrfeogBobCefkHI,soul jazz;jazz funk;jazz;hard bop;jazz fusion,spotify,l2,1970
les paul and mary ford,les paul and mary ford,les paul,les paul,Les Paul,2hkZGvBotqZ7uBBUnBwmLC,jazz;swing;2008 universal fire victim,musicbrainz,l2,1961
leschea,leschea,leschea,leschea,Leschea,66agMXHQUa90IGxSC1zi32,hip hop;contemporary r&b,musicbrainz,artist,1997
lesley gore,lesley gore,lesley gore,lesley gore,Lesley Gore,08b2PA6eFyugsWAk41eQKZ,teen pop;sunshine pop;bubblegum pop;brill building;2008 universal fire victim,musicbrainz,artist,1967
leslie carter,leslie carter,leslie carter,leslie carter,Leslie Carter,5KGZG9ciOyOzIRpvvoOYCE,,none,artist,2001
leslie pearl,leslie pearl,leslie pearl,leslie pearl,Leslie Pearl,3QckMzDoqCxIjwJJE1Prpl,pop;singer-songwriter;70s;80s,musicbrainz,artist,1982
leslie uggams,leslie uggams,leslie uggams,leslie uggams,Leslie Uggams,3lu1p5TAo8X7qdmj2ElFWW,northern soul,spotify,artist,1959
letters to cleo,letters to cleo,letters to cleo,letters to cleo,Letters To Cleo,7E41j1yL9ZeTWfqe9bUGgw,riot grrrl,spotify,artist,1995
level 42,level 42,level 42,level 42,Level 42,0L9xkvBPcEp1nrhDrodxc5,synthpop,spotify,artist,1987
levert,levert,levert,levert,Levert,6E4Qe7pd7cwxRCwINyELaL,new jack swing;quiet storm,spotify,artist,1993
lewis capaldi,lewis capaldi,lewis capaldi,lewis capaldi,Lewis Capaldi,4GNC7GD6oZMSxPGyXy4MNB,soft pop,spotify,artist,2023
liam payne,liam payne,liam payne,liam payne,Liam Payne,5pUo3fmmHT8bhCyHE52hA6,death by fall;pop,musicbrainz,artist,2017
liam payne & rita ora,liam payne & rita ora,liam payne,liam payne,Liam Payne,5pUo3fmmHT8bhCyHE52hA6,death by fall;pop,musicbrainz,l2,2018
liam payne featuring quavo,liam payne,liam payne,liam payne,Liam Payne,5pUo3fmmHT8bhCyHE52hA6,death by fall;pop,musicbrainz,l1,2017
libianca,libianca,libianca,libianca,Libianca,7kjSuFGKhLm8b5qXoMhRkJ,afrobeats;afrobeat,spotify,artist,2023
lidell townsell,lidell townsell,lidell townsell,lidell townsell,Lidell Townsell,1kLU4FT0l2Bayn8Vir6jo3,chicago house;acid house;hip house;baltimore club,spotify,artist,1992
lidell townsell & m.t.f.,lidell townsell & m.t.f.,lidell townsell,lidell townsell,Lidell Townsell,1kLU4FT0l2Bayn8Vir6jo3,chicago house;acid house;hip house;baltimore club,spotify,l2,1992
lifehouse,lifehouse,lifehouse,lifehouse,Lifehouse,5PokPZn11xzZXyXSfnvIM3,post-grunge,spotify,artist,2010
lifehouse featuring natasha bedingfield,lifehouse,lifehouse,lifehouse,Lifehouse,5PokPZn11xzZXyXSfnvIM3,post-grunge,spotify,l1,2013
