artist,l1,l2,l3,matched_name,spotify_artist_id,genres_raw,source,matched_from,last_chart_year
"""groove"" holmes","""groove"" holmes","""groove"" holmes",groove holmes,Groove Holmes,02KuW0NIYd0JlYMCuk8C47,jazz funk,spotify,l3,1966
"""little"" jimmy dickens","""little"" jimmy dickens","""little"" jimmy dickens",little jimmy dickens,"""Little"" Jimmy Dickens",5vRlQ83Jc7xVAFwTRcqy78,,none,artist,1965
"""pookie"" hudson","""pookie"" hudson","""pookie"" hudson",pookie hudson,Pookie Hudson,4pmi9ADz840cly4M2DiNHO,northern soul;philly soul,spotify,l3,1963
"""weird al"" yankovic","""weird al"" yankovic","""weird al"" yankovic",weird al yankovic,"""Weird Al"" Yankovic",1bDWGdIC2hardyt55nlQgG,comedy;polka,spotify,artist,2014
$not & a$ap rocky,$not & a$ap rocky,$not,snot,$NOT,5IbEL2xjRtKsunfmsahLuO,,none,l2,2022
$uicideboy$,$uicideboy$,$uicideboy$,suicideboys,$uicideboy$,1VPmR4DJC1PlOtd0IADAO0,emo rap;horrorcore;cloud rap;trap metal;underground hip hop,spotify,artist,2025
$uicideboy$ x bones,$uicideboy$ x bones,$uicideboy$,suicideboys,$uicideboy$,1VPmR4DJC1PlOtd0IADAO0,emo rap;horrorcore;cloud rap;trap metal;underground hip hop,spotify,l2,2025
'til tuesday,'til tuesday,'til tuesday,til tuesday,'Til Tuesday,1L0y9srZMyh9XUnYGv37IP,new wave,spotify,artist,1989
(+44),nan,nan,nan,,,,none,,2006
(the preacher) bobby womack,nan,nan,nan,,,,none,,1972
*nsync,*nsync,*nsync,nsync,*NSYNC,6Ff53KvcvAj5U7Z1vojB5o,,none,artist,2024
*nsync & gloria estefan,*nsync & gloria estefan,*nsync,nsync,*NSYNC,6Ff53KvcvAj5U7Z1vojB5o,,none,l2,2000
*nsync featuring nelly,*nsync,*nsync,nsync,*NSYNC,6Ff53KvcvAj5U7Z1vojB5o,,none,l1,2002
1 of the girls,1 of the girls,1 of the girls,1 of the girls,,,,none,,1993
10 years,10 years,10 years,10 years,10 Years,0REMf7H0VP6DwfZ9MbuWph,post-grunge;alternative metal,spotify,artist,2006
"10,000 maniacs","10,000 maniacs",10,10,"10,000 Maniacs",0MBIKH9DjtBkv8O3nS6szj,jangle pop,spotify,artist,1997
100 proof aged in soul,100 proof aged in soul,100 proof aged in soul,100 proof aged in soul,100 Proof Aged In Soul,10i8e4CH1K0Nf4XECvAcTd,northern soul,spotify,artist,1972
100 strings and jono (choir of 40 voices),100 strings and jono,100 strings,100 strings,100 Strings,52zoHVj4iXzIUyQ8w9GWqo,,none,l2,1960
10cc,10cc,10cc,10cc,10cc,6i6WlGzQtXtz7GcC5H5st5,yacht rock;art rock;glam rock,spotify,artist,1979
112,112,112,112,112,7urq0VfqxEYEEiZUkebXT4,r&b,spotify,artist,2002
112 featuring foxy brown,112,112,112,112,7urq0VfqxEYEEiZUkebXT4,r&b,spotify,l1,2005
112 featuring lil'z,112,112,112,112,7urq0VfqxEYEEiZUkebXT4,r&b,spotify,l1,1999
112 featuring ludacris,112,112,112,112,7urq0VfqxEYEEiZUkebXT4,r&b,spotify,l1,2003
112 featuring mase,112,112,112,112,7urq0VfqxEYEEiZUkebXT4,r&b,spotify,l1,1999
112 featuring super cat,112,112,112,112,7urq0VfqxEYEEiZUkebXT4,r&b,spotify,l1,2003
112 featuring the notorious b.i.g.,112,112,112,112,7urq0VfqxEYEEiZUkebXT4,r&b,spotify,l1,1996
12 gauge,12 gauge,12 gauge,12 gauge,12 Gauge,6dt7tgaBekrUxhz21y65QB,,none,artist,1994
1910 fruitgum co.,1910 fruitgum co.,1910 fruitgum co.,1910 fruitgum co,,,,none,,1969
1927,1927,1927,1927,1927,7uZbOLlVQNbLVvKdGRk4VZ,,none,artist,1989
2 chainz,2 chainz,2 chainz,2 chainz,2 Chainz,17lzZA2AlOHwCwFALHttmp,rap;southern hip hop,spotify,artist,2016
2 chainz & wiz khalifa,2 chainz & wiz khalifa,2 chainz,2 chainz,2 Chainz,17lzZA2AlOHwCwFALHttmp,rap;southern hip hop,spotify,l2,2013
2 chainz featuring ariana grande,2 chainz,2 chainz,2 chainz,2 Chainz,17lzZA2AlOHwCwFALHttmp,rap;southern hip hop,spotify,l1,2019
2 chainz featuring drake,2 chainz,2 chainz,2 chainz,2 Chainz,17lzZA2AlOHwCwFALHttmp,rap;southern hip hop,spotify,l1,2012
2 chainz featuring drake & lil wayne,2 chainz,2 chainz,2 chainz,2 Chainz,17lzZA2AlOHwCwFALHttmp,rap;southern hip hop,spotify,l1,2013
2 chainz featuring kanye west,2 chainz,2 chainz,2 chainz,2 Chainz,17lzZA2AlOHwCwFALHttmp,rap;southern hip hop,spotify,l1,2013
2 chainz featuring kendrick lamar,2 chainz,2 chainz,2 chainz,2 Chainz,17lzZA2AlOHwCwFALHttmp,rap;southern hip hop,spotify,l1,2019
2 chainz featuring lil wayne,2 chainz,2 chainz,2 chainz,2 Chainz,17lzZA2AlOHwCwFALHttmp,rap;southern hip hop,spotify,l1,2016
2 chainz featuring pharrell,2 chainz,2 chainz,2 chainz,2 Chainz,17lzZA2AlOHwCwFALHttmp,rap;southern hip hop,spotify,l1,2013
2 chainz featuring travis scott,2 chainz,2 chainz,2 chainz,2 Chainz,17lzZA2AlOHwCwFALHttmp,rap;southern hip hop,spotify,l1,2019
"2 chainz featuring ty dolla $ign, trey songz & jhene aiko",2 chainz,2 chainz,2 chainz,2 Chainz,17lzZA2AlOHwCwFALHttmp,rap;southern hip hop,spotify,l1,2017
2 chainz featuring yg & offset,2 chainz,2 chainz,2 chainz,2 Chainz,17lzZA2AlOHwCwFALHttmp,rap;southern hip hop,spotify,l1,2018
2 chainz x gucci mane x quavo,2 chainz x gucci mane x quavo,2 chainz,2 chainz,2 Chainz,17lzZA2AlOHwCwFALHttmp,rap;southern hip hop,spotify,l2,2017
"2 chainz, drake & quavo","2 chainz, drake & quavo",2 chainz,2 chainz,2 Chainz,17lzZA2AlOHwCwFALHttmp,rap;southern hip hop,spotify,l2,2018
2 hyped brothers & a dog,2 hyped brothers & a dog,2 hyped brothers,2 hyped brothers,2 Hyped Brothers & A Dog,4uuHzqQ4a2GT3jFsAlZSip,baltimore club;miami bass;chicago house;hip house;philly club,spotify,artist,1992
2 in a room,2 in a room,2 in a room,2 in a room,2 In A Room,2029eJThczywCgnjE33s33,hip house;latin house;chicago house;ballroom vogue,spotify,artist,1994
2 of clubs,2 of clubs,2 of clubs,2 of clubs,2 of Clubs,4Qtg3TYpqjQrvWDjB0KYpa,,none,artist,1967
2 pistols featuring t-pain & tay dizm,2 pistols,2 pistols,2 pistols,2 Pistols,7JBMlJmJpOk87BZTdbYSHD,,none,l1,2008
2 unlimited,2 unlimited,2 unlimited,2 unlimited,2 Unlimited,18JD8DVlD1fakDAw7E9LFC,eurodance;hip house,spotify,artist,1995
20 fingers featuring gillette,20 fingers,20 fingers,20 fingers,20 Fingers,0OarfYzJPCi3lAVZ4nhTTd,eurodance,spotify,l1,1995
21 savage,21 savage,21 savage,21 savage,21 Savage,1URnnhqYAYcrqrcwql10ft,,none,artist,2024
21 savage & brent faiyaz,21 savage & brent faiyaz,21 savage,21 savage,21 Savage,1URnnhqYAYcrqrcwql10ft,,none,l2,2024
21 savage & doja cat,21 savage & doja cat,21 savage,21 savage,21 Savage,1URnnhqYAYcrqrcwql10ft,,none,l2,2024
21 savage & mariah the scientist,21 savage & mariah the scientist,21 savage,21 savage,21 Savage,1URnnhqYAYcrqrcwql10ft,,none,l2,2024
21 savage & metro boomin,21 savage & metro boomin,21 savage,21 savage,21 Savage,1URnnhqYAYcrqrcwql10ft,,none,l2,2020
21 savage & metro boomin featuring drake,21 savage & metro boomin,21 savage,21 savage,21 Savage,1URnnhqYAYcrqrcwql10ft,,none,l2,2021
21 savage & metro boomin featuring future,21 savage & metro boomin,21 savage,21 savage,21 Savage,1URnnhqYAYcrqrcwql10ft,,none,l2,2017
21 savage & metro boomin featuring young nudy,21 savage & metro boomin,21 savage,21 savage,21 Savage,1URnnhqYAYcrqrcwql10ft,,none,l2,2020
21 savage & metro boomin featuring young thug,21 savage & metro boomin,21 savage,21 savage,21 Savage,1URnnhqYAYcrqrcwql10ft,,none,l2,2020
21 savage & summer walker,21 savage & summer walker,21 savage,21 savage,21 Savage,1URnnhqYAYcrqrcwql10ft,,none,l2,2024
"21 savage, burna boy & metro boomin","21 savage, burna boy & metro boomin",21 savage,21 savage,21 Savage,1URnnhqYAYcrqrcwql10ft,,none,l2,2024
"21 savage, lil durk & metro boomin","21 savage, lil durk & metro boomin",21 savage,21 savage,21 Savage,1URnnhqYAYcrqrcwql10ft,,none,l2,2024
"21 savage, offset & metro boomin","21 savage, offset & metro boomin",21 savage,21 savage,21 Savage,1URnnhqYAYcrqrcwql10ft,,none,l2,2017
"21 savage, offset & metro boomin featuring quavo","21 savage, offset & metro boomin",21 savage,21 savage,21 Savage,1URnnhqYAYcrqrcwql10ft,,none,l2,2017
"21 savage, offset & metro boomin featuring travis scott","21 savage, offset & metro boomin",21 savage,21 savage,21 Savage,1URnnhqYAYcrqrcwql10ft,,none,l2,2017
"21 savage, tommy newport & mikky ekko","21 savage, tommy newport & mikky ekko",21 savage,21 savage,21 Savage,1URnnhqYAYcrqrcwql10ft,,none,l2,2024
"21 savage, travis scott & metro boomin","21 savage, travis scott & metro boomin",21 savage,21 savage,21 Savage,1URnnhqYAYcrqrcwql10ft,,none,l2,2024
"21 savage, young thug & metro boomin","21 savage, young thug & metro boomin",21 savage,21 savage,21 Savage,1URnnhqYAYcrqrcwql10ft,,none,l2,2024
24kgoldn,24kgoldn,24kgoldn,24kgoldn,24kGoldn,6fWVd57NKTalqvmjRd2t8Z,,none,artist,2019
24kgoldn featuring iann dior,24kgoldn,24kgoldn,24kgoldn,24kGoldn,6fWVd57NKTalqvmjRd2t8Z,,none,l1,2021
2gether,2gether,2gether,2gether,2gether,6KX4ngSGZsb4uMQSPSpUp2,,none,artist,2000
2pac,2pac,2pac,2pac,2pac,4PQSNz0WNqCXQV5fZ6dqX0,,none,artist,2003
2pac + outlawz,2pac + outlawz,2pac,2pac,2pac,4PQSNz0WNqCXQV5fZ6dqX0,,none,l2,2000
2pac duet with mopreme,2pac duet with mopreme,2pac,2pac,2pac,4PQSNz0WNqCXQV5fZ6dqX0,,none,l2,1994
2pac featuring eric williams,2pac,2pac,2pac,2pac,4PQSNz0WNqCXQV5fZ6dqX0,,none,l1,1998
2pac featuring k-ci and jojo,2pac,2pac,2pac,2pac,4PQSNz0WNqCXQV5fZ6dqX0,,none,l1,1996
2pac featuring nate dogg,2pac,2pac,2pac,2pac,4PQSNz0WNqCXQV5fZ6dqX0,,none,l1,2005
2pac featuring trick daddy,2pac,2pac,2pac,2pac,4PQSNz0WNqCXQV5fZ6dqX0,,none,l1,2003
"2pac, notorious b.i.g., radio, dramacydal & stretch","2pac, notorious b.i.g., radio, dramacydal & stretch",2pac,2pac,2pac,4PQSNz0WNqCXQV5fZ6dqX0,,none,l2,1997
2nd ii none,2nd ii none,2nd ii none,2nd ii none,2nd II None,1rlHVdoyfG6pQkzcMWI4dr,g-funk;west coast hip hop;old school hip hop;gangster rap,spotify,artist,1992
2nu,2nu,2nu,2nu,2NU,3pPjiXYTrWyG69eJTiXGVV,,none,artist,1991
3 doors down,3 doors down,3 doors down,3 doors down,3 Doors Down,2RTUTCvo6onsAnheUk3aL9,post-grunge,spotify,artist,2011
3 man island,3 man island,3 man island,3 man island,,,,none,,1988
30 seconds to mars,30 seconds to mars,30 seconds to mars,30 seconds to mars,,,,none,,2007
310babii,310babii,310babii,310babii,310babii,4VCriUU9CsPnUvoAsxVk1p,,none,artist,2024
311,311,311,311,311,41Q0HrwWBtuUkJc7C1Rp6K,reggae rock;funk rock;rap rock,spotify,artist,2004
38 special,38 special,38 special,38 special,38 Special,3zXw2Eh96iTT51pytzHdZi,southern rock;classic rock;aor,spotify,artist,1991
3lw,3lw,3lw,3lw,3LW,2lFHVcUeJ9Gq6AZiU3ZAOa,,none,artist,2001
3lw featuring p. diddy & loon,3lw,3lw,3lw,3LW,2lFHVcUeJ9Gq6AZiU3ZAOa,,none,l1,2002
3oh!3,3oh!3,3oh!3,3oh3,3OH!3,0FWzNDaEu9jdgcYTbcOa4F,,none,artist,2012
3oh!3 featuring katy perry,3oh!3,3oh!3,3oh3,3OH!3,0FWzNDaEu9jdgcYTbcOa4F,,none,l1,2009
3oh!3 featuring ke$ha,3oh!3,3oh!3,3oh3,3OH!3,0FWzNDaEu9jdgcYTbcOa4F,,none,l1,2010
3oh!3 featuring neon hitch,3oh!3,3oh!3,3oh3,3OH!3,0FWzNDaEu9jdgcYTbcOa4F,,none,l1,2010
3t,3t,3t,3t,3T,5rAaG3OuMuWvPWYji9TDgh,,none,artist,1996
3rd bass,3rd bass,3rd bass,3rd bass,3rd Bass,6EFL6smxzRtpwlQvZFldUc,east coast hip hop;old school hip hop,spotify,artist,1991
3rd party,3rd party,3rd party,3rd party,3rd Party,4DFTNDrKExe3HhnBQQYtgq,,none,artist,1997
4 non blondes,4 non blondes,4 non blondes,4 non blondes,4 Non Blondes,0Je74SitssvJg1w4Ra2EK7,,none,artist,1993
4 by four,4 by four,4 by four,4 by four,,,,none,,1987
4 the cause,4 the cause,4 the cause,4 the cause,4 The Cause,40VJLVIiJmgGAPogrC9dQd,,none,artist,1998
4*town (from disney and pixar's turning red),4*town,4*town,4town,,,,none,,2022
4.0,4.0,4.0,40,,,,none,,1998
42 dugg & est gee,42 dugg & est gee,42 dugg,42 dugg,42 Dugg,45gHcnDnMC15sgx3VL7ROG,,none,l2,2022
42 dugg & roddy ricch,42 dugg & roddy ricch,42 dugg,42 dugg,42 Dugg,45gHcnDnMC15sgx3VL7ROG,,none,l2,2021
42 dugg featuring future,42 dugg,42 dugg,42 dugg,42 Dugg,45gHcnDnMC15sgx3VL7ROG,,none,l1,2021
49-ers,49-ers,49-ers,49ers,49ers,6BWEqA4CdZageKtzch78Vs,eurodance;hip house;chicago house;acid house,spotify,l3,1990
4pm,4pm,4pm,4pm,4pm,2Hd4ZUVvEBfrheUcawZEIh,,none,artist,1995
4batz featuring drake,4batz,4batz,4batz,4batz,5fi7lIgJGH3RgUpJYcffQ7,,none,l1,2024
5 satins,5 satins,5 satins,5 satins,,,,none,,1959
5 seconds of summer,5 seconds of summer,5 seconds of summer,5 seconds of summer,5 Seconds of Summer,5Rl15oVamLq7FbSb0NNBNy,,none,artist,2022
5 stairsteps and cubie,5 stairsteps and cubie,5 stairsteps,5 stairsteps,,,,none,,1968
50 cent,50 cent,50 cent,50 cent,50 Cent,3q7HBObVc0L8jNeTe5Gofh,east coast hip hop;old school hip hop,spotify,artist,2011
50 cent & olivia,50 cent & olivia,50 cent,50 cent,50 Cent,3q7HBObVc0L8jNeTe5Gofh,east coast hip hop;old school hip hop,spotify,l2,2006
50 cent feat. mobb deep,50 cent,50 cent,50 cent,50 Cent,3q7HBObVc0L8jNeTe5Gofh,east coast hip hop;old school hip hop,spotify,l1,2005
50 cent featuring akon,50 cent,50 cent,50 cent,50 Cent,3q7HBObVc0L8jNeTe5Gofh,east coast hip hop;old school hip hop,spotify,l1,2007
50 cent featuring dr. dre & alicia keys,50 cent,50 cent,50 cent,50 Cent,3q7HBObVc0L8jNeTe5Gofh,east coast hip hop;old school hip hop,spotify,l1,2012
50 cent featuring eminem & adam levine,50 cent,50 cent,50 cent,50 Cent,3q7HBObVc0L8jNeTe5Gofh,east coast hip hop;old school hip hop,spotify,l1,2012
50 cent featuring justin timberlake & timbaland,50 cent,50 cent,50 cent,50 Cent,3q7HBObVc0L8jNeTe5Gofh,east coast hip hop;old school hip hop,spotify,l1,2008
50 cent featuring nate dogg,50 cent,50 cent,50 cent,50 Cent,3q7HBObVc0L8jNeTe5Gofh,east coast hip hop;old school hip hop,spotify,l1,2003
50 cent featuring ne-yo,50 cent,50 cent,50 cent,50 Cent,3q7HBObVc0L8jNeTe5Gofh,east coast hip hop;old school hip hop,spotify,l1,2010
50 cent featuring olivia,50 cent,50 cent,50 cent,50 Cent,3q7HBObVc0L8jNeTe5Gofh,east coast hip hop;old school hip hop,spotify,l1,2005
5000 volts,5000 volts,5000 volts,5000 volts,5000 Volts,4U9FglMGShioV0yV8qcNFd,disco,spotify,artist,1975
504 boyz,504 boyz,504 boyz,504 boyz,504 Boyz,5ILgJERmX20rZuVVDQ7z5P,new orleans bounce;southern hip hop,spotify,artist,2000
69 boyz,69 boyz,69 boyz,69 boyz,69 Boyz,7qeBsFLeNEuzrDhDMbnDwF,miami bass,spotify,artist,1998
69 boyz featuring quad city dj's,69 boyz,69 boyz,69 boyz,69 Boyz,7qeBsFLeNEuzrDhDMbnDwF,miami bass,spotify,l1,1996
6lack,6lack,6lack,6lack,6LACK,4IVAbR2w4JJNJDDRFP3E83,,none,artist,2017
6lack featuring j. cole,6lack,6lack,6lack,6LACK,4IVAbR2w4JJNJDDRFP3E83,,none,l1,2018
6lack featuring lil baby,6lack,6lack,6lack,6LACK,4IVAbR2w4JJNJDDRFP3E83,,none,l1,2020
6ix9ine,6ix9ine,6ix9ine,6ix9ine,6ix9ine,7gZfnEnfiaHzxARJ2LeXrf,,none,artist,2022
6ix9ine & nicki minaj,6ix9ine & nicki minaj,6ix9ine,6ix9ine,6ix9ine,7gZfnEnfiaHzxARJ2LeXrf,,none,l2,2020
6ix9ine featuring a boogie wit da hoodie,6ix9ine,6ix9ine,6ix9ine,6ix9ine,7gZfnEnfiaHzxARJ2LeXrf,,none,l1,2018
6ix9ine featuring anuel aa,6ix9ine,6ix9ine,6ix9ine,6ix9ine,7gZfnEnfiaHzxARJ2LeXrf,,none,l1,2018
6ix9ine featuring bobby shmurda,6ix9ine,6ix9ine,6ix9ine,6ix9ine,7gZfnEnfiaHzxARJ2LeXrf,,none,l1,2018
6ix9ine featuring dj spinking,6ix9ine,6ix9ine,6ix9ine,6ix9ine,7gZfnEnfiaHzxARJ2LeXrf,,none,l1,2018
6ix9ine featuring lil baby,6ix9ine,6ix9ine,6ix9ine,6ix9ine,7gZfnEnfiaHzxARJ2LeXrf,,none,l1,2018
6ix9ine featuring nicki minaj & kanye west,6ix9ine,6ix9ine,6ix9ine,6ix9ine,7gZfnEnfiaHzxARJ2LeXrf,,none,l1,2018
6ix9ine featuring nicki minaj & murda beatz,6ix9ine,6ix9ine,6ix9ine,6ix9ine,7gZfnEnfiaHzxARJ2LeXrf,,none,l1,2018
6ix9ine featuring tory lanez,6ix9ine,6ix9ine,6ix9ine,6ix9ine,7gZfnEnfiaHzxARJ2LeXrf,,none,l1,2019
6ix9ine featuring tory lanez & young thug,6ix9ine,6ix9ine,6ix9ine,6ix9ine,7gZfnEnfiaHzxARJ2LeXrf,,none,l1,2018
"6ix9ine, fetty wap & a boogie wit da hoodie","6ix9ine, fetty wap & a boogie wit da hoodie",6ix9ine,6ix9ine,6ix9ine,7gZfnEnfiaHzxARJ2LeXrf,,none,l2,2018
7 mile,7 mile,7 mile,7 mile,7 Mile,741EOXeKh7r66ZljsRSjn7,new jack swing,spotify,artist,1998
702,702,702,702,702,2S8UlyXW4JjjHcbeg8ddIo,r&b,spotify,artist,2000
707,707,707,707,707,2oDWs343Hb9IVQ2wlG614V,aor;arena rock,spotify,artist,1982
9.9,9.9,9.9,99,,,,none,,1985
95 south,95 south,95 south,95 south,95 South,3w5hKrYoPoLN40MX6db8xW,,none,artist,1995
98 degrees,98 degrees,98 degrees,98 degrees,,,,none,,2001
"<a href=""https://www.billboard.com/artist/lil-nas-x/"">lil nas x & cardi b or nas","<a href=""https:","<a href=""https:",a hrefhttps,,,,none,,2020
? (question mark) & the mysterians,?,?,nan,,,,none,,1967
a boogie wit da hoodie,a boogie wit da hoodie,a boogie wit da hoodie,a boogie wit da hoodie,A Boogie Wit da Hoodie,31W5EY0aAly4Qieq6OFu6I,melodic rap,spotify,artist,2021
a boogie wit da hoodie featuring 21 savage,a boogie wit da hoodie,a boogie wit da hoodie,a boogie wit da hoodie,A Boogie Wit da Hoodie,31W5EY0aAly4Qieq6OFu6I,melodic rap,spotify,l1,2017
a boogie wit da hoodie featuring 6ix9ine,a boogie wit da hoodie,a boogie wit da hoodie,a boogie wit da hoodie,A Boogie Wit da Hoodie,31W5EY0aAly4Qieq6OFu6I,melodic rap,spotify,l1,2019
a boogie wit da hoodie featuring dj spinking,a boogie wit da hoodie,a boogie wit da hoodie,a boogie wit da hoodie,A Boogie Wit da Hoodie,31W5EY0aAly4Qieq6OFu6I,melodic rap,spotify,l1,2017
a boogie wit da hoodie featuring dababy,a boogie wit da hoodie,a boogie wit da hoodie,a boogie wit da hoodie,A Boogie Wit da Hoodie,31W5EY0aAly4Qieq6OFu6I,melodic rap,spotify,l1,2020
a boogie wit da hoodie featuring juice wrld,a boogie wit da hoodie,a boogie wit da hoodie,a boogie wit da hoodie,A Boogie Wit da Hoodie,31W5EY0aAly4Qieq6OFu6I,melodic rap,spotify,l1,2019
a boogie wit da hoodie featuring kodak black,a boogie wit da hoodie,a boogie wit da hoodie,a boogie wit da hoodie,A Boogie Wit da Hoodie,31W5EY0aAly4Qieq6OFu6I,melodic rap,spotify,l1,2022
a boogie wit da hoodie featuring lil durk,a boogie wit da hoodie,a boogie wit da hoodie,a boogie wit da hoodie,A Boogie Wit da Hoodie,31W5EY0aAly4Qieq6OFu6I,melodic rap,spotify,l1,2021
a boogie wit da hoodie featuring lil uzi vert,a boogie wit da hoodie,a boogie wit da hoodie,a boogie wit da hoodie,A Boogie Wit da Hoodie,31W5EY0aAly4Qieq6OFu6I,melodic rap,spotify,l1,2019
a boogie wit da hoodie featuring offset & tyga,a boogie wit da hoodie,a boogie wit da hoodie,a boogie wit da hoodie,A Boogie Wit da Hoodie,31W5EY0aAly4Qieq6OFu6I,melodic rap,spotify,l1,2019
a boogie wit da hoodie featuring pnb rock & youngboy never broke again,a boogie wit da hoodie,a boogie wit da hoodie,a boogie wit da hoodie,A Boogie Wit da Hoodie,31W5EY0aAly4Qieq6OFu6I,melodic rap,spotify,l1,2017
"a boogie wit da hoodie featuring roddy ricch, gunna & london on da track",a boogie wit da hoodie,a boogie wit da hoodie,a boogie wit da hoodie,A Boogie Wit da Hoodie,31W5EY0aAly4Qieq6OFu6I,melodic rap,spotify,l1,2020
a boogie wit da hoodie featuring young thug,a boogie wit da hoodie,a boogie wit da hoodie,a boogie wit da hoodie,A Boogie Wit da Hoodie,31W5EY0aAly4Qieq6OFu6I,melodic rap,spotify,l1,2020
a few good men,a few good men,a few good men,a few good men,A Few Good Men,1uqxMkbWEV1MIodmYG3OM6,,none,artist,1996
a flock of seagulls,a flock of seagulls,a flock of seagulls,a flock of seagulls,A Flock Of Seagulls,0uAjBatvB4ubpd4kCfjmNt,new wave;synthpop,spotify,artist,1984
a great big world & christina aguilera,a great big world & christina aguilera,a great big world,a great big world,A Great Big World,5xKp3UyavIBUsGy3DQdXeF,,none,l2,2014
a great big world featuring futuristic,a great big world,a great big world,a great big world,A Great Big World,5xKp3UyavIBUsGy3DQdXeF,,none,l1,2015
a perfect circle,a perfect circle,a perfect circle,a perfect circle,A Perfect Circle,4DFhHyjvGYa9wxdHUjtDkc,alternative metal,spotify,artist,2004
a r rahman & the pussycat dolls featuring nicole scherzinger,a r rahman & the pussycat dolls,a r rahman,a r rahman,,,,none,,2009
a rocket to the moon,a rocket to the moon,a rocket to the moon,a rocket to the moon,A Rocket To The Moon,1NU9Em6e8dDo36Js6nEo3t,pop punk,spotify,artist,2010
a taste of honey,a taste of honey,a taste of honey,a taste of honey,A Taste Of Honey,1ii6e2pv8VIRwnTER71rMl,disco;boogie,spotify,artist,1982
a thousand horses,a thousand horses,a thousand horses,a thousand horses,A Thousand Horses,55RI2GNCfyXr0f14uIdhwd,country;country rock;southern rock,spotify,artist,2015
a tribe called quest,a tribe called quest,a tribe called quest,a tribe called quest,A Tribe Called Quest,09hVIj6vWgoCDtT03h8ZCa,jazz rap;east coast hip hop;hip hop;old school hip hop,spotify,artist,2016
a$ap ferg,a$ap ferg,a$ap ferg,asap ferg,A$AP Ferg,5dHt1vcEm9qb8fCyLcB3HL,rap,spotify,artist,2013
a$ap ferg featuring  nicki minaj & madeintyo,a$ap ferg,a$ap ferg,asap ferg,A$AP Ferg,5dHt1vcEm9qb8fCyLcB3HL,rap,spotify,l1,2020
a$ap ferg featuring future,a$ap ferg,a$ap ferg,asap ferg,A$AP Ferg,5dHt1vcEm9qb8fCyLcB3HL,rap,spotify,l1,2016
a$ap ferg featuring nicki minaj,a$ap ferg,a$ap ferg,asap ferg,A$AP Ferg,5dHt1vcEm9qb8fCyLcB3HL,rap,spotify,l1,2018
a$ap rocky,a$ap rocky,a$ap rocky,asap rocky,A$AP Rocky,13ubrt8QOOCPljQ2FL1Kca,rap,spotify,artist,2024
"a$ap rocky featuring drake, 2 chainz & kendrick lamar",a$ap rocky,a$ap rocky,asap rocky,A$AP Rocky,13ubrt8QOOCPljQ2FL1Kca,rap,spotify,l1,2013
a$ap rocky featuring j. cole,a$ap rocky,a$ap rocky,asap rocky,A$AP Rocky,13ubrt8QOOCPljQ2FL1Kca,rap,spotify,l1,2024
a$ap rocky featuring jessica pratt,a$ap rocky,a$ap rocky,asap rocky,A$AP Rocky,13ubrt8QOOCPljQ2FL1Kca,rap,spotify,l1,2024
a$ap rocky featuring moby,a$ap rocky,a$ap rocky,asap rocky,A$AP Rocky,13ubrt8QOOCPljQ2FL1Kca,rap,spotify,l1,2018
a$ap rocky featuring rod stewart x miguel x mark ronson,a$ap rocky,a$ap rocky,asap rocky,A$AP Rocky,13ubrt8QOOCPljQ2FL1Kca,rap,spotify,l1,2015
a$ap rocky featuring schoolboy q,a$ap rocky,a$ap rocky,asap rocky,A$AP Rocky,13ubrt8QOOCPljQ2FL1Kca,rap,spotify,l1,2015
a$ap rocky featuring skepta,a$ap rocky,a$ap rocky,asap rocky,A$AP Rocky,13ubrt8QOOCPljQ2FL1Kca,rap,spotify,l1,2018
a$ap rocky featuring skrillex,a$ap rocky,a$ap rocky,asap rocky,A$AP Rocky,13ubrt8QOOCPljQ2FL1Kca,rap,spotify,l1,2013
a'me lorain,a'me lorain,a'me lorain,ame lorain,Ame Lorain,3M33n8CbYbLJDeAVobnKnS,,none,l3,1990
a*teens,a*teens,a*teens,ateens,A*Teens,5zMgvYBz4AW0gFyPtg7fR9,,none,artist,2001
a+,a+,a,a,,,,none,,1998
a-trak + milo & otis featuring rich kidz,a-trak + milo & otis,a-trak,atrak,A-Trak,3TaUSUXn41GixL7zbvrIDt,disco house,spotify,l2,2015
a.b. skhy,a.b. skhy,a.b. skhy,ab skhy,A.B. Skhy,09vDvrDW4WHENV17uxHAat,psychedelic rock;blues rock,spotify,artist,1969
a.l.t. and the lost civilization,a.l.t. and the lost civilization,a.l.t.,alt,A.L.T. And The Lost Civilization,4pZvHlvLV5er0s4rfQ6m5A,,none,artist,1992
ab logic,ab logic,ab logic,ab logic,AB Logic,6LA4hsItskG5u5dMXYIXCG,,none,artist,1993
abba,abba,abba,abba,ABBA,0LcJLqbBmaGUft1e9Mm8HV,,none,artist,1982
abc,abc,abc,abc,ABC,2s79xe5F6eUQkjwjww27Fh,new wave;synthpop,spotify,artist,1987
ac/dc,ac,ac,ac,AC/DC,711MCceyCBcFnzjGY4Q7Un,rock;hard rock;classic rock;rock and roll,spotify,artist,1993
afi,afi,afi,afi,AFI,19I4tYiChJoxEO5EuviXpz,punk;horror punk;emo;skate punk,spotify,artist,2007
ajr,ajr,ajr,ajr,AJR,6s22t5Y3prQHyaHWUN1R1C,,none,artist,2022
atc,atc,atc,atc,ATC,74ZHOTPP0eWWe9kLt8jHbP,,none,artist,2001
ateez,ateez,ateez,ateez,ATEEZ,68KmkJeZGfwe1OUaivBa2L,k-pop;noise music,spotify,artist,2025
awb,awb,awb,awb,Awb,1NfnPRMJQFRMwHAG6FCvyi,,none,artist,1979
awolnation,awolnation,awolnation,awolnation,AWOLNATION,4njdEjTnLfcGImKZu1iSrz,,none,artist,2014
az,az,az,az,AZ,7HqrSDuI9lHuH1CDismTFg,east coast hip hop;old school hip hop;boom bap,spotify,artist,1995
aaliyah,aaliyah,aaliyah,aaliyah,Aaliyah,2i6imPvoiQRrOnTTGx7pFD,,none,artist,2003
aaliyah featuring timbaland,aaliyah,aaliyah,aaliyah,Aaliyah,2i6imPvoiQRrOnTTGx7pFD,,none,l1,2001
aaron carter,aaron carter,aaron carter,aaron carter,Aaron Carter,5338fdSzGNOFD4cxAxDTeq,bubblegum pop,spotify,artist,2001
aaron hall,aaron hall,aaron hall,aaron hall,Aaron Hall,772SIFJQiXTCfxncTK1UMn,new jack swing;quiet storm,spotify,artist,1999
aaron lewis,aaron lewis,aaron lewis,aaron lewis,Aaron Lewis,2t2XKfWKLXpFIjFwy1K8wx,outlaw country;country,spotify,artist,2021
aaron lewis featuring george jones & charlie daniels,aaron lewis,aaron lewis,aaron lewis,Aaron Lewis,2t2XKfWKLXpFIjFwy1K8wx,outlaw country;country,spotify,l1,2011
aaron lewis of staind with fred durst,aaron lewis of staind with fred durst,aaron lewis of staind,aaron lewis of staind,,,,none,,2001
aaron lines,aaron lines,aaron lines,aaron lines,Aaron Lines,3YmywXnB2RxQ9IvUzZqvo9,,none,artist,2003
aaron neville,aaron neville,aaron neville,aaron neville,Aaron Neville,57ALvbCBaCkNlgTOSiUPdT,classic soul,spotify,artist,1995
aaron tippin,aaron tippin,aaron tippin,aaron tippin,Aaron Tippin,4XwKU420OWVk38vz1KvH3M,classic country;country;traditional country,spotify,artist,2002
abaco dream,abaco dream,abaco dream,abaco dream,,,,none,,1969
abra moore,abra moore,abra moore,abra moore,Abra Moore,4Nfj9qeKS8OmfFmOA6K6K2,,none,artist,1997
abstrac',abstrac',abstrac',abstrac,,,,none,,1990
ace,ace,ace,ace,Ace,6QNkSI0c63lCTNXpHDBiqP,yacht rock;soft rock,spotify,artist,1975
ace cannon,ace cannon,ace cannon,ace cannon,Ace Cannon,5tZo7rC9bqWAmhJ1bsejXb,northern soul,spotify,artist,1964
ace frehley,ace frehley,ace frehley,ace frehley,Ace Frehley,62olK5zZHSgFUXGDykgBL8,glam metal;glam rock,spotify,artist,1979
ace hood,ace hood,ace hood,ace hood,Ace Hood,31HjiqargV4NAw4GZqUale,,none,artist,2011
ace hood featuring chris brown,ace hood,ace hood,ace hood,Ace Hood,31HjiqargV4NAw4GZqUale,,none,l1,2011
ace hood featuring future & rick ross,ace hood,ace hood,ace hood,Ace Hood,31HjiqargV4NAw4GZqUale,,none,l1,2013
ace hood featuring trey songz,ace hood,ace hood,ace hood,Ace Hood,31HjiqargV4NAw4GZqUale,,none,l1,2008
ace spectrum,ace spectrum,ace spectrum,ace spectrum,Ace Spectrum,5wLCYIHgd7kXSFEf1oOh8R,northern soul,spotify,artist,1974
ace of base,ace of base,ace of base,ace of base,Ace of Base,5ksRONqssB7BR161NTtJAm,eurodance;europop,spotify,artist,1998
acraze featuring cherish,acraze,acraze,acraze,ACRAZE,4pnp4w9g30yLfVIAFnZMRd,tech house,spotify,l1,2022
action bronson featuring chance the rapper,action bronson,action bronson,action bronson,Action Bronson,7BMccF0hQFBpP6417k1OtQ,east coast hip hop,spotify,l1,2015
adam ant,adam ant,adam ant,adam ant,Adam Ant,3QP0XPDwbvGivqDAaJ5f5G,new wave,spotify,artist,1995
adam clayton & larry mullen,adam clayton & larry mullen,adam clayton,adam clayton,Adam Clayton,4cq5NBL2qzpVGgjDsJ3Fcd,,none,l2,1996
adam faith,adam faith,adam faith,adam faith,Adam Faith,5TUbOahcNiq0rEYk1QUMrY,,none,artist,1965
adam faith with the roulettes,adam faith with the roulettes,adam faith,adam faith,Adam Faith,5TUbOahcNiq0rEYk1QUMrY,,none,l2,1965
adam lambert,adam lambert,adam lambert,adam lambert,Adam Lambert,6prmLEyn4LfHlD9NnXWlf7,,none,artist,2015
adam levine & javier colon,adam levine & javier colon,adam levine,adam levine,Adam Levine,4bYPcJP5jwMhSivRcqie2n,,none,l2,2011
adam levine & tony lucca,adam levine & tony lucca,adam levine,adam levine,Adam Levine,4bYPcJP5jwMhSivRcqie2n,,none,l2,2012
adam sandler,adam sandler,adam sandler,adam sandler,Adam Sandler,2LB9H0px4qWbCHg9Axzhga,comedy,spotify,artist,1999
adam wade,adam wade,adam wade,adam wade,Adam Wade,5qoziUmcryZqPE2YqiFvdo,,none,artist,1965
adam wakefield,adam wakefield,adam wakefield,adam wakefield,Adam Wakefield,6fgM0SBrJ5ZaRrM54OeK91,,none,artist,2016
addison rae,addison rae,addison rae,addison rae,Addison Rae,4gvjmrtzydbMpyJaXUtwvP,,none,artist,2025
addrisi brothers,addrisi brothers,addrisi brothers,addrisi brothers,Addrisi Brothers,09n6VqQfDXdWwo0XjuMYMA,,none,artist,1979
adele,adele,adele,adele,Adele,4dpARuHxo51G3z768sgnrY,soft pop,spotify,artist,2022
adele with erroll garner,adele with erroll garner,adele,adele,Adele,4dpARuHxo51G3z768sgnrY,soft pop,spotify,l2,2021
adina howard,adina howard,adina howard,adina howard,Adina Howard,266SmBZTt4zRzaKEANWbfQ,new jack swing,spotify,artist,1997
adrian belew,adrian belew,adrian belew,adrian belew,Adrian Belew,67ACRXvvMXGf3zGJMefM63,art rock;progressive rock,spotify,artist,1989
adrian kimberly,adrian kimberly,adrian kimberly,adrian kimberly,,,,none,,1961
aerosmith,aerosmith,aerosmith,aerosmith,Aerosmith,7Ey4PD4MYsKc5I2dolUwbH,classic rock;rock,spotify,artist,2001
afrika bambaataa & the soul sonic force,afrika bambaataa & the soul sonic force,afrika bambaataa,afrika bambaataa,Afrika Bambaataa,7cg61q8kK8jlFi8TKKw70p,miami bass;old school hip hop;funk melody;east coast hip hop,spotify,l2,1982
afrique,afrique,afrique,afrique,Afrique,7lK86kHDrQxndOiM15LlSE,,none,artist,1973
afrojack featuring chris brown,afrojack,afrojack,afrojack,AFROJACK,4D75GcNG95ebPtNvoNVXhz,edm;big room,spotify,l1,2013
afrojack featuring eva simons,afrojack,afrojack,afrojack,AFROJACK,4D75GcNG95ebPtNvoNVXhz,edm;big room,spotify,l1,2011
afrojack featuring wrabel,afrojack,afrojack,afrojack,AFROJACK,4D75GcNG95ebPtNvoNVXhz,edm;big room,spotify,l1,2014
afroman,afroman,afroman,afroman,Afroman,4Icvbp9RDt5aY2TWDOVDsr,,none,artist,2001
after 7,after 7,after 7,after 7,After 7,4UPcJIhr5K5fPsm4itqT7E,new jack swing;quiet storm,spotify,artist,1995
after the fire,after the fire,after the fire,after the fire,After The Fire,194g4SFwSSzyPtgkH7v3Cx,new wave,spotify,artist,1983
aftershock,aftershock,aftershock,aftershock,Aftershock,2ixEbjzlp5UxR17oefBvSZ,,none,artist,1991
agnetha faltskog,agnetha faltskog,agnetha faltskog,agnetha faltskog,,,,none,,1983
agnetha faltskog/peter cetera,agnetha faltskog,agnetha faltskog,agnetha faltskog,,,,none,,1988
agust d,agust d,agust d,agust d,Agust D,5RmQ8k4l3HZ8JoPb4mNsML,k-pop;k-rap,spotify,artist,2023
ahmad,ahmad,ahmad,ahmad,,,,none,,1994
aimee mann,aimee mann,aimee mann,aimee mann,Aimee Mann,3UpIbyXfGzmHG6TMH4dJEk,,none,artist,1995
air supply,air supply,air supply,air supply,Air Supply,4xXCRXOfQKQ2gjWxNhNzYW,soft rock,spotify,artist,1986
airwaves,airwaves,airwaves,airwaves,Airwaves,4al9DQ3EWSHMRSApGnu5C8,krautrock,spotify,artist,1978
akon,akon,akon,akon,Akon,0z4gvV4rjIZ9wHck67ucSV,,none,artist,2011
akon featuring colby o'donis & kardinal offishall,akon,akon,akon,Akon,0z4gvV4rjIZ9wHck67ucSV,,none,l1,2009
akon featuring eminem,akon,akon,akon,Akon,0z4gvV4rjIZ9wHck67ucSV,,none,l1,2007
akon featuring lil wayne & young jeezy,akon,akon,akon,Akon,0z4gvV4rjIZ9wHck67ucSV,,none,l1,2009
akon featuring snoop dogg,akon,akon,akon,Akon,0z4gvV4rjIZ9wHck67ucSV,,none,l1,2007
akon featuring styles p.,akon,akon,akon,Akon,0z4gvV4rjIZ9wHck67ucSV,,none,l1,2004
akon featuring sweet rush,akon,akon,akon,Akon,0z4gvV4rjIZ9wHck67ucSV,,none,l1,2008
al (he's the king) hirt,al,al,al,,,,none,,1965
al b. sure!,al b. sure!,al b. sure!,al b sure,Al B. Sure!,1fvz0vd4P0LNMkAysF1ivk,new jack swing;quiet storm,spotify,artist,1993
al brown's tunetoppers featuring cookie brown,al brown's tunetoppers,al brown's tunetoppers,al browns tunetoppers,,,,none,,1960
al caiola and his orchestra,al caiola and his orchestra,al caiola,al caiola,Al Caiola,3P8RDVUZtpVcMOkWJnrUVH,,none,l2,1961
al casey,al casey,al casey,al casey,Al Casey,4ssfWtmEPvkQjpYtuNqVfF,,none,artist,1963
al casey combo,al casey combo,al casey combo,al casey combo,Al Casey Combo,7yhJI9xtH2OP5DRPL6eibf,,none,artist,1962
al corley,al corley,al corley,al corley,Al Corley,1xuHClal8p5s4nFkkdqbzv,,none,artist,1985
al delory,al delory,al delory,al delory,Al DeLory,3qFVpbWBPJhBNaEDVazsxz,latin jazz;mambo;salsa;cha cha cha,spotify,artist,1970
al downing,al downing,al downing,al downing,Al Downing,3HHdcKfC3iGoe6Xas9kcQv,,none,artist,1975
al green,al green,al green,al green,Al Green,3dkbV4qihUeMsqN4vBGg93,soul;classic soul;motown;soul blues,spotify,artist,1978
al greene & the soul mate's,al greene & the soul mate's,al greene,al greene,,,,none,,1968
al hirt,al hirt,al hirt,al hirt,Al Hirt,1ORuBeUnNDr1wFnQssWtn0,,none,artist,1968
al jarreau,al jarreau,al jarreau,al jarreau,Al Jarreau,3YR92OLKlvkK5oKNekSqXe,yacht rock;smooth jazz;vocal jazz;jazz,spotify,artist,1987
al kent,al kent,al kent,al kent,Al Kent,08sYbd4vBMUfEmRjxm5j8K,,none,artist,1967
al martino,al martino,al martino,al martino,Al Martino,7egNqIGRldMzifHoh8pib6,adult standards;easy listening,spotify,artist,1978
al stewart,al stewart,al stewart,al stewart,Al Stewart,0DW7boyjvbaSP3OJ72sXgC,yacht rock;soft rock,spotify,artist,1980
al wilson,al wilson,al wilson,al wilson,Al Wilson,2RwV62DIxFGEn8aWO3iaMM,northern soul;motown;yacht rock;classic soul,spotify,artist,1976
alabama,alabama,alabama,alabama,Alabama,6rJqqRce0Kvo2dJUXoHleC,classic country;country;country rock;christian country,spotify,artist,1999
alabama featuring 'n sync,alabama,alabama,alabama,Alabama,6rJqqRce0Kvo2dJUXoHleC,classic country;country;country rock;christian country,spotify,l1,1999
alabama shakes,alabama shakes,alabama shakes,alabama shakes,Alabama Shakes,16GcWuvvybAoaHr0NqT8Eh,,none,artist,2013
alan jackson,alan jackson,alan jackson,alan jackson,Alan Jackson,4mxWe1mtYIYfP040G38yvS,country;christian country;classic country,spotify,artist,2009
alan jackson & jimmy buffett,alan jackson & jimmy buffett,alan jackson,alan jackson,Alan Jackson,4mxWe1mtYIYfP040G38yvS,country;christian country;classic country,spotify,l2,2003
alan o'day,alan o'day,alan o'day,alan oday,,,,none,,1977
alan parsons,alan parsons,alan parsons,alan parsons,Alan Parsons,6HpZkC8GUktP9utE6OPWZG,progressive rock;art rock,spotify,artist,1977
alan price set,alan price set,alan price set,alan price set,,,,none,,1966
alan walker,alan walker,alan walker,alan walker,Alan Walker,7vk5e3vY1uw9plTHJAMwjN,,none,artist,2016
alana davis,alana davis,alana davis,alana davis,Alana Davis,2CQdVOUWYfEbxhWTgQdUwm,,none,artist,1998
alanis morissette,alanis morissette,alanis morissette,alanis morissette,Alanis Morissette,6ogn9necmbUdCppmNnGOdi,,none,artist,2004
alannah myles,alannah myles,alannah myles,alannah myles,Alannah Myles,6IYnSXO40Bh7Zdqhf6rQoj,,none,artist,1990
albert hammond,albert hammond,albert hammond,albert hammond,Albert Hammond,34E3csCxpXunPGEkOVVX2g,,none,artist,1975
albert king,albert king,albert king,albert king,Albert King,5aygfDCEaX5KTZOxSCpT9o,blues;classic blues;blues rock;soul blues;jazz blues,spotify,artist,1973
aldo nova,aldo nova,aldo nova,aldo nova,Aldo Nova,3jtTd1E9mBxYYU987s32Fm,aor;glam metal;arena rock,spotify,artist,1982
alec benjamin + alessia cara,alec benjamin + alessia cara,alec benjamin,alec benjamin,Alec Benjamin,5IH6FPUwQTxPSXurCrcIov,,none,l2,2019
alejandro sanz,alejandro sanz,alejandro sanz,alejandro sanz,Alejandro Sanz,5sUrlPAHlS9NEirDB8SEbF,latin pop,spotify,artist,2006
aleman x neton vega,aleman x neton vega,aleman,aleman,Aleman,0UCCDxEXJN9kQiVmulYz45,trap latino,spotify,l2,2025
alessi,alessi,alessi,alessi,Alessi,60VjhpwXvOIPUIAC9TSnVA,,none,artist,1982
alessia cara,alessia cara,alessia cara,alessia cara,Alessia Cara,2wUjUUtkb5lvLKcGKsKqsR,,none,artist,2018
alesso / katy perry,alesso,alesso,alesso,Alesso,4AVFqumd2ogHFlRbKIjp1t,edm,spotify,l1,2022
alesso featuring tove lo,alesso,alesso,alesso,Alesso,4AVFqumd2ogHFlRbKIjp1t,edm,spotify,l1,2015
alex brown,alex brown,alex brown,alex brown,Alex Brown,7wrrqY2TzhzFky1OcQiQ3k,,none,artist,1985
alex clare,alex clare,alex clare,alex clare,Alex Clare,5Tf4EH8tDvznnjULcFxkIl,,none,artist,2013
alex warren,alex warren,alex warren,alex warren,Alex Warren,0fTSzq9jAh4c36UVb4V7CB,,none,artist,2025
alex warren & rose,alex warren & rose,alex warren,alex warren,Alex Warren,0fTSzq9jAh4c36UVb4V7CB,,none,l2,2025
alex warren with jelly roll,alex warren with jelly roll,alex warren,alex warren,Alex Warren,0fTSzq9jAh4c36UVb4V7CB,,none,l2,2025
alexander o'neal,alexander o'neal,alexander o'neal,alexander oneal,,,,none,,1991
alexander o'neal featuring cherrelle,alexander o'neal,alexander o'neal,alexander oneal,,,,none,,1988
alexandra stan,alexandra stan,alexandra stan,alexandra stan,Alexandra Stan,0BmLNz4nSLfoWYW1cYsElL,europop,spotify,artist,2011
alfonzo hunter,alfonzo hunter,alfonzo hunter,alfonzo hunter,Alfonzo Hunter,1JWpzwcWgItQFHLRJ1fRKr,new jack swing,spotify,artist,1997
ali gatie,ali gatie,ali gatie,ali gatie,Ali Gatie,4rTv3Ejc7hKMtmoBOK1B4T,,none,artist,2020
ali thomson,ali thomson,ali thomson,ali thomson,Ali Thomson,57BUG40Gg14VfiPiK9KedB,yacht rock;aor,spotify,artist,1980
alias,alias,alias,alias,Alias,07jJQhIBd8ZqVUdgiwPqdQ,aor;arena rock;glam metal,spotify,artist,1991
alice cooper,alice cooper,alice cooper,alice cooper,Alice Cooper,3EhbVgyfGd7HkpsagwL9GS,glam rock;hard rock;glam metal;proto-punk;classic rock,spotify,artist,1991
alice deejay,alice deejay,alice deejay,alice deejay,Alice Deejay,2tbvDi9eXf9XXp06LupkED,eurodance;europop,spotify,artist,2000
alice merton,alice merton,alice merton,alice merton,Alice Merton,7f0OLhGgBMX9fUjm1dcPip,,none,artist,2018
alice wonder land,alice wonder land,alice wonder land,alice wonder land,ALICE WONDER LAND,3AJpTh7n22Kpc2mECfmHEX,,none,artist,1963
alice in chains,alice in chains,alice in chains,alice in chains,Alice In Chains,64tNsm6TnZe2zpcMVMOoHL,grunge;post-grunge,spotify,artist,2009
alicia bridges,alicia bridges,alicia bridges,alicia bridges,Alicia Bridges,1UY4oIFpjCKe5qIhKDcloe,disco,spotify,artist,1979
alicia keys,alicia keys,alicia keys,alicia keys,Alicia Keys,3DiDSECUqqY1AuBP8qtaIa,r&b;neo soul,spotify,artist,2020
alicia keys featuring miguel,alicia keys,alicia keys,alicia keys,Alicia Keys,3DiDSECUqqY1AuBP8qtaIa,r&b;neo soul,spotify,l1,2019
alicia keys featuring nicki minaj,alicia keys,alicia keys,alicia keys,Alicia Keys,3DiDSECUqqY1AuBP8qtaIa,r&b;neo soul,spotify,l1,2013
alicia keys featuring tony! toni! tone!,alicia keys,alicia keys,alicia keys,Alicia Keys,3DiDSECUqqY1AuBP8qtaIa,r&b;neo soul,spotify,l1,2004
alien ant farm,alien ant farm,alien ant farm,alien ant farm,Alien Ant Farm,6TZdvF1kFzwnQLgHQynzsO,nu metal;alternative metal,spotify,artist,2002
alisan porter,alisan porter,alisan porter,alisan porter,Alisan Porter,3Yw2flLUwQIZgpA2qSNj30,,none,artist,2016
alisha,alisha,alisha,alisha,ALISHA,5GTF5TBNqffc69tPFDL0ow,,none,artist,1990
alison gold,alison gold,alison gold,alison gold,Alison Gold,7hke13keEUFw9XHy6wI3gc,,none,artist,2013
alison krauss + union station,alison krauss + union station,alison krauss,alison krauss,Alison Krauss,5J6L7N6B4nI1M5cwa29mQG,bluegrass;christian country;americana,spotify,l2,1995
alison moyet,alison moyet,alison moyet,alison moyet,Alison Moyet,0s0rOb0gT2S9N0SDcjtPC4,synthpop,spotify,artist,1985
alive & kicking,alive & kicking,alive,alive,Alive,0w51Fd0uCFLEExtajeVCHV,,none,l2,1970
alive 'n kickin',alive 'n kickin',alive 'n kickin',alive n kickin,Alive 'N Kickin',6sIWmcJRaS1WZe5XPjRf0j,,none,artist,1970
all city,all city,all city,all city,All City,0VYyfOLiaaL7zBNEP1lqmU,boom bap;underground hip hop;east coast hip hop,spotify,artist,1998
all saints,all saints,all saints,all saints,All Saints,5TDVKqW9uhqGjwwwKGuma4,,none,artist,1998
all sports band,all sports band,all sports band,all sports band,,,,none,,1982
all star tribute,all star tribute,all star tribute,all star tribute,All Star Tribute,6imgPvjUxWkB5xtymEArjJ,,none,artist,2001
all time low,all time low,all time low,all time low,All Time Low,46gyXjRIvN1NL1eCB8GBxo,pop punk;emo;punk,spotify,artist,2009
all time low featuring demi lovato & blackbear,all time low,all time low,all time low,All Time Low,46gyXjRIvN1NL1eCB8GBxo,pop punk;emo;punk,spotify,l1,2021
all-4-one,all-4-one,all-4-one,all4one,All-4-One,1B8ySGDAiXTCvnJNH4HSCG,,none,artist,1996
allan clarke,allan clarke,allan clarke,allan clarke,Allan Clarke,51Ep1I69UMQjFMmWl6mkCG,,none,artist,1980
allan sherman,allan sherman,allan sherman,allan sherman,Allan Sherman,1enLi8njBlk1YlDg44MtJm,comedy,spotify,artist,1965
allure featuring 112,allure,allure,allure,allure,4gDZycL4xLGfQoZFfrtn9E,,none,l1,1998
allure featuring nas,allure,allure,allure,allure,4gDZycL4xLGfQoZFfrtn9E,,none,l1,1997
aloe blacc,aloe blacc,aloe blacc,aloe blacc,Aloe Blacc,0id62QV2SZZfvBn9xpmuCl,,none,artist,2014
alpha rev,alpha rev,alpha rev,alpha rev,Alpha Rev,5fhX5cgW9CIJ363zTqAP3a,,none,artist,2010
alpha team,alpha team,alpha team,alpha team,Alpha Team,41vTbWnX2HzE7adssEER9I,chicago house,spotify,artist,1993
alphaville,alphaville,alphaville,alphaville,Alphaville,0xliTEbFfy5HQHvsTknTkX,synthpop,spotify,artist,1989
alt-j,alt-j,alt-j,altj,alt-J,3XHO7cRUPCLOr6jwp8vsx5,indie;indie rock,spotify,artist,2014
alton mcclain & destiny,alton mcclain & destiny,alton mcclain,alton mcclain,Alton McClain & Destiny,7ERhQyRZQpfYARqiv4L9Dh,,none,artist,1979
alvin and the chipmunks,alvin and the chipmunks,alvin,alvin,,,,none,,2008
alvin and the chipmunks featuring chris classic,alvin and the chipmunks,alvin,alvin,,,,none,,2008
alvin cash,alvin cash,alvin cash,alvin cash,Alvin Cash,1WCwBdS98wO4nYxdIpx6qw,northern soul,spotify,artist,1968
alvin cash & the crawlers,alvin cash & the crawlers,alvin cash,alvin cash,Alvin Cash,1WCwBdS98wO4nYxdIpx6qw,northern soul,spotify,l2,1965
alvin cash & the registers,alvin cash & the registers,alvin cash,alvin cash,Alvin Cash,1WCwBdS98wO4nYxdIpx6qw,northern soul,spotify,l2,1966
alvin robinson,alvin robinson,alvin robinson,alvin robinson,Alvin Robinson,3J2KA7iktnREuTJnn6uwgS,,none,artist,1964
aly & aj,aly & aj,aly,aly,Aly & AJ,5wugb0kaq0J6nyQ5Xgd17i,,none,artist,2008
amaarae & moliy featuring kali uchis,amaarae & moliy,amaarae,amaarae,Amaarae,21UPYSRWFKwtqvSAnFnSvS,alté;afrobeats;afro r&b,spotify,l2,2021
amanda,amanda,amanda,amanda,Amanda,0biYBHxECA1AxcZK9JBidH,,none,artist,2001
amanda brown,amanda brown,amanda brown,amanda brown,Amanda Brown,5EsKPOcwkayHZ06fkHjGHk,,none,artist,2012
amanda marshall,amanda marshall,amanda marshall,amanda marshall,Amanda Marshall,2ON3fLFbL1rHfHEjeYNKsO,,none,artist,1997
amanda perez,amanda perez,amanda perez,amanda perez,Amanda Perez,5DqmNLPM1kAbSBQk2FMm6b,,none,artist,2003
amazing rhythm aces,amazing rhythm aces,amazing rhythm aces,amazing rhythm aces,Amazing Rhythm Aces,5wpS6LUdQYMoAreKITVtrH,southern rock;country rock,spotify,artist,1976
amazulu,amazulu,amazulu,amazulu,Amazulu,55Oj3hnA9kLLozFKTOe7TI,,none,artist,1987
amber,amber,amber,amber,Amber,6uGKydhYXrVOEXM6QbVzyH,eurodance,spotify,artist,2000
amber carrington,amber carrington,amber carrington,amber carrington,Amber Carrington,6YdYhEJqzEypHPI4KA0KyF,,none,artist,2013
ambjaay,ambjaay,ambjaay,ambjaay,Ambjaay,3BbPRvYQ0M9SFmhkHXozLm,,none,artist,2019
ambrosia,ambrosia,ambrosia,ambrosia,Ambrosia,0J2Ej2rMQyqaUX3G6MUISw,yacht rock;soft rock,spotify,artist,1982
amel larrieux,amel larrieux,amel larrieux,amel larrieux,Amel Larrieux,4hVcxmC7igpot32EzQf7IR,neo soul,spotify,artist,2000
america,america,america,america,America,35U9lQaRWSQISxQAB94Meo,yacht rock;soft rock;folk rock,spotify,artist,1983
american authors,american authors,american authors,american authors,American Authors,0MlOPi3zIDMVrfA9R04Fe3,,none,artist,2014
american flyer,american flyer,american flyer,american flyer,American Flyer,2KkFIF79ZjJaNd28LPAtOB,country rock,spotify,artist,1976
american hi-fi,american hi-fi,american hi-fi,american hifi,American Hi-Fi,4XlcLj6bxCnpBIOHmBpIWP,pop punk;punk,spotify,artist,2001
american idol finalists,american idol finalists,american idol finalists,american idol finalists,American Idol Finalists,6kLiZDHCFJXdQNa1i7ywcQ,,none,artist,2003
american idol finalists season 4,american idol finalists season 4,american idol finalists season 4,american idol finalists season 4,,,,none,,2005
american idol top 8,american idol top 8,american idol top 8,american idol top 8,,,,none,,2008
amerie,amerie,amerie,amerie,Amerie,08rMCq2ek1YjdDBsCPVH2s,,none,artist,2005
amii stewart,amii stewart,amii stewart,amii stewart,Amii Stewart,7GPNaPWw3STF8NYp39pd8G,disco;hi-nrg,spotify,artist,1979
amii stewart & johnny bristol,amii stewart & johnny bristol,amii stewart,amii stewart,Amii Stewart,7GPNaPWw3STF8NYp39pd8G,disco;hi-nrg,spotify,l2,1980
amine,amine,amine,amine,Amine,3OpXEYnkpqSBaJjFWGeJxy,french r&b;raï,spotify,artist,2017
amy grant,amy grant,amy grant,amy grant,Amy Grant,72Nhcx7prNk2ZCxhx0Y5es,christmas;ccm;christian,spotify,artist,1995
amy grant with vince gill,amy grant with vince gill,amy grant,amy grant,Amy Grant,72Nhcx7prNk2ZCxhx0Y5es,christmas;ccm;christian,spotify,l2,1995
amy holland,amy holland,amy holland,amy holland,Amy Holland,14cTO4S2dPhz4XuVEMMX3v,yacht rock,spotify,artist,1980
amy winehouse,amy winehouse,amy winehouse,amy winehouse,Amy Winehouse,6Q192DXotxtaysaqNPy5yR,,none,artist,2008
ana,ana,ana,ana,,,,none,,1990
anacostia,anacostia,anacostia,anacostia,Anacostia,2nOjvmFF53XNLhnQSUn8yG,post-disco;northern soul,spotify,artist,1973
anais,anais,anais,anais,Anais,1KLHf62YY4p4eAoU76oMWF,,none,artist,2006
anastacia,anastacia,anastacia,anastacia,Anastacia,2siHvYaxjaW5rKVRiIrMYH,,none,artist,2000
andre 3000,andre 3000,andre 3000,andre 3000,,,,none,,2023
andre gagnon,andre gagnon,andre gagnon,andre gagnon,Andre Gagnon,6rtTkB3NTX5CiMvuKGajTT,,none,artist,1976
andre previn with david rose,andre previn with david rose,andre previn,andre previn,,,,none,,1959
andre williams,andre williams,andre williams,andre williams,Andre Williams,16VKdiNHHAZvtEkb8HRAbx,,none,artist,1967
andre williams & his orch.,andre williams & his orch.,andre williams,andre williams,Andre Williams,16VKdiNHHAZvtEkb8HRAbx,,none,l2,1966
andrea carroll,andrea carroll,andrea carroll,andrea carroll,Andrea Carroll,4Sw1tN6HZv9CHEKMFHewSd,,none,artist,1963
andrea martin,andrea martin,andrea martin,andrea martin,Andrea Martin,3neWLok0rPCStKIG0bUJfY,freestyle;chicago house,spotify,artist,1998
andrea true connection,andrea true connection,andrea true connection,andrea true connection,Andrea True Connection,3GHovBcEWpbnwCZDPF9GpM,disco,spotify,artist,1978
andrew gold,andrew gold,andrew gold,andrew gold,Andrew Gold,5fmvGUlMVgmnCn45f1he7d,,none,artist,1978
andrew jannakos,andrew jannakos,andrew jannakos,andrew jannakos,Andrew Jannakos,6DAX5iORnv8nsZYYeZqket,country,spotify,artist,2020
andrew mcmahon in the wilderness,andrew mcmahon in the wilderness,andrew mcmahon in the wilderness,andrew mcmahon in the wilderness,Andrew McMahon in the Wilderness,716ZwtZBmwROBXcFmCzfdM,,none,artist,2015
andrew ridgeley,andrew ridgeley,andrew ridgeley,andrew ridgeley,Andrew Ridgeley,7s8YNE4OYY44nrlSTAKLOD,,none,artist,1990
andrew seeley,andrew seeley,andrew seeley,andrew seeley,,,,none,,2006
andrew seeley & vanessa anne hudgens,andrew seeley & vanessa anne hudgens,andrew seeley,andrew seeley,,,,none,,2006
andru donalds,andru donalds,andru donalds,andru donalds,Andru Donalds,4wuHLh6AEK7selBuj38cRz,,none,artist,1995
andy & david williams,andy & david williams,andy,andy,Andy & David Williams,0sqsitBTgof24mPIzZx3Dh,bubblegum pop,spotify,artist,1974
andy fairweather low,andy fairweather low,andy fairweather low,andy fairweather low,Andy Fairweather Low,0lZmP91eT6v4c9N9eoMmJD,latin jazz,spotify,artist,1975
andy fraser,andy fraser,andy fraser,andy fraser,Andy Fraser,3N9UQPXdiusFPiz3MOf5PW,blues rock,spotify,artist,1984
andy gibb,andy gibb,andy gibb,andy gibb,Andy Gibb,4YPqbAiLzBg5DIfsgQZ8QK,yacht rock,spotify,artist,1981
andy gibb & olivia newton-john,andy gibb & olivia newton-john,andy gibb,andy gibb,Andy Gibb,4YPqbAiLzBg5DIfsgQZ8QK,yacht rock,spotify,l2,1980
andy gibb & victoria principal,andy gibb & victoria principal,andy gibb,andy gibb,Andy Gibb,4YPqbAiLzBg5DIfsgQZ8QK,yacht rock,spotify,l2,1981
andy grammer,andy grammer,andy grammer,andy grammer,Andy Grammer,2oX42qP5ineK3hrhBECLmj,,none,artist,2017
andy griggs,andy griggs,andy griggs,andy griggs,Andy Griggs,7CyJIUpcWZK2zFM6gKLKvD,country,spotify,artist,2005
andy kim,andy kim,andy kim,andy kim,Andy Kim,5MYBNUKoFf9LAg30ByaBli,,none,artist,1974
andy pratt,andy pratt,andy pratt,andy pratt,Andy Pratt,52eo86qhuWj4zGGmof8smO,,none,artist,1973
andy rose,andy rose,andy rose,andy rose,Andy Rose,3cJnZtXMjVsuHoRUhfQJI4,,none,artist,1958
andy stewart,andy stewart,andy stewart,andy stewart,Andy Stewart,4zJh3gauiAdpRpFWQPDc9K,,none,artist,1961
andy taylor,andy taylor,andy taylor,andy taylor,Andy Taylor,14shhZHBQ6Y4B0cVZd8lt2,,none,artist,1986
andy williams,andy williams,andy williams,andy williams,Andy Williams,4sj6D0zlMOl25nprDJBiU9,christmas;adult standards,spotify,artist,2025
andy williams with the st. charles borromeo choir,andy williams with the st. charles borromeo choir,andy williams,andy williams,Andy Williams,4sj6D0zlMOl25nprDJBiU9,christmas;adult standards,spotify,l2,1969
angel,angel,angel,angel,,,,none,,1978
angel city featuring lara mcallen,angel city,angel city,angel city,Angel City,7cwm843vv3YM0XvGAf5zgL,,none,l1,2004
angelica,angelica,angelica,angelica,Angelica,7CgDMHHa5A909CYA6gqt8r,,none,artist,1992
angelina,angelina,angelina,angelina,Angelina,4pMyhvzk5HkImq6MUTRRk8,chanson,spotify,artist,1997
angels & airwaves,angels & airwaves,angels,angels,Angels & Airwaves,7xklw3WodFZiNNmQt3DIgp,pop punk,spotify,artist,2006
angie martinez featuring kelis,angie martinez,angie martinez,angie martinez,Angie Martinez,6VJqy1YyzrK4ZhgGs9cNTy,,none,l1,2003
angie martinez featuring lil' mo & sacario,angie martinez,angie martinez,angie martinez,Angie Martinez,6VJqy1YyzrK4ZhgGs9cNTy,,none,l1,2002
angie stone,angie stone,angie stone,angie stone,Angie Stone,2hWr3AjjKOCVmWcwvuT4uM,neo soul;soul,spotify,artist,2002
animotion,animotion,animotion,animotion,Animotion,6eQHjJJa52LUGjBKP5UPos,synthpop;new wave,spotify,artist,1989
anita & th' so-and-so's,anita & th' so-and-so's,anita,anita,Anita,0JIlOFjnJSjpxz8mmCBZHx,schlager;schlagerparty;neue deutsche welle,spotify,l2,1962
anita baker,anita baker,anita baker,anita baker,Anita Baker,46CH1Gp8l8QVly8bpG9JFG,quiet storm;smooth jazz;classic soul,spotify,artist,2005
anita bryant,anita bryant,anita bryant,anita bryant,Anita Bryant,2M93P87MDGek6uzg7Jn7he,adult standards,spotify,artist,1964
anita cochran (duet with steve wariner),anita cochran,anita cochran,anita cochran,Anita Cochran,5LDnSV99gbDSsMX3Dcer2b,,none,l1,1998
anita ward,anita ward,anita ward,anita ward,Anita Ward,3Dd6jD1AApgtNoU6SJWR7P,disco,spotify,artist,1979
anitta,anitta,anitta,anitta,Anitta,7FNnA9vBm6EKceENgCGRMb,brazilian pop;funk pop;brazilian funk;funk carioca;pagode baiano,spotify,artist,2022
anitta featuring cardi b & myke towers,anitta,anitta,anitta,Anitta,7FNnA9vBm6EKceENgCGRMb,brazilian pop;funk pop;brazilian funk;funk carioca;pagode baiano,spotify,l1,2020
ann cole,ann cole,ann cole,ann cole,Ann Cole,6LyCTOSXcmFVXlfuXcVZlY,,none,artist,1962
ann peebles,ann peebles,ann peebles,ann peebles,Ann Peebles,5dM7jA0PXh0Ozz8LT2YOCB,soul;soul blues;classic soul,spotify,artist,1974
ann wilson,ann wilson,ann wilson,ann wilson,Ann Wilson,4lPDIYPFDs5gpcToUczJDs,,none,artist,1987
ann wilson & robin zander,ann wilson & robin zander,ann wilson,ann wilson,Ann Wilson,4lPDIYPFDs5gpcToUczJDs,,none,l2,1989
ann-margret,ann-margret,ann-margret,annmargret,Ann-Margret,3WrBmmvHWKJzqlya8ibD6O,,none,artist,1962
anna kendrick,anna kendrick,anna kendrick,anna kendrick,Anna Kendrick,6xfqnpe2HnLVUaYXs2F8YS,children's music,spotify,artist,2013
anna king,anna king,anna king,anna king,Anna King,3MQ6Mwcq3DFRQzWX4tC1dD,,none,artist,1964
anna king-bobby byrd,anna king-bobby byrd,anna king-bobby byrd,anna kingbobby byrd,,,,none,,1964
anna nalick,anna nalick,anna nalick,anna nalick,Anna Nalick,4LoM3lMauQ540MW9QiyIcR,,none,artist,2006
annasophia robb,annasophia robb,annasophia robb,annasophia robb,AnnaSophia Robb,6Hly7A8KsiiIDP6TW6j2SV,,none,artist,2007
anne hathaway,anne hathaway,anne hathaway,anne hathaway,Anne Hathaway,0nIyPY7J7G68WgQEOLHn0x,musicals,spotify,artist,2013
anne murray,anne murray,anne murray,anne murray,Anne Murray,7d7q5Y1p2QWS4QRAhTQR5E,,none,artist,1986
annenmaykantereit & giant rooks,annenmaykantereit & giant rooks,annenmaykantereit,annenmaykantereit,AnnenMayKantereit,23xqmJEN3oVxwzqtNIyR5m,german indie;german pop;german indie pop,spotify,l2,2022
annette,annette,annette,annette,Annette,0eq70VqLLUpFCmnL5vjkY6,acid house;chicago house;freestyle,spotify,artist,1960
annette with the afterbeats,annette with the afterbeats,annette,annette,Annette,0eq70VqLLUpFCmnL5vjkY6,acid house;chicago house;freestyle,spotify,l2,1961
annie lennox,annie lennox,annie lennox,annie lennox,Annie Lennox,5MspMQqdVbdwP6ax3GXqum,synthpop,spotify,artist,2015
annie lennox & al green,annie lennox & al green,annie lennox,annie lennox,Annie Lennox,5MspMQqdVbdwP6ax3GXqum,synthpop,spotify,l2,1989
another bad creation,another bad creation,another bad creation,another bad creation,Another Bad Creation,454VBUMshEg0sxzoWKTYbT,new jack swing,spotify,artist,1991
anson williams,anson williams,anson williams,anson williams,,,,none,,1977
ant clemons featuring justin timberlake,ant clemons,ant clemons,ant clemons,Ant Clemons,028lPW2NdWHdSPCkRkcyhd,,none,l1,2021
ant saunders,ant saunders,ant saunders,ant saunders,Ant Saunders,4jpsw9CQS439N0B7SecMgf,,none,artist,2020
anthony & the imperials,anthony & the imperials,anthony,anthony,Anthony,4kAf149Iextkiu3MpCX4ut,neomelodico;canzone napoletana,spotify,l2,1968
anthony hamilton,anthony hamilton,anthony hamilton,anthony hamilton,Anthony Hamilton,2DzRMyWgjuMbYvt5BLbpCo,neo soul;r&b;quiet storm,spotify,artist,2006
anthony newley,anthony newley,anthony newley,anthony newley,Anthony Newley,5JXvJb6vQkSCFGCh4FCKOI,,none,artist,1962
antoine dodson & the gregory brothers featuring kelly dodson,antoine dodson & the gregory brothers,antoine dodson,antoine dodson,Antoine Dodson,3rhkghmBZVTNwfxwmt3UoL,,none,l2,2010
anuel aa,anuel aa,anuel aa,anuel aa,Anuel AA,2R21vXR83lH98kGeO99Y66,reggaeton;trap latino;urbano latino;latin,spotify,artist,2020
anuel aa & bad bunny,anuel aa & bad bunny,anuel aa,anuel aa,Anuel AA,2R21vXR83lH98kGeO99Y66,reggaeton;trap latino;urbano latino;latin,spotify,l2,2020
anuel aa & karol g,anuel aa & karol g,anuel aa,anuel aa,Anuel AA,2R21vXR83lH98kGeO99Y66,reggaeton;trap latino;urbano latino;latin,spotify,l2,2019
anuel aa & ozuna,anuel aa & ozuna,anuel aa,anuel aa,Anuel AA,2R21vXR83lH98kGeO99Y66,reggaeton;trap latino;urbano latino;latin,spotify,l2,2021
anuel aa & romeo santos,anuel aa & romeo santos,anuel aa,anuel aa,Anuel AA,2R21vXR83lH98kGeO99Y66,reggaeton;trap latino;urbano latino;latin,spotify,l2,2019
"anuel aa, daddy yankee, karol g, ozuna & j balvin","anuel aa, daddy yankee, karol g, ozuna & j balvin",anuel aa,anuel aa,Anuel AA,2R21vXR83lH98kGeO99Y66,reggaeton;trap latino;urbano latino;latin,spotify,l2,2020
"anuel aa, mambo kingz & dj luian","anuel aa, mambo kingz & dj luian",anuel aa,anuel aa,Anuel AA,2R21vXR83lH98kGeO99Y66,reggaeton;trap latino;urbano latino;latin,spotify,l2,2023
anya marina,anya marina,anya marina,anya marina,Anya Marina,6xYBLeSMu1AqPsnUzEvx5n,,none,artist,2009
anything box,anything box,anything box,anything box,Anything Box,0AEDwJyvLfojF4iKEmJDMT,synthpop;new wave,spotify,artist,1990
apache,apache,apache,apache,Apache,2pvyE8W9RWESQxkyAWZqgY,latin hip hop,spotify,artist,1993
apocalyptica featuring adam gontier,apocalyptica,apocalyptica,apocalyptica,Apocalyptica,4Lm0pUvmisUHMdoky5ch2I,symphonic metal,spotify,l1,2009
apollo 100,apollo 100,apollo 100,apollo 100,Apollo 100,7Lb1t0YGubh2ffJqRp3yCz,,none,artist,1972
apollo featuring tom parker,apollo,apollo,apollo,Apollo,6DuMOGPBqZFTTM1MawW6Lw,,none,l1,1972
apollonia 6,apollonia 6,apollonia 6,apollonia 6,Apollonia 6,1ut3bOCWIz66g8jN16Asyp,,none,artist,1984
april,april,april,april,APRIL,4cJ99wTjC60pXcfyISL9fa,k-pop,spotify,artist,1974
april stevens,april stevens,april stevens,april stevens,April Stevens,7BFShZYHZNpWDPHZiVdC5U,northern soul;exotica,spotify,artist,1959
april stevens & nino tempo,april stevens & nino tempo,april stevens,april stevens,April Stevens,7BFShZYHZNpWDPHZiVdC5U,northern soul;exotica,spotify,l2,1962
april wine,april wine,april wine,april wine,April Wine,1JHzh1ETQTMoFb2CgncnTL,aor;classic rock;hard rock,spotify,artist,1984
aqua,aqua,aqua,aqua,Aqua,6kBjAFKyd0he7LiA5GQ3Gz,europop;eurodance,spotify,artist,1998
arcade fire,arcade fire,arcade fire,arcade fire,Arcade Fire,3kjuyTCjPG1WMFCiyc5IuB,indie rock;baroque pop,spotify,artist,2013
arcadia,arcadia,arcadia,arcadia,Arcadia,5MYbNtzZ1xIvQwUMpPLsqp,,none,artist,1986
arcangel & bad bunny,arcangel & bad bunny,arcangel,arcangel,Arcangel,7viqvBP4uYljgKcqYfLkvu,,none,l2,2023
arcangel x sech,arcangel x sech,arcangel,arcangel,Arcangel,7viqvBP4uYljgKcqYfLkvu,,none,l2,2020
archie bell & the drells,archie bell & the drells,archie bell,archie bell,Archie Bell & The Drells,1kupwLFpHALpmhp5qol8xH,philly soul;northern soul;classic soul;motown;soul,spotify,artist,1973
arctic monkeys,arctic monkeys,arctic monkeys,arctic monkeys,Arctic Monkeys,7Ln80lUS6He07XvHI8qqHH,indie;garage rock,spotify,artist,2014
aretha franklin,aretha franklin,aretha franklin,aretha franklin,Aretha Franklin,7nwUJBm0HE4ZxD3f5cy5ok,soul;motown;classic soul;jazz blues,spotify,artist,1998
aretha franklin & elton john,aretha franklin & elton john,aretha franklin,aretha franklin,Aretha Franklin,7nwUJBm0HE4ZxD3f5cy5ok,soul;motown;classic soul;jazz blues,spotify,l2,1989
aretha franklin & george michael,aretha franklin & george michael,aretha franklin,aretha franklin,Aretha Franklin,7nwUJBm0HE4ZxD3f5cy5ok,soul;motown;classic soul;jazz blues,spotify,l2,1987
aretha franklin and george benson,aretha franklin and george benson,aretha franklin,aretha franklin,Aretha Franklin,7nwUJBm0HE4ZxD3f5cy5ok,soul;motown;classic soul;jazz blues,spotify,l2,1981
aretha franklin with james cleveland & the southern california community choir,aretha franklin with james cleveland & the southern california community choir,aretha franklin,aretha franklin,Aretha Franklin,7nwUJBm0HE4ZxD3f5cy5ok,soul;motown;classic soul;jazz blues,spotify,l2,1972
aretha franklin with the ray bryant combo,aretha franklin with the ray bryant combo,aretha franklin,aretha franklin,Aretha Franklin,7nwUJBm0HE4ZxD3f5cy5ok,soul;motown;classic soul;jazz blues,spotify,l2,1961
aretha franklin with the dixie flyers,aretha franklin with the dixie flyers,aretha franklin,aretha franklin,Aretha Franklin,7nwUJBm0HE4ZxD3f5cy5ok,soul;motown;classic soul;jazz blues,spotify,l2,1970
aretha franklin/whitney houston,aretha franklin,aretha franklin,aretha franklin,Aretha Franklin,7nwUJBm0HE4ZxD3f5cy5ok,soul;motown;classic soul;jazz blues,spotify,l1,1989
argent,argent,argent,argent,Argent,46VosWAvtZsBl7rvxufsWG,progressive rock,spotify,artist,1972
ari lennox,ari lennox,ari lennox,ari lennox,Ari Lennox,1vaQ6v3pOFxAIrFoPrAcom,alternative r&b;neo soul,spotify,artist,2022
ariana grande,ariana grande,ariana grande,ariana grande,Ariana Grande,66CXWjxzNUsdJxJ2JdwvnR,pop,spotify,artist,2025
ariana grande & cynthia erivo,ariana grande & cynthia erivo,ariana grande,ariana grande,Ariana Grande,66CXWjxzNUsdJxJ2JdwvnR,pop,spotify,l2,2025
ariana grande & john legend,ariana grande & john legend,ariana grande,ariana grande,Ariana Grande,66CXWjxzNUsdJxJ2JdwvnR,pop,spotify,l2,2017
ariana grande & justin bieber,ariana grande & justin bieber,ariana grande,ariana grande,Ariana Grande,66CXWjxzNUsdJxJ2JdwvnR,pop,spotify,l2,2020
ariana grande & nathan sykes,ariana grande & nathan sykes,ariana grande,ariana grande,Ariana Grande,66CXWjxzNUsdJxJ2JdwvnR,pop,spotify,l2,2013
ariana grande & social house,ariana grande & social house,ariana grande,ariana grande,Ariana Grande,66CXWjxzNUsdJxJ2JdwvnR,pop,spotify,l2,2019
ariana grande & the weeknd,ariana grande & the weeknd,ariana grande,ariana grande,Ariana Grande,66CXWjxzNUsdJxJ2JdwvnR,pop,spotify,l2,2015
ariana grande & victoria monet,ariana grande & victoria monet,ariana grande,ariana grande,Ariana Grande,66CXWjxzNUsdJxJ2JdwvnR,pop,spotify,l2,2019
ariana grande feat. doja cat & megan thee stallion,ariana grande,ariana grande,ariana grande,Ariana Grande,66CXWjxzNUsdJxJ2JdwvnR,pop,spotify,l1,2021
"ariana grande featuring andy nyman, courtney-mae briggs, jeff goldblum, sharon d. clarke & jenna boyd",ariana grande,ariana grande,ariana grande,Ariana Grande,66CXWjxzNUsdJxJ2JdwvnR,pop,spotify,l1,2024
ariana grande featuring big sean,ariana grande,ariana grande,ariana grande,Ariana Grande,66CXWjxzNUsdJxJ2JdwvnR,pop,spotify,l1,2014
ariana grande featuring doja cat,ariana grande,ariana grande,ariana grande,Ariana Grande,66CXWjxzNUsdJxJ2JdwvnR,pop,spotify,l1,2020
ariana grande featuring future,ariana grande,ariana grande,ariana grande,Ariana Grande,66CXWjxzNUsdJxJ2JdwvnR,pop,spotify,l1,2017
ariana grande featuring iggy azalea,ariana grande,ariana grande,ariana grande,Ariana Grande,66CXWjxzNUsdJxJ2JdwvnR,pop,spotify,l1,2014
ariana grande featuring lil wayne,ariana grande,ariana grande,ariana grande,Ariana Grande,66CXWjxzNUsdJxJ2JdwvnR,pop,spotify,l1,2016
ariana grande featuring mac miller,ariana grande,ariana grande,ariana grande,Ariana Grande,66CXWjxzNUsdJxJ2JdwvnR,pop,spotify,l1,2013
ariana grande featuring nicki minaj,ariana grande,ariana grande,ariana grande,Ariana Grande,66CXWjxzNUsdJxJ2JdwvnR,pop,spotify,l1,2018
ariana grande featuring nonna,ariana grande,ariana grande,ariana grande,Ariana Grande,66CXWjxzNUsdJxJ2JdwvnR,pop,spotify,l1,2024
ariana grande featuring the weeknd,ariana grande,ariana grande,ariana grande,Ariana Grande,66CXWjxzNUsdJxJ2JdwvnR,pop,spotify,l1,2020
ariana grande featuring ty dolla $ign,ariana grande,ariana grande,ariana grande,Ariana Grande,66CXWjxzNUsdJxJ2JdwvnR,pop,spotify,l1,2020
ariana grande featuring zedd,ariana grande,ariana grande,ariana grande,Ariana Grande,66CXWjxzNUsdJxJ2JdwvnR,pop,spotify,l1,2014
"ariana grande, miley cyrus & lana del rey","ariana grande, miley cyrus & lana del rey",ariana grande,ariana grande,Ariana Grande,66CXWjxzNUsdJxJ2JdwvnR,pop,spotify,l2,2019
arianna featuring pitbull,arianna,arianna,arianna,Arianna,6k8y1np6q05Us6dNn3vmF8,villancicos;christmas,spotify,l1,2013
arizona zervas,arizona zervas,arizona zervas,arizona zervas,Arizona Zervas,0vRvGUQVUjytro0xpb26bs,,none,artist,2020
arkade,arkade,arkade,arkade,arkade,5oHR1vOjnMpkr5pUYTk8UJ,,none,artist,1971
arlan day,arlan day,arlan day,arlan day,,,,none,,1981
arlo guthrie,arlo guthrie,arlo guthrie,arlo guthrie,Arlo Guthrie,0B6QEFtRnneEzb4iqjI0Nw,folk;singer-songwriter;folk rock,spotify,artist,1972
armani white,armani white,armani white,armani white,Armani White,2qAwMsiIjTzlmfAkXKvhVA,,none,artist,2023
armin van buuren featuring trevor guthrie,armin van buuren,armin van buuren,armin van buuren,Armin van Buuren,0SfsnGyD8FpIN4U4WCkBZ5,trance;progressive trance;progressive house;electronica,spotify,l1,2013
around the way,around the way,around the way,around the way,Around the Way,28VAFwXXEX5EsfRI5ji7go,,none,artist,1992
arpeggio,arpeggio,arpeggio,arpeggio,Arpeggio,6yt1OnvhJyjU820yORxKgf,,none,artist,1979
arrested development,arrested development,arrested development,arrested development,Arrested Development,5Va9LuEmaZxnbk1gMnjMD7,,none,artist,1994
art garfunkel,art garfunkel,art garfunkel,art garfunkel,Art Garfunkel,6kEsKkXuE4olX7m3mNLZkS,,none,artist,1981
art garfunkel with james taylor & paul simon,art garfunkel with james taylor & paul simon,art garfunkel,art garfunkel,Art Garfunkel,6kEsKkXuE4olX7m3mNLZkS,,none,l2,1978
art linkletter,art linkletter,art linkletter,art linkletter,,,,none,,1969
art lund,art lund,art lund,art lund,Art Lund,4JHmMsN2Teueurk7xPb0Qa,,none,artist,1958
art mooney and his orchestra,art mooney and his orchestra,art mooney,art mooney,Art Mooney and His Orchestra,7LHVYe5tHSQNKkUc9Nd9CC,big band,spotify,artist,1960
art n' soul,art n' soul,art n' soul,art n soul,Art N' Soul,6vqj4hEXDc0dKs5d2T28er,,none,artist,1996
art of noise with max headroom,art of noise with max headroom,art of noise,art of noise,Art Of Noise,0ypUZfLZv5rWSCL3qy92iL,,none,l2,1986
artemas,artemas,artemas,artemas,Artemas,0PCCGZ0wGLizHt2KZ7hhA2,,none,artist,2024
arthur alexander,arthur alexander,arthur alexander,arthur alexander,Arthur Alexander,2xoqKN5GZWtL91ojK1B1HW,power pop,spotify,artist,1975
arthur baker featuring nikeeta,arthur baker,arthur baker,arthur baker,Arthur Baker,5YzGCkGA6XEGKs2C9KRVKA,chicago house,spotify,l1,1992
arthur conley,arthur conley,arthur conley,arthur conley,Arthur Conley,10TSIJnyUcowWhpjj59gHB,northern soul;motown;classic soul;soul,spotify,artist,1969
arthur lyman,arthur lyman,arthur lyman,arthur lyman,Arthur Lyman,4UAjW7ABQfMm5F88xCtQln,exotica;lounge;easy listening,spotify,artist,1959
arthur lyman group,arthur lyman group,arthur lyman group,arthur lyman group,Arthur Lyman Group,4sX0dNqcvEN1IwtkgYoWSG,exotica,spotify,artist,1963
arthur prysock,arthur prysock,arthur prysock,arthur prysock,Arthur Prysock,6yJZMmgqsTjH6ooVALu7oT,vocal jazz;philly soul,spotify,artist,1977
artie the 1 man party,artie the 1 man party,artie the 1 man party,artie the 1 man party,Artie The 1 Man Party,6Uqv6DKNK1WUwSBUMrAIVO,latin house,spotify,artist,1996
artists for haiti,artists for haiti,artists for haiti,artists for haiti,Artists for Haiti,0WjcdSKSTiNtfM4uQDIPDm,,none,artist,2010
"artists of then, now & forever","artists of then, now & forever",artists of then,artists of then,"Artists Of Then, Now & Forever",0KlSW3j5fUEfej47FOrBMr,country,spotify,artist,2016
artists stand up to cancer,artists stand up to cancer,artists stand up to cancer,artists stand up to cancer,Artists Stand Up To Cancer,5UHeeAHp48bScX1RfoUt8m,,none,artist,2008
artists united against apartheid,artists united against apartheid,artists united against apartheid,artists united against apartheid,Artists United Against Apartheid,6o2VsYOl5FxnOJYvod1Q8p,,none,artist,1986
ashanti,ashanti,ashanti,ashanti,Ashanti,3UD5jbTwoajznyIkL32bFF,,none,artist,2008
ashe featuring niall horan,ashe,ashe,ashe,Ashe,6P5NO5hzJbuOqSdyPB7SJM,,none,l1,2020
asher roth,asher roth,asher roth,asher roth,Asher Roth,1wgY8huggK60P5nvYrwcYT,,none,artist,2010
ashford & simpson,ashford & simpson,ashford,ashford,Ashford & Simpson,2EURsXo9qlt1aMWlviGCRi,disco;post-disco,spotify,artist,1986
ashlee simpson,ashlee simpson,ashlee simpson,ashlee simpson,Ashlee Simpson,4hqDqHtBlgxXpLXVYf7c8L,bubblegum pop,spotify,artist,2006
ashlee simpson with tom higgenson,ashlee simpson with tom higgenson,ashlee simpson,ashlee simpson,Ashlee Simpson,4hqDqHtBlgxXpLXVYf7c8L,bubblegum pop,spotify,l2,2008
ashley cooke,ashley cooke,ashley cooke,ashley cooke,Ashley Cooke,2qwXeRk8VBAegbUnf3xdyi,country,spotify,artist,2024
ashley mcbryde,ashley mcbryde,ashley mcbryde,ashley mcbryde,Ashley McBryde,371jpyGdoChzUASOIG2ECV,country,spotify,artist,2020
ashley parker angel,ashley parker angel,ashley parker angel,ashley parker angel,Ashley Parker Angel,1wLeBWSGyI3mnTeiDAcgjP,,none,artist,2006
ashley tisdale,ashley tisdale,ashley tisdale,ashley tisdale,Ashley Tisdale,2ddxtfC0oS8LoktXUHE7YL,,none,artist,2009
ashley tisdale & lucas grabeel,ashley tisdale & lucas grabeel,ashley tisdale,ashley tisdale,Ashley Tisdale,2ddxtfC0oS8LoktXUHE7YL,,none,l2,2007
ashton shepherd,ashton shepherd,ashton shepherd,ashton shepherd,Ashton Shepherd,4APaMSUpW81uQKdzO2RJy0,,none,artist,2011
"ashton, gardner & dyke","ashton, gardner & dyke",ashton,ashton,"Ashton, Gardner & Dyke",1jjn1GBdbizg6qiqtKsEgC,,none,artist,1971
asia,asia,asia,asia,Asia,1bdytLV3FPjyhfrb6BhMej,aor;progressive rock;arena rock,spotify,artist,1990
athenaeum,athenaeum,athenaeum,athenaeum,Athenaeum,2sGlDQ2sedrgzVGMvnBgOG,,none,artist,1998
atlanta rhythm section,atlanta rhythm section,atlanta rhythm section,atlanta rhythm section,Atlanta Rhythm Section,0WgyCbru4tXnMsbTmX4mFw,southern rock;yacht rock;country rock;soft rock,spotify,artist,1981
atlantic starr,atlantic starr,atlantic starr,atlantic starr,Atlantic Starr,2YdVmtVBpIrv0N6WiBzSqm,quiet storm,spotify,artist,1994
attitudes,attitudes,attitudes,attitudes,Attitudes,2CcCjcUlXVAy50DPkGND1X,yacht rock;aor,spotify,artist,1976
auburn featuring iyaz,auburn,auburn,auburn,Auburn,3I5oBScoCTzPsuNPYA64l7,,none,l1,2010
audience,audience,audience,audience,Audience,3Zdr2HpUrWzxK6KAD8r4mw,progressive rock;art rock;krautrock,spotify,artist,1971
audioslave,audioslave,audioslave,audioslave,Audioslave,2ziB7fzrXBoh1HUPS6sVFn,grunge;post-grunge;alternative metal,spotify,artist,2006
audrey arno and the hazy osterwald sextet,audrey arno and the hazy osterwald sextet,audrey arno,audrey arno,Audrey Arno,0a9MIu7sUt5WgbOSXYrYYT,,none,l2,1961
augie rios,augie rios,augie rios,augie rios,Augie Rios,1JCtFumetjuzJEnOTBanRC,rockabilly,spotify,artist,1959
august alsina,august alsina,august alsina,august alsina,August Alsina,19Fi1Rj7kk8kyiwxpXy3yM,r&b,spotify,artist,2015
august alsina featuring trinidad james,august alsina,august alsina,august alsina,August Alsina,19Fi1Rj7kk8kyiwxpXy3yM,r&b,spotify,l1,2014
augustana,augustana,augustana,augustana,Augustana,61YE3whKiuRr83j1yOm5M7,,none,artist,2008
auli'i cravalho,auli'i cravalho,auli'i cravalho,aulii cravalho,,,,none,,2017
aurra,aurra,aurra,aurra,Aurra,6f34Vi3DFJap7eJMDbpzEG,post-disco;boogie;funk,spotify,artist,1982
austin mahone,austin mahone,austin mahone,austin mahone,Austin Mahone,04abdnqPQe2N4fjztDea6z,,none,artist,2013
austin mahone featuring pitbull,austin mahone,austin mahone,austin mahone,Austin Mahone,04abdnqPQe2N4fjztDea6z,,none,l1,2014
austin roberts,austin roberts,austin roberts,austin roberts,Austin Roberts,79QvtIFqpA95nxbCT7pqPW,bebop,spotify,artist,1975
austin taylor,austin taylor,austin taylor,austin taylor,Austin Taylor,0amySV4EXOHsxagbY8vSsU,,none,artist,1960
autograph,autograph,autograph,autograph,Autograph,2koMWjvRRF0cOpJnjhdKx0,glam metal;aor;glam rock,spotify,artist,1985
automatic man,automatic man,automatic man,automatic man,Automatic Man,099bm9wXzwMgPDn2mIO8mI,progressive rock;art rock;space rock,spotify,artist,1977
autry inman,autry inman,autry inman,autry inman,Autry Inman,4bZ35anzwQN5e7jBYkB6iO,rockabilly,spotify,artist,1968
ava max,ava max,ava max,ava max,Ava Max,4npEfmQ6YuiwW1GpUmaq3F,,none,artist,2021
avant,avant,avant,avant,Avant,0AunegKKH2ys98aLxq8G1A,r&b;quiet storm,spotify,artist,2009
avant featuring keke wyatt,avant,avant,avant,Avant,0AunegKKH2ys98aLxq8G1A,r&b;quiet storm,spotify,l1,2001
avenged sevenfold,avenged sevenfold,avenged sevenfold,avenged sevenfold,Avenged Sevenfold,0nmQIMXWTXfhgOBdNzhGOs,metal;alternative metal,spotify,artist,2013
aventura,aventura,aventura,aventura,Aventura,1qto4hHid1P71emI6Fd8xi,bachata,spotify,artist,2019
aventura featuring don omar,aventura,aventura,aventura,Aventura,1qto4hHid1P71emI6Fd8xi,bachata,spotify,l1,2005
aventura x bad bunny,aventura x bad bunny,aventura,aventura,Aventura,1qto4hHid1P71emI6Fd8xi,bachata,spotify,l2,2022
average white band,average white band,average white band,average white band,Average White Band,3tx8fyu3c4OBP5nejYtUOb,funk,spotify,artist,1980
avicii,avicii,avicii,avicii,Avicii,1vCWHaC5f2uS3yhpwWbIA6,edm,spotify,artist,2019
avicii featuring aloe blacc,avicii,avicii,avicii,Avicii,1vCWHaC5f2uS3yhpwWbIA6,edm,spotify,l1,2019
avril lavigne,avril lavigne,avril lavigne,avril lavigne,Avril Lavigne,0p4nmQO2msCgU4IF37Wi3j,,none,artist,2018
avril lavigne featuring chad kroeger,avril lavigne,avril lavigne,avril lavigne,Avril Lavigne,0p4nmQO2msCgU4IF37Wi3j,,none,l1,2013
axe,axe,axe,axe,,,,none,,1983
ayo & teo,ayo & teo,ayo,ayo,Ayo & Teo,27mFvqQj8KpjmdKIqcw1mG,,none,artist,2017
az yet,az yet,az yet,az yet,Az Yet,4UGMQyNcbGHYg5CDMKkSw3,quiet storm,spotify,artist,1997
az yet featuring peter cetera,az yet,az yet,az yet,Az Yet,4UGMQyNcbGHYg5CDMKkSw3,quiet storm,spotify,l1,1997
azul azul,azul azul,azul azul,azul azul,Azul Azul,0SWtMcmZLgP04Kj5x0eCxa,merengue,spotify,artist,2001
b angie b,b angie b,b angie b,b angie b,B Angie B,7GpFgqBBrcikLKSvzyXmBH,new jack swing;quiet storm,spotify,artist,1991
b rich,b rich,b rich,b rich,,,,none,,2002
b*witched,b*witched,b*witched,bwitched,B*Witched,72eP0W3rIhkxd0NHGg4w4u,,none,artist,1999
b-rock & the bizz,b-rock & the bizz,b-rock,brock,B-Rock & The Bizz,0XAfCsrnmHwyRkwO2k5OrL,miami bass,spotify,artist,1997
b. bumble & the stingers,b. bumble & the stingers,b. bumble,b bumble,B. Bumble & The Stingers,6Z3V0wUuOHqAa7R7qhoVW9,boogie-woogie,spotify,artist,1962
b.b. king,b.b. king,b.b. king,bb king,B.B. King,5xLSa7l4IV1gsQfhAMvl0U,blues;classic blues;jazz blues;soul blues;blues rock,spotify,artist,1975
b.b. king and his orchestra,b.b. king and his orchestra,b.b. king,bb king,B.B. King,5xLSa7l4IV1gsQfhAMvl0U,blues;classic blues;jazz blues;soul blues;blues rock,spotify,l2,1964
b.c.g. (b.c. generation),b.c.g.,b.c.g.,bcg,BCG,4ZAIIvIcDfClP29TFBvq9Q,murga,spotify,l3,1976
b.e. taylor group,b.e. taylor group,b.e. taylor group,be taylor group,,,,none,,1986
"b.g. featuring baby, turk, mannie fresh, juvenile & lil' wayne",b.g.,b.g.,bg,,,,none,,2000
b.g. the prince of rap,b.g. the prince of rap,b.g. the prince of rap,bg the prince of rap,B.G. The Prince Of Rap,3NyO6lrjoe4s6Uk4ns9Tda,eurodance;hip house;funk melody,spotify,artist,1991
b.j. thomas,b.j. thomas,b.j. thomas,bj thomas,B.J. Thomas,0uUNzXylqsZdmFDwdxaP1V,,none,artist,1983
b.j. thomas and the triumphs,b.j. thomas and the triumphs,b.j. thomas,bj thomas,B.J. Thomas,0uUNzXylqsZdmFDwdxaP1V,,none,l2,1966
b.m.u. (black men united),b.m.u.,b.m.u.,bmu,B.M.U. (Black Men United),6rb2nWF3vuIdxcT8Fci2v4,new jack swing,spotify,artist,1995
b.t. express,b.t. express,b.t. express,bt express,B.T. Express,67PmHOmt1tveILUtasiYAf,funk;post-disco;disco,spotify,artist,1976
b.w. stevenson,b.w. stevenson,b.w. stevenson,bw stevenson,B.W. Stevenson,1asN4HM089PlqWPJRkHvLA,,none,artist,1977
b.o.b,b.o.b,b.o.b,bob,B.o.B,5ndkK3dpZLKtBklKjxNQwT,,none,artist,2012
b.o.b featuring 2 chainz,b.o.b,b.o.b,bob,B.o.B,5ndkK3dpZLKtBklKjxNQwT,,none,l1,2014
b.o.b featuring andre 3000,b.o.b,b.o.b,bob,B.o.B,5ndkK3dpZLKtBklKjxNQwT,,none,l1,2012
b.o.b featuring bruno mars,b.o.b,b.o.b,bob,B.o.B,5ndkK3dpZLKtBklKjxNQwT,,none,l1,2010
b.o.b featuring hayley williams,b.o.b,b.o.b,bob,B.o.B,5ndkK3dpZLKtBklKjxNQwT,,none,l1,2010
b.o.b featuring lil wayne,b.o.b,b.o.b,bob,B.o.B,5ndkK3dpZLKtBklKjxNQwT,,none,l1,2012
b.o.b featuring priscilla,b.o.b,b.o.b,bob,B.o.B,5ndkK3dpZLKtBklKjxNQwT,,none,l1,2014
b.o.b featuring rivers cuomo,b.o.b,b.o.b,bob,B.o.B,5ndkK3dpZLKtBklKjxNQwT,,none,l1,2010
b.o.b featuring t.i. & juicy j,b.o.b,b.o.b,bob,B.o.B,5ndkK3dpZLKtBklKjxNQwT,,none,l1,2013
b.o.b featuring t.i. & playboy tre,b.o.b,b.o.b,bob,B.o.B,5ndkK3dpZLKtBklKjxNQwT,,none,l1,2010
b.o.b featuring taylor swift,b.o.b,b.o.b,bob,B.o.B,5ndkK3dpZLKtBklKjxNQwT,,none,l1,2012
b.o.b featuring trey songz,b.o.b,b.o.b,bob,B.o.B,5ndkK3dpZLKtBklKjxNQwT,,none,l1,2015
b2k,b2k,b2k,b2k,B2K,51d3rUlLuMh7EW09aMe7yj,,none,artist,2003
b2k & p. diddy,b2k & p. diddy,b2k,b2k,B2K,51d3rUlLuMh7EW09aMe7yj,,none,l2,2003
b2k featuring fabolous,b2k,b2k,b2k,B2K,51d3rUlLuMh7EW09aMe7yj,,none,l1,2004
bas with j. cole & lil tjay,bas with j. cole & lil tjay,bas,bas,Bas,70gP6Ry4Uo0Yx6uzPIdaiJ,,none,l2,2021
bbmak,bbmak,bbmak,bbmak,BBMAK,7y1GT7SdgGiFLWoktv2TSw,,none,artist,2002
benee featuring gus dapperton,benee,benee,benee,BENEE,0Cp8WN4V8Tu4QJQwCN5Md4,,none,l1,2020
benny the butcher & j. cole,benny the butcher & j. cole,benny the butcher,benny the butcher,Benny The Butcher,5Matrg5du62bXwer29cU5T,boom bap,spotify,l2,2022
blackpink,blackpink,blackpink,blackpink,BLACKPINK,41MozSoPIsD1dJM0CLPjZF,k-pop,spotify,artist,2025
blackpink x selena gomez,blackpink x selena gomez,blackpink,blackpink,BLACKPINK,41MozSoPIsD1dJM0CLPjZF,k-pop,spotify,l2,2020
bleu & nicki minaj,bleu & nicki minaj,bleu,bleu,Bleu,7bOtv4y3vzakiyY5YQspJO,power pop,spotify,l2,2022
bravo all stars,bravo all stars,bravo all stars,bravo all stars,,,,none,,1998
breland,breland,breland,breland,BRELAND,0C86lmpnwiyLDUiyo4d0P1,country;country hip hop,spotify,artist,2020
breland featuring thomas rhett,breland,breland,breland,BRELAND,0C86lmpnwiyLDUiyo4d0P1,country;country hip hop,spotify,l1,2022
brockhampton,brockhampton,brockhampton,brockhampton,BROCKHAMPTON,1Bl6wpkWCQ4KVgnASpvzzA,,none,artist,2020
brs kash,brs kash,brs kash,brs kash,BRS Kash,5jJjvmEwRr8epuGZq4eUUa,,none,artist,2021
bt,bt,bt,bt,,,,none,,2003
bto,bto,bto,bto,Bto,2Z5SG2tCCESeGEZA8awtlq,,none,artist,1979
bts,bts,bts,bts,BTS,3Nrfpe0tUJi4K4DXYWgMUX,k-pop,spotify,artist,2023
bts featuring desiigner,bts,bts,bts,BTS,3Nrfpe0tUJi4K4DXYWgMUX,k-pop,spotify,l1,2018
bts featuring halsey,bts,bts,bts,BTS,3Nrfpe0tUJi4K4DXYWgMUX,k-pop,spotify,l1,2019
bts featuring lauv,bts,bts,bts,BTS,3Nrfpe0tUJi4K4DXYWgMUX,k-pop,spotify,l1,2019
bts featuring nicki minaj,bts,bts,bts,BTS,3Nrfpe0tUJi4K4DXYWgMUX,k-pop,spotify,l1,2018
baauer,baauer,baauer,baauer,Baauer,25fqWEebq6PoiGQIHIrdtv,edm trap,spotify,artist,2013
baby bash featuring akon,baby bash,baby bash,baby bash,Baby Bash,12PSlydMSjEHzSCj9X5qv7,,none,l1,2005
baby bash featuring frankie j,baby bash,baby bash,baby bash,Baby Bash,12PSlydMSjEHzSCj9X5qv7,,none,l1,2004
baby bash featuring sean kingston,baby bash,baby bash,baby bash,Baby Bash,12PSlydMSjEHzSCj9X5qv7,,none,l1,2008
baby bash featuring t-pain,baby bash,baby bash,baby bash,Baby Bash,12PSlydMSjEHzSCj9X5qv7,,none,l1,2008
baby boy da prince featuring lil boosie,baby boy da prince,baby boy da prince,baby boy da prince,Baby Boy Da Prince,15Y1yUEchPPl4w20CLvFyb,,none,l1,2007
baby cortez,baby cortez,baby cortez,baby cortez,Baby Cortez,2vqqtF8pkNxtA0FC4WXC3M,,none,artist,1962
baby featuring clipse,baby,baby,baby,,,,none,,2003
baby featuring p. diddy,baby,baby,baby,,,,none,,2003
baby jane & the rockabyes,baby jane & the rockabyes,baby jane,baby jane,Baby Jane,3scHMUcB85BflinC8FclbI,,none,l2,1963
baby keem,baby keem,baby keem,baby keem,Baby Keem,5SXuuuRpukkTvsLuUknva1,,none,artist,2020
baby keem & kendrick lamar,baby keem & kendrick lamar,baby keem,baby keem,Baby Keem,5SXuuuRpukkTvsLuUknva1,,none,l2,2023
baby keem & travis scott,baby keem & travis scott,baby keem,baby keem,Baby Keem,5SXuuuRpukkTvsLuUknva1,,none,l2,2021
baby ray,baby ray,baby ray,baby ray,Baby Ray,41rZBehCkLsmrDA5Q6fxj2,,none,artist,1967
baby talk,baby talk,baby talk,baby talk,Baby Talk,2Ra0gi7sbUAPLcejpUPslf,,none,artist,1998
baby washington,baby washington,baby washington,baby washington,Baby Washington,29afta7TiMlvY1fkgaFJcH,northern soul;doo-wop,spotify,artist,1965
babychiefdoit,babychiefdoit,babychiefdoit,babychiefdoit,BabyChiefDoit,1J1pGfTqp5ReVIX8Z1Wzsg,chicago drill,spotify,artist,2025
babyface,babyface,babyface,babyface,Babyface,3aVoqlJOYx31lH1gibGDt3,quiet storm;new jack swing;r&b;contemporary r&b,spotify,artist,2001
babyface (featuring toni braxton),babyface,babyface,babyface,Babyface,3aVoqlJOYx31lH1gibGDt3,quiet storm;new jack swing;r&b;contemporary r&b,spotify,l1,1992
"babyface featuring ll cool j, howard hewett, jody watley & jeffrey daniels",babyface,babyface,babyface,Babyface,3aVoqlJOYx31lH1gibGDt3,quiet storm;new jack swing;r&b;contemporary r&b,spotify,l1,1997
bachman-turner overdrive,bachman-turner overdrive,bachman-turner overdrive,bachmanturner overdrive,Bachman-Turner Overdrive,5q4AzEtCoYJyXjMMoEkSU5,classic rock,spotify,artist,1976
backstreet boys,backstreet boys,backstreet boys,backstreet boys,Backstreet Boys,5rSXSAkZ67PYJSvpUpkOr7,,none,artist,2018
bad boy's da band,bad boy's da band,bad boy's da band,bad boys da band,,,,none,,2003
bad boys blue,bad boys blue,bad boys blue,bad boys blue,Bad Boys Blue,6OXILsPD4WNJ7XiGMAkCWa,italo disco;italo dance;eurodance;europop;hi-nrg,spotify,artist,1993
bad bunny,bad bunny,bad bunny,bad bunny,Bad Bunny,4q3ewBCX7sLwd24euuV69X,reggaeton;trap latino;urbano latino;latin,spotify,artist,2025
bad bunny & bomba estereo,bad bunny & bomba estereo,bad bunny,bad bunny,Bad Bunny,4q3ewBCX7sLwd24euuV69X,reggaeton;trap latino;urbano latino;latin,spotify,l2,2022
bad bunny & bryant myers,bad bunny & bryant myers,bad bunny,bad bunny,Bad Bunny,4q3ewBCX7sLwd24euuV69X,reggaeton;trap latino;urbano latino;latin,spotify,l2,2023
bad bunny & buscabulla,bad bunny & buscabulla,bad bunny,bad bunny,Bad Bunny,4q3ewBCX7sLwd24euuV69X,reggaeton;trap latino;urbano latino;latin,spotify,l2,2022
bad bunny & chencho corleone,bad bunny & chencho corleone,bad bunny,bad bunny,Bad Bunny,4q3ewBCX7sLwd24euuV69X,reggaeton;trap latino;urbano latino;latin,spotify,l2,2022
bad bunny & chuwi,bad bunny & chuwi,bad bunny,bad bunny,Bad Bunny,4q3ewBCX7sLwd24euuV69X,reggaeton;trap latino;urbano latino;latin,spotify,l2,2025
bad bunny & eladio carrion,bad bunny & eladio carrion,bad bunny,bad bunny,Bad Bunny,4q3ewBCX7sLwd24euuV69X,reggaeton;trap latino;urbano latino;latin,spotify,l2,2023
bad bunny & feid,bad bunny & feid,bad bunny,bad bunny,Bad Bunny,4q3ewBCX7sLwd24euuV69X,reggaeton;trap latino;urbano latino;latin,spotify,l2,2024
bad bunny & jhay cortez,bad bunny & jhay cortez,bad bunny,bad bunny,Bad Bunny,4q3ewBCX7sLwd24euuV69X,reggaeton;trap latino;urbano latino;latin,spotify,l2,2022
bad bunny & los pleneros de la cresta,bad bunny & los pleneros de la cresta,bad bunny,bad bunny,Bad Bunny,4q3ewBCX7sLwd24euuV69X,reggaeton;trap latino;urbano latino;latin,spotify,l2,2025
bad bunny & luar la l,bad bunny & luar la l,bad bunny,bad bunny,Bad Bunny,4q3ewBCX7sLwd24euuV69X,reggaeton;trap latino;urbano latino;latin,spotify,l2,2023
bad bunny & mora,bad bunny & mora,bad bunny,bad bunny,Bad Bunny,4q3ewBCX7sLwd24euuV69X,reggaeton;trap latino;urbano latino;latin,spotify,l2,2023
bad bunny & rainao,bad bunny & rainao,bad bunny,bad bunny,Bad Bunny,4q3ewBCX7sLwd24euuV69X,reggaeton;trap latino;urbano latino;latin,spotify,l2,2025
bad bunny & rauw alejandro,bad bunny & rauw alejandro,bad bunny,bad bunny,Bad Bunny,4q3ewBCX7sLwd24euuV69X,reggaeton;trap latino;urbano latino;latin,spotify,l2,2022
bad bunny & rosalia,bad bunny & rosalia,bad bunny,bad bunny,Bad Bunny,4q3ewBCX7sLwd24euuV69X,reggaeton;trap latino;urbano latino;latin,spotify,l2,2021
bad bunny & sech,bad bunny & sech,bad bunny,bad bunny,Bad Bunny,4q3ewBCX7sLwd24euuV69X,reggaeton;trap latino;urbano latino;latin,spotify,l2,2020
bad bunny & tainy,bad bunny & tainy,bad bunny,bad bunny,Bad Bunny,4q3ewBCX7sLwd24euuV69X,reggaeton;trap latino;urbano latino;latin,spotify,l2,2019
bad bunny & the marias,bad bunny & the marias,bad bunny,bad bunny,Bad Bunny,4q3ewBCX7sLwd24euuV69X,reggaeton;trap latino;urbano latino;latin,spotify,l2,2022
bad bunny & tony dize,bad bunny & tony dize,bad bunny,bad bunny,Bad Bunny,4q3ewBCX7sLwd24euuV69X,reggaeton;trap latino;urbano latino;latin,spotify,l2,2022
bad bunny & yovngchimi,bad bunny & yovngchimi,bad bunny,bad bunny,Bad Bunny,4q3ewBCX7sLwd24euuV69X,reggaeton;trap latino;urbano latino;latin,spotify,l2,2023
bad bunny & yaviah,bad bunny & yaviah,bad bunny,bad bunny,Bad Bunny,4q3ewBCX7sLwd24euuV69X,reggaeton;trap latino;urbano latino;latin,spotify,l2,2020
bad bunny & young miko,bad bunny & young miko,bad bunny,bad bunny,Bad Bunny,4q3ewBCX7sLwd24euuV69X,reggaeton;trap latino;urbano latino;latin,spotify,l2,2023
bad bunny featuring drake,bad bunny,bad bunny,bad bunny,Bad Bunny,4q3ewBCX7sLwd24euuV69X,reggaeton;trap latino;urbano latino;latin,spotify,l1,2019
bad bunny x anuel aa,bad bunny x anuel aa,bad bunny,bad bunny,Bad Bunny,4q3ewBCX7sLwd24euuV69X,reggaeton;trap latino;urbano latino;latin,spotify,l2,2020
bad bunny x daddy yankee,bad bunny x daddy yankee,bad bunny,bad bunny,Bad Bunny,4q3ewBCX7sLwd24euuV69X,reggaeton;trap latino;urbano latino;latin,spotify,l2,2020
"bad bunny, arcangel, de la ghetto & nengo flow","bad bunny, arcangel, de la ghetto & nengo flow",bad bunny,bad bunny,Bad Bunny,4q3ewBCX7sLwd24euuV69X,reggaeton;trap latino;urbano latino;latin,spotify,l2,2023
"bad bunny, jowell & randy & nengo flow","bad bunny, jowell & randy & nengo flow",bad bunny,bad bunny,Bad Bunny,4q3ewBCX7sLwd24euuV69X,reggaeton;trap latino;urbano latino;latin,spotify,l2,2020
"bad bunny, omar courtz & dei v","bad bunny, omar courtz & dei v",bad bunny,bad bunny,Bad Bunny,4q3ewBCX7sLwd24euuV69X,reggaeton;trap latino;urbano latino;latin,spotify,l2,2025
bad company,bad company,bad company,bad company,Bad Company,5AEG63ajney2BoDXi0Vb84,classic rock;aor;southern rock;hard rock,spotify,artist,1993
bad english,bad english,bad english,bad english,Bad English,5fhMbh4PVSLSODF2fhWwqt,aor;glam metal;arena rock,spotify,artist,1991
bad meets evil,bad meets evil,bad meets evil,bad meets evil,Bad Meets Evil,77IURH5NC56Jn09QHi76is,,none,artist,2011
bad meets evil featuring bruno mars,bad meets evil,bad meets evil,bad meets evil,Bad Meets Evil,77IURH5NC56Jn09QHi76is,,none,l1,2011
bad wolves,bad wolves,bad wolves,bad wolves,Bad Wolves,0eI3X5rAzHRZVe5FPk4MN1,metal,spotify,artist,2018
badfinger,badfinger,badfinger,badfinger,Badfinger,4pJCawaKSZ40EnxN0YEYw3,power pop;jangle pop,spotify,artist,1981
baha men,baha men,baha men,baha men,Baha Men,67FFKYikvTlvsPNk4NPOYJ,,none,artist,2000
baha men with imani coppola,baha men with imani coppola,baha men,baha men,Baha Men,67FFKYikvTlvsPNk4NPOYJ,,none,l2,2001
bailey zimmerman,bailey zimmerman,bailey zimmerman,bailey zimmerman,Bailey Zimmerman,3win9vGIxFfBRag9S63wwf,country,spotify,artist,2025
bailey zimmerman & luke combs,bailey zimmerman & luke combs,bailey zimmerman,bailey zimmerman,Bailey Zimmerman,3win9vGIxFfBRag9S63wwf,country,spotify,l2,2025
bailey zimmerman & the kid laroi,bailey zimmerman & the kid laroi,bailey zimmerman,bailey zimmerman,Bailey Zimmerman,3win9vGIxFfBRag9S63wwf,country,spotify,l2,2025
baja marimba band,baja marimba band,baja marimba band,baja marimba band,Baja Marimba Band,0PzKrztmZO4keXrGo9IyiD,exotica,spotify,artist,1967
bakar featuring summer walker,bakar,bakar,bakar,Bakar,56TxMbhfr0i5vzrSNLHmh7,french rap,spotify,l1,2024
balance,balance,balance,balance,Balance,2ge1EZCN4XOPlCxEH5YRPx,hyphy,spotify,artist,1982
ballin' jack,ballin' jack,ballin' jack,ballin jack,Ballin' Jack,2sN3D6YgOGmLCgBHG9PfBa,funk rock,spotify,artist,1971
baltimora,baltimora,baltimora,baltimora,Baltimora,6czfQ8MjHVmvJKA4LAnviG,italo disco,spotify,artist,1993
bama,bama,bama,bama,Bama,0eHDsDPtBIP9ny3BgvaVeZ,,none,artist,1979
bananarama,bananarama,bananarama,bananarama,Bananarama,3sc7iUG1Wwpwx7bHeZolgx,hi-nrg,spotify,artist,1988
band aid,band aid,band aid,band aid,Band Aid,35S20clEkkSNUo23ViaslZ,christmas,spotify,artist,1985
band aid 30,band aid 30,band aid 30,band aid 30,Band Aid 30,6KfzyefHYuqfWaI5taICaN,christmas,spotify,artist,2014
band of gold,band of gold,band of gold,band of gold,Band Of Gold,6p06vZxks146m62aXvRHDc,,none,artist,1984
bandit,bandit,bandit,bandit,Bandit,4mI8m4MJtY9yKLsxxa3Ri2,,none,artist,1979
bandit gang marco featuring dro,bandit gang marco,bandit gang marco,bandit gang marco,Bandit Gang Marco,2IQx8hexWHXBPR6gcEcI0f,,none,l1,2015
bang,bang,bang,bang,,,,none,,1990
banzaii,banzaii,banzaii,banzaii,Banzaii,5QofWX3mJY36lk37mPhxOg,,none,artist,1975
bar-kays,bar-kays,bar-kays,barkays,Bar-Kays,7wW1QwVogOTeQpU0WsU9nm,,none,artist,1984
barbara & the browns,barbara & the browns,barbara,barbara,Barbara & The Browns,7xCMJBL2xqnA5EsK1zeNYZ,northern soul;soul;classic soul,spotify,artist,1964
barbara acklin,barbara acklin,barbara acklin,barbara acklin,Barbara Acklin,5cIS9VdHDj2fozLl19Gg2A,northern soul;classic soul,spotify,artist,1969
barbara and the uniques,barbara and the uniques,barbara,barbara,Barbara,4TNiKyCX2oCvdo1sTgHcRw,chanson;variété française,spotify,l2,1971
barbara fairchild,barbara fairchild,barbara fairchild,barbara fairchild,Barbara Fairchild,3SQp3obrtdq8uxsZxFCBJu,christian country;traditional country;classic country;southern gospel,spotify,artist,1973
barbara george,barbara george,barbara george,barbara george,Barbara George,6uJZLuhxKK0kNUcoGNIy9k,doo-wop;northern soul,spotify,artist,1962
barbara greene,barbara greene,barbara greene,barbara greene,Barbara Greene,4yVKWobbjJxDqfymHEf001,rockabilly,spotify,artist,1968
barbara lewis,barbara lewis,barbara lewis,barbara lewis,Barbara Lewis,2UocIcNiHj5n4tj1CnBzRq,northern soul;doo-wop,spotify,artist,1967
barbara lynn,barbara lynn,barbara lynn,barbara lynn,Barbara Lynn,2wQyX5625x6IGls8zLLHMB,northern soul,spotify,artist,1968
barbara mandrell,barbara mandrell,barbara mandrell,barbara mandrell,Barbara Mandrell,67BqBdApdbZ0onglFqRoTg,classic country;christian country;traditional country,spotify,artist,1979
barbara mason,barbara mason,barbara mason,barbara mason,Barbara Mason,5PmZd7YOaUgQwhOja44fmZ,philly soul,spotify,artist,1975
barbra streisand,barbra streisand,barbra streisand,barbra streisand,Barbra Streisand,7jmTilWYlKOuavFfmQAcu6,adult standards,spotify,artist,1986
barbra streisand & barry gibb,barbra streisand & barry gibb,barbra streisand,barbra streisand,Barbra Streisand,7jmTilWYlKOuavFfmQAcu6,adult standards,spotify,l2,1981
barbra streisand & bryan adams,barbra streisand & bryan adams,barbra streisand,barbra streisand,Barbra Streisand,7jmTilWYlKOuavFfmQAcu6,adult standards,spotify,l2,1997
barbra streisand & don johnson,barbra streisand & don johnson,barbra streisand,barbra streisand,Barbra Streisand,7jmTilWYlKOuavFfmQAcu6,adult standards,spotify,l2,1989
barbra streisand & neil diamond,barbra streisand & neil diamond,barbra streisand,barbra streisand,Barbra Streisand,7jmTilWYlKOuavFfmQAcu6,adult standards,spotify,l2,1979
barbra streisand with kim carnes,barbra streisand with kim carnes,barbra streisand,barbra streisand,Barbra Streisand,7jmTilWYlKOuavFfmQAcu6,adult standards,spotify,l2,1985
barbra streisand/donna summer,barbra streisand,barbra streisand,barbra streisand,Barbra Streisand,7jmTilWYlKOuavFfmQAcu6,adult standards,spotify,l1,1980
bardeux,bardeux,bardeux,bardeux,Bardeux,1Uhg7ePxFfwEY6HysrYjV7,funk melody;hi-nrg;miami bass;italo disco;italo dance,spotify,artist,1989
barenaked ladies,barenaked ladies,barenaked ladies,barenaked ladies,Barenaked Ladies,0dEvJpkqhrcn64d3oI8v79,,none,artist,2004
baron stewart,baron stewart,baron stewart,baron stewart,,,,none,,1975
barrett baber,barrett baber,barrett baber,barrett baber,Barrett Baber,0lmKvjsV6xcpES9x96iqpf,,none,artist,2015
barrett strong,barrett strong,barrett strong,barrett strong,Barrett Strong,3MKwHkhEjcvzva2rasZeWD,motown;northern soul;classic soul,spotify,artist,1960
barry & the tamerlanes,barry & the tamerlanes,barry,barry,Barry & The Tamerlanes,4HsPtZ8Dw4Cl9lGXpEsWA9,doo-wop,spotify,artist,1963
barry devorzon and perry botikin jr.,barry devorzon and perry botikin jr.,barry devorzon,barry devorzon,Barry DeVorzon,0s8MBYVZMiHb9hYl50fMBB,,none,l2,1977
barry gibb,barry gibb,barry gibb,barry gibb,Barry Gibb,7Hd38PVp634oGEb9pIDs5d,,none,artist,1984
barry manilow,barry manilow,barry manilow,barry manilow,Barry Manilow,3alW3LYQS8K29z8C8NSLIX,yacht rock;adult standards,spotify,artist,1986
barry manilow with kid creole & the coconuts,barry manilow with kid creole & the coconuts,barry manilow,barry manilow,Barry Manilow,3alW3LYQS8K29z8C8NSLIX,yacht rock;adult standards,spotify,l2,1988
barry mann,barry mann,barry mann,barry mann,Barry Mann,3OmuR7XFXBig8yLeMSm9mU,doo-wop,spotify,artist,1976
barry mcguire,barry mcguire,barry mcguire,barry mcguire,Barry McGuire,6xdkfNRMtBzeu7t4wyum2X,folk rock,spotify,artist,1966
barry ryan,barry ryan,barry ryan,barry ryan,Barry Ryan,4YHxgyBZe6SN6iNVwWThdj,opera,spotify,artist,1969
barry white,barry white,barry white,barry white,Barry White,3rfgbfpPSfXY40lzRK7Syt,disco;soul;classic soul;quiet storm;philly soul,spotify,artist,1995
barry young,barry young,barry young,barry young,,,,none,,1966
basia,basia,basia,basia,Basia,4mITrNyXdPhy8phBHPgAHk,smooth jazz,spotify,artist,1990
bastille,bastille,bastille,bastille,Bastille,7EQ0qTo7fWT7DPxmxtSYEc,,none,artist,2014
batdorf & rodney,batdorf & rodney,batdorf,batdorf,Batdorf,68LzxOiTCZirIN9lYT90CK,,none,l2,1975
bay city rollers,bay city rollers,bay city rollers,bay city rollers,Bay City Rollers,3r9TXuXfOUxXjgYgAR0fP8,glam rock,spotify,artist,1978
baz luhrmann,baz luhrmann,baz luhrmann,baz luhrmann,Baz Luhrmann,7HhTERkBV4Ot14KphgBfSh,,none,artist,1999
bazzi,bazzi,bazzi,bazzi,Bazzi,4GvEc3ANtPPjt1ZJllr5Zl,,none,artist,2019
bazzi featuring camila cabello,bazzi,bazzi,bazzi,Bazzi,4GvEc3ANtPPjt1ZJllr5Zl,,none,l1,2019
bebe & cece winans featuring mavis staples,bebe & cece winans,bebe,bebe,Bebe & Cece Winans,3WNUkxJcJeliFx9KXWXMgs,gospel;gospel r&b,spotify,l1,1992
bebe winans,bebe winans,bebe winans,bebe winans,Bebe Winans,6D9xBdOOyGHqOam9OShAWl,gospel,spotify,artist,1998
bea miller,bea miller,bea miller,bea miller,Bea Miller,1o2NpYGqHiCq7FoiYdyd1x,,none,artist,2015
beanie sigel & freeway,beanie sigel & freeway,beanie sigel,beanie sigel,Beanie Sigel,0tCtGc5vt29zFZp6KXzN50,east coast hip hop,spotify,l2,2002
beastie boys,beastie boys,beastie boys,beastie boys,Beastie Boys,03r4iKL2g2442PT9n2UKsx,rap rock;old school hip hop;east coast hip hop;hip hop,spotify,artist,2004
beastie boys featuring nas,beastie boys,beastie boys,beastie boys,Beastie Boys,03r4iKL2g2442PT9n2UKsx,rap rock;old school hip hop;east coast hip hop;hip hop,spotify,l1,2009
beats international,beats international,beats international,beats international,Beats International,6C5gMdsVmZHJG6yJuC68sp,,none,artist,1990
beau brummels,beau brummels,beau brummels,beau brummels,Beau Brummels,4IZi2ZeTQlSyN0jvUfsLt1,garage rock;folk rock,spotify,artist,1966
beau coup,beau coup,beau coup,beau coup,Beau Coup,25I2oawxfJ1wESUd7Vbfpb,aor;arena rock,spotify,artist,1987
bebe rexha,bebe rexha,bebe rexha,bebe rexha,Bebe Rexha,64M6ah0SkkRsnPGtGiRAbb,,none,artist,2019
bebe rexha & florida georgia line,bebe rexha & florida georgia line,bebe rexha,bebe rexha,Bebe Rexha,64M6ah0SkkRsnPGtGiRAbb,,none,l2,2018
bebe rexha featuring doja cat,bebe rexha,bebe rexha,bebe rexha,Bebe Rexha,64M6ah0SkkRsnPGtGiRAbb,,none,l1,2020
beck,beck,beck,beck,Beck,3vbKDsSS70ZX9D2OcvbZmS,anti-folk,spotify,artist,2005
beckmeier brothers,beckmeier brothers,beckmeier brothers,beckmeier brothers,,,,none,,1979
becky g,becky g,becky g,becky g,Becky G,4obzFoKoKRHIphyHzJ35G3,reggaeton;latin,spotify,artist,2015
becky g & peso pluma,becky g & peso pluma,becky g,becky g,Becky G,4obzFoKoKRHIphyHzJ35G3,reggaeton;latin,spotify,l2,2023
becky g + natti natasha,becky g + natti natasha,becky g,becky g,Becky G,4obzFoKoKRHIphyHzJ35G3,reggaeton;latin,spotify,l2,2018
becky g featuring bad bunny,becky g,becky g,becky g,Becky G,4obzFoKoKRHIphyHzJ35G3,reggaeton;latin,spotify,l1,2018
becky g x karol g,becky g x karol g,becky g,becky g,Becky G,4obzFoKoKRHIphyHzJ35G3,reggaeton;latin,spotify,l2,2022
bee gees,bee gees,bee gees,bee gees,Bee Gees,1LZEQNv7sE11VDY3SdxQeN,disco,spotify,artist,1998
beenie man,beenie man,beenie man,beenie man,Beenie Man,4L3GTE04bW5N7azA9QPhjA,dancehall;ragga;reggae;soca;riddim,spotify,artist,2004
beenie man featuring chevelle franklyn,beenie man,beenie man,beenie man,Beenie Man,4L3GTE04bW5N7azA9QPhjA,dancehall;ragga;reggae;soca;riddim,spotify,l1,1997
beenie man featuring janet,beenie man,beenie man,beenie man,Beenie Man,4L3GTE04bW5N7azA9QPhjA,dancehall;ragga;reggae;soca;riddim,spotify,l1,2002
beenie man featuring ms. thing,beenie man,beenie man,beenie man,Beenie Man,4L3GTE04bW5N7azA9QPhjA,dancehall;ragga;reggae;soca;riddim,spotify,l1,2004
beenie man featuring mya,beenie man,beenie man,beenie man,Beenie Man,4L3GTE04bW5N7azA9QPhjA,dancehall;ragga;reggae;soca;riddim,spotify,l1,2001
before dark,before dark,before dark,before dark,Before Dark,24oWuzi9YOuHwjX6WTTCob,contemporary r&b,spotify,artist,2000
belinda carlisle,belinda carlisle,belinda carlisle,belinda carlisle,Belinda Carlisle,7xkAwz0bQTGDSbkofyQt3U,,none,artist,1991
bell & james,bell & james,bell,bell,Bell & James,1ZWKnj3I5Svd3XcaeapGV4,classic soul,spotify,artist,1979
bell biv devoe,bell biv devoe,bell biv devoe,bell biv devoe,Bell Biv DeVoe,2zFZiWQJFFshzojycnXoTL,new jack swing,spotify,artist,1993
bella poarch,bella poarch,bella poarch,bella poarch,Bella Poarch,26cMerAxjx9GedFt0lMDjm,,none,artist,2021
bella thorne,bella thorne,bella thorne,bella thorne,Bella Thorne,58AqJv0sDFPFnnBcLT8eeX,,none,artist,2012
bella thorne & zendaya,bella thorne & zendaya,bella thorne,bella thorne,Bella Thorne,58AqJv0sDFPFnnBcLT8eeX,,none,l2,2011
bellamy brothers,bellamy brothers,bellamy brothers,bellamy brothers,,,,none,,1979
belle epoque,belle epoque,belle epoque,belle epoque,Belle Epoque,2TikWSuKpST0Ol9VJoYKXj,,none,artist,1978
belly,belly,belly,belly,Belly,3h1HOgVmvPlhqjz8o3LglL,riot grrrl,spotify,artist,1993
belly featuring the weeknd,belly,belly,belly,Belly,3h1HOgVmvPlhqjz8o3LglL,riot grrrl,spotify,l1,2016
"belly, the weeknd & young thug","belly, the weeknd & young thug",belly,belly,Belly,3h1HOgVmvPlhqjz8o3LglL,riot grrrl,spotify,l2,2021
belouis some,belouis some,belouis some,belouis some,Belouis Some,0EX1yiXXmblRFdw2pb10NF,synthpop;new wave,spotify,artist,1985
ben colder,ben colder,ben colder,ben colder,Ben Colder,3BuGAHN3dgrxC9vAvdRRoQ,,none,artist,1968
ben e. king,ben e. king,ben e. king,ben e king,Ben E. King,3plJVWt88EqjvtuB4ZDRV3,,none,artist,1987
ben folds,ben folds,ben folds,ben folds,Ben Folds,55tif8708yyDQlSjh3Trdu,,none,artist,2005
ben rector,ben rector,ben rector,ben rector,Ben Rector,4AapPt7H6bGH4i7chTulpI,,none,artist,2016
benjamin orr,benjamin orr,benjamin orr,benjamin orr,Benjamin Orr,6FV7vG3YdZqITxCEbUK98Y,aor,spotify,artist,1987
benny bell,benny bell,benny bell,benny bell,Benny Bell,0qZypTHyGJLvU1YmHDgooy,,none,artist,1975
benny blanco & juice wrld featuring brendon urie,benny blanco & juice wrld,benny blanco,benny blanco,benny blanco,5CiGnKThu5ctn9pBxv7DGa,,none,l2,2019
"benny blanco, bts & snoop dogg","benny blanco, bts & snoop dogg",benny blanco,benny blanco,benny blanco,5CiGnKThu5ctn9pBxv7DGa,,none,l2,2022
"benny blanco, halsey & khalid","benny blanco, halsey & khalid",benny blanco,benny blanco,benny blanco,5CiGnKThu5ctn9pBxv7DGa,,none,l2,2019
"benny blanco, tainy, selena gomez & j balvin","benny blanco, tainy, selena gomez & j balvin",benny blanco,benny blanco,benny blanco,5CiGnKThu5ctn9pBxv7DGa,,none,l2,2019
benny mardones,benny mardones,benny mardones,benny mardones,Benny Mardones,6ZalUpnU8HaHSjROM92Txw,yacht rock,spotify,artist,1989
benny spellman,benny spellman,benny spellman,benny spellman,Benny Spellman,16w2zedVfGOHZpRnXhJCjW,northern soul,spotify,artist,1962
benson boone,benson boone,benson boone,benson boone,Benson Boone,22wbnEMDvgVIAGdFeek6ET,,none,artist,2025
bent fabric and his piano,bent fabric and his piano,bent fabric,bent fabric,Bent Fabric,6RvwwBmUCvxokwLJiLlO0i,,none,l2,1963
benzino,benzino,benzino,benzino,Benzino,7IARNkdEKEs5VGeGGl1R7v,,none,artist,2003
berlin,berlin,berlin,berlin,Berlin,2aS6jYh7ysTL1ZUsHneNgM,,none,artist,1986
berlin philharmonic,berlin philharmonic,berlin philharmonic,berlin philharmonic,Berlin Philharmonic,0iQ7qnHxcaWA3DxIyWnLxh,,none,artist,1970
bernadette carroll,bernadette carroll,bernadette carroll,bernadette carroll,Bernadette Carroll,6QwBhFIOXWri9BNtwoIlKY,,none,artist,1964
bernadette peters,bernadette peters,bernadette peters,bernadette peters,Bernadette Peters,1lIG8lqWxus7LqThGUXMa1,musicals,spotify,artist,1981
bernie lowe orchestra,bernie lowe orchestra,bernie lowe orchestra,bernie lowe orchestra,Bernie Lowe Orchestra,3BfAt0cAz0CipSmDN91loQ,philly soul;rockabilly;doo-wop,spotify,artist,1959
bert kaempfert and his orchestra,bert kaempfert and his orchestra,bert kaempfert,bert kaempfert,Bert Kaempfert,2s6JabvZdqVQhfOsaxCSFX,orchestral;easy listening;big band;exotica,spotify,l2,1966
bert sommer,bert sommer,bert sommer,bert sommer,Bert Sommer,63CdJg0oOMuOa1X3bgPM1x,,none,artist,1970
bertha tillman,bertha tillman,bertha tillman,bertha tillman,Bertha Tillman,4aBSbKk01HYWR964gGyLg9,,none,artist,1962
bertie higgins,bertie higgins,bertie higgins,bertie higgins,Bertie Higgins,4qzZ6bMrjK27yHGVjs4Pvq,yacht rock;soft rock,spotify,artist,1982
beth hart,beth hart,beth hart,beth hart,Beth Hart,30TrHDLNCKQVTYWOn9QqOC,blues;blues rock;modern blues,spotify,artist,2000
bette midler,bette midler,bette midler,bette midler,Bette Midler,13y0kncDD4J9wxCyfKr10W,,none,artist,1992
better than ezra,better than ezra,better than ezra,better than ezra,Better Than Ezra,4UuoJfJ9UybJft7a8E6UHX,,none,artist,1999
betty boo,betty boo,betty boo,betty boo,Betty Boo,347OiT19EdoZPH9X2W0KS2,,none,artist,1990
betty everett,betty everett,betty everett,betty everett,Betty Everett,53jXEVVJtpaWVQ3ffvhDtl,northern soul;doo-wop;motown,spotify,artist,1971
betty everett & jerry butler,betty everett & jerry butler,betty everett,betty everett,Betty Everett,53jXEVVJtpaWVQ3ffvhDtl,northern soul;doo-wop;motown,spotify,l2,1965
betty harris,betty harris,betty harris,betty harris,Betty Harris,5uwRBFpU9SQ9s2Us0nlXkk,northern soul;soul jazz,spotify,artist,1967
betty johnson,betty johnson,betty johnson,betty johnson,Betty Johnson,2D85hZbhnPSghU7ljHlRu2,,none,artist,1959
betty madigan,betty madigan,betty madigan,betty madigan,Betty Madigan,6RW0WlYW12qTl5Q6pTO6yu,vocal jazz;doo-wop,spotify,artist,1958
betty wright,betty wright,betty wright,betty wright,Betty Wright,0PDqlUGugF5Jt6DZyATvfz,classic soul;soul,spotify,artist,1975
bettye swann,bettye swann,bettye swann,bettye swann,Bettye Swann,0g3EsNvUCwgpsdkAiIC50W,northern soul;soul;classic soul,spotify,artist,1973
beverly bremers,beverly bremers,beverly bremers,beverly bremers,Beverly Bremers,3vEVgsh6o19GprjHAZMgFo,,none,artist,1972
beyonce,beyonce,beyonce,beyonce,beyonce,5zJvUAU1KYYWAGxdxyOenn,,none,artist,2024
beyonce & dolly parton,beyonce & dolly parton,beyonce,beyonce,beyonce,5zJvUAU1KYYWAGxdxyOenn,,none,l2,2024
beyonce & miley cyrus,beyonce & miley cyrus,beyonce,beyonce,beyonce,5zJvUAU1KYYWAGxdxyOenn,,none,l2,2024
beyonce & post malone,beyonce & post malone,beyonce,beyonce,beyonce,5zJvUAU1KYYWAGxdxyOenn,,none,l2,2024
beyonce & rumi carter,beyonce & rumi carter,beyonce,beyonce,beyonce,5zJvUAU1KYYWAGxdxyOenn,,none,l2,2024
beyonce & shaboozey,beyonce & shaboozey,beyonce,beyonce,beyonce,5zJvUAU1KYYWAGxdxyOenn,,none,l2,2024
beyonce & shakira,beyonce & shakira,beyonce,beyonce,beyonce,5zJvUAU1KYYWAGxdxyOenn,,none,l2,2007
beyonce & willie jones,beyonce & willie jones,beyonce,beyonce,beyonce,5zJvUAU1KYYWAGxdxyOenn,,none,l2,2024
beyonce featuring andre 3000,beyonce,beyonce,beyonce,beyonce,5zJvUAU1KYYWAGxdxyOenn,,none,l1,2012
beyonce featuring beam,beyonce,beyonce,beyonce,beyonce,5zJvUAU1KYYWAGxdxyOenn,,none,l1,2022
beyonce featuring drake,beyonce,beyonce,beyonce,beyonce,5zJvUAU1KYYWAGxdxyOenn,,none,l1,2014
beyonce featuring grace jones & tems,beyonce,beyonce,beyonce,beyonce,5zJvUAU1KYYWAGxdxyOenn,,none,l1,2022
beyonce featuring jack white,beyonce,beyonce,beyonce,beyonce,5zJvUAU1KYYWAGxdxyOenn,,none,l1,2016
beyonce featuring james blake,beyonce,beyonce,beyonce,beyonce,5zJvUAU1KYYWAGxdxyOenn,,none,l1,2016
beyonce featuring jay z,beyonce,beyonce,beyonce,beyonce,5zJvUAU1KYYWAGxdxyOenn,,none,l1,2014
beyonce featuring kendrick lamar,beyonce,beyonce,beyonce,beyonce,5zJvUAU1KYYWAGxdxyOenn,,none,l1,2023
beyonce featuring lady gaga,beyonce,beyonce,beyonce,beyonce,5zJvUAU1KYYWAGxdxyOenn,,none,l1,2010
beyonce featuring nicki minaj or chimamanda ngozi adichie,beyonce,beyonce,beyonce,beyonce,5zJvUAU1KYYWAGxdxyOenn,,none,l1,2015
beyonce featuring sean paul,beyonce,beyonce,beyonce,beyonce,5zJvUAU1KYYWAGxdxyOenn,,none,l1,2004
beyonce featuring slim thug,beyonce,beyonce,beyonce,beyonce,5zJvUAU1KYYWAGxdxyOenn,,none,l1,2006
beyonce featuring the weeknd,beyonce,beyonce,beyonce,beyonce,5zJvUAU1KYYWAGxdxyOenn,,none,l1,2016
"beyonce, jay-z & childish gambino featuring oumou sangare","beyonce, jay-z & childish gambino",beyonce,beyonce,beyonce,5zJvUAU1KYYWAGxdxyOenn,,none,l2,2019
"beyonce, linda martell & shaboozey","beyonce, linda martell & shaboozey",beyonce,beyonce,beyonce,5zJvUAU1KYYWAGxdxyOenn,,none,l2,2024
"beyonce, saint jhn & wizkid featuring blue ivy carter","beyonce, saint jhn & wizkid",beyonce,beyonce,beyonce,5zJvUAU1KYYWAGxdxyOenn,,none,l2,2019
"beyonce, tanner adell, brittney spencer, tiera kennedy & reyna roberts","beyonce, tanner adell, brittney spencer, tiera kennedy & reyna roberts",beyonce,beyonce,beyonce,5zJvUAU1KYYWAGxdxyOenn,,none,l2,2024
bhad bhabie,bhad bhabie,bhad bhabie,bhad bhabie,Bhad Bhabie,7DuTB6wdzqFJGFLSH17k8e,,none,artist,2025
bhad bhabie featuring lil yachty,bhad bhabie,bhad bhabie,bhad bhabie,Bhad Bhabie,7DuTB6wdzqFJGFLSH17k8e,,none,l1,2018
bia featuring j. cole,bia,bia,bia,BIA,6veh5zbFpm31XsPdjBgPER,,none,l1,2022
bia featuring nicki minaj,bia,bia,bia,BIA,6veh5zbFpm31XsPdjBgPER,,none,l1,2021
biddu orchestra,biddu orchestra,biddu orchestra,biddu orchestra,Biddu Orchestra,0lUimvAVToyIQxJ4nLQmGc,,none,artist,1976
big & rich,big & rich,big,big,Big & Rich,0oBEeN6BCxEgMogzThqrPf,country,spotify,artist,2014
big audio,big audio,big audio,big audio,Big Audio,4iaOk7pyzBVgN9QPJ06kbg,alternative dance,spotify,artist,1992
big bopper,big bopper,big bopper,big bopper,,,,none,,1959
big brother and the holding company,big brother and the holding company,big brother,big brother,Big Brother,3uvv6WmcHB9PFBgBLdirRa,ska;ska punk,spotify,l2,1968
big bub featuring queen latifah & heavy d,big bub,big bub,big bub,Big Bub,3CgFQVOvg4sK8vaGtXPIJ4,new jack swing;quiet storm,spotify,l1,1997
big country,big country,big country,big country,Big Country,1h8YIw9HLr6E8gdXVDRbVJ,new wave;celtic rock,spotify,artist,1984
"big daddy kane feat. spinderella, l. williams & k. anderson",big daddy kane,big daddy kane,big daddy kane,Big Daddy Kane,6futYSDVulYR2PktBjTB5W,old school hip hop;east coast hip hop;hardcore hip hop,spotify,l1,1993
big dee irwin (with little eva),big dee irwin,big dee irwin,big dee irwin,Big Dee Irwin,266kUpRv0Ukfh9bKq8HGGa,northern soul,spotify,l1,1963
big jay mcneely and band,big jay mcneely and band,big jay mcneely,big jay mcneely,Big Jay McNeely,5K3FOIJ4gEZlPaJJpqaXmm,,none,l2,1959
big maybelle,big maybelle,big maybelle,big maybelle,Big Maybelle,7yJXicqUOMPY5Iofua29C0,doo-wop;blues;northern soul;classic blues,spotify,artist,1967
big mountain,big mountain,big mountain,big mountain,Big Mountain,0Jeckitay8SbvKwqAzWuYH,reggae,spotify,artist,1996
big noise,big noise,big noise,big noise,Big Noise,4QcMLWGUbmVE3VqHpoEJc7,,none,artist,1989
big pig,big pig,big pig,big pig,BIG PIG,3PbWScf9apscL76bfGsR8C,,none,artist,1988
big punisher,big punisher,big punisher,big punisher,Big Punisher,1ZpECwDnMRyktkAodhEhBM,,none,artist,1998
big punisher featuring donell jones,big punisher,big punisher,big punisher,Big Punisher,1ZpECwDnMRyktkAodhEhBM,,none,l1,2000
big punisher featuring joe,big punisher,big punisher,big punisher,Big Punisher,1ZpECwDnMRyktkAodhEhBM,,none,l1,1998
big red machine featuring taylor swift,big red machine,big red machine,big red machine,Big Red Machine,7gXy60xRcwYujBFoYHnR2O,,none,l1,2021
big ric,big ric,big ric,big ric,Big Ric,7d4IaAS7JhN0vsYuBpAgNU,bounce,spotify,artist,1983
big sambo and the house wreckers,big sambo and the house wreckers,big sambo,big sambo,BIG SAMBO,6CF2cnJ4rQXq9xJiko8cn8,,none,l2,1962
big sean,big sean,big sean,big sean,Big Sean,0c173mlxpT3dSFRgMO8XPh,,none,artist,2020
big sean & metro boomin featuring 21 savage,big sean & metro boomin,big sean,big sean,Big Sean,0c173mlxpT3dSFRgMO8XPh,,none,l2,2017
big sean & metro boomin featuring travis scott,big sean & metro boomin,big sean,big sean,Big Sean,0c173mlxpT3dSFRgMO8XPh,,none,l2,2017
big sean featuring a$ap ferg & hit-boy,big sean,big sean,big sean,Big Sean,0c173mlxpT3dSFRgMO8XPh,,none,l1,2019
big sean featuring chris brown,big sean,big sean,big sean,Big Sean,0c173mlxpT3dSFRgMO8XPh,,none,l1,2011
big sean featuring chris brown & ty dolla $ign,big sean,big sean,big sean,Big Sean,0c173mlxpT3dSFRgMO8XPh,,none,l1,2016
big sean featuring drake,big sean,big sean,big sean,Big Sean,0c173mlxpT3dSFRgMO8XPh,,none,l1,2015
big sean featuring e-40,big sean,big sean,big sean,Big Sean,0c173mlxpT3dSFRgMO8XPh,,none,l1,2015
big sean featuring eminem,big sean,big sean,big sean,Big Sean,0c173mlxpT3dSFRgMO8XPh,,none,l1,2017
big sean featuring jeremih,big sean,big sean,big sean,Big Sean,0c173mlxpT3dSFRgMO8XPh,,none,l1,2017
big sean featuring kanye west,big sean,big sean,big sean,Big Sean,0c173mlxpT3dSFRgMO8XPh,,none,l1,2015
big sean featuring kanye west & john legend,big sean,big sean,big sean,Big Sean,0c173mlxpT3dSFRgMO8XPh,,none,l1,2015
big sean featuring kanye west & roscoe dash,big sean,big sean,big sean,Big Sean,0c173mlxpT3dSFRgMO8XPh,,none,l1,2011
big sean featuring lil wayne & jhene aiko,big sean,big sean,big sean,Big Sean,0c173mlxpT3dSFRgMO8XPh,,none,l1,2013
big sean featuring migos,big sean,big sean,big sean,Big Sean,0c173mlxpT3dSFRgMO8XPh,,none,l1,2017
big sean featuring nicki minaj,big sean,big sean,big sean,Big Sean,0c173mlxpT3dSFRgMO8XPh,,none,l1,2012
big sean featuring nipsey hussle,big sean,big sean,big sean,Big Sean,0c173mlxpT3dSFRgMO8XPh,,none,l1,2020
big sean featuring post malone,big sean,big sean,big sean,Big Sean,0c173mlxpT3dSFRgMO8XPh,,none,l1,2020
big sean featuring travis scott,big sean,big sean,big sean,Big Sean,0c173mlxpT3dSFRgMO8XPh,,none,l1,2020
big sean featuring ty dolla $ign & jhene aiko,big sean,big sean,big sean,Big Sean,0c173mlxpT3dSFRgMO8XPh,,none,l1,2020
big sean featuring wiz khalifa,big sean,big sean,big sean,Big Sean,0c173mlxpT3dSFRgMO8XPh,,none,l1,2011
big sister,big sister,big sister,big sister,Big Sister,6xFHQLf0Iaj3S83nWykE33,,none,artist,1996
big time rush,big time rush,big time rush,big time rush,Big Time Rush,0GWCNkPi54upO9WLlwjAHd,,none,artist,2012
big trouble,big trouble,big trouble,big trouble,Big Trouble,3C8bwHBRM9JvFNosCBLLnD,,none,artist,1987
big tymers,big tymers,big tymers,big tymers,Big Tymers,4jWGfUCFeTu5e0wprRhHXR,southern hip hop;crunk;new orleans bounce,spotify,artist,2003
big tymers featuring r. kelly,big tymers,big tymers,big tymers,Big Tymers,4jWGfUCFeTu5e0wprRhHXR,southern hip hop;crunk;new orleans bounce,spotify,l1,2004
"big tymers featuring tateeze, boo & gotti",big tymers,big tymers,big tymers,Big Tymers,4jWGfUCFeTu5e0wprRhHXR,southern hip hop;crunk;new orleans bounce,spotify,l1,2002
bigxthaplug,bigxthaplug,bigxthaplug,bigxthaplug,BigXthaPlug,6qxpnaukVayrQn6ViNvu9I,southern hip hop,spotify,artist,2025
bigxthaplug featuring bailey zimmerman,bigxthaplug,bigxthaplug,bigxthaplug,BigXthaPlug,6qxpnaukVayrQn6ViNvu9I,southern hip hop,spotify,l1,2025
bigxthaplug featuring ella langley,bigxthaplug,bigxthaplug,bigxthaplug,BigXthaPlug,6qxpnaukVayrQn6ViNvu9I,southern hip hop,spotify,l1,2025
bigxthaplug featuring jelly roll,bigxthaplug,bigxthaplug,bigxthaplug,BigXthaPlug,6qxpnaukVayrQn6ViNvu9I,southern hip hop,spotify,l1,2025
bigxthaplug featuring shaboozey,bigxthaplug,bigxthaplug,bigxthaplug,BigXthaPlug,6qxpnaukVayrQn6ViNvu9I,southern hip hop,spotify,l1,2025
bilal,bilal,bilal,bilal,Bilal,4jCbgl5Dmt3uOh8WRQfpPs,neo soul,spotify,artist,2001
bill amesbury,bill amesbury,bill amesbury,bill amesbury,,,,none,,1974
bill anderson,bill anderson,bill anderson,bill anderson,Bill Anderson,0xyIFDiS8iRutP1OsBOyoh,,none,artist,1978
bill black's combo,bill black's combo,bill black's combo,bill blacks combo,,,,none,,1968
bill brandon,bill brandon,bill brandon,bill brandon,BILL BRANDON,7qaC0L1S5rm7017VN33Zf7,northern soul,spotify,artist,1978
bill champlin,bill champlin,bill champlin,bill champlin,Bill Champlin,5pLqzTJecAKKbWw0MrDASt,yacht rock;aor;soft rock;arena rock,spotify,artist,1982
bill conti,bill conti,bill conti,bill conti,Bill Conti,272ygo5fv9cYsiCLcV0HV2,,none,artist,1983
bill cosby,bill cosby,bill cosby,bill cosby,Bill Cosby,4JeqRr8Upw5uxLEu6jgIRm,comedy;spoken word,spotify,artist,1976
bill deal & the rhondels,bill deal & the rhondels,bill deal,bill deal,Bill Deal & The Rhondels,7N1nE4LMW0sC06h4mLct2i,,none,artist,1970
bill doggett,bill doggett,bill doggett,bill doggett,Bill Doggett,6xGdsn4r7laoQDz0zbm1nY,soul jazz,spotify,artist,1961
bill engvall with special guest travis tritt,bill engvall with special guest travis tritt,bill engvall,bill engvall,Bill Engvall,1sCa5KANHoHo4NuGextoI9,comedy,spotify,l2,1997
bill haley and his comets,bill haley and his comets,bill haley,bill haley,Bill Haley,2XBzvyw3fwtZu4iUz12x0G,rockabilly;rock and roll,spotify,l2,1974
bill labounty,bill labounty,bill labounty,bill labounty,Bill LaBounty,7F81AqbZ2eUSjf9FpVptwO,yacht rock;aor;soft rock,spotify,artist,1978
bill medley,bill medley,bill medley,bill medley,Bill Medley,1XE70WwxhnrXNAJYQQ9ygx,,none,artist,1982
bill medley & jennifer warnes,bill medley & jennifer warnes,bill medley,bill medley,Bill Medley,1XE70WwxhnrXNAJYQQ9ygx,,none,l2,1988
bill parsons,bill parsons,bill parsons,bill parsons,Bill Parsons,4yALO4VjeIzGg9c73sLWGL,rockabilly,spotify,artist,1959
bill pursell,bill pursell,bill pursell,bill pursell,Bill Pursell,1kuS9H3D0hmnPHIa96VAS9,,none,artist,1963
bill quateman,bill quateman,bill quateman,bill quateman,Bill Quateman,3I1mRytDvAfQIkNtIjZLWW,aor;arena rock;yacht rock,spotify,artist,1973
bill withers,bill withers,bill withers,bill withers,Bill Withers,1ThoqLcyIYvZn7iWbj8fsj,soul;classic soul;motown,spotify,artist,1978
bill wray,bill wray,bill wray,bill wray,,,,none,,1979
bill wyman,bill wyman,bill wyman,bill wyman,Bill Wyman,5TKEKLhk0wTKM5m61BtKQC,,none,artist,1968
billie eilish,billie eilish,billie eilish,billie eilish,Billie Eilish,6qqNVTkY8uBg9cP3Jd7DAH,,none,artist,2025
billie eilish & khalid,billie eilish & khalid,billie eilish,billie eilish,Billie Eilish,6qqNVTkY8uBg9cP3Jd7DAH,,none,l2,2019
billie eilish & rosalia,billie eilish & rosalia,billie eilish,billie eilish,Billie Eilish,6qqNVTkY8uBg9cP3Jd7DAH,,none,l2,2021
billie jo spears,billie jo spears,billie jo spears,billie jo spears,Billie Jo Spears,3Xt0yrWeurmp48fodXqMWf,classic country;traditional country,spotify,artist,1975
billie myers,billie myers,billie myers,billie myers,Billie Myers,2ZqXK2gIDbfE7aOvkNObPW,,none,artist,1998
billie ray martin,billie ray martin,billie ray martin,billie ray martin,Billie Ray Martin,2q5yCacA8Evy2eagVJksza,,none,artist,1996
billie sans,billie sans,billie sans,billie sans,Billie Sans,3uGlCdqazZuNNTvxnz7K3i,,none,artist,1971
"billy ""crash"" craddock","billy ""crash"" craddock","billy ""crash"" craddock",billy crash craddock,Billy Crash Craddock,1FaUDw6t3IIYoNEIoFpBu1,traditional country,spotify,l3,1976
billy & lillie,billy & lillie,billy,billy,Billy & Lillie,3KcyLwgR8iu3I0XaptDr20,doo-wop,spotify,artist,1959
billy & the beaters,billy & the beaters,billy,billy,,,,none,,1981
billy abbott and the jewels,billy abbott and the jewels,billy abbott,billy abbott,Billy Abbott And The Jewels,6RUNziyND3H4wQTD3lvbKb,philly soul;doo-wop,spotify,artist,1963
billy bland,billy bland,billy bland,billy bland,Billy Bland,4mDEpwlcBham5q1dmykSG0,doo-wop,spotify,artist,1961
billy burnette,billy burnette,billy burnette,billy burnette,Billy Burnette,596pF0tYoKyJCgI4WLTLs4,rockabilly;psychobilly,spotify,artist,1980
billy butler & the chanters,billy butler & the chanters,billy butler,billy butler,Billy Butler,6RKwiKkwyXNJlFByGc7FV4,uk garage,spotify,l2,1965
billy crystal,billy crystal,billy crystal,billy crystal,Billy Crystal,4obZSxPoSs6iedmMKPzhwh,,none,artist,1985
billy currington,billy currington,billy currington,billy currington,Billy Currington,1By9QBFnjZAoI83BZppHlt,country;acoustic country,spotify,artist,2017
billy dean,billy dean,billy dean,billy dean,Billy Dean,3cMyqwpNT2D8f0WuaRzzZX,classic country,spotify,artist,2005
billy edd wheeler,billy edd wheeler,billy edd wheeler,billy edd wheeler,Billy Edd Wheeler,5646lgm2HV2yioE8VhbzG7,,none,artist,1965
billy falcon,billy falcon,billy falcon,billy falcon,Billy Falcon,0DdF4n9hzGsLAEv3rSeaZY,aor,spotify,artist,1991
billy gilman,billy gilman,billy gilman,billy gilman,Billy Gilman,6OqQbeNe7Pi7Zi7SNTi9ko,,none,artist,2001
billy grammer,billy grammer,billy grammer,billy grammer,Billy Grammer,33OmSxFFBOPQL3AcoAFAmA,traditional country;classic country,spotify,artist,1959
billy graves,billy graves,billy graves,billy graves,Billy Graves,4fJGz8hNr7Cx8k0n2YvptH,,none,artist,1959
billy idol,billy idol,billy idol,billy idol,Billy Idol,7lzordPuZEXxwt9aoVZYmG,,none,artist,1990
billy j. kramer with the dakotas,billy j. kramer with the dakotas,billy j. kramer,billy j kramer,Billy J. Kramer,3qL4moFMePG5zA87tLcCOM,,none,l2,1965
billy joe & the checkmates,billy joe & the checkmates,billy joe,billy joe,Billy Joe & The Checkmates,7oiJO2QWnUdEyZdkYmIu3z,,none,artist,1962
billy joe royal,billy joe royal,billy joe royal,billy joe royal,Billy Joe Royal,4WFTfNjxQYskBioYk39r9n,northern soul,spotify,artist,1978
billy joel,billy joel,billy joel,billy joel,Billy Joel,6zFYqv1mOsgBRQbae3JJ9e,soft rock,spotify,artist,2024
billy joel featuring ray charles,billy joel,billy joel,billy joel,Billy Joel,6zFYqv1mOsgBRQbae3JJ9e,soft rock,spotify,l1,1987
billy lawrence,billy lawrence,billy lawrence,billy lawrence,Billy Lawrence,3AUEWiz1bcSNs2fTTQNVW4,,none,artist,1998
billy lawrence featuring mc lyte,billy lawrence,billy lawrence,billy lawrence,Billy Lawrence,3AUEWiz1bcSNs2fTTQNVW4,,none,l1,1997
billy lee riley,billy lee riley,billy lee riley,billy lee riley,Billy Lee Riley,0a85EJEd3a9RGM9ops09rZ,rockabilly;psychobilly;rock and roll,spotify,artist,1972
billy lemmons,billy lemmons,billy lemmons,billy lemmons,,,,none,,1977
billy ocean,billy ocean,billy ocean,billy ocean,Billy Ocean,5IDs1CK15HegSAhGEbSYXo,yacht rock,spotify,artist,1989
billy paul,billy paul,billy paul,billy paul,Billy Paul,187xgSpsFH8mMbAcoCW0zE,philly soul;classic soul;soul;motown,spotify,artist,1976
billy preston,billy preston,billy preston,billy preston,Billy Preston,0IecGJbdBeYSOVtSPRehh5,motown,spotify,artist,1982
billy preston & syreeta,billy preston & syreeta,billy preston,billy preston,Billy Preston,0IecGJbdBeYSOVtSPRehh5,motown,spotify,l2,1980
billy rankin,billy rankin,billy rankin,billy rankin,Billy Rankin,7s2eCE5wwmELcvV6acLpKi,,none,artist,1984
billy ray cyrus,billy ray cyrus,billy ray cyrus,billy ray cyrus,Billy Ray Cyrus,60rpJ9SgigSd16DOAG7GSa,,none,artist,2000
billy ray cyrus with miley cyrus,billy ray cyrus with miley cyrus,billy ray cyrus,billy ray cyrus,Billy Ray Cyrus,60rpJ9SgigSd16DOAG7GSa,,none,l2,2008
billy satellite,billy satellite,billy satellite,billy satellite,Billy Satellite,5O6dfdQv3wRix2wh7s2tj9,aor;arena rock,spotify,artist,1985
billy squier,billy squier,billy squier,billy squier,Billy Squier,3Fz2GbraVXhcpXnoi2Oe1r,classic rock;aor,spotify,artist,1989
billy stewart,billy stewart,billy stewart,billy stewart,Billy Stewart,21llKqnS025UdaAMslJS4J,classic soul,spotify,artist,1969
billy storm,billy storm,billy storm,billy storm,Billy Storm,1ZzYpqlzryQn2FvG9taU1o,northern soul;doo-wop,spotify,artist,1959
billy strange,billy strange,billy strange,billy strange,Billy Strange,4q3t7t2bWgFdiYgfXyj0It,,none,artist,1965
billy swan,billy swan,billy swan,billy swan,Billy Swan,6nNkKMkPl1qBCEW3Al9eVV,,none,artist,1975
billy thorpe,billy thorpe,billy thorpe,billy thorpe,Billy Thorpe,58wTw7br5RpTauDtyWQRAr,,none,artist,1979
billy thunderkloud & the chieftones,billy thunderkloud & the chieftones,billy thunderkloud,billy thunderkloud,,,,none,,1975
billy vaughn and his orchestra,billy vaughn and his orchestra,billy vaughn,billy vaughn,Billy Vaughn and His Orchestra,2bk4yr9RiJcVE7AHpUoLV7,orchestral,spotify,artist,1966
billy vera,billy vera,billy vera,billy vera,Billy Vera,6BumpTZy2HOcTbywLrAJLB,,none,artist,1968
billy vera & judy clay,billy vera & judy clay,billy vera,billy vera,Billy Vera,6BumpTZy2HOcTbywLrAJLB,,none,l2,1968
billy vera & the beaters,billy vera & the beaters,billy vera,billy vera,Billy Vera,6BumpTZy2HOcTbywLrAJLB,,none,l2,1987
billy walker,billy walker,billy walker,billy walker,Billy Walker,0wOnokuOcSoYAUZN6jmpDc,traditional country;classic country;honky tonk,spotify,artist,1960
billy williams,billy williams,billy williams,billy williams,Billy Williams,422CIEgDEOshtMkOToenls,,none,artist,1959
bimbo jet,bimbo jet,bimbo jet,bimbo jet,Bimbo Jet,6XALv74pqJV3jeZ31To8KD,europop,spotify,artist,1975
bing crosby,bing crosby,bing crosby,bing crosby,Bing Crosby,6ZjFtWeHP9XN7FeKSUe80S,christmas,spotify,artist,1960
bing crosby & the andrews sisters,bing crosby & the andrews sisters,bing crosby,bing crosby,Bing Crosby,6ZjFtWeHP9XN7FeKSUe80S,christmas,spotify,l2,2021
bing crosby with john scott trotter and his orchestra,bing crosby with john scott trotter and his orchestra,bing crosby,bing crosby,Bing Crosby,6ZjFtWeHP9XN7FeKSUe80S,christmas,spotify,l2,2021
bing crosby with john scott trotter and his orchestra & max terr's mixed chorus,bing crosby with john scott trotter and his orchestra & max terr's mixed chorus,bing crosby,bing crosby,Bing Crosby,6ZjFtWeHP9XN7FeKSUe80S,christmas,spotify,l2,1960
bing crosby with ken darby singers & john scott trotter & his orchestra,bing crosby with ken darby singers & john scott trotter & his orchestra,bing crosby,bing crosby,Bing Crosby,6ZjFtWeHP9XN7FeKSUe80S,christmas,spotify,l2,2025
bingo boys,bingo boys,bingo boys,bingo boys,Bingo Boys,1l0CE3ju3RMISdTwFDkLqi,dansk rap,spotify,artist,1991
bingo boys featuring princessa,bingo boys,bingo boys,bingo boys,Bingo Boys,1l0CE3ju3RMISdTwFDkLqi,dansk rap,spotify,l1,1991
bird york,bird york,bird york,bird york,,,,none,,2006
birdlegs & pauline and their versatility birds,birdlegs & pauline and their versatility birds,birdlegs,birdlegs,,,,none,,1963
birdman & lil wayne,birdman & lil wayne,birdman,birdman,Birdman & Lil Wayne,2shroRw8HaEGsXXUMgi8XF,,none,artist,2007
birdman featuring drake & lil wayne,birdman,birdman,birdman,Birdman,35sCXuy5gN6Or69rZ9vqBs,southern hip hop,spotify,l1,2010
birdman featuring lil wayne,birdman,birdman,birdman,Birdman,35sCXuy5gN6Or69rZ9vqBs,southern hip hop,spotify,l1,2011
birdman featuring lil wayne & drake,birdman,birdman,birdman,Birdman,35sCXuy5gN6Or69rZ9vqBs,southern hip hop,spotify,l1,2010
birdman featuring nicki minaj & lil wayne,birdman,birdman,birdman,Birdman,35sCXuy5gN6Or69rZ9vqBs,southern hip hop,spotify,l1,2011
biscuit,biscuit,biscuit,biscuit,Biscuit,2CKrPA22rC0XYqkLQTItO0,,none,artist,1990
biz markie,biz markie,biz markie,biz markie,Biz Markie,22282KfMxDo2PMjnBc82I4,old school hip hop;east coast hip hop,spotify,artist,1990
bizarrap & peso pluma,bizarrap & peso pluma,bizarrap,bizarrap,Bizarrap,716NhGYqD1jl2wI1Qkgq36,argentine trap;trap latino;urbano latino,spotify,l2,2023
bizarrap & quevedo,bizarrap & quevedo,bizarrap,bizarrap,Bizarrap,716NhGYqD1jl2wI1Qkgq36,argentine trap;trap latino;urbano latino,spotify,l2,2022
bizarrap & shakira,bizarrap & shakira,bizarrap,bizarrap,Bizarrap,716NhGYqD1jl2wI1Qkgq36,argentine trap;trap latino;urbano latino,spotify,l2,2023
bizarre inc,bizarre inc,bizarre inc,bizarre inc,Bizarre Inc,07lbidCU8ZwtNCUrmaO0QU,acid house;chicago house,spotify,artist,1993
bjork,bjork,bjork,bjork,Bjork,6xy8s41CbAZbN6skLwoPYn,,none,artist,2007
blac youngsta,blac youngsta,blac youngsta,blac youngsta,Blac Youngsta,41klVmDluQZmGGqoidNfbe,,none,artist,2018
black box,black box,black box,black box,Black Box,6tsRo8ErXzpHk3tQeH6GBW,eurodance,spotify,artist,1991
black eyed peas x j balvin,black eyed peas x j balvin,black eyed peas,black eyed peas,Black Eyed Peas,1yxSLGMDHlW21z4YXirZDS,,none,l2,2020
black eyed peas x shakira,black eyed peas x shakira,black eyed peas,black eyed peas,Black Eyed Peas,1yxSLGMDHlW21z4YXirZDS,,none,l2,2021
"black eyed peas, ozuna + j.rey soul","black eyed peas, ozuna + j.rey soul",black eyed peas,black eyed peas,Black Eyed Peas,1yxSLGMDHlW21z4YXirZDS,,none,l2,2020
black moon,black moon,black moon,black moon,Black Moon,2yN6bq26wynQcRuPkBYTDb,east coast hip hop;boom bap;hardcore hip hop;old school hip hop,spotify,artist,1994
black oak arkansas,black oak arkansas,black oak arkansas,black oak arkansas,Black Oak Arkansas,07xwCifj3iE7F6fYHin4TU,southern rock;country rock,spotify,artist,1976
black rob,black rob,black rob,black rob,Black Rob,1QPZhx0asYTBxD5RDqfU49,old school hip hop,spotify,artist,2000
black sabbath,black sabbath,black sabbath,black sabbath,Black Sabbath,5M52tdBnJaKSvOpJGz8mfZ,metal;heavy metal;rock;stoner rock;doom metal,spotify,artist,1972
black sheep,black sheep,black sheep,black sheep,Black Sheep,0NnCgUxhtWt1yBtpDyvFQf,east coast hip hop;old school hip hop,spotify,artist,1992
blackhawk,blackhawk,blackhawk,blackhawk,BlackHawk,4mOt6H7OnuqLnQrm1Bboc6,classic country;country,spotify,artist,1999
blackbear,blackbear,blackbear,blackbear,blackbear,2cFrymmkijnjDg9SS92EPM,,none,artist,2020
blackfoot,blackfoot,blackfoot,blackfoot,Blackfoot,10rzK0sLCXsUlDhl8ed0MV,southern rock;country rock;native american music,spotify,artist,1981
blackgirl,blackgirl,blackgirl,blackgirl,,,,none,,1994
blackjack,blackjack,blackjack,blackjack,Blackjack,4TaKlunaXYokEOnmYQRCvH,,none,artist,1979
blackstreet,blackstreet,blackstreet,blackstreet,Blackstreet,2P3cjUru4H3fhSXXNxE9kA,new jack swing,spotify,artist,1995
blackstreet & mya featuring mase & blinky blink,blackstreet & mya,blackstreet,blackstreet,Blackstreet,2P3cjUru4H3fhSXXNxE9kA,new jack swing,spotify,l2,1999
blackstreet (featuring dr. dre),blackstreet,blackstreet,blackstreet,Blackstreet,2P3cjUru4H3fhSXXNxE9kA,new jack swing,spotify,l1,1997
blackstreet with janet,blackstreet with janet,blackstreet,blackstreet,Blackstreet,2P3cjUru4H3fhSXXNxE9kA,new jack swing,spotify,l2,1999
blackstreet with special guests ol' dirty bastard & slash,blackstreet with special guests ol' dirty bastard & slash,blackstreet,blackstreet,Blackstreet,2P3cjUru4H3fhSXXNxE9kA,new jack swing,spotify,l2,1997
blackwell,blackwell,blackwell,blackwell,Blackwell,0M7G6cT3kyblLtHnzKCz8v,new jack swing,spotify,artist,1969
blahzay blahzay,blahzay blahzay,blahzay blahzay,blahzay blahzay,Blahzay Blahzay,5aFlmkJBUJ4iYglGjJGg9y,,none,artist,1996
blaine larsen,blaine larsen,blaine larsen,blaine larsen,Blaine Larsen,77BL4malNaiSH99GMNvOka,,none,artist,2005
blair,blair,blair,blair,blair,3QebNTryy3B7Uvg8tnvtHO,,none,artist,1998
blake lewis,blake lewis,blake lewis,blake lewis,Blake Lewis,7EKdDQqYYwMXAGgHlXmtc2,,none,artist,2007
blake shelton,blake shelton,blake shelton,blake shelton,Blake Shelton,1UTPBmNbXNTittyMJrNkvw,country,spotify,artist,2025
blake shelton & dia frampton,blake shelton & dia frampton,blake shelton,blake shelton,Blake Shelton,1UTPBmNbXNTittyMJrNkvw,country,spotify,l2,2011
blake shelton duet with gwen stefani,blake shelton duet with gwen stefani,blake shelton,blake shelton,Blake Shelton,1UTPBmNbXNTittyMJrNkvw,country,spotify,l2,2020
blake shelton featuring ashley monroe,blake shelton,blake shelton,blake shelton,Blake Shelton,1UTPBmNbXNTittyMJrNkvw,country,spotify,l1,2015
blake shelton featuring gwen sebastian,blake shelton,blake shelton,blake shelton,Blake Shelton,1UTPBmNbXNTittyMJrNkvw,country,spotify,l1,2014
blake shelton featuring gwen stefani,blake shelton,blake shelton,blake shelton,Blake Shelton,1UTPBmNbXNTittyMJrNkvw,country,spotify,l1,2021
blake shelton featuring pistol annies & friends,blake shelton,blake shelton,blake shelton,Blake Shelton,1UTPBmNbXNTittyMJrNkvw,country,spotify,l1,2013
blake shelton featuring trace adkins,blake shelton,blake shelton,blake shelton,Blake Shelton,1UTPBmNbXNTittyMJrNkvw,country,spotify,l1,2019
blanco brown,blanco brown,blanco brown,blanco brown,Blanco Brown,3yzRiNMZdTsSUgplcyYZ4i,country hip hop;country,spotify,artist,2019
blaque,blaque,blaque,blaque,Blaque,1nSRa2YjjFWJLHGKM07oGQ,,none,artist,2000
blaze,blaze,blaze,blaze,blaze,2oAA82tTG4ftdzpmup4i3U,,none,artist,1976
blessid union of souls,blessid union of souls,blessid union of souls,blessid union of souls,Blessid Union Of Souls,4W4gYpQ2AQq7US2HZS13Qw,,none,artist,1999
blind melon,blind melon,blind melon,blind melon,Blind Melon,5sD1ZLf2dGQ9gQ3YJl1eAd,grunge,spotify,artist,1994
blinky & edwin starr,blinky & edwin starr,blinky,blinky,Blinky,10PEpQCVIXqSqnDUIPVs64,,none,l2,1969
blocboy jb featuring drake,blocboy jb,blocboy jb,blocboy jb,BlocBoy JB,4TEJudQY2pXxVHPE3gD2EU,,none,l1,2018
blondie,blondie,blondie,blondie,Blondie,4tpUmLEVLCGFr93o8hFFIB,,none,artist,1999
"blood, sweat & tears","blood, sweat & tears",blood,blood,"Blood, Sweat & Tears",24GaH9tRBgZjlvOhpFuKi2,,none,artist,1975
bloodhound gang,bloodhound gang,bloodhound gang,bloodhound gang,Bloodhound Gang,6nDLku5uL3ou60kvCGZorh,,none,artist,2000
bloodrock,bloodrock,bloodrock,bloodrock,Bloodrock,522yoVmanZmrgK5qy3GyRK,acid rock,spotify,artist,1971
bloodstone,bloodstone,bloodstone,bloodstone,Bloodstone,7z1zaOeWiHpl4SD2N9ZBgk,classic soul;quiet storm,spotify,artist,1975
blu cantrell,blu cantrell,blu cantrell,blu cantrell,Blu Cantrell,6vytZ677lz4LzCrUDcDokM,,none,artist,2001
blu cantrell featuring sean paul,blu cantrell,blu cantrell,blu cantrell,Blu Cantrell,6vytZ677lz4LzCrUDcDokM,,none,l1,2003
blue,blue,blue,blue,Blue,2yEkZBBjhzKzt6LF5XMaFi,,none,artist,1977
blue cheer,blue cheer,blue cheer,blue cheer,Blue Cheer,4PI5IHRvANLL76O5gRmGKL,acid rock;psychedelic rock;proto-punk;stoner rock,spotify,artist,1968
blue county,blue county,blue county,blue county,Blue County,6zvltSMSFDRsPDs8IneC1A,,none,artist,2004
blue haze,blue haze,blue haze,blue haze,Blue Haze,3IN48jE35jiNpSRw0oRjjP,,none,artist,1973
blue magic,blue magic,blue magic,blue magic,Blue Magic,7tLLSEaHMMJPbsYAz8MkEw,philly soul;classic soul;quiet storm,spotify,artist,1974
blue mercedes,blue mercedes,blue mercedes,blue mercedes,Blue Mercedes,4vas6iliAP9UYM0RXBXv17,hi-nrg,spotify,artist,1988
blue mink,blue mink,blue mink,blue mink,Blue Mink,0hUyd9GtnzL8NysCiaxCcv,,none,artist,1970
blue october,blue october,blue october,blue october,Blue October,1TJbmc7jTpw78GKCiMpvDh,,none,artist,2007
blue oyster cult,blue oyster cult,blue oyster cult,blue oyster cult,,,,none,,1984
blue swede,blue swede,blue swede,blue swede,Blue Swede,0UpuH5U4nZ3UGGUJi0Zfbp,,none,artist,1975
blue train,blue train,blue train,blue train,Blue Train,5KmcDrNL6BynbtLrquTl6w,,none,artist,1991
blue zone u.k.,blue zone u.k.,blue zone u.k.,blue zone uk,,,,none,,1988
blueface,blueface,blueface,blueface,Blueface,3Fl1V19tmjt57oBdxXKAjJ,,none,artist,2019
blueface & rich the kid,blueface & rich the kid,blueface,blueface,Blueface,3Fl1V19tmjt57oBdxXKAjJ,,none,l2,2019
blues brothers,blues brothers,blues brothers,blues brothers,,,,none,,1981
blues image,blues image,blues image,blues image,Blues Image,3qP1yR7s0FAKMjEw99p6wE,yacht rock,spotify,artist,1970
blues magoos,blues magoos,blues magoos,blues magoos,Blues Magoos,14tLQHikOcESwKEZGRdKwL,,none,artist,1967
blues traveler,blues traveler,blues traveler,blues traveler,Blues Traveler,3pHeBYl1yujXcZqqfF1UyQ,jam band,spotify,artist,1996
blur,blur,blur,blur,Blur,7MhMgCo0Bl0Kukl93PZbYS,britpop;madchester;alternative rock,spotify,artist,1994
blxst & tyga featuring ty dolla $ign,blxst & tyga,blxst,blxst,Blxst,4qXC0i02bSFstECuXP2ZpL,,none,l2,2022
bo bice,bo bice,bo bice,bo bice,Bo Bice,2Q1FIPavG8WZF33kqIP3sy,,none,artist,2006
bo diddley,bo diddley,bo diddley,bo diddley,Bo Diddley,2bmixwMZXlkl2sbIbOfviq,blues;classic blues;rock and roll;rockabilly,spotify,artist,1967
bo donaldson and the heywoods,bo donaldson and the heywoods,bo donaldson,bo donaldson,Bo Donaldson,3PT7QqfTVww2Ydq6Ezq6Tg,,none,l2,1975
bodeans,bodeans,bodeans,bodeans,Bodeans,2D2qwEatKbBSKhBCfP6lyn,roots rock,spotify,artist,1996
bob & doug mckenzie,bob & doug mckenzie,bob,bob,Bob & Doug McKenzie,684i2dRwvzTO4XhjtmIIq5,christmas,spotify,artist,1982
bob and earl,bob and earl,bob,bob,Bob and Earl,1fMrTPwjiDUBSUIm4nI1Bh,rockabilly,spotify,artist,1964
bob b. soxx and the blue jeans,bob b. soxx and the blue jeans,bob b. soxx,bob b soxx,,,,none,,1963
bob beckham,bob beckham,bob beckham,bob beckham,,,,none,,1960
bob braun,bob braun,bob braun,bob braun,Bob Braun,4KIox1vhIy6xjm3LxjJ5J6,,none,artist,1962
bob crewe,bob crewe,bob crewe,bob crewe,Bob Crewe,6c0iRUJ1QetT3vxkfCpwPT,exotica,spotify,artist,1960
bob crewe generation,bob crewe generation,bob crewe generation,bob crewe generation,,,,none,,1967
bob dylan,bob dylan,bob dylan,bob dylan,Bob Dylan,74ASZWbe4lXaubB36ztrGX,folk rock;folk;singer-songwriter;roots rock;country rock,spotify,artist,1984
bob dylan/the band,bob dylan,bob dylan,bob dylan,Bob Dylan,74ASZWbe4lXaubB36ztrGX,folk rock;folk;singer-songwriter;roots rock;country rock,spotify,l1,1974
bob geldof,bob geldof,bob geldof,bob geldof,Bob Geldof,6bvtY9dkfSa5yKuogd2aLU,,none,artist,1987
bob james,bob james,bob james,bob james,Bob James,6ryjbFyWBZho9KGXqKZdqQ,smooth jazz;jazz funk;jazz fusion;jazz;cool jazz,spotify,artist,1974
bob kayli,bob kayli,bob kayli,bob kayli,Bob Kayli,1jpdSwEbSHz2mfZ6tqX527,motown;northern soul,spotify,artist,1958
bob kuban and the in-men,bob kuban and the in-men,bob kuban,bob kuban,,,,none,,1966
bob lind,bob lind,bob lind,bob lind,Bob Lind,5W6gs1V54kOPUgBxBLkY1z,baroque pop,spotify,artist,1966
bob luman,bob luman,bob luman,bob luman,Bob Luman,7GHomDn4a8u8k0AlUTwBWQ,rockabilly;traditional country;classic country;boogie-woogie,spotify,artist,1960
bob marley and the wailers,bob marley and the wailers,bob marley,bob marley,Bob Marley,6BH2lormtpjy3X9DyrGHVj,reggae;roots reggae;rocksteady,spotify,l2,1976
bob mcfadden and dor,bob mcfadden and dor,bob mcfadden,bob mcfadden,Bob McFadden,3FDSGFPa6ZQ5uXjgIwyczE,,none,l2,1959
bob mcgilpin,bob mcgilpin,bob mcgilpin,bob mcgilpin,Bob McGilpin,4uPujXHxaK7IfEN5BwHwFy,disco,spotify,artist,1978
bob moore and his orch.,bob moore and his orch.,bob moore,bob moore,Bob Moore,0d33MHi1m8VjCTPlxvGmCF,,none,l2,1961
bob seger,bob seger,bob seger,bob seger,Bob Seger,485uL27bPomh29R4JmQehQ,classic rock,spotify,artist,1987
bob seger & the silver bullet band,bob seger & the silver bullet band,bob seger,bob seger,Bob Seger,485uL27bPomh29R4JmQehQ,classic rock,spotify,l2,1991
bob seger system,bob seger system,bob seger system,bob seger system,,,,none,,1970
bob weir,bob weir,bob weir,bob weir,Bob Weir,6YB0tbDGk01Q0P6wcHPjpC,jam band,spotify,artist,1978
bob welch,bob welch,bob welch,bob welch,Bob Welch,0reZZVbAPxgX1Rqj6XbWj3,yacht rock;soft rock,spotify,artist,1979
bobbi martin,bobbi martin,bobbi martin,bobbi martin,Bobbi Martin,3JVqOROaMTUZ2wUFwkfr1A,,none,artist,1970
bobbie gentry,bobbie gentry,bobbie gentry,bobbie gentry,Bobbie Gentry,4E9w0bms6HcEppFlWjeW2d,,none,artist,1976
bobbie gentry & glen campbell,bobbie gentry & glen campbell,bobbie gentry,bobbie gentry,Bobbie Gentry,4E9w0bms6HcEppFlWjeW2d,,none,l2,1970
"bobby ""blue"" bland","bobby ""blue"" bland","bobby ""blue"" bland",bobby blue bland,,,,none,,1974
"bobby ""boris"" pickett and the crypt-kickers","bobby ""boris"" pickett and the crypt-kickers","bobby ""boris"" pickett",bobby boris pickett,,,,none,,2024
bobby arvon,bobby arvon,bobby arvon,bobby arvon,,,,none,,1978
bobby bare,bobby bare,bobby bare,bobby bare,Bobby Bare,69wzuykaVXlRS5KVygESvd,classic country;outlaw country;traditional country,spotify,artist,1974
bobby bland,bobby bland,bobby bland,bobby bland,Bobby Bland,5P6MNXWTDL4pViFn9BzsnR,blues;classic blues;big band,spotify,artist,1975
bobby bloom,bobby bloom,bobby bloom,bobby bloom,Bobby Bloom,7iH90f18JHtgA6f4hjJpo2,,none,artist,1971
bobby brackins featuring ray j,bobby brackins,bobby brackins,bobby brackins,Bobby Brackins,72rsQfzxNVLPpbzQzXVJSc,,none,l1,2010
bobby brown,bobby brown,bobby brown,bobby brown,Bobby Brown,62sPt3fswraiEPnKQpAbdE,new jack swing,spotify,artist,1993
bobby byrd,bobby byrd,bobby byrd,bobby byrd,Bobby Byrd,44YH99B34WbQ8eaq41wUya,,none,artist,1972
bobby caldwell,bobby caldwell,bobby caldwell,bobby caldwell,Bobby Caldwell,4V4Z3qMCwYofWHtip6ePF6,yacht rock,spotify,artist,1982
bobby callender,bobby callender,bobby callender,bobby callender,Bobby Callender,1M0Xn17S5BWVwlGLb0PvPi,psychedelic rock;acid rock,spotify,artist,1963
bobby cole,bobby cole,bobby cole,bobby cole,Bobby Cole,7tpTZiZYMWwlIfzyxEzO1r,,none,artist,1968
bobby comstock,bobby comstock,bobby comstock,bobby comstock,Bobby Comstock,2e9lKW1SmMOqZpNcVaGW5f,doo-wop;rockabilly,spotify,artist,1963
bobby comstock and the counts,bobby comstock and the counts,bobby comstock,bobby comstock,Bobby Comstock,2e9lKW1SmMOqZpNcVaGW5f,doo-wop;rockabilly,spotify,l2,1963
bobby curtola,bobby curtola,bobby curtola,bobby curtola,Bobby Curtola,2PIiDZM2zK2J6t0sm3fz0c,doo-wop;modern blues,spotify,artist,1962
bobby darin,bobby darin,bobby darin,bobby darin,Bobby Darin,0EodhzA6yW1bIdD5B4tcmJ,big band;adult standards;swing music;doo-wop,spotify,artist,1973
bobby day,bobby day,bobby day,bobby day,Bobby Day,4SLfKHcufUqU46DiTAHIsj,doo-wop,spotify,artist,1959
bobby edwards,bobby edwards,bobby edwards,bobby edwards,Bobby Edwards,3sDfAL51zky0msVDG2k6G4,classic country,spotify,artist,1962
bobby freeman,bobby freeman,bobby freeman,bobby freeman,Bobby Freeman,5oMWW19j0AXl7Sy4Xn9rmg,doo-wop;rockabilly,spotify,artist,1964
bobby fuller four,bobby fuller four,bobby fuller four,bobby fuller four,,,,none,,1966
bobby goldsboro,bobby goldsboro,bobby goldsboro,bobby goldsboro,Bobby Goldsboro,5gPEo032lzARtzuVqJIm9o,,none,artist,1973
bobby gregg and his friends,bobby gregg and his friends,bobby gregg,bobby gregg,Bobby Gregg And His Friends,1GjAVDnlr0HuLCdeb8iRKX,,none,artist,1962
bobby hamilton,bobby hamilton,bobby hamilton,bobby hamilton,Bobby Hamilton,3TYn4nNCnE3dtdMJpWUJtV,,none,artist,1958
bobby hatfield,bobby hatfield,bobby hatfield,bobby hatfield,Bobby Hatfield,0HVV86wbGf6ZBjrUUygaBP,,none,artist,1969
bobby hebb,bobby hebb,bobby hebb,bobby hebb,Bobby Hebb,2uNpV18izVIP7DNusoWbT5,northern soul;classic soul,spotify,artist,1967
bobby helms,bobby helms,bobby helms,bobby helms,Bobby Helms,38EmEgXkgK51MT2tPY0EoC,christmas;villancicos,spotify,artist,2025
bobby hendricks,bobby hendricks,bobby hendricks,bobby hendricks,Bobby Hendricks,23j9dIV7tltqbu7XAGwll9,doo-wop;rockabilly,spotify,artist,1960
bobby lewis,bobby lewis,bobby lewis,bobby lewis,Bobby Lewis,1BoVMP6QjCE5cPPWFxT9Ot,,none,artist,1962
bobby marchan,bobby marchan,bobby marchan,bobby marchan,Bobby Marchan,3hHAdG4gMD9GnqqWWST9D7,northern soul;motown,spotify,artist,1960
bobby mcclure,bobby mcclure,bobby mcclure,bobby mcclure,Bobby McClure,51XxxtoLP1n34IUdyuIn4Z,northern soul,spotify,artist,1966
bobby mcferrin,bobby mcferrin,bobby mcferrin,bobby mcferrin,Bobby McFerrin,2FjkZT851ez950cyPjeYid,,none,artist,1989
bobby moore,bobby moore,bobby moore,bobby moore,Bobby Moore,3Ia1uaPzflK6WZ218h8V41,big band;swing music;jazz,spotify,artist,1975
bobby moore & the rhythm aces,bobby moore & the rhythm aces,bobby moore,bobby moore,Bobby Moore,3Ia1uaPzflK6WZ218h8V41,big band;swing music;jazz,spotify,l2,1966
bobby moore's rhythm aces featuring chico,bobby moore's rhythm aces,bobby moore's rhythm aces,bobby moores rhythm aces,,,,none,,1966
bobby parker,bobby parker,bobby parker,bobby parker,Bobby Parker,6MhzidtPk8pe4VIMqDRH0F,northern soul,spotify,artist,1961
"bobby pedrick, jr.","bobby pedrick, jr.",bobby pedrick,bobby pedrick,Bobby Pedrick,5AMh4Q8UIpkKaUcWhENZuM,doo-wop,spotify,l2,1958
bobby peterson,bobby peterson,bobby peterson,bobby peterson,Bobby Peterson,1yLoMSlR6A25QxKKTW1nRj,,none,artist,1960
bobby peterson quintet,bobby peterson quintet,bobby peterson quintet,bobby peterson quintet,,,,none,,1959
bobby pickett,bobby pickett,bobby pickett,bobby pickett,Bobby Pickett,4HrCbYdiso1Ua8CqAwaFOp,,none,artist,1963
bobby pinson,bobby pinson,bobby pinson,bobby pinson,Bobby Pinson,25naJrFZN5yogpY4K3bV0f,,none,artist,2005
bobby powell,bobby powell,bobby powell,bobby powell,Bobby Powell,3XbQIqsGmrwU3Yt3T1z8i2,northern soul,spotify,artist,1967
bobby ross avila,bobby ross avila,bobby ross avila,bobby ross avila,Bobby Ross Avila,0pimbelO4waIDntNJh9B1A,,none,artist,1993
bobby russell,bobby russell,bobby russell,bobby russell,Bobby Russell,3OQMM7N6Cb3KZf7Ut5ggV5,,none,artist,1971
bobby rydell,bobby rydell,bobby rydell,bobby rydell,Bobby Rydell,4hJTgr1adnhIkhmD9jLzd6,doo-wop;adult standards,spotify,artist,1965
bobby rydell/chubby checker,bobby rydell,bobby rydell,bobby rydell,Bobby Rydell,4hJTgr1adnhIkhmD9jLzd6,doo-wop;adult standards,spotify,l1,1962
bobby shafto,bobby shafto,bobby shafto,bobby shafto,,,,none,,1964
bobby sherman,bobby sherman,bobby sherman,bobby sherman,Bobby Sherman,5Rsz3E1aovbqsmLQOxgK2y,bubblegum pop,spotify,artist,1972
bobby shmurda,bobby shmurda,bobby shmurda,bobby shmurda,Bobby Shmurda,34Y0ldeyUv7jBvukWOGASO,,none,artist,2015
bobby taylor & the vancouvers,bobby taylor & the vancouvers,bobby taylor,bobby taylor,Bobby Taylor & The Vancouvers,2yu275LOWOLmpD885w1MMy,motown;northern soul,spotify,artist,1969
bobby v featuring yung joc,bobby v,bobby v,bobby v,Bobby V,6Y94x50WtU3GAgalf8ohYH,,none,l1,2009
bobby valentino,bobby valentino,bobby valentino,bobby valentino,Bobby Valentino,6XqizoXz5ZNiq0gEY9fukJ,hyphy,spotify,artist,2005
bobby valentino featuring timbaland,bobby valentino,bobby valentino,bobby valentino,Bobby Valentino,6XqizoXz5ZNiq0gEY9fukJ,hyphy,spotify,l1,2007
bobby vee,bobby vee,bobby vee,bobby vee,Bobby Vee,5MX2l6ewjOaeWn1lYNhzlO,doo-wop;rock and roll,spotify,artist,1970
bobby vee and the strangers,bobby vee and the strangers,bobby vee,bobby vee,Bobby Vee,5MX2l6ewjOaeWn1lYNhzlO,doo-wop;rock and roll,spotify,l2,1968
bobby vee with the eligibles,bobby vee with the eligibles,bobby vee,bobby vee,Bobby Vee,5MX2l6ewjOaeWn1lYNhzlO,doo-wop;rock and roll,spotify,l2,1964
bobby vee and the crickets,bobby vee and the crickets,bobby vee,bobby vee,Bobby Vee,5MX2l6ewjOaeWn1lYNhzlO,doo-wop;rock and roll,spotify,l2,1962
bobby vee and the shadows,bobby vee and the shadows,bobby vee,bobby vee,Bobby Vee,5MX2l6ewjOaeWn1lYNhzlO,doo-wop;rock and roll,spotify,l2,1959
bobby vinton,bobby vinton,bobby vinton,bobby vinton,Bobby Vinton,6bOYtKnpLPQSfMpS2ilotK,doo-wop;adult standards,spotify,artist,1980
bobby womack,bobby womack,bobby womack,bobby womack,Bobby Womack,0vqkz1b2qBkoYrGMj2CUWq,soul;classic soul,spotify,artist,1975
bobby womack & patti labelle,bobby womack & patti labelle,bobby womack,bobby womack,Bobby Womack,0vqkz1b2qBkoYrGMj2CUWq,soul;classic soul,spotify,l2,1984
bobby womack & peace,bobby womack & peace,bobby womack,bobby womack,Bobby Womack,0vqkz1b2qBkoYrGMj2CUWq,soul;classic soul,spotify,l2,1973
bobby wood,bobby wood,bobby wood,bobby wood,Bobby Wood,2d0zeqtvzo3Z3brO2uxwNx,,none,artist,1964
body head bangerz featuring youngbloodz,body head bangerz,body head bangerz,body head bangerz,Body Head Bangerz,219BoX4ga1r09kvBxWylN9,,none,l1,2005
bon jovi,bon jovi,bon jovi,bon jovi,Bon Jovi,58lV9VcRSjABbAbfWS6skp,glam metal;rock,spotify,artist,2013
bone crusher featuring killer mike & t.i.,bone crusher,bone crusher,bone crusher,Bone Crusher,6cwlhbT6PnscdmUYCLUJsa,crunk;southern hip hop,spotify,l1,2003
bone thugs-n-harmony,bone thugs-n-harmony,bone thugs-n-harmony,bone thugsnharmony,Bone Thugs-N-Harmony,5spEJXLwD1sKUdC2bnOHPg,gangster rap;old school hip hop;g-funk,spotify,artist,1998
bone thugs-n-harmony featuring akon,bone thugs-n-harmony,bone thugs-n-harmony,bone thugsnharmony,Bone Thugs-N-Harmony,5spEJXLwD1sKUdC2bnOHPg,gangster rap;old school hip hop;g-funk,spotify,l1,2007
bone thugs-n-harmony featuring eazy-e,bone thugs-n-harmony,bone thugs-n-harmony,bone thugsnharmony,Bone Thugs-N-Harmony,5spEJXLwD1sKUdC2bnOHPg,gangster rap;old school hip hop;g-funk,spotify,l1,1995
bones,bones,bones,bones,BONES,5v2WhpA59TJSdPh7LCx1lN,cloud rap;emo rap;horrorcore;trap metal;underground hip hop,spotify,artist,1972
boney m.,boney m.,boney m.,boney m,Boney M.,54R6Y0I7jGUCveDTtI21nb,disco,spotify,artist,1979
bonham,bonham,bonham,bonham,Bonham,3Q6QdMFixZE9afOkGXKLXY,,none,artist,1990
bonnie & the treasures,bonnie & the treasures,bonnie,bonnie,,,,none,,1965
bonnie boyer,bonnie boyer,bonnie boyer,bonnie boyer,Bonnie Boyer,4fpsyFOX2ivFaKo0YZCgOs,,none,artist,1979
bonnie guitar,bonnie guitar,bonnie guitar,bonnie guitar,Bonnie Guitar,4d2dDZ4kx0YKLfEuSQ18H0,,none,artist,1966
bonnie mckee,bonnie mckee,bonnie mckee,bonnie mckee,Bonnie McKee,7dtJROxWQe3fxxF5t7o67N,,none,artist,2013
bonnie pointer,bonnie pointer,bonnie pointer,bonnie pointer,Bonnie Pointer,3ywBpweKQY8MosUnAuPAgc,disco,spotify,artist,1980
bonnie raitt,bonnie raitt,bonnie raitt,bonnie raitt,Bonnie Raitt,4KDyYWR7IpxZ7xrdYbKrqY,blues,spotify,artist,1995
bonnie raitt with bryan adams,bonnie raitt with bryan adams,bonnie raitt,bonnie raitt,Bonnie Raitt,4KDyYWR7IpxZ7xrdYbKrqY,blues,spotify,l2,1995
bonnie tyler,bonnie tyler,bonnie tyler,bonnie tyler,Bonnie Tyler,0SD4eZCN4Kr0wQk56hCdh2,,none,artist,1986
book of love,book of love,book of love,book of love,Book Of Love,0ow8F3xGkmZWVulTtaiFQo,new wave;synthpop,spotify,artist,1988
booker t. & the mg's,booker t. & the mg's,booker t.,booker t,Booker T.,05JZu9R5SA41WszE4WlGSP,boogie-woogie,spotify,l2,1971
boomer castleman,boomer castleman,boomer castleman,boomer castleman,Boomer Castleman,6OWJUkbVBIGIQ8kLeosqCl,,none,artist,1975
boomkat,boomkat,boomkat,boomkat,Boomkat,77lZwVn1U7L3e85XOdx7JQ,,none,artist,2003
boots brown and his blockbusters,boots brown and his blockbusters,boots brown,boots brown,Boots Brown and His Blockbusters,1eJQWRf5oJ23Qxe2P6NETk,,none,artist,1958
boots randolph,boots randolph,boots randolph,boots randolph,Boots Randolph,3c8BXo73tAg7XZiNHJugZm,,none,artist,1967
boots randolph and his combo,boots randolph and his combo,boots randolph,boots randolph,Boots Randolph,3c8BXo73tAg7XZiNHJugZm,,none,l2,1963
boots walker,boots walker,boots walker,boots walker,Boots Walker,5BDkmuAwBqLNyVyXfug4W2,go-go,spotify,artist,1967
born jamericans,born jamericans,born jamericans,born jamericans,Born Jamericans,7lj2zDdfzBz8pCzfRx9WYu,ragga;dancehall;reggae,spotify,artist,1998
boss,boss,boss,boss,BOSS,2qXlwHI0XFxS3SC8NiUjI1,,none,artist,1993
bossman dlow,bossman dlow,bossman dlow,bossman dlow,BossMan Dlow,23xFbA9rYgRX8mreqysWPc,,none,artist,2025
bossman dlow & lil baby,bossman dlow & lil baby,bossman dlow,bossman dlow,BossMan Dlow,23xFbA9rYgRX8mreqysWPc,,none,l2,2024
boston,boston,boston,boston,Boston,29kkCKKGXheHuoO829FxWK,classic rock;aor,spotify,artist,1994
boston pops orchestra / arthur fiedler,boston pops orchestra,boston pops orchestra,boston pops orchestra,Boston Pops Orchestra,7CIcEIOiWaZcEH35cpsdZq,orchestral,spotify,l1,1964
bounty killa featuring the fugees,bounty killa,bounty killa,bounty killa,BOUNTY KILLA,4r3RCPuvLcwCeRZIeHgtyp,dancehall,spotify,l1,1997
bounty killer featuring mobb deep & rappin' noyd,bounty killer,bounty killer,bounty killer,Bounty Killer,6UuT0BJZ9vF8Y1sxXnJl2s,dancehall;ragga;reggae;riddim;lovers rock,spotify,l1,1998
bourgeois tagg,bourgeois tagg,bourgeois tagg,bourgeois tagg,Bourgeois Tagg,0IekLXmUEHqD3nEFpwB3kE,,none,artist,1988
bow wow & omarion,bow wow & omarion,bow wow,bow wow,Bow Wow,7352aRY2mqSxBZwzUb6LmA,r&b,spotify,l2,2008
bow wow featuring baby,bow wow,bow wow,bow wow,Bow Wow,7352aRY2mqSxBZwzUb6LmA,r&b,spotify,l1,2003
bow wow featuring chris brown & johnta austin,bow wow,bow wow,bow wow,Bow Wow,7352aRY2mqSxBZwzUb6LmA,r&b,spotify,l1,2007
bow wow featuring ciara,bow wow,bow wow,bow wow,Bow Wow,7352aRY2mqSxBZwzUb6LmA,r&b,spotify,l1,2005
bow wow featuring j-kwon & jermaine dupri,bow wow,bow wow,bow wow,Bow Wow,7352aRY2mqSxBZwzUb6LmA,r&b,spotify,l1,2006
bow wow featuring jagged edge,bow wow,bow wow,bow wow,Bow Wow,7352aRY2mqSxBZwzUb6LmA,r&b,spotify,l1,2004
bow wow featuring johnta austin,bow wow,bow wow,bow wow,Bow Wow,7352aRY2mqSxBZwzUb6LmA,r&b,spotify,l1,2009
bow wow featuring lil wayne,bow wow,bow wow,bow wow,Bow Wow,7352aRY2mqSxBZwzUb6LmA,r&b,spotify,l1,2011
bow wow featuring omarion,bow wow,bow wow,bow wow,Bow Wow,7352aRY2mqSxBZwzUb6LmA,r&b,spotify,l1,2005
bow wow featuring soulja boy tell'em,bow wow,bow wow,bow wow,Bow Wow,7352aRY2mqSxBZwzUb6LmA,r&b,spotify,l1,2008
bow wow featuring t-pain & johnta austin,bow wow,bow wow,bow wow,Bow Wow,7352aRY2mqSxBZwzUb6LmA,r&b,spotify,l1,2007
bow wow wow,bow wow wow,bow wow wow,bow wow wow,Bow Wow Wow,52K4ArhA4OgMO7AsyEgqCT,new wave,spotify,artist,1983
bowling for soup,bowling for soup,bowling for soup,bowling for soup,Bowling For Soup,5ND0mGcL9SKSjWIjPd0xIb,pop punk;punk,spotify,artist,2006
boy george,boy george,boy george,boy george,Boy George,2BWfZGPtsjRlRp7JTDqI45,,none,artist,1993
boy krazy,boy krazy,boy krazy,boy krazy,Boy Krazy,58159d1MKZgkeXFPlB7nWz,,none,artist,1993
boy meets girl,boy meets girl,boy meets girl,boy meets girl,Boy Meets Girl,02Xpf8IlAGeelWAQZP33kQ,,none,artist,1989
boywithuke x blackbear,boywithuke x blackbear,boywithuke,boywithuke,BoyWithUke,1Cd373x8qzC7SNUg5IToqp,,none,l2,2022
boyd bennett,boyd bennett,boyd bennett,boyd bennett,Boyd Bennett,4x8od4B9JWmzzldcfCPYkm,rockabilly;boogie-woogie;doo-wop,spotify,artist,1959
boys club,boys club,boys club,boys club,Boys Club,5n6XHj55mNKV6IZtRIuJPx,ambient,spotify,artist,1989
boys don't cry,boys don't cry,boys don't cry,boys dont cry,,,,none,,1986
boys like girls,boys like girls,boys like girls,boys like girls,BOYS LIKE GIRLS,0vWCyXMrrvMlCcepuOJaGI,pop punk;emo,spotify,artist,2009
boys like girls featuring taylor swift,boys like girls,boys like girls,boys like girls,BOYS LIKE GIRLS,0vWCyXMrrvMlCcepuOJaGI,pop punk;emo,spotify,l1,2010
boyz ii men,boyz ii men,boyz ii men,boyz ii men,Boyz II Men,6O74knDqdv3XaWtkII7Xjp,new jack swing;r&b;quiet storm,spotify,artist,2001
boyz n da hood,boyz n da hood,boyz n da hood,boyz n da hood,Boyz N Da Hood,030sRm1rnXI9MeQ23pdax8,southern hip hop;crunk,spotify,artist,2005
boz scaggs,boz scaggs,boz scaggs,boz scaggs,Boz Scaggs,46njgd2Rq9tZc4ZjeQMgbh,yacht rock;aor,spotify,artist,1988
brad paisley,brad paisley,brad paisley,brad paisley,Brad Paisley,13YmWQJFwgZrd4bf5IjMY4,country,spotify,artist,2017
brad paisley duet with carrie underwood,brad paisley duet with carrie underwood,brad paisley,brad paisley,Brad Paisley,13YmWQJFwgZrd4bf5IjMY4,country,spotify,l2,2011
brad paisley duet with keith urban,brad paisley duet with keith urban,brad paisley,brad paisley,Brad Paisley,13YmWQJFwgZrd4bf5IjMY4,country,spotify,l2,2009
brad paisley featuring alabama,brad paisley,brad paisley,brad paisley,Brad Paisley,13YmWQJFwgZrd4bf5IjMY4,country,spotify,l1,2011
brad paisley featuring alison krauss,brad paisley,brad paisley,brad paisley,Brad Paisley,13YmWQJFwgZrd4bf5IjMY4,country,spotify,l1,2004
brad paisley featuring dolly parton,brad paisley,brad paisley,brad paisley,Brad Paisley,13YmWQJFwgZrd4bf5IjMY4,country,spotify,l1,2006
brad paisley featuring ll cool j,brad paisley,brad paisley,brad paisley,Brad Paisley,13YmWQJFwgZrd4bf5IjMY4,country,spotify,l1,2013
bradley cooper,bradley cooper,bradley cooper,bradley cooper,Bradley Cooper,4VIvfOurcf0vuLRxLkGnIG,,none,artist,2018
brady seals,brady seals,brady seals,brady seals,Brady Seals,6NwMxLC5GokxVDV7pHSHRG,traditional country,spotify,artist,1997
brainstorm,brainstorm,brainstorm,brainstorm,Brainstorm,6LfTEKVPRtqThLlBBKm4lh,,none,artist,1977
bram tchaikovsky,bram tchaikovsky,bram tchaikovsky,bram tchaikovsky,Bram Tchaikovsky,0typb8qieEFeIgmQ4K03qZ,power pop;jangle pop,spotify,artist,1979
brand nubian,brand nubian,brand nubian,brand nubian,Brand Nubian,3YyZFf9ZN2YbkqeZia8zHX,east coast hip hop;old school hip hop,spotify,artist,1998
brandi carlile,brandi carlile,brandi carlile,brandi carlile,Brandi Carlile,2sG4zTOLvjKG1PSoOyf5Ej,folk;americana,spotify,artist,2007
brandon,brandon,brandon,brandon,BRANDON,7HHxWuXHsKdcTbWDqqYbsY,bass house;g-house;tech house,spotify,artist,1991
brandon lake x jelly roll,brandon lake x jelly roll,brandon lake,brandon lake,Brandon Lake,1bdnGJxkbIIys5Jhk1T74v,worship;christian;ccm,spotify,l2,2025
brandy,brandy,brandy,brandy,Brandy,05oH07COxkXKIMt6mIPRee,r&b,spotify,artist,2009
brandy & monica,brandy & monica,brandy,brandy,Brandy,05oH07COxkXKIMt6mIPRee,r&b,spotify,l2,1998
brandy featuring chris brown,brandy,brandy,brandy,Brandy,05oH07COxkXKIMt6mIPRee,r&b,spotify,l1,2012
brandy featuring kanye west,brandy,brandy,brandy,Brandy,05oH07COxkXKIMt6mIPRee,r&b,spotify,l1,2004
"brandy, tamia, gladys knight & chaka khan","brandy, tamia, gladys knight & chaka khan",brandy,brandy,Brandy,05oH07COxkXKIMt6mIPRee,r&b,spotify,l2,1997
brantley gilbert,brantley gilbert,brantley gilbert,brantley gilbert,Brantley Gilbert,5q8HGNo0BjLWaTAhRtbwxa,country;country rock;country hip hop;acoustic country,spotify,artist,2020
brantley gilbert + lindsay ell,brantley gilbert + lindsay ell,brantley gilbert,brantley gilbert,Brantley Gilbert,5q8HGNo0BjLWaTAhRtbwxa,country;country rock;country hip hop;acoustic country,spotify,l2,2019
brantley gilbert featuring justin moore & thomas rhett,brantley gilbert,brantley gilbert,brantley gilbert,Brantley Gilbert,5q8HGNo0BjLWaTAhRtbwxa,country;country rock;country hip hop;acoustic country,spotify,l1,2014
brass construction,brass construction,brass construction,brass construction,Brass Construction,2TLrSkdOlCinaAhYoPxjB6,,none,artist,1977
bread,bread,bread,bread,Bread,70ZTdbPEcEugBNay4MvxfL,soft rock;yacht rock,spotify,artist,1977
breaking benjamin,breaking benjamin,breaking benjamin,breaking benjamin,Breaking Benjamin,5BtHciL0e0zOP7prIHn3pP,alternative metal;post-grunge;rock;hard rock,spotify,artist,2015
breathe,breathe,breathe,breathe,Breathe,1MNeXu0284O7mQWgF1YRc0,,none,artist,1990
breathe carolina,breathe carolina,breathe carolina,breathe carolina,Breathe Carolina,53M4Iv2RkzzxFFvW2B1jhC,,none,artist,2012
breathe featuring david glasper,breathe,breathe,breathe,Breathe,1MNeXu0284O7mQWgF1YRc0,,none,l1,1991
breathless,breathless,breathless,breathless,BREATHLESS,5Eyinhap3JP2o7UqHW8Lo6,,none,artist,1980
brenda & the tabulations,brenda & the tabulations,brenda,brenda,Brenda,2N7wwvscWyr5WhyRBxFSR0,,none,l2,1971
brenda holloway,brenda holloway,brenda holloway,brenda holloway,Brenda Holloway,3nXMZsj1H0F7h9SDUeYNjg,motown;northern soul;classic soul,spotify,artist,1967
brenda k. starr,brenda k. starr,brenda k. starr,brenda k starr,Brenda K. Starr,5Ne8hQEmy0eZu9hlE3j58B,freestyle;salsa,spotify,artist,1988
brenda lee,brenda lee,brenda lee,brenda lee,Brenda Lee,4cPHsZM98sKzmV26wlwD2W,christmas,spotify,artist,2025
brenda russell,brenda russell,brenda russell,brenda russell,Brenda Russell,2O8VlquQPITO4tT3SWs95W,yacht rock;smooth jazz,spotify,artist,1979
brenda russell featuring joe esposito,brenda russell,brenda russell,brenda russell,Brenda Russell,2O8VlquQPITO4tT3SWs95W,yacht rock;smooth jazz,spotify,l1,1988
brent bourgeois,brent bourgeois,brent bourgeois,brent bourgeois,Brent Bourgeois,11OdZFXS8Ia7WyaMZqESkd,ccm,spotify,artist,1990
brent faiyaz,brent faiyaz,brent faiyaz,brent faiyaz,Brent Faiyaz,3tlXnStJ1fFhdScmQeLpuG,r&b,spotify,artist,2022
"brent faiyaz & dj dahi featuring tyler, the creator",brent faiyaz & dj dahi,brent faiyaz,brent faiyaz,Brent Faiyaz,3tlXnStJ1fFhdScmQeLpuG,r&b,spotify,l2,2022
brent faiyaz featuring alicia keys,brent faiyaz,brent faiyaz,brent faiyaz,Brent Faiyaz,3tlXnStJ1fFhdScmQeLpuG,r&b,spotify,l1,2022
brent faiyaz featuring drake,brent faiyaz,brent faiyaz,brent faiyaz,Brent Faiyaz,3tlXnStJ1fFhdScmQeLpuG,r&b,spotify,l1,2022
brent faiyaz featuring joony,brent faiyaz,brent faiyaz,brent faiyaz,Brent Faiyaz,3tlXnStJ1fFhdScmQeLpuG,r&b,spotify,l1,2022
brenton wood,brenton wood,brenton wood,brenton wood,Brenton Wood,6ohvzFHYmLd05kyYhLui5K,,none,artist,1968
brett eldredge,brett eldredge,brett eldredge,brett eldredge,Brett Eldredge,0qSX3s5pJnAlSsgsCne8Cz,country;christmas,spotify,artist,2019
brett young,brett young,brett young,brett young,Brett Young,0fiWOxhsBsQQvFDtxUQWo0,country,spotify,artist,2023
brewer and shipley,brewer and shipley,brewer,brewer,Brewer,1WNwNKCMaAZKRhB1PAquF2,,none,l2,1972
brian auger & the trinity,brian auger & the trinity,brian auger,brian auger,Brian Auger & The Trinity,64mmVwEeYtiiheLlRhTMuU,acid rock,spotify,artist,1970
brian hyland,brian hyland,brian hyland,brian hyland,Brian Hyland,6YROFUbu5zRCHi2xkir5pk,,none,artist,1971
brian mccomas,brian mccomas,brian mccomas,brian mccomas,Brian McComas,57oPg5vpE4vyip60by74tq,,none,artist,2003
brian mcknight,brian mcknight,brian mcknight,brian mcknight,Brian McKnight,6k0IBR0lU42s2GYpNX7kA9,quiet storm;r&b,spotify,artist,2002
brian mcknight featuring jermaine dupri,brian mcknight,brian mcknight,brian mcknight,Brian McKnight,6k0IBR0lU42s2GYpNX7kA9,quiet storm;r&b,spotify,l1,2002
brian mcknight featuring mase,brian mcknight,brian mcknight,brian mcknight,Brian McKnight,6k0IBR0lU42s2GYpNX7kA9,quiet storm;r&b,spotify,l1,1998
brian mcknight featuring tone & kobe bryant,brian mcknight,brian mcknight,brian mcknight,Brian McKnight,6k0IBR0lU42s2GYpNX7kA9,quiet storm;r&b,spotify,l1,1999
brian poole and the tremeloes,brian poole and the tremeloes,brian poole,brian poole,Brian Poole,3Ckyq2OSMjyWtEzGAe4tC2,,none,l2,1964
brian protheroe,brian protheroe,brian protheroe,brian protheroe,Brian Protheroe,1OtWnahLz9y3TjLuqS4gYp,,none,artist,1975
brian wilson,brian wilson,brian wilson,brian wilson,Brian Wilson,4Q82S0VzF8qlCb4PnSDurj,baroque pop,spotify,artist,1966
brick,brick,brick,brick,Brick,4Uv0Jg45Oq7vBXXwQNhXyf,funk,spotify,artist,1978
bridgit mendler,bridgit mendler,bridgit mendler,bridgit mendler,Bridgit Mendler,4VhL8KLjVso4vLfOLVViTb,,none,artist,2013
"bridgit mendler, adam hicks, naomi scott & hayley kiyoko","bridgit mendler, adam hicks, naomi scott & hayley kiyoko",bridgit mendler,bridgit mendler,Bridgit Mendler,4VhL8KLjVso4vLfOLVViTb,,none,l2,2011
brighter side of darkness,brighter side of darkness,brighter side of darkness,brighter side of darkness,Brighter Side of Darkness,1DXoVRoj1Ay3KmhXoX0M5k,classic soul;quiet storm,spotify,artist,1973
british lions,british lions,british lions,british lions,British Lions,79EQ2MmIK2wQakeotwFuNF,glam rock;power pop,spotify,artist,1978
britney spears,britney spears,britney spears,britney spears,Britney Spears,26dSoYclwsYLMAKD3tpOr4,pop,spotify,artist,2014
britney spears & iggy azalea,britney spears & iggy azalea,britney spears,britney spears,Britney Spears,26dSoYclwsYLMAKD3tpOr4,pop,spotify,l2,2015
britney spears featuring g-eazy,britney spears,britney spears,britney spears,Britney Spears,26dSoYclwsYLMAKD3tpOr4,pop,spotify,l1,2016
britney spears featuring madonna,britney spears,britney spears,britney spears,Britney Spears,26dSoYclwsYLMAKD3tpOr4,pop,spotify,l1,2004
britney spears featuring nicki minaj & ke$ha,britney spears,britney spears,britney spears,Britney Spears,26dSoYclwsYLMAKD3tpOr4,pop,spotify,l1,2011
britney spears featuring tinashe,britney spears,britney spears,britney spears,Britney Spears,26dSoYclwsYLMAKD3tpOr4,pop,spotify,l1,2016
britny fox,britny fox,britny fox,britny fox,Britny Fox,4FffNBBwp4PayIiCBeJFPQ,glam metal;glam rock;hard rock,spotify,artist,1988
britt nicole,britt nicole,britt nicole,britt nicole,Britt Nicole,6BXionV4R0BunrFpSwIMUK,christian pop;christian;cedm;ccm;christian alternative rock,spotify,artist,2013
bro smith,bro smith,bro smith,bro smith,,,,none,,1976
broadway,broadway,broadway,broadway,Broadway,2MHDadaguMvdlKiOFMP4B5,post-hardcore;screamo;metalcore,spotify,artist,1976
broadway for orlando,broadway for orlando,broadway for orlando,broadway for orlando,Broadway for Orlando,6For8X8tvxvDol46ZOQrtr,,none,artist,2016
bronski beat,bronski beat,bronski beat,bronski beat,Bronski Beat,2wpWOzQE5TpA0dVnh5YD08,synthpop;hi-nrg,spotify,artist,1985
brook benton,brook benton,brook benton,brook benton,Brook Benton,2ttm3uT0N1RN7vwKv1pQgh,classic soul,spotify,artist,1970
brook benton with the dixie flyers,brook benton with the dixie flyers,brook benton,brook benton,Brook Benton,2ttm3uT0N1RN7vwKv1pQgh,classic soul,spotify,l2,1971
brooke hogan featuring paul wall,brooke hogan,brooke hogan,brooke hogan,Brooke Hogan,2B4ZTS4hFT3IrUFVPHjEmL,,none,l1,2006
brooke valentine featuring lil jon & big boi,brooke valentine,brooke valentine,brooke valentine,Brooke Valentine,0yqDXjskTQI1nj9bH6W9Ze,,none,l1,2005
brooke white,brooke white,brooke white,brooke white,Brooke White,7npXJKMwgclJv6JEbJB6da,,none,artist,2009
brooklyn bounce,brooklyn bounce,brooklyn bounce,brooklyn bounce,Brooklyn Bounce,6vdgAccr11YvDg9pEj6gOZ,eurodance;hardstyle;happy hardcore,spotify,artist,1998
brooklyn bridge,brooklyn bridge,brooklyn bridge,brooklyn bridge,Brooklyn Bridge,56ddI2AjByeSuOtUyWeGUc,doo-wop,spotify,artist,1970
brooklyn dreams,brooklyn dreams,brooklyn dreams,brooklyn dreams,Brooklyn Dreams,2Uh4UmiQhrrElbrvJVH0dT,aor;yacht rock,spotify,artist,1979
brooks & dunn,brooks & dunn,brooks,brooks,Brooks & Dunn,0XKOBt59crntr7HQXXO8Yz,country;classic country;acoustic country;honky tonk,spotify,artist,2008
brooks & dunn featuring billy gibbons,brooks & dunn,brooks,brooks,Brooks & Dunn,0XKOBt59crntr7HQXXO8Yz,country;classic country;acoustic country;honky tonk,spotify,l1,2009
brooks & dunn featuring reba mcentire,brooks & dunn,brooks,brooks,Brooks & Dunn,0XKOBt59crntr7HQXXO8Yz,country;classic country;acoustic country;honky tonk,spotify,l1,2009
brooks & dunn with morgan wallen,brooks & dunn with morgan wallen,brooks,brooks,Brooks,4mHAu7NX2UNsnGXjviBD9e,future house;edm,spotify,l2,2024
brooks & dunn with sheryl crow & vince gill,brooks & dunn with sheryl crow & vince gill,brooks,brooks,Brooks,4mHAu7NX2UNsnGXjviBD9e,future house;edm,spotify,l2,2006
brooks o'dell,brooks o'dell,brooks o'dell,brooks odell,,,,none,,1964
bros,bros,bros,bros,BROS,4b2FejUQCLbLbalnwPyLQc,,none,artist,1988
brother beyond,brother beyond,brother beyond,brother beyond,Brother Beyond,6To7KuC86pBGCtkRUiq80O,,none,artist,1990
brother jack mcduff,brother jack mcduff,brother jack mcduff,brother jack mcduff,Brother Jack McDuff,292xHfsrtvMlExmRCH8cmj,soul jazz;jazz funk;hard bop,spotify,artist,1970
brother to brother,brother to brother,brother to brother,brother to brother,Brother To Brother,66bqiXp27X5mwrOAS3jo2c,,none,artist,1974
brotherhood creed,brotherhood creed,brotherhood creed,brotherhood creed,Brotherhood Creed,0ecFXNzuv3uaX2pOX7GUT3,new jack swing,spotify,artist,1992
brotherhood of man,brotherhood of man,brotherhood of man,brotherhood of man,Brotherhood of Man,4Cyr5aqgXza16isOrQNOvo,,none,artist,1976
brothers osborne,brothers osborne,brothers osborne,brothers osborne,Brothers Osborne,39NR3AUhpbbqKM33vWn2fp,country;country rock,spotify,artist,2017
brown boy,brown boy,brown boy,brown boy,Brown Boy,0Ug6OsFk2B0mLvXrpmpRs6,mexican hip hop;latin hip hop,spotify,artist,2006
brown sugar,brown sugar,brown sugar,brown sugar,Brown Sugar,7qnGFeVoYgVhObUrjsLyRo,,none,artist,1976
brownstone,brownstone,brownstone,brownstone,Brownstone,6dQgkiJm1fRkcqKOvPzysr,new jack swing,spotify,artist,1997
brownsville station,brownsville station,brownsville station,brownsville station,Brownsville Station,67SxctqWYOGe8lthWjTDwu,,none,artist,1977
bruce & terry,bruce & terry,bruce,bruce,Bruce & Terry,587ktvH0lJ7YdX6hgP1RNm,surf rock;baroque pop,spotify,artist,1964
bruce channel,bruce channel,bruce channel,bruce channel,Bruce Channel,5Do19ow5oRPYYU46jqdkwh,,none,artist,1967
bruce cockburn,bruce cockburn,bruce cockburn,bruce cockburn,Bruce Cockburn,4sh4MHP7lhrSUakxwZzwqz,singer-songwriter,spotify,artist,1985
bruce foster,bruce foster,bruce foster,bruce foster,Bruce Foster,1SPrBSnrPDQZXAo4J59Hg8,,none,artist,1977
bruce hornsby,bruce hornsby,bruce hornsby,bruce hornsby,Bruce Hornsby,2iM28IgKg89v1o7BTQAVPo,bluegrass,spotify,artist,1995
bruce hornsby & the range,bruce hornsby & the range,bruce hornsby,bruce hornsby,Bruce Hornsby,2iM28IgKg89v1o7BTQAVPo,bluegrass,spotify,l2,1990
bruce hornsby & the range with shawn colvin,bruce hornsby & the range with shawn colvin,bruce hornsby,bruce hornsby,Bruce Hornsby,2iM28IgKg89v1o7BTQAVPo,bluegrass,spotify,l2,1990
bruce springsteen,bruce springsteen,bruce springsteen,bruce springsteen,Bruce Springsteen,3eqjTLE0HfPfh78zjh6TqT,,none,artist,2009
bruce willis,bruce willis,bruce willis,bruce willis,Bruce Willis,6UpHyjBIGRSHpna0GQ68bH,,none,artist,1987
bruno mars,bruno mars,bruno mars,bruno mars,Bruno Mars,0du5cEVh5yTK9QJze8zA0C,,none,artist,2018
bruno mars & cardi b,bruno mars & cardi b,bruno mars,bruno mars,Bruno Mars,0du5cEVh5yTK9QJze8zA0C,,none,l2,2018
bryan adams,bryan adams,bryan adams,bryan adams,Bryan Adams,3Z02hBLubJxuFJfhacLSDc,,none,artist,1997
bryan adams/rod stewart/sting,bryan adams,bryan adams,bryan adams,Bryan Adams,3Z02hBLubJxuFJfhacLSDc,,none,l1,1994
bryan adams/tina turner,bryan adams,bryan adams,bryan adams,Bryan Adams,3Z02hBLubJxuFJfhacLSDc,,none,l1,1986
bryan ferry,bryan ferry,bryan ferry,bryan ferry,Bryan Ferry,5RNFFojXkPRmlJZIwXeKQC,glam rock,spotify,artist,1988
bryan martin,bryan martin,bryan martin,bryan martin,Bryan Martin,0ChjBYedhZTQnWZWQYg15U,country;country rock,spotify,artist,2024
bryce vine,bryce vine,bryce vine,bryce vine,Bryce Vine,1ShZZUjkbXCjhwrb18BA8I,,none,artist,2018
bryce vine featuring yg,bryce vine,bryce vine,bryce vine,Bryce Vine,1ShZZUjkbXCjhwrb18BA8I,,none,l1,2019
bryson gray featuring tyson james & chandler crump,bryson gray,bryson gray,bryson gray,Bryson Gray,66pGC6EHiiLr7Ce6twM5bk,christian hip hop,spotify,l1,2021
bryson tiller,bryson tiller,bryson tiller,bryson tiller,Bryson Tiller,2EMAnMvWE2eb56ToJVfCWs,trap soul;r&b,spotify,artist,2024
bryson tiller featuring drake,bryson tiller,bryson tiller,bryson tiller,Bryson Tiller,2EMAnMvWE2eb56ToJVfCWs,trap soul;r&b,spotify,l1,2020
bubba sparxxx,bubba sparxxx,bubba sparxxx,bubba sparxxx,Bubba Sparxxx,3RPYHNSwe3w0mtfJwKIN9P,country hip hop;southern hip hop,spotify,artist,2002
bubba sparxxx featuring ying yang twins & mr. collipark,bubba sparxxx,bubba sparxxx,bubba sparxxx,Bubba Sparxxx,3RPYHNSwe3w0mtfJwKIN9P,country hip hop;southern hip hop,spotify,l1,2006
buchanan brothers,buchanan brothers,buchanan brothers,buchanan brothers,Buchanan Brothers,2zLkcj2ouaDYpb2mmqim6f,,none,artist,1969
buck 22 featuring billy ray cyrus,buck 22,buck 22,buck 22,Buck 22,1YZYTuWC4qLEEGnZa74nHL,,none,l1,2014
buck owens,buck owens,buck owens,buck owens,Buck Owens,2FMZn5P3WATd7Il6FgPJNu,classic country;honky tonk;traditional country;outlaw country;country,spotify,artist,1966
buck owens and the buckaroos,buck owens and the buckaroos,buck owens,buck owens,Buck Owens,2FMZn5P3WATd7Il6FgPJNu,classic country;honky tonk;traditional country;outlaw country;country,spotify,l2,1969
buckcherry,buckcherry,buckcherry,buckcherry,Buckcherry,0yN7xI1blow9nYIK0R8nM7,,none,artist,2008
buckeye,buckeye,buckeye,buckeye,buckeye,2xvrOAiXmVJS7OJlKzqMaK,,none,artist,1979
buckner & garcia,buckner & garcia,buckner,buckner,Buckner & Garcia,58L8IDJCyzmudpN4C1MrVH,,none,artist,1982
buckwheat,buckwheat,buckwheat,buckwheat,BUCKWHEAT,2ZoXqNXgM24PpKU2GG0QBF,,none,artist,1972
bucky covington,bucky covington,bucky covington,bucky covington,Bucky Covington,5sVu3ObJTpiln7yRQkMuje,acoustic country;country,spotify,artist,2008
bud & travis,bud & travis,bud,bud,,,,none,,1960
bud shank,bud shank,bud shank,bud shank,Bud Shank,4LYPkrrogSHQTbxlq4MZeP,cool jazz,spotify,artist,1966
buddy greco,buddy greco,buddy greco,buddy greco,Buddy Greco,0tncOz6MVpy67IphfE6VHZ,adult standards,spotify,artist,1962
buddy holly,buddy holly,buddy holly,buddy holly,Buddy Holly,3wYyutjgII8LJVVOLrGI0D,rockabilly;rock and roll;doo-wop,spotify,artist,1959
buddy jewell,buddy jewell,buddy jewell,buddy jewell,Buddy Jewell,43c94u7flZbHSdDaUuohqS,christian country;country;classic country,spotify,artist,2004
buddy knox,buddy knox,buddy knox,buddy knox,Buddy Knox,7KA67o1NnHwlBjZrJGPnn4,,none,artist,1961
buddy knox with the rhythm orchids,buddy knox with the rhythm orchids,buddy knox,buddy knox,Buddy Knox,7KA67o1NnHwlBjZrJGPnn4,,none,l2,1958
buddy miles,buddy miles,buddy miles,buddy miles,Buddy Miles,2E9nO9Zav9FjjlFVVtMWdw,funk rock,spotify,artist,1975
buddy miles & the freedom express,buddy miles & the freedom express,buddy miles,buddy miles,Buddy Miles,2E9nO9Zav9FjjlFVVtMWdw,funk rock,spotify,l2,1971
buddy miles express,buddy miles express,buddy miles express,buddy miles express,Buddy Miles Express,26qBczggdfGcg03T1STnzf,funk rock,spotify,artist,1969
buddy starcher,buddy starcher,buddy starcher,buddy starcher,Buddy Starcher,4n2kb5iYdGkbWDRrObBbjZ,spoken word,spotify,artist,1966
buffalo springfield,buffalo springfield,buffalo springfield,buffalo springfield,Buffalo Springfield,3eskO5m0H4yiF64vRySBjr,folk rock;country rock,spotify,artist,1968
buffy,buffy,buffy,buffy,Buffy,5XdqZuCT3I1PUbB8kvGW5M,funk melody;freestyle;miami bass;latin hip hop,spotify,artist,1996
buffy sainte-marie,buffy sainte-marie,buffy sainte-marie,buffy saintemarie,Buffy Sainte-Marie,5exO2eW84QucBhrRhcK76x,native american music;folk rock;folk,spotify,artist,1972
bull & the matadors,bull & the matadors,bull,bull,,,,none,,1968
bull moose jackson,bull moose jackson,bull moose jackson,bull moose jackson,Bull Moose Jackson,7LvQ7F9il2LSzH7iwR4N2p,swing music;boogie-woogie;roots rock;northern soul,spotify,artist,1961
bulldog,bulldog,bulldog,bulldog,Bulldog,0bI566gNqVLuVAra7TXQp9,punk;argentine rock,spotify,artist,1973
bullet,bullet,bullet,bullet,Bullet,6e8DrBevl7KCm0Kfse6fvB,heavy metal;speed metal;hard rock,spotify,artist,1972
bulletboys,bulletboys,bulletboys,bulletboys,Bulletboys,4E35ibCNOAXiBdd4OMnlrk,glam metal;glam rock;hard rock,spotify,artist,1989
bumble bee unlimited,bumble bee unlimited,bumble bee unlimited,bumble bee unlimited,,,,none,,1977
bunker hill,bunker hill,bunker hill,bunker hill,Bunker Hill,3nIGepMX8QBQDhmX14yOka,proto-punk;rockabilly;garage rock,spotify,artist,1962
bunny sigler,bunny sigler,bunny sigler,bunny sigler,Bunny Sigler,4wyNEslyuNURfltXmivNeg,philly soul;northern soul,spotify,artist,1978
burl ives,burl ives,burl ives,burl ives,Burl Ives,0MHgLfmQdutffmvWe5XBTN,christmas,spotify,artist,2025
burna boy,burna boy,burna boy,burna boy,Burna Boy,3wcj11K77LjEY1PkEazffa,afrobeats;afrobeat;afropop;afroswing;dancehall,spotify,artist,2023
burna boy & byron messia,burna boy & byron messia,burna boy,burna boy,Burna Boy,3wcj11K77LjEY1PkEazffa,afrobeats;afrobeat;afropop;afroswing;dancehall,spotify,l2,2023
burt bacharach,burt bacharach,burt bacharach,burt bacharach,Burt Bacharach,35y7CZMg7jbG8Q96JY7dyC,adult standards;easy listening;baroque pop,spotify,artist,1969
burt reynolds,burt reynolds,burt reynolds,burt reynolds,Burt Reynolds,2D5bxrK8NJKmSymP9jfXx8,,none,artist,1980
burton cummings,burton cummings,burton cummings,burton cummings,Burton Cummings,5ziVRv2caoBDNG2fythJ2n,,none,artist,1981
bus boys,bus boys,bus boys,bus boys,,,,none,,1984
bush,bush,bush,bush,Bush,78SHxLdtysAXgywQ4vE0Oa,grunge;post-grunge,spotify,artist,2000
busta rhymes,busta rhymes,busta rhymes,busta rhymes,Busta Rhymes,1YfEcTuGvBQ8xSD1f53UnK,east coast hip hop,spotify,artist,2006
busta rhymes & mariah carey featuring the flipmode squad,busta rhymes & mariah carey,busta rhymes,busta rhymes,Busta Rhymes,1YfEcTuGvBQ8xSD1f53UnK,east coast hip hop,spotify,l2,2003
busta rhymes featuring eminem,busta rhymes,busta rhymes,busta rhymes,Busta Rhymes,1YfEcTuGvBQ8xSD1f53UnK,east coast hip hop,spotify,l1,2014
busta rhymes featuring janet,busta rhymes,busta rhymes,busta rhymes,Busta Rhymes,1YfEcTuGvBQ8xSD1f53UnK,east coast hip hop,spotify,l1,1999
busta rhymes featuring linkin park,busta rhymes,busta rhymes,busta rhymes,Busta Rhymes,1YfEcTuGvBQ8xSD1f53UnK,east coast hip hop,spotify,l1,2008
busta rhymes featuring p. diddy & pharrell,busta rhymes,busta rhymes,busta rhymes,Busta Rhymes,1YfEcTuGvBQ8xSD1f53UnK,east coast hip hop,spotify,l1,2002
busta rhymes featuring ron browz,busta rhymes,busta rhymes,busta rhymes,Busta Rhymes,1YfEcTuGvBQ8xSD1f53UnK,east coast hip hop,spotify,l1,2009
busta rhymes featuring spliff star,busta rhymes,busta rhymes,busta rhymes,Busta Rhymes,1YfEcTuGvBQ8xSD1f53UnK,east coast hip hop,spotify,l1,2003
busta rhymes featuring zhane,busta rhymes,busta rhymes,busta rhymes,Busta Rhymes,1YfEcTuGvBQ8xSD1f53UnK,east coast hip hop,spotify,l1,1996
busta rhymes featuring will.i.am & kelis,busta rhymes,busta rhymes,busta rhymes,Busta Rhymes,1YfEcTuGvBQ8xSD1f53UnK,east coast hip hop,spotify,l1,2006
buster brown,buster brown,buster brown,buster brown,Buster Brown,0VbbUuoemrlu5KoUW0p9fT,,none,artist,1962
buster poindexter & his banshees of blue,buster poindexter & his banshees of blue,buster poindexter,buster poindexter,Buster Poindexter,5He6VbFkpZk9D73A22xwDo,,none,l2,1988
buzz clifford,buzz clifford,buzz clifford,buzz clifford,Buzz Clifford,4ktCOHXwrnjPRGmAuX98yE,doo-wop,spotify,artist,1961
byron macgregor,byron macgregor,byron macgregor,byron macgregor,,,,none,,1974
c company featuring terry nelson,c company,c company,c company,,,,none,,1971
c+c music factory,c+c music factory,c,c,,,,none,,1994
c+c music factory presents zelma davis,c+c music factory presents zelma davis,c,c,,,,none,,1992
c+c music factory/f. williams,c+c music factory,c,c,,,,none,,1991
c-side featuring keyshia cole,c-side,c-side,cside,C-Side,53thXvKRvNjrjmcusbdDSu,,none,l1,2008
c.c. & company,c.c. & company,c.c.,cc,,,,none,,1976
c.c.s.,c.c.s.,c.c.s.,ccs,Ccs,6rJSzNpcVf61lV4WpL5FIn,,none,l3,1971
c.j. & company,c.j. & company,c.j.,cj,CJ,7arQA31aZVS8yS6zUveWzb,dembow,spotify,l3,1977
c.w. mccall,c.w. mccall,c.w. mccall,cw mccall,C.W. McCall,0iTkPxRldzi5lmS6qZ70JV,classic country,spotify,artist,1976
chrystal,chrystal,chrystal,chrystal,Chrystal,4v3tMiS5ofL29ViJCU0RxO,,none,artist,2025
cj,cj,cj,cj,CJ,7arQA31aZVS8yS6zUveWzb,dembow,spotify,artist,2021
ckay,ckay,ckay,ckay,CKay,048LktY5zMnakWq7PTtFrz,afrobeats;afrobeat;afro r&b;afropop,spotify,artist,2022
cl,cl,cl,cl,,,,none,,2016
crow,crow,crow,crow,,,,none,,1970
cru featuring slick rick,cru,cru,cru,Cru,5ABjqwkg5LEPICnTeoeXKf,,none,l1,1997
css,css,css,css,CSS,2K13AVg3bFpHSxDM1vJ0qA,electroclash;new rave;alternative dance,spotify,artist,2007
ca$h out,ca$h out,ca$h out,cash out,Ca$h Out,7Kp7SzuRuNiPFCy7JIwnLx,,none,artist,2014
cab calloway,cab calloway,cab calloway,cab calloway,Cab Calloway,03cwCzIWQ8BRmXjGPDAL04,swing music;big band;jazz blues;ragtime,spotify,artist,1966
caesars,caesars,caesars,caesars,Caesars,4rGrN4XDYhP6dUAZMvcuHr,,none,artist,2005
cage the elephant,cage the elephant,cage the elephant,cage the elephant,Cage The Elephant,26T3LtbuGT1Fu9m0eRq5X3,,none,artist,2011
cake,cake,cake,cake,CAKE,6A43Djmhbe9100UwnI7epV,alternative rock,spotify,artist,1999
cal smith,cal smith,cal smith,cal smith,Cal Smith,3yFnqoyp1e54tZEY4ykvNB,classic country;traditional country;honky tonk,spotify,artist,1973
cal tjader,cal tjader,cal tjader,cal tjader,Cal Tjader,3XOVABzceOUTbR3iEz0ImO,latin jazz;exotica;cool jazz;jazz;brazilian jazz,spotify,artist,1965
calboy,calboy,calboy,calboy,Calboy,0HkcYmcjrBR3SCw9Ld5VZk,melodic rap,spotify,artist,2019
cali swag district,cali swag district,cali swag district,cali swag district,Cali Swag District,1EeArivTpzLNCqubV95255,,none,artist,2010
calle 24 x chino pacas x fuerza regida,calle 24 x chino pacas x fuerza regida,calle 24,calle 24,Calle 24,6dLuQ5qXxIuWc5urxfIiZR,corrido;corridos tumbados;corridos bélicos;electro corridos;sad sierreño,spotify,l2,2024
calloway,calloway,calloway,calloway,Calloway,3MKSm2U72NzNdxRjMhzyHh,new jack swing,spotify,artist,1990
calum scott,calum scott,calum scott,calum scott,Calum Scott,6ydoSd3N2mwgwBHtF6K7eX,soft pop,spotify,artist,2017
calvin arnold,calvin arnold,calvin arnold,calvin arnold,Calvin Arnold,5H598bRpp3AaggbyjmpcyI,northern soul,spotify,artist,1968
calvin harris,calvin harris,calvin harris,calvin harris,Calvin Harris,7CajNmpbOovFoOoasH2HaY,edm,spotify,artist,2016
calvin harris & disciples,calvin harris & disciples,calvin harris,calvin harris,Calvin Harris,7CajNmpbOovFoOoasH2HaY,edm,spotify,l2,2015
calvin harris & dua lipa,calvin harris & dua lipa,calvin harris,calvin harris,Calvin Harris,7CajNmpbOovFoOoasH2HaY,edm,spotify,l2,2018
calvin harris & sam smith,calvin harris & sam smith,calvin harris,calvin harris,Calvin Harris,7CajNmpbOovFoOoasH2HaY,edm,spotify,l2,2018
calvin harris featuring ayah marar,calvin harris,calvin harris,calvin harris,Calvin Harris,7CajNmpbOovFoOoasH2HaY,edm,spotify,l1,2014
calvin harris featuring ellie goulding,calvin harris,calvin harris,calvin harris,Calvin Harris,7CajNmpbOovFoOoasH2HaY,edm,spotify,l1,2015
calvin harris featuring florence welch,calvin harris,calvin harris,calvin harris,Calvin Harris,7CajNmpbOovFoOoasH2HaY,edm,spotify,l1,2013
calvin harris featuring frank ocean & migos,calvin harris,calvin harris,calvin harris,Calvin Harris,7CajNmpbOovFoOoasH2HaY,edm,spotify,l1,2017
calvin harris featuring future & khalid,calvin harris,calvin harris,calvin harris,Calvin Harris,7CajNmpbOovFoOoasH2HaY,edm,spotify,l1,2017
calvin harris featuring john newman,calvin harris,calvin harris,calvin harris,Calvin Harris,7CajNmpbOovFoOoasH2HaY,edm,spotify,l1,2015
calvin harris featuring kehlani & lil yachty,calvin harris,calvin harris,calvin harris,Calvin Harris,7CajNmpbOovFoOoasH2HaY,edm,spotify,l1,2017
calvin harris featuring ne-yo,calvin harris,calvin harris,calvin harris,Calvin Harris,7CajNmpbOovFoOoasH2HaY,edm,spotify,l1,2012
"calvin harris featuring pharrell williams, katy perry & big sean",calvin harris,calvin harris,calvin harris,Calvin Harris,7CajNmpbOovFoOoasH2HaY,edm,spotify,l1,2017
calvin harris featuring rihanna,calvin harris,calvin harris,calvin harris,Calvin Harris,7CajNmpbOovFoOoasH2HaY,edm,spotify,l1,2016
"calvin harris featuring young thug, pharrell williams & ariana grande",calvin harris,calvin harris,calvin harris,Calvin Harris,7CajNmpbOovFoOoasH2HaY,edm,spotify,l1,2017
calvin harris x the weeknd,calvin harris x the weeknd,calvin harris,calvin harris,Calvin Harris,7CajNmpbOovFoOoasH2HaY,edm,spotify,l2,2020
"calvin harris, dua lipa & young thug","calvin harris, dua lipa & young thug",calvin harris,calvin harris,Calvin Harris,7CajNmpbOovFoOoasH2HaY,edm,spotify,l2,2022
cam,cam,cam,cam,Cam,5WRElKaZsn1tGnrgmJVAeO,country,spotify,artist,2016
cam'ron,cam'ron,cam'ron,camron,CAMRON,0i3a9DTkZ8BISeIHXKY7bI,,none,l3,2000
cam'ron featuring juelz santana,cam'ron,cam'ron,camron,CAMRON,0i3a9DTkZ8BISeIHXKY7bI,,none,l3,2002
"cam'ron featuring juelz santana, freekey zekey & toya",cam'ron,cam'ron,camron,CAMRON,0i3a9DTkZ8BISeIHXKY7bI,,none,l3,2003
cam'ron featuring kanye west & syleena johnson,cam'ron,cam'ron,camron,CAMRON,0i3a9DTkZ8BISeIHXKY7bI,,none,l3,2005
cam'ron featuring mase,cam'ron,cam'ron,camron,CAMRON,0i3a9DTkZ8BISeIHXKY7bI,,none,l3,1998
cameo,cameo,cameo,cameo,Cameo,545idYhdloaSlLGBY8E9u2,funk,spotify,artist,1988
camila cabello,camila cabello,camila cabello,camila cabello,Camila Cabello,4nDoRrQiYLoBzwC5BhVJzF,,none,artist,2022
camila cabello & playboi carti,camila cabello & playboi carti,camila cabello,camila cabello,Camila Cabello,4nDoRrQiYLoBzwC5BhVJzF,,none,l2,2024
camila cabello featuring dababy,camila cabello,camila cabello,camila cabello,Camila Cabello,4nDoRrQiYLoBzwC5BhVJzF,,none,l1,2020
camila cabello featuring drake,camila cabello,camila cabello,camila cabello,Camila Cabello,4nDoRrQiYLoBzwC5BhVJzF,,none,l1,2024
camila cabello featuring ed sheeran,camila cabello,camila cabello,camila cabello,Camila Cabello,4nDoRrQiYLoBzwC5BhVJzF,,none,l1,2022
camila cabello featuring quavo,camila cabello,camila cabello,camila cabello,Camila Cabello,4nDoRrQiYLoBzwC5BhVJzF,,none,l1,2017
camila cabello featuring willow,camila cabello,camila cabello,camila cabello,Camila Cabello,4nDoRrQiYLoBzwC5BhVJzF,,none,l1,2022
camila cabello featuring young thug,camila cabello,camila cabello,camila cabello,Camila Cabello,4nDoRrQiYLoBzwC5BhVJzF,,none,l1,2018
camouflage,camouflage,camouflage,camouflage,Camouflage,2YTbBGa3Tf2rRPhiJxWoUN,synthpop;new wave,spotify,artist,1989
camp lo,camp lo,camp lo,camp lo,Camp Lo,4oLZx5FplbgfM8DEe9U8LB,east coast hip hop;jazz rap;old school hip hop,spotify,artist,1997
canaan smith,canaan smith,canaan smith,canaan smith,Canaan Smith,0q2lY1ZzFckzciuoMtUvck,country,spotify,artist,2015
candi,candi,candi,candi,,,,none,,1988
candi staton,candi staton,candi staton,candi staton,Candi Staton,3S34Unhn5yRcaH5K9aU5Et,,none,artist,1976
candice glover,candice glover,candice glover,candice glover,Candice Glover,1rHf7vRCsDRBkbA1XGT9e1,,none,artist,2013
candlebox,candlebox,candlebox,candlebox,Candlebox,3R6c2tWDBeYB1GncjLMn9n,grunge;post-grunge,spotify,artist,1995
candy & the kisses,candy & the kisses,candy,candy,Candy & The Kisses,161nobp85d4YNxDv0QnmJW,northern soul;philly soul,spotify,artist,1965
candyman,candyman,candyman,candyman,Candyman,3mGe3yyg9FrxlHidyYWiH6,,none,artist,1991
canibus,canibus,canibus,canibus,Canibus,2lQvoGjN6jJfsAkaywtgrB,east coast hip hop;underground hip hop;hardcore hip hop,spotify,artist,1998
canned heat,canned heat,canned heat,canned heat,Canned Heat,27a0GiCba9K9lnkKidroFU,blues rock;blues,spotify,artist,1972
cannibal and the headhunters,cannibal and the headhunters,cannibal,cannibal,Cannibal and the Headhunters,0c5MyeZm9PvUrWev7AJuNQ,,none,artist,1965
cannonball adderley,cannonball adderley,cannonball adderley,cannonball adderley,Cannonball Adderley,5v74mT11KGJqadf9sLw4dA,hard bop;jazz;bebop;cool jazz;jazz blues,spotify,artist,1970
cannonball adderley orchestra,cannonball adderley orchestra,cannonball adderley orchestra,cannonball adderley orchestra,,,,none,,1961
canyon,canyon,canyon,canyon,Canyon,3zxzffbjrpEEnLiRPnGzT3,,none,artist,1975
capella grey,capella grey,capella grey,capella grey,Capella Grey,59HbaJ5E8ud7FNLGqUN1KH,,none,artist,2021
capital cities,capital cities,capital cities,capital cities,Capital Cities,4gwpcMTbLWtBUlOijbVpuu,,none,artist,2014
capleton,capleton,capleton,capleton,Capleton,21J3YJTyq1biE3SvSNjzuf,reggae;dancehall;ragga;roots reggae;riddim,spotify,artist,1995
captain & tennille,captain & tennille,captain,captain,Captain & Tennille,7BEfMxbaqx6dOpbtlEqScm,yacht rock;soft rock,spotify,artist,1980
captain hollywood project,captain hollywood project,captain hollywood project,captain hollywood project,Captain Hollywood Project,3El2sJgqTWkg1kkyHHAEu4,eurodance;happy hardcore,spotify,artist,1993
cardi b,cardi b,cardi b,cardi b,Cardi B,4kYSro6naA4h99UJvo89HB,,none,artist,2025
cardi b & bruno mars,cardi b & bruno mars,cardi b,cardi b,Cardi B,4kYSro6naA4h99UJvo89HB,,none,l2,2019
cardi b & megan thee stallion,cardi b & megan thee stallion,cardi b,cardi b,Cardi B,4kYSro6naA4h99UJvo89HB,,none,l2,2023
cardi b & yg,cardi b & yg,cardi b,cardi b,Cardi B,4kYSro6naA4h99UJvo89HB,,none,l2,2018
cardi b featuring 21 savage,cardi b,cardi b,cardi b,Cardi B,4kYSro6naA4h99UJvo89HB,,none,l1,2018
cardi b featuring cash cobain,cardi b,cardi b,cardi b,Cardi B,4kYSro6naA4h99UJvo89HB,,none,l1,2025
cardi b featuring chance the rapper,cardi b,cardi b,cardi b,Cardi B,4kYSro6naA4h99UJvo89HB,,none,l1,2018
cardi b featuring dougie f,cardi b,cardi b,cardi b,Cardi B,4kYSro6naA4h99UJvo89HB,,none,l1,2025
cardi b featuring janet jackson,cardi b,cardi b,cardi b,Cardi B,4kYSro6naA4h99UJvo89HB,,none,l1,2025
cardi b featuring kehlani,cardi b,cardi b,cardi b,Cardi B,4kYSro6naA4h99UJvo89HB,,none,l1,2025
cardi b featuring lizzo,cardi b,cardi b,cardi b,Cardi B,4kYSro6naA4h99UJvo89HB,,none,l1,2025
cardi b featuring megan thee stallion,cardi b,cardi b,cardi b,Cardi B,4kYSro6naA4h99UJvo89HB,,none,l1,2021
cardi b featuring migos,cardi b,cardi b,cardi b,Cardi B,4kYSro6naA4h99UJvo89HB,,none,l1,2018
cardi b featuring sza,cardi b,cardi b,cardi b,Cardi B,4kYSro6naA4h99UJvo89HB,,none,l1,2018
cardi b featuring selena gomez,cardi b,cardi b,cardi b,Cardi B,4kYSro6naA4h99UJvo89HB,,none,l1,2025
cardi b featuring summer walker,cardi b,cardi b,cardi b,Cardi B,4kYSro6naA4h99UJvo89HB,,none,l1,2025
"cardi b, bad bunny & j balvin","cardi b, bad bunny & j balvin",cardi b,cardi b,Cardi B,4kYSro6naA4h99UJvo89HB,,none,l2,2019
"cardi b, ye & lil durk","cardi b, ye & lil durk",cardi b,cardi b,Cardi B,4kYSro6naA4h99UJvo89HB,,none,l2,2022
carin leon,carin leon,carin leon,carin leon,Carin Leon,4H0Ekdx9KgbHUNh7TYshJ8,,none,artist,2023
carin leon x grupo frontera,carin leon x grupo frontera,carin leon,carin leon,Carin Leon,4H0Ekdx9KgbHUNh7TYshJ8,,none,l2,2023
carl anderson & gloria loring,carl anderson & gloria loring,carl anderson,carl anderson,Carl Anderson,0BpTIByRmd9JHC4mmcRF1r,,none,l2,1986
carl butler & pearl,carl butler & pearl,carl butler,carl butler,Carl Butler,2EtHntibRhuBeOmpRT2HNF,classic country;honky tonk;traditional country,spotify,l2,1963
carl carlton,carl carlton,carl carlton,carl carlton,Carl Carlton,6gYjIUFuKIBVJfxXnmrd5P,funk,spotify,artist,1982
"carl dobkins, jr.","carl dobkins, jr.",carl dobkins,carl dobkins,"Carl Dobkins, Jr.",1oUGzH2pKjHd4fXklQ7Vt4,adult standards;doo-wop,spotify,artist,1960
carl douglas,carl douglas,carl douglas,carl douglas,Carl Douglas,5Pqx4mXYDGIDcg8E5FYjZ8,,none,artist,1975
carl graves,carl graves,carl graves,carl graves,Carl Graves,6kBWcUDgtwspmTNJZuBESC,,none,artist,1977
carl mann,carl mann,carl mann,carl mann,Carl Mann,5wFcoTxeMPw8YWC12JOhc8,,none,artist,1959
carl perkins,carl perkins,carl perkins,carl perkins,Carl Perkins,5hIClg6noTaCzMu2s5wp4f,rockabilly;rock and roll,spotify,artist,1959
carl smith,carl smith,carl smith,carl smith,Carl Smith,4FmgWM5kNxZ8ibCNPS6hHN,classic country;traditional country;honky tonk,spotify,artist,1959
carl thomas,carl thomas,carl thomas,carl thomas,Carl Thomas,6I6t21SFbxZ7RbQgD5dN7U,neo soul;quiet storm;r&b,spotify,artist,2001
carl wilson,carl wilson,carl wilson,carl wilson,Carl Wilson,0Elk2Wo4Gj58CoFp7soAIg,,none,artist,1983
carla thomas,carla thomas,carla thomas,carla thomas,Carla Thomas,1QAGLCom3FHTTiuRFsjzOj,soul;classic soul;motown;northern soul,spotify,artist,1969
carlo savina,carlo savina,carlo savina,carlo savina,Carlo Savina,0JPH3a8DUy38JvZsdhmEnC,,none,artist,1972
carlos santana & buddy miles,carlos santana & buddy miles,carlos santana,carlos santana,Carlos Santana,0MsXN56oNCyqorqEPViWgQ,,none,l2,1972
carlos vives,carlos vives,carlos vives,carlos vives,Carlos Vives,4vhNDa5ycK0ST968ek7kRr,colombian pop;vallenato;latin;latin pop,spotify,artist,2022
carlos vives & shakira,carlos vives & shakira,carlos vives,carlos vives,Carlos Vives,4vhNDa5ycK0ST968ek7kRr,colombian pop;vallenato;latin;latin pop,spotify,l2,2016
carly pearce,carly pearce,carly pearce,carly pearce,Carly Pearce,4sIl4BTo9l9KqEi0Y3RE72,country,spotify,artist,2023
carly pearce & ashley mcbryde,carly pearce & ashley mcbryde,carly pearce,carly pearce,Carly Pearce,4sIl4BTo9l9KqEi0Y3RE72,country,spotify,l2,2022
carly pearce & lee brice,carly pearce & lee brice,carly pearce,carly pearce,Carly Pearce,4sIl4BTo9l9KqEi0Y3RE72,country,spotify,l2,2020
carly pearce featuring chris stapleton,carly pearce,carly pearce,carly pearce,Carly Pearce,4sIl4BTo9l9KqEi0Y3RE72,country,spotify,l1,2024
carly rae jepsen,carly rae jepsen,carly rae jepsen,carly rae jepsen,Carly Rae Jepsen,6sFIWsNpZYqfjUpaCgueju,,none,artist,2015
carly rae jepsen featuring justin bieber,carly rae jepsen,carly rae jepsen,carly rae jepsen,Carly Rae Jepsen,6sFIWsNpZYqfjUpaCgueju,,none,l1,2012
carly rae jepsen featuring nicki minaj,carly rae jepsen,carly rae jepsen,carly rae jepsen,Carly Rae Jepsen,6sFIWsNpZYqfjUpaCgueju,,none,l1,2013
carly simon,carly simon,carly simon,carly simon,Carly Simon,4FtSnMlCVxCswABUmdhwpm,,none,artist,1989
carly simon & james taylor,carly simon & james taylor,carly simon,carly simon,Carly Simon,4FtSnMlCVxCswABUmdhwpm,,none,l2,1978
carol douglas,carol douglas,carol douglas,carol douglas,Carol Douglas,7kku45291Zk0Nt7klgVGdO,,none,artist,1975
carol lynn townes,carol lynn townes,carol lynn townes,carol lynn townes,Carol Lynn Townes,7q9hwspcNfKzWi8LU60WGm,chicago house;freestyle,spotify,artist,1984
carole bayer sager,carole bayer sager,carole bayer sager,carole bayer sager,Carole Bayer Sager,6yjU0SoX3vxPV7KoopXlWe,aor;yacht rock,spotify,artist,1981
carole king,carole king,carole king,carole king,Carole King,319yZVtYM9MBGqmSQnMyY6,singer-songwriter;folk rock,spotify,artist,1982
"carolina gaitan, mauro castillo, adassa, rhenzy feliz, diane guerrero, stephanie beatriz & encanto cast","carolina gaitan, mauro castillo, adassa, rhenzy feliz, diane guerrero, stephanie beatriz & encanto cast",carolina gaitan,carolina gaitan,Carolina Gaitan,10dkJJ1zEFfkVmQBI8fgOx,ranchera;popular colombian music,spotify,l2,2022
carolina liar,carolina liar,carolina liar,carolina liar,Carolina Liar,0OuSnRyi1OkLPkR4AqzJwi,,none,artist,2009
carolyn dawn johnson,carolyn dawn johnson,carolyn dawn johnson,carolyn dawn johnson,Carolyn Dawn Johnson,0SwVn4s8PdhY9XQhi9SetC,,none,artist,2004
carolyne mas,carolyne mas,carolyne mas,carolyne mas,Carolyne Mas,1VMu2uaJXKmWj4LFZoe5QP,,none,artist,1979
caron wheeler,caron wheeler,caron wheeler,caron wheeler,Caron Wheeler,2RhMHmV21ZDcSGZ872U4ZY,new jack swing,spotify,artist,1990
carpenters,carpenters,carpenters,carpenters,Carpenters,1eEfMU2AhEo7XnKgL7c304,christmas;adult standards,spotify,artist,1982
carrie,carrie,carrie,carrie,Carrie,1vSppm6UpryBx8nCGl8Mgo,,none,artist,1977
carrie lucas,carrie lucas,carrie lucas,carrie lucas,Carrie Lucas,6pFsfSCmKyG28Cyj5QMIFY,post-disco;disco,spotify,artist,1979
carrie underwood,carrie underwood,carrie underwood,carrie underwood,Carrie Underwood,4xFUf1FHVy696Q1JQZMTRj,country,spotify,artist,2022
carrie underwood & john legend,carrie underwood & john legend,carrie underwood,carrie underwood,Carrie Underwood,4xFUf1FHVy696Q1JQZMTRj,country,spotify,l2,2021
carrie underwood featuring ludacris,carrie underwood,carrie underwood,carrie underwood,Carrie Underwood,4xFUf1FHVy696Q1JQZMTRj,country,spotify,l1,2018
carrie underwood featuring randy travis,carrie underwood,carrie underwood,carrie underwood,Carrie Underwood,4xFUf1FHVy696Q1JQZMTRj,country,spotify,l1,2009
carroll bros.,carroll bros.,carroll bros.,carroll bros,,,,none,,1962
carroll o'connor and jean stapleton (as the bunkers),carroll o'connor and jean stapleton,carroll o'connor,carroll oconnor,,,,none,,1972
cartel,cartel,cartel,cartel,Cartel,6wQMF27xWhSyJFnO9L5mQk,pop punk;emo,spotify,artist,2007
cartouche,cartouche,cartouche,cartouche,Cartouche,0wjQ4lmuuZuqoVrjXUMdBt,,none,artist,1991
cascada,cascada,cascada,cascada,Cascada,0N0d3kjwdY2h7UVuTdJGfp,europop;eurodance,spotify,artist,2010
case,case,case,case,Case,5aEWnrN8h3MhuFUPRfaVuy,quiet storm;r&b,spotify,artist,2001
case & joe,case & joe,case,case,Case,5aEWnrN8h3MhuFUPRfaVuy,quiet storm;r&b,spotify,l2,1999
case featuring foxxy brown,case,case,case,Case,5aEWnrN8h3MhuFUPRfaVuy,quiet storm;r&b,spotify,l1,1996
casey james,casey james,casey james,casey james,Casey James,1LINUP7zU7dRwOi1GJ2GaN,,none,artist,2013
casey kelly,casey kelly,casey kelly,casey kelly,Casey Kelly,4ZXMlDqRxoSPRule503TB3,country rock,spotify,artist,1972
casey weston,casey weston,casey weston,casey weston,Casey Weston,22Fg6dE7cFJm88AiUzGHAa,,none,artist,2011
cash cash featuring bebe rexha,cash cash,cash cash,cash cash,Cash Cash,1LOB7jTeEV14pHai6EXSzF,edm,spotify,l1,2014
cash money millionaires,cash money millionaires,cash money millionaires,cash money millionaires,Cash Money Millionaires,7ujL1iIVHLtlwybT2szUmx,southern hip hop,spotify,artist,2001
cashman & west,cashman & west,cashman,cashman,Cashman & West,68aHfbY66586eamohlITc3,,none,artist,1973
cashmere cat featuring ariana grande,cashmere cat,cashmere cat,cashmere cat,Cashmere Cat,2LZDXcxJWgsJfKXZv9a5eG,,none,l1,2015
casinos,casinos,casinos,casinos,Casinos,1iKXuTBqrvGSZTNvBeRhZ9,,none,artist,1967
"casper magico, nio garcia, darell, nicky jam, ozuna & bad bunny","casper magico, nio garcia, darell, nicky jam, ozuna & bad bunny",casper magico,casper magico,Casper Magico,1fux65HMCBvfJHqlBc4Nno,trap latino;reggaeton;urbano latino,spotify,l2,2018
cassadee pope,cassadee pope,cassadee pope,cassadee pope,Cassadee Pope,7ahuvq1mbb4idwG1iJbSFG,,none,artist,2014
cassidy,cassidy,cassidy,cassidy,Cassidy,3WilJWdCNLSU7fpYjiKb7v,,none,artist,2005
cassidy featuring mashonda,cassidy,cassidy,cassidy,Cassidy,3WilJWdCNLSU7fpYjiKb7v,,none,l1,2004
cassidy featuring r. kelly,cassidy,cassidy,cassidy,Cassidy,3WilJWdCNLSU7fpYjiKb7v,,none,l1,2004
cassidy featuring swizz beatz,cassidy,cassidy,cassidy,Cassidy,3WilJWdCNLSU7fpYjiKb7v,,none,l1,2008
cassie,cassie,cassie,cassie,Cassie,27FGXRNruFoOdf1vP8dqcH,,none,artist,2006
cast of camp rock,cast of camp rock,cast of camp rock,cast of camp rock,Cast Of Camp Rock,6BaEtrOzEuvmxmHZRR1nNa,,none,artist,2008
cast of hairspray,cast of hairspray,cast of hairspray,cast of hairspray,,,,none,,2007
cast of rent,cast of rent,cast of rent,cast of rent,Cast Of Rent,0ZAibQ1lZh5UbUaQybsn62,musicals,spotify,artist,2006
cat mother & the all night news boys,cat mother & the all night news boys,cat mother,cat mother,cat mother,2lao8J9lU86rbk8doe2IE3,breakcore;hyperpop,spotify,l2,1969
cat stevens,cat stevens,cat stevens,cat stevens,Cat Stevens,75RtQjZfE2SUpHUy7XlLQz,,none,artist,1979
cate bros.,cate bros.,cate bros.,cate bros,,,,none,,1976
cathy & joe,cathy & joe,cathy,cathy,CATHY,0pGKsGI7MA4JBGY143HOoq,kompa;zouk,spotify,l2,1964
cathy carr,cathy carr,cathy carr,cathy carr,Cathy Carr,0G8da8hOFaTfBLOnqzq3k3,adult standards,spotify,artist,1959
cathy carroll,cathy carroll,cathy carroll,cathy carroll,Cathy Carroll,6lARbNleOv3dUAS5lu0LDD,northern soul;doo-wop,spotify,artist,1962
cathy dennis,cathy dennis,cathy dennis,cathy dennis,Cathy Dennis,2zVsfeSyFbCey7rq7PasHp,,none,artist,1993
cathy jean and the roommates,cathy jean and the roommates,cathy jean,cathy jean,Cathy Jean,3VVzNIYIwNm87oGwBVendK,doo-wop,spotify,l2,1961
cause and effect,cause and effect,cause,cause,Cause and Effect,3ZUT87hPz38V0hnYOt2AeK,yacht rock,spotify,artist,1994
cazz,cazz,cazz,cazz,Cazz,7oikgFac4aYNgbnc6Vpaud,,none,artist,1978
cece peniston,cece peniston,cece peniston,cece peniston,CeCe Peniston,5UoVLCWzOKMIJ9iioof9OD,,none,artist,1996
cee farrow,cee farrow,cee farrow,cee farrow,,,,none,,1983
cee-lo,cee-lo,cee-lo,ceelo,Cee-Lo,4Eio2oA422SuVx80ehEnxx,,none,artist,2002
ceelo green,ceelo green,ceelo green,ceelo green,CeeLo Green,5nLYd9ST4Cnwy6NHaCxbj8,,none,artist,2011
celebration featuring mike love,celebration,celebration,celebration,Celebration,6ITIhwzOeoG3BjX3Es1q0T,,none,l1,1978
celi bee & the buzzy bunch,celi bee & the buzzy bunch,celi bee,celi bee,Celi Bee & The Buzzy Bunch,4ElpGkeF1Mk09xTaOeUVA8,post-disco,spotify,artist,1977
celine dion,celine dion,celine dion,celine dion,Celine Dion,3r2qcyEjIDVTSrymkiKtsn,,none,artist,2008
celine dion & josh groban,celine dion & josh groban,celine dion,celine dion,Celine Dion,3r2qcyEjIDVTSrymkiKtsn,,none,l2,2008
celine dion and clive griffin,celine dion and clive griffin,celine dion,celine dion,Celine Dion,3r2qcyEjIDVTSrymkiKtsn,,none,l2,1993
celine dion and peabo bryson,celine dion and peabo bryson,celine dion,celine dion,Celine Dion,3r2qcyEjIDVTSrymkiKtsn,,none,l2,1992
cellarful of noise,cellarful of noise,cellarful of noise,cellarful of noise,,,,none,,1988
central cee & lil baby,central cee & lil baby,central cee,central cee,Central Cee,5H4yInM5zmHqpKIoMNAx4r,uk drill;drill;uk grime;grime,spotify,l2,2024
central cee featuring 21 savage,central cee,central cee,central cee,Central Cee,5H4yInM5zmHqpKIoMNAx4r,uk drill;drill;uk grime;grime,spotify,l1,2025
central line,central line,central line,central line,Central Line,3k5CKYmmh2MjzAl9Xo5tpt,post-disco,spotify,artist,1981
cerrone,cerrone,cerrone,cerrone,Cerrone,5SE2sfwTpxL2vXRdG6H5PM,italo disco;disco;hi-nrg;disco house;nu disco,spotify,artist,1978
chad & jeremy,chad & jeremy,chad,chad,Chad & Jeremy,2UQwwYBLBvtpGHTMYzTgHi,baroque pop,spotify,artist,1966
chad brock,chad brock,chad brock,chad brock,Chad Brock,24VF2kZrBFn1WvJ5oF1SRf,,none,artist,2000
chad brock with hank williams jr. & george jones,chad brock with hank williams jr. & george jones,chad brock,chad brock,Chad Brock,24VF2kZrBFn1WvJ5oF1SRf,,none,l2,2000
chad kroeger featuring josey scott,chad kroeger,chad kroeger,chad kroeger,Chad Kroeger,7fJYw1vK9yWb8o51I8qHin,,none,l1,2002
chairman of the board,chairman of the board,chairman of the board,chairman of the board,Chairman Of The Board,0FpffmREZViraJrOOOI9UW,,none,artist,1973
chaka demus & pliers,chaka demus & pliers,chaka demus,chaka demus,Chaka Demus & Pliers,6RQkaOWddQmiLLJqSgnTbm,dancehall;reggae;ragga,spotify,artist,1993
chaka khan,chaka khan,chaka khan,chaka khan,Chaka Khan,6mQfAAqZGBzIfrmlZCeaYT,,none,artist,1992
cham featuring alicia keys,cham,cham,cham,Cham,5G8IlDlnPQPN4YmtJ6NDxK,dancehall;ragga;reggae;soca;riddim,spotify,l1,2006
chambers brothers,chambers brothers,chambers brothers,chambers brothers,Chambers Brothers,2V4PiB1FKYJpwh5JlJuJo0,psychedelic rock;soul blues,spotify,artist,1970
chamillionaire,chamillionaire,chamillionaire,chamillionaire,Chamillionaire,6vdMPayKk8YJxxeNP5oMCb,southern hip hop,spotify,artist,2009
chamillionaire featuring krayzie bone,chamillionaire,chamillionaire,chamillionaire,Chamillionaire,6vdMPayKk8YJxxeNP5oMCb,southern hip hop,spotify,l1,2006
chamillionaire featuring lil' flip,chamillionaire,chamillionaire,chamillionaire,Chamillionaire,6vdMPayKk8YJxxeNP5oMCb,southern hip hop,spotify,l1,2006
champagne,champagne,champagne,champagne,Champagne,4i0NOuA8XvyzLJl7qqMUfw,nederpop,spotify,artist,1977
champaign,champaign,champaign,champaign,Champaign,2gF5ozMajrL8gjPlA4Ej5x,yacht rock;quiet storm;classic soul,spotify,artist,1983
chance the rapper,chance the rapper,chance the rapper,chance the rapper,Chance the Rapper,1anyVhU62p31KFi8MEzkbf,,none,artist,2018
chance the rapper featuring death cab for cutie,chance the rapper,chance the rapper,chance the rapper,Chance the Rapper,1anyVhU62p31KFi8MEzkbf,,none,l1,2019
chance the rapper featuring john legend,chance the rapper,chance the rapper,chance the rapper,Chance the Rapper,1anyVhU62p31KFi8MEzkbf,,none,l1,2019
chance the rapper featuring lil wayne & 2 chainz,chance the rapper,chance the rapper,chance the rapper,Chance the Rapper,1anyVhU62p31KFi8MEzkbf,,none,l1,2016
chance the rapper featuring madeintyo & dababy,chance the rapper,chance the rapper,chance the rapper,Chance the Rapper,1anyVhU62p31KFi8MEzkbf,,none,l1,2019
chance the rapper featuring ty dolla $ign,chance the rapper,chance the rapper,chance the rapper,Chance the Rapper,1anyVhU62p31KFi8MEzkbf,,none,l1,2016
change,change,change,change,Change,2fJ2vi4PUSxyvYaeq0FTbE,post-disco;disco;funk,spotify,artist,1982
changing faces,changing faces,changing faces,changing faces,Changing Faces,3lJ6jvOiNY46L2juqXufpf,quiet storm;new jack swing,spotify,artist,2000
changing faces (featuring jay-z),changing faces,changing faces,changing faces,Changing Faces,3lJ6jvOiNY46L2juqXufpf,quiet storm;new jack swing,spotify,l1,1998
channel live,channel live,channel live,channel live,Channel Live,5qik0lR9qY7eQPYAK4OUTo,east coast hip hop;boom bap,spotify,artist,1995
chanson,chanson,chanson,chanson,Chanson,6cLO4Rp0fb3Ba0qPaGDcVe,post-disco,spotify,artist,1979
chantay savage,chantay savage,chantay savage,chantay savage,Chantay Savage,2yg15JjVOqNppP73zVhosY,new jack swing,spotify,artist,1996
chantay's,chantay's,chantay's,chantays,,,,none,,1963
chante moore,chante moore,chante moore,chante moore,,,,none,,2000
chappell roan,chappell roan,chappell roan,chappell roan,Chappell Roan,7GlBOeep6PqTfFi59PTUUN,,none,artist,2025
charice,charice,charice,charice,Charice,0AuZVHIr5WSEBbBLZwWwWc,opm,spotify,artist,2009
charice featuring iyaz,charice,charice,charice,Charice,0AuZVHIr5WSEBbBLZwWwWc,opm,spotify,l1,2010
charlene,charlene,charlene,charlene,Charlene,52o9SO5Qt09Vr9bDCbTbmu,,none,artist,1982
charlene & stevie wonder,charlene & stevie wonder,charlene,charlene,Charlene,52o9SO5Qt09Vr9bDCbTbmu,,none,l2,1983
charles & eddie,charles & eddie,charles,charles,Charles & Eddie,5rIhaCHkbFVvLJpKHWwOJD,,none,artist,1993
charles brown,charles brown,charles brown,charles brown,Charles Brown,7oioaPfma70NFYj4eIX4W5,progressive rock,spotify,artist,1962
charles fox,charles fox,charles fox,charles fox,Charles Fox,4bpi2actYu4X0c4YA8a7En,,none,artist,1981
charles wolcott,charles wolcott,charles wolcott,charles wolcott,Charles Wolcott,5yv5Qxgo7IjWI6yeMVMFYf,,none,artist,1960
charles wright and the watts 103rd street rhythm band,charles wright and the watts 103rd street rhythm band,charles wright,charles wright,Charles Wright,4QH23lu8IxDulxuzNXTJwR,,none,l2,1971
charley pride,charley pride,charley pride,charley pride,Charley Pride,69Fk1s1lzINOKqoSWjjEiE,classic country;traditional country;christian country;country,spotify,artist,1974
charley pride with henry mancini,charley pride with henry mancini,charley pride,charley pride,Charley Pride,69Fk1s1lzINOKqoSWjjEiE,classic country;traditional country;christian country;country,spotify,l2,1972
charli xcx,charli xcx,charli xcx,charli xcx,Charli xcx,25uiPmTg16RbhZWAqwLBy5,hyperpop;art pop,spotify,artist,2025
charli xcx featuring ariana grande,charli xcx,charli xcx,charli xcx,Charli xcx,25uiPmTg16RbhZWAqwLBy5,hyperpop;art pop,spotify,l1,2024
charli xcx featuring billie eilish,charli xcx,charli xcx,charli xcx,Charli xcx,25uiPmTg16RbhZWAqwLBy5,hyperpop;art pop,spotify,l1,2025
charli xcx featuring troye sivan,charli xcx,charli xcx,charli xcx,Charli xcx,25uiPmTg16RbhZWAqwLBy5,hyperpop;art pop,spotify,l1,2024
charli xcx with lorde,charli xcx with lorde,charli xcx,charli xcx,Charli xcx,25uiPmTg16RbhZWAqwLBy5,hyperpop;art pop,spotify,l2,2024
charlie,charlie,charlie,charlie,Charlie,5kkQK3efFeI8eIp9ck9ygK,,none,artist,1983
charlie blackwell,charlie blackwell,charlie blackwell,charlie blackwell,,,,none,,1959
charlie byrd,charlie byrd,charlie byrd,charlie byrd,Charlie Byrd,0i5yrKtlP4URcRBXQQwnik,bossa nova;brazilian jazz;latin jazz;jazz;cool jazz,spotify,artist,1963
charlie daniels,charlie daniels,charlie daniels,charlie daniels,Charlie Daniels,6UpFUXmXvDV7Qj1SPymamh,southern rock;christian country;outlaw country;country rock;classic country,spotify,artist,1973
charlie dore,charlie dore,charlie dore,charlie dore,Charlie Dore,5rWIUjXLlUngm23tFkNs7Z,,none,artist,1980
charlie drake,charlie drake,charlie drake,charlie drake,Charlie Drake,4wI66rq9yElydiZgNL8lHA,comedy,spotify,artist,1962
charlie kulis,charlie kulis,charlie kulis,charlie kulis,,,,none,,1975
charlie mccoy,charlie mccoy,charlie mccoy,charlie mccoy,Charlie McCoy,3LHLRHo4nbcuYW7Agdxy7V,,none,artist,1961
charlie puth,charlie puth,charlie puth,charlie puth,Charlie Puth,6VuMaDnrHyPL1p4EHjYLi7,soft pop;pop,spotify,artist,2022
charlie puth featuring jung kook,charlie puth,charlie puth,charlie puth,Charlie Puth,6VuMaDnrHyPL1p4EHjYLi7,soft pop;pop,spotify,l1,2022
charlie puth featuring kehlani,charlie puth,charlie puth,charlie puth,Charlie Puth,6VuMaDnrHyPL1p4EHjYLi7,soft pop;pop,spotify,l1,2018
charlie puth featuring meghan trainor,charlie puth,charlie puth,charlie puth,Charlie Puth,6VuMaDnrHyPL1p4EHjYLi7,soft pop;pop,spotify,l1,2015
charlie puth featuring selena gomez,charlie puth,charlie puth,charlie puth,Charlie Puth,6VuMaDnrHyPL1p4EHjYLi7,soft pop;pop,spotify,l1,2016
charlie rich,charlie rich,charlie rich,charlie rich,Charlie Rich,218kRJZ7FJs0hWIk8Ynzhz,classic country;traditional country,spotify,artist,1976
charlie ross,charlie ross,charlie ross,charlie ross,Charlie Ross,2DCTeaBRs37IOKBP6Kqwn8,,none,artist,1976
charlie russo,charlie russo,charlie russo,charlie russo,,,,none,,1963
charlie ryan and the timberline riders,charlie ryan and the timberline riders,charlie ryan,charlie ryan,Charlie Ryan,1po1h9rjeIHAZ08Qzc6R3I,,none,l2,1960
charlie sexton,charlie sexton,charlie sexton,charlie sexton,Charlie Sexton,1mAya2avaiHKBJ8AFZGqEz,,none,artist,1986
charlie wilson,charlie wilson,charlie wilson,charlie wilson,Charlie Wilson,6CxZzQFUTM6AzgluGwtq5w,sexy drill,spotify,artist,2009
charlie worsham,charlie worsham,charlie worsham,charlie worsham,Charlie Worsham,1nYvElumwIjMkOczb985bq,christian country,spotify,artist,2013
charm,charm,charm,charm,charm,0TEdQjWX05xRJI7efi3ioE,lullaby,spotify,artist,1992
charm farm,charm farm,charm farm,charm farm,Charm Farm,0m68X70Axb32Yh4fOaHEUO,,none,artist,1996
chase,chase,chase,chase,,,,none,,1972
chase bryant,chase bryant,chase bryant,chase bryant,Chase Bryant,7io3MyhMxDZoBYXp4rlRFA,country,spotify,artist,2016
chase matthew,chase matthew,chase matthew,chase matthew,Chase Matthew,7HTLVyjNf0VRxfIgNcfRRH,country;country hip hop,spotify,artist,2025
chase rice,chase rice,chase rice,chase rice,Chase Rice,6pBNfggcZZDCmb0p92OnGn,country;acoustic country,spotify,artist,2020
chase rice featuring florida georgia line,chase rice,chase rice,chase rice,Chase Rice,6pBNfggcZZDCmb0p92OnGn,country;acoustic country,spotify,l1,2021
chayce beckham,chayce beckham,chayce beckham,chayce beckham,Chayce Beckham,5ujvZU2thXjZgFKPUt1rDt,country,spotify,artist,2024
cheap trick,cheap trick,cheap trick,cheap trick,Cheap Trick,1LB8qB5BPb3MHQrfkvifXU,power pop;aor;classic rock;glam rock,spotify,artist,1990
cheat codes featuring demi lovato,cheat codes,cheat codes,cheat codes,Cheat Codes,7DMveApC7UnC2NPfPvlHSU,,none,l1,2017
chedda da connect,chedda da connect,chedda da connect,chedda da connect,Chedda Da Connect,0KF35OGFXQttk0yWReabtG,,none,artist,2015
chee-chee & peppy,chee-chee & peppy,chee-chee,cheechee,Cheechee,3GctAR2xb7hqxrmdYcyZnP,,none,l3,1971
cheech & chong,cheech & chong,cheech,cheech,Cheech & Chong,0TorzrcTerTn7l5q9LVjmt,comedy,spotify,artist,1985
cheech & chong featuring alice bowie,cheech & chong,cheech,cheech,Cheech & Chong,0TorzrcTerTn7l5q9LVjmt,comedy,spotify,l1,1974
chef raekwon,chef raekwon,chef raekwon,chef raekwon,,,,none,,1995
chely wright,chely wright,chely wright,chely wright,Chely Wright,1aSIXmBKKrEVIbGLwhedIe,,none,artist,2000
cher,cher,cher,cher,Cher,72OaDtakiy6yFqkt4TsiFt,,none,artist,2024
cher & peter cetera,cher & peter cetera,cher,cher,Cher,72OaDtakiy6yFqkt4TsiFt,,none,l2,1989
cher lloyd,cher lloyd,cher lloyd,cher lloyd,Cher Lloyd,4m4SfDVbF5wxrwEjDKgi4k,,none,artist,2012
cher lloyd featuring becky g,cher lloyd,cher lloyd,cher lloyd,Cher Lloyd,4m4SfDVbF5wxrwEjDKgi4k,,none,l1,2013
cherelle,cherelle,cherelle,cherelle,Cherelle,0aHGj37oSAY3Q4djgf6ml0,,none,artist,1984
cheri,cheri,cheri,cheri,,,,none,,1982
cherie,cherie,cherie,cherie,Cherie,7Cnz0jA7Cwlj34nLkiWsRg,,none,artist,2004
cherie & marie currie,cherie & marie currie,cherie,cherie,Cherie,7Cnz0jA7Cwlj34nLkiWsRg,,none,l2,1979
cherish,cherish,cherish,cherish,Cherish,0SiPm71q3iqjIKTwOq2guQ,kayokyoku;enka;city pop,spotify,artist,2007
cherish featuring sean paul of the youngbloodz,cherish,cherish,cherish,Cherish,0SiPm71q3iqjIKTwOq2guQ,kayokyoku;enka;city pop,spotify,l1,2006
cherish featuring yung joc,cherish,cherish,cherish,Cherish,0SiPm71q3iqjIKTwOq2guQ,kayokyoku;enka;city pop,spotify,l1,2008
cherrelle with alexander o'neal,cherrelle with alexander o'neal,cherrelle,cherrelle,Cherrelle,4R2ZUCVWjJs5ef9pjnCVC4,post-disco;new jack swing;quiet storm,spotify,l2,1986
cheryl barnes/hair soundtrack,cheryl barnes,cheryl barnes,cheryl barnes,Cheryl Barnes,69uWi7TmBDoYwNQDTIi2NZ,,none,l1,1979
cheryl ladd,cheryl ladd,cheryl ladd,cheryl ladd,Cheryl Ladd,3nJurPRzJe1jhoxefw5Gli,aor,spotify,artist,1978
cheryl lynn,cheryl lynn,cheryl lynn,cheryl lynn,Cheryl Lynn,6UfoTQXaV3DuqtDVjZIxwZ,disco;post-disco,spotify,artist,1984
cheryl pepsii riley,cheryl pepsii riley,cheryl pepsii riley,cheryl pepsii riley,Cheryl Pepsii Riley,7cF8ZpAedl54gNqzVf5lvW,new jack swing;neo soul,spotify,artist,1989
chesney hawkes,chesney hawkes,chesney hawkes,chesney hawkes,Chesney Hawkes,3dipm6p2uAgitwQsOZU5oY,,none,artist,1991
chet atkins,chet atkins,chet atkins,chet atkins,Chet Atkins,4dZrt8Ong5t7YYpvbfp0RU,,none,artist,1965
chevelle,chevelle,chevelle,chevelle,Chevelle,56dO9zeHKuU5Gvfc2kxHNw,alternative metal;nu metal;post-grunge,spotify,artist,2005
cheyenne kimball,cheyenne kimball,cheyenne kimball,cheyenne kimball,Cheyenne Kimball,28GmLYDzZIZWQChkzH1Mgy,,none,artist,2006
chi coltrane,chi coltrane,chi coltrane,chi coltrane,Chi Coltrane,40Md3Hc0aa1UzgyEmMSIHM,,none,artist,1972
chic,chic,chic,chic,CHIC,0Xf8oDAJYd2D0k3NLI19OV,disco;funk,spotify,artist,1982
chicago,chicago,chicago,chicago,Chicago,3iDD7bnsjL9J4fO298r0L0,yacht rock;soft rock,spotify,artist,1991
chico debarge,chico debarge,chico debarge,chico debarge,Chico DeBarge,67ISVBZzcCTTKM17Ps00sx,neo soul;quiet storm,spotify,artist,2000
chico holiday,chico holiday,chico holiday,chico holiday,Chico Holiday,0bECE8BNOIOA7PdSvHFE8W,rockabilly,spotify,artist,1959
chicory,chicory,chicory,chicory,chicory,6YY8gRSouaHVn2nkY7RBNC,,none,artist,1972
chiddy bang,chiddy bang,chiddy bang,chiddy bang,Chiddy Bang,40giwFcTQtv9ezxW8yqxJU,,none,artist,2011
chief keef,chief keef,chief keef,chief keef,Chief Keef,15iVAtD3s3FsQR4w1v6M0P,chicago drill;drill,spotify,artist,2013
chief keef featuring lil reese,chief keef,chief keef,chief keef,Chief Keef,15iVAtD3s3FsQR4w1v6M0P,chicago drill;drill,spotify,l1,2012
childish gambino,childish gambino,childish gambino,childish gambino,Childish Gambino,73sIBHcqh3Z3NyqHKZ7FOL,,none,artist,2024
chilliwack,chilliwack,chilliwack,chilliwack,Chilliwack,3TkWygOTDBZXAdFDh9HOkG,yacht rock,spotify,artist,1983
china anne mcclain,china anne mcclain,china anne mcclain,china anne mcclain,China Anne McClain,6SvFyXN6qzhw95Bj4HoevV,,none,artist,2011
"china anne mcclain, thomas doherty & dylan playfair","china anne mcclain, thomas doherty & dylan playfair",china anne mcclain,china anne mcclain,China Anne McClain,6SvFyXN6qzhw95Bj4HoevV,,none,l2,2017
chingy,chingy,chingy,chingy,Chingy,3s2wTjWxK8NOX09dmsvVOh,crunk,spotify,artist,2005
chingy featuring amerie,chingy,chingy,chingy,Chingy,3s2wTjWxK8NOX09dmsvVOh,crunk,spotify,l1,2008
chingy featuring j. weav,chingy,chingy,chingy,Chingy,3s2wTjWxK8NOX09dmsvVOh,crunk,spotify,l1,2004
chingy featuring jermaine dupri,chingy,chingy,chingy,Chingy,3s2wTjWxK8NOX09dmsvVOh,crunk,spotify,l1,2007
chingy featuring ludacris & snoop dogg,chingy,chingy,chingy,Chingy,3s2wTjWxK8NOX09dmsvVOh,crunk,spotify,l1,2004
chingy featuring tyrese,chingy,chingy,chingy,Chingy,3s2wTjWxK8NOX09dmsvVOh,crunk,spotify,l1,2006
chino pacas,chino pacas,chino pacas,chino pacas,Chino Pacas,2rmkQLzj0k4nZdQehOUByO,corrido;corridos tumbados;corridos bélicos;música mexicana,spotify,artist,2023
chloe,chloe,chloe,chloe,Chloe,5rtdgi7VGCN0SqveMGc2kx,,none,artist,2024
chloe kohanski,chloe kohanski,chloe kohanski,chloe kohanski,Chloe Kohanski,0miRKHMzKK1xStb6AjWo7k,,none,artist,2017
chloe x halle,chloe x halle,chloe,chloe,Chloe x Halle,0AsThoR4KZSVktALiNcQwW,r&b,spotify,artist,2020
chocolate milk,chocolate milk,chocolate milk,chocolate milk,Chocolate Milk,5Gz8nb2gyxTAzhDTDVFz3G,,none,artist,1975
choirboys,choirboys,choirboys,choirboys,Choirboys,2u6qHMpQaE48aowjWKJeCM,,none,artist,1989
choppa featuring master p,choppa,choppa,choppa,Choppa,7Jy4Eh9jvXD0FdKKCJ6jWf,new orleans bounce;bounce;zydeco,spotify,l1,2003
chris andrews,chris andrews,chris andrews,chris andrews,Chris Andrews,1eAl4UHgUsO8reef63Ddh3,,none,artist,1966
chris barber's jazz band,chris barber's jazz band,chris barber's jazz band,chris barbers jazz band,,,,none,,1959
chris bartley,chris bartley,chris bartley,chris bartley,Chris Bartley,1B7UJWnzX7qpX5XZYP75gF,northern soul;philly soul;classic soul,spotify,artist,1967
chris blue,chris blue,chris blue,chris blue,Chris Blue,4u8qW961xlugXiSOmRiPKB,,none,artist,2017
chris brown,chris brown,chris brown,chris brown,Chris Brown,4s4I3L3OOyeR5b5Ecmpynm,,none,artist,2025
chris brown & tyga,chris brown & tyga,chris brown,chris brown,Chris Brown,4s4I3L3OOyeR5b5Ecmpynm,,none,l2,2015
chris brown & young thug,chris brown & young thug,chris brown,chris brown,Chris Brown,4s4I3L3OOyeR5b5Ecmpynm,,none,l2,2021
chris brown feat. ludacris,chris brown,chris brown,chris brown,Chris Brown,4s4I3L3OOyeR5b5Ecmpynm,,none,l1,2011
chris brown featuring aaliyah,chris brown,chris brown,chris brown,Chris Brown,4s4I3L3OOyeR5b5Ecmpynm,,none,l1,2013
chris brown featuring benny benassi,chris brown,chris brown,chris brown,Chris Brown,4s4I3L3OOyeR5b5Ecmpynm,,none,l1,2011
chris brown featuring bryson tiller,chris brown,chris brown,chris brown,Chris Brown,4s4I3L3OOyeR5b5Ecmpynm,,none,l1,2025
chris brown featuring davido & lojay,chris brown,chris brown,chris brown,Chris Brown,4s4I3L3OOyeR5b5Ecmpynm,,none,l1,2024
chris brown featuring drake,chris brown,chris brown,chris brown,Chris Brown,4s4I3L3OOyeR5b5Ecmpynm,,none,l1,2020
chris brown featuring future & young thug,chris brown,chris brown,chris brown,Chris Brown,4s4I3L3OOyeR5b5Ecmpynm,,none,l1,2017
chris brown featuring gunna,chris brown,chris brown,chris brown,Chris Brown,4s4I3L3OOyeR5b5Ecmpynm,,none,l1,2020
chris brown featuring jack harlow,chris brown,chris brown,chris brown,Chris Brown,4s4I3L3OOyeR5b5Ecmpynm,,none,l1,2022
chris brown featuring jay biz,chris brown,chris brown,chris brown,Chris Brown,4s4I3L3OOyeR5b5Ecmpynm,,none,l1,2007
chris brown featuring justin bieber,chris brown,chris brown,chris brown,Chris Brown,4s4I3L3OOyeR5b5Ecmpynm,,none,l1,2011
chris brown featuring justin bieber & ink,chris brown,chris brown,chris brown,Chris Brown,4s4I3L3OOyeR5b5Ecmpynm,,none,l1,2019
chris brown featuring kevin k-mac mccall,chris brown,chris brown,chris brown,Chris Brown,4s4I3L3OOyeR5b5Ecmpynm,,none,l1,2012
chris brown featuring lil baby,chris brown,chris brown,chris brown,Chris Brown,4s4I3L3OOyeR5b5Ecmpynm,,none,l1,2022
chris brown featuring lil wayne,chris brown,chris brown,chris brown,Chris Brown,4s4I3L3OOyeR5b5Ecmpynm,,none,l1,2006
chris brown featuring lil wayne & bleu,chris brown,chris brown,chris brown,Chris Brown,4s4I3L3OOyeR5b5Ecmpynm,,none,l1,2022
chris brown featuring lil wayne & busta rhymes,chris brown,chris brown,chris brown,Chris Brown,4s4I3L3OOyeR5b5Ecmpynm,,none,l1,2011
chris brown featuring lil wayne & french montana or too $hort or tyga,chris brown,chris brown,chris brown,Chris Brown,4s4I3L3OOyeR5b5Ecmpynm,,none,l1,2014
chris brown featuring lil wayne & swizz beatz,chris brown,chris brown,chris brown,Chris Brown,4s4I3L3OOyeR5b5Ecmpynm,,none,l1,2010
chris brown featuring nicki minaj,chris brown,chris brown,chris brown,Chris Brown,4s4I3L3OOyeR5b5Ecmpynm,,none,l1,2014
chris brown featuring plies,chris brown,chris brown,chris brown,Chris Brown,4s4I3L3OOyeR5b5Ecmpynm,,none,l1,2009
chris brown featuring t-pain,chris brown,chris brown,chris brown,Chris Brown,4s4I3L3OOyeR5b5Ecmpynm,,none,l1,2008
chris brown featuring tyga & kevin mccall,chris brown,chris brown,chris brown,Chris Brown,4s4I3L3OOyeR5b5Ecmpynm,,none,l1,2011
chris brown featuring usher & gucci mane,chris brown,chris brown,chris brown,Chris Brown,4s4I3L3OOyeR5b5Ecmpynm,,none,l1,2017
chris brown featuring usher & rick ross,chris brown,chris brown,chris brown,Chris Brown,4s4I3L3OOyeR5b5Ecmpynm,,none,l1,2014
chris brown featuring wizkid,chris brown,chris brown,chris brown,Chris Brown,4s4I3L3OOyeR5b5Ecmpynm,,none,l1,2022
"chris brown featuring yo gotti, a boogie wit da hoodie & kodak black",chris brown,chris brown,chris brown,Chris Brown,4s4I3L3OOyeR5b5Ecmpynm,,none,l1,2018
chris cagle,chris cagle,chris cagle,chris cagle,Chris Cagle,1zhIzONVRlTfD1VQRauHMl,country;acoustic country,spotify,artist,2013
chris christian,chris christian,chris christian,chris christian,,,,none,,1982
chris christian (with amy holland),chris christian,chris christian,chris christian,,,,none,,1982
chris columbo quintet,chris columbo quintet,chris columbo quintet,chris columbo quintet,,,,none,,1963
chris cornell,chris cornell,chris cornell,chris cornell,Chris Cornell,0XHiH53dHrvbwfjYM7en7I,grunge,spotify,artist,2006
chris crosby,chris crosby,chris crosby,chris crosby,Chris Crosby,27hhuLkfOOEUAagcTauyvc,,none,artist,1964
chris cuevas,chris cuevas,chris cuevas,chris cuevas,Chris Cuevas,6QVAqDaejI6OFNXcgDSuqV,chicago house;hip house,spotify,artist,1992
chris daughtry,chris daughtry,chris daughtry,chris daughtry,Chris Daughtry,6UEvetDZ4veYVgjA7RYrdI,,none,artist,2006
chris hodge,chris hodge,chris hodge,chris hodge,Chris hodge,7n8XmSwmGLgblGgawACFRT,,none,artist,1972
chris isaak,chris isaak,chris isaak,chris isaak,Chris Isaak,7290H8m1Dwt8G7jm1y9CQx,,none,artist,1995
chris jamison,chris jamison,chris jamison,chris jamison,Chris Jamison,6MAAqVPDbQXqzX1fuyY91p,,none,artist,2015
chris jamison & adam levine,chris jamison & adam levine,chris jamison,chris jamison,Chris Jamison,6MAAqVPDbQXqzX1fuyY91p,,none,l2,2015
chris janson,chris janson,chris janson,chris janson,Chris Janson,60gmlHZmT16wiO9GiXKYK9,country,spotify,artist,2024
chris kenner,chris kenner,chris kenner,chris kenner,Chris Kenner,3mCIMoeTyKjHlgNv7wFZYI,,none,artist,1963
chris lane,chris lane,chris lane,chris lane,Chris Lane,68abRTdO4meYReMWHvBYb0,country,spotify,artist,2021
chris lane featuring tori kelly,chris lane,chris lane,chris lane,Chris Lane,68abRTdO4meYReMWHvBYb0,country,spotify,l1,2018
chris medina,chris medina,chris medina,chris medina,Chris Medina,6hpHzl5CW50IA4sTphdbPX,,none,artist,2011
chris montez,chris montez,chris montez,chris montez,Chris Montez,0QRgfCLzSR9GyCjXboWQTA,,none,artist,1967
chris rea,chris rea,chris rea,chris rea,Chris Rea,5KEG7G8LDYlHgFDqZyEEs2,christmas,spotify,artist,1989
chris stapleton,chris stapleton,chris stapleton,chris stapleton,Chris Stapleton,4YLtscXsxbVgi031ovDDdh,country;outlaw country,spotify,artist,2025
chris thompson & night,chris thompson & night,chris thompson,chris thompson,Chris Thompson,2XQa2YqBpisjHBWLQxqLRe,,none,l2,1979
chris walker,chris walker,chris walker,chris walker,Chris Walker,2TLy1cxdLcWwZ7mZ1TDJHG,,none,artist,1992
chris young,chris young,chris young,chris young,Chris Young,24nf3HFgkV1Qer9ZqIPfUB,,none,artist,2024
chris young + kane brown,chris young + kane brown,chris young,chris young,Chris Young,24nf3HFgkV1Qer9ZqIPfUB,,none,l2,2021
chris young duet with cassadee pope,chris young duet with cassadee pope,chris young,chris young,Chris Young,24nf3HFgkV1Qer9ZqIPfUB,,none,l2,2016
chris young featuring vince gill,chris young,chris young,chris young,Chris Young,24nf3HFgkV1Qer9ZqIPfUB,,none,l1,2017
chris young with mitchell tenpenny,chris young with mitchell tenpenny,chris young,chris young,Chris Young,24nf3HFgkV1Qer9ZqIPfUB,,none,l2,2022
chris de burgh,chris de burgh,chris de burgh,chris de burgh,Chris de Burgh,2RpHsROrX075xfIwHn6B2U,soft rock,spotify,artist,1987
chrisette michele,chrisette michele,chrisette michele,chrisette michele,Chrisette Michele,3YJMzGjAm245zwJooY7PEj,neo soul;jersey club;r&b,spotify,artist,2009
christian nodal & peso pluma,christian nodal & peso pluma,christian nodal,christian nodal,Christian Nodal,0XwVARXT135rw8lyw1EeWP,banda;ranchera;mariachi;norteño;música mexicana,spotify,l2,2024
christie,christie,christie,christie,Christie,0HoeFrrKutiio4HJtXN0Sn,,none,artist,1971
christina aguilera,christina aguilera,christina aguilera,christina aguilera,Christina Aguilera,1l7ZsJRRS8wlW3WfJfPfNS,,none,artist,2012
christina aguilera & beverly mcclellan,christina aguilera & beverly mcclellan,christina aguilera,christina aguilera,Christina Aguilera,1l7ZsJRRS8wlW3WfJfPfNS,,none,l2,2011
christina aguilera & chris mann,christina aguilera & chris mann,christina aguilera,christina aguilera,Christina Aguilera,1l7ZsJRRS8wlW3WfJfPfNS,,none,l2,2012
christina aguilera featuring lil' kim,christina aguilera,christina aguilera,christina aguilera,Christina Aguilera,1l7ZsJRRS8wlW3WfJfPfNS,,none,l1,2003
christina aguilera featuring missy elliott,christina aguilera,christina aguilera,christina aguilera,Christina Aguilera,1l7ZsJRRS8wlW3WfJfPfNS,,none,l1,2004
christina aguilera featuring nicki minaj,christina aguilera,christina aguilera,christina aguilera,Christina Aguilera,1l7ZsJRRS8wlW3WfJfPfNS,,none,l1,2010
christina aguilera featuring redman,christina aguilera,christina aguilera,christina aguilera,Christina Aguilera,1l7ZsJRRS8wlW3WfJfPfNS,,none,l1,2003
christina aguilera with blake shelton,christina aguilera with blake shelton,christina aguilera,christina aguilera,Christina Aguilera,1l7ZsJRRS8wlW3WfJfPfNS,,none,l2,2012
"christina aguilera, lil' kim, mya & p!nk","christina aguilera, lil' kim, mya & p!nk",christina aguilera,christina aguilera,Christina Aguilera,1l7ZsJRRS8wlW3WfJfPfNS,,none,l2,2001
christina grimmie,christina grimmie,christina grimmie,christina grimmie,Christina Grimmie,0Cav8jyZKAHMFbAusOmjku,,none,artist,2014
christina grimmie & adam levine,christina grimmie & adam levine,christina grimmie,christina grimmie,Christina Grimmie,0Cav8jyZKAHMFbAusOmjku,,none,l2,2014
christina milian,christina milian,christina milian,christina milian,Christina Milian,4eAOcbAXIF4BmbN6E1QIlw,,none,artist,2004
christina milian featuring joe budden,christina milian,christina milian,christina milian,Christina Milian,4eAOcbAXIF4BmbN6E1QIlw,,none,l1,2004
christina milian featuring young jeezy,christina milian,christina milian,christina milian,Christina Milian,4eAOcbAXIF4BmbN6E1QIlw,,none,l1,2006
christina perri,christina perri,christina perri,christina perri,Christina Perri,7H55rcKCfwqkyDFH9wpKM6,soft pop,spotify,artist,2014
christina perri featuring steve kazee,christina perri,christina perri,christina perri,Christina Perri,7H55rcKCfwqkyDFH9wpKM6,soft pop,spotify,l1,2012
christine mcvie,christine mcvie,christine mcvie,christine mcvie,Christine McVie,6RCsx4p5smZHYz2P5HLcL2,yacht rock,spotify,artist,1984
christine quaite,christine quaite,christine quaite,christine quaite,Christine Quaite,1dtrqqYezfr9XjB03opLqX,,none,artist,1964
christion,christion,christion,christion,Christion,1YhOhNY5h67LwMRDIoW56U,,none,artist,1998
christopher atkins,christopher atkins,christopher atkins,christopher atkins,Christopher Atkins,5uQgk6UhD8weDRzKqCV0BN,,none,artist,1982
christopher cross,christopher cross,christopher cross,christopher cross,Christopher Cross,695W5F2Ih8dYahLdjVOIoH,yacht rock;soft rock,spotify,artist,1985
christopher max,christopher max,christopher max,christopher max,Christopher Max,1HDaoNdQ6Bcnczl2IDj7ii,new jack swing,spotify,artist,1990
christopher paul and shawn,christopher paul and shawn,christopher paul,christopher paul,Christopher Paul,1U3QpsSGS6WG6UWKGWFb3A,,none,l2,1975
christopher wilde,christopher wilde,christopher wilde,christopher wilde,Christopher Wilde,533HtQP5btWIZcKlHJtEWK,,none,artist,2010
christopher wilde & anna margaret,christopher wilde & anna margaret,christopher wilde,christopher wilde,Christopher Wilde,533HtQP5btWIZcKlHJtEWK,,none,l2,2010
christopher williams,christopher williams,christopher williams,christopher williams,Christopher Williams,6LgTS5AgrlfazMSqGK09OO,,none,artist,1993
chubb rock,chubb rock,chubb rock,chubb rock,Chubb Rock,4dVRITwfej74WkmNpgYVPb,old school hip hop;east coast hip hop;new jack swing,spotify,artist,1991
chubby checker,chubby checker,chubby checker,chubby checker,Chubby Checker,7qQJQ3YtcGlqaLg5tcypN2,rock and roll,spotify,artist,1982
chubby checker (with dee dee sharp),chubby checker,chubby checker,chubby checker,Chubby Checker,7qQJQ3YtcGlqaLg5tcypN2,rock and roll,spotify,l1,1962
chuck berry,chuck berry,chuck berry,chuck berry,Chuck Berry,293zczrfYafIItmnmM3coR,rockabilly;rock and roll,spotify,artist,2025
chuck brown & the soul searchers,chuck brown & the soul searchers,chuck brown,chuck brown,Chuck Brown,7oyrBHHsLqnx13HaATFq8B,,none,l2,1979
chuck jackson,chuck jackson,chuck jackson,chuck jackson,Chuck Jackson,6e0OfIeF6gO6JwM2ptJJSO,boogie-woogie;rockabilly,spotify,artist,1968
chuck jackson & maxine brown,chuck jackson & maxine brown,chuck jackson,chuck jackson,Chuck Jackson,6e0OfIeF6gO6JwM2ptJJSO,boogie-woogie;rockabilly,spotify,l2,1967
chuck mangione,chuck mangione,chuck mangione,chuck mangione,Chuck Mangione,2MMaIlHd8UvDW0mVRAncD6,smooth jazz;yacht rock;jazz;jazz fusion,spotify,artist,1980
chuck mangione with the hamilton philharmonic orchestra,chuck mangione with the hamilton philharmonic orchestra,chuck mangione,chuck mangione,Chuck Mangione,2MMaIlHd8UvDW0mVRAncD6,smooth jazz;yacht rock;jazz;jazz fusion,spotify,l2,1977
chuck wicks,chuck wicks,chuck wicks,chuck wicks,Chuck Wicks,696fbyLHSMBSYjDrDU5yiK,country;acoustic country,spotify,artist,2008
chuck willis,chuck willis,chuck willis,chuck willis,Chuck Willis,5ksqhAYQFk8j1tYWDPchuu,,none,artist,1958
chuckii booker,chuckii booker,chuckii booker,chuckii booker,Chuckii Booker,3O7IxMv6D9iFICSUa5w9X4,new jack swing;quiet storm,spotify,artist,1993
chucklebutt,chucklebutt,chucklebutt,chucklebutt,,,,none,,1998
chuckyy,chuckyy,chuckyy,chuckyy,Chuckyy,0HRGx78eQaMqoHoopLfi2h,chicago drill,spotify,artist,2025
chumbawamba,chumbawamba,chumbawamba,chumbawamba,Chumbawamba,0TcYeHEK9sBtv7xPbKhzHz,,none,artist,1998
chunky a,chunky a,chunky a,chunky a,,,,none,,1990
ciara,ciara,ciara,ciara,Ciara,2NdeV5rLm47xAvogXrYhJX,,none,artist,2018
ciara featuring 50 cent,ciara,ciara,ciara,Ciara,2NdeV5rLm47xAvogXrYhJX,,none,l1,2007
ciara featuring chamillionaire,ciara,ciara,ciara,Ciara,2NdeV5rLm47xAvogXrYhJX,,none,l1,2006
ciara featuring justin timberlake,ciara,ciara,ciara,Ciara,2NdeV5rLm47xAvogXrYhJX,,none,l1,2009
ciara featuring ludacris,ciara,ciara,ciara,Ciara,2NdeV5rLm47xAvogXrYhJX,,none,l1,2010
ciara featuring missy elliott,ciara,ciara,ciara,Ciara,2NdeV5rLm47xAvogXrYhJX,,none,l1,2005
ciara featuring nicki minaj,ciara,ciara,ciara,Ciara,2NdeV5rLm47xAvogXrYhJX,,none,l1,2013
ciara featuring petey pablo,ciara,ciara,ciara,Ciara,2NdeV5rLm47xAvogXrYhJX,,none,l1,2005
ciara featuring t-pain,ciara,ciara,ciara,Ciara,2NdeV5rLm47xAvogXrYhJX,,none,l1,2008
ciara featuring young jeezy,ciara,ciara,ciara,Ciara,2NdeV5rLm47xAvogXrYhJX,,none,l1,2009
cico p,cico p,cico p,cico p,Cico P,3jAZsSIIA8HLjxR99biJyx,,none,artist,2021
cilla black,cilla black,cilla black,cilla black,Cilla Black,3bCvHtuIXWXPbCMdSYudmZ,,none,artist,1966
cinderella,cinderella,cinderella,cinderella,Cinderella,7HL4id2U7FSDJtfKQHMgQx,glam metal;glam rock;hard rock,spotify,artist,1991
cindy bullens,cindy bullens,cindy bullens,cindy bullens,Cindy Bullens,4aZNPcxUTyaFNDelbcw4eJ,musicals,spotify,artist,1980
circus,circus,circus,circus,CIRCUS,3Op5DLcWzbhuz51maqnKpJ,kayokyoku;city pop;enka;j-pop,spotify,artist,1973
cissy houston,cissy houston,cissy houston,cissy houston,Cissy Houston,156Nvb9GnNauPkY92oloUT,,none,artist,1971
citizen king,citizen king,citizen king,citizen king,Citizen King,2Ca9nb6MJ3lwyF7dRNJm3M,,none,artist,1999
city boy,city boy,city boy,city boy,City Boy,08dazMCiWeKkomvpDLSetA,classic rock;aor,spotify,artist,1978
city girls,city girls,city girls,city girls,City Girls,37hAfseJWi0G3Scife12Il,,none,artist,2021
city girls & usher,city girls & usher,city girls,city girls,City Girls,37hAfseJWi0G3Scife12Il,,none,l2,2022
city girls featuring cardi b,city girls,city girls,city girls,City Girls,37hAfseJWi0G3Scife12Il,,none,l1,2019
city high,city high,city high,city high,City High,0LlPal5iJGcCWwZp8VefVs,,none,artist,2001
city high featuring eve,city high,city high,city high,City High,0LlPal5iJGcCWwZp8VefVs,,none,l1,2002
clairo,clairo,clairo,clairo,Clairo,3l0CmX0FuQjFxr8SK7Vqag,bedroom pop,spotify,artist,2020
clarence ashe,clarence ashe,clarence ashe,clarence ashe,Clarence Ashe,050lnqPL6hydVpjY4MeacK,northern soul,spotify,artist,1964
clarence carter,clarence carter,clarence carter,clarence carter,Clarence Carter,7lffJlv0nRl0sIsHDmo0SB,classic soul;soul;motown,spotify,artist,1973
clarence clemons & jackson browne,clarence clemons & jackson browne,clarence clemons,clarence clemons,Clarence Clemons,7hiRmH8QebrJgMZYAbFtoO,,none,l2,1986
clarence henry,clarence henry,clarence henry,clarence henry,,,,none,,1962
clarence reid,clarence reid,clarence reid,clarence reid,Clarence Reid,1kVUxIDOOo663d1gr3dVZo,northern soul;funk,spotify,artist,1974
classic example,classic example,classic example,classic example,,,,none,,1993
classics iv,classics iv,classics iv,classics iv,Classics IV,6XGJvNG372fPJ2TV2OoN0Z,,none,artist,1968
classics iv featuring dennis yost,classics iv,classics iv,classics iv,Classics IV,6XGJvNG372fPJ2TV2OoN0Z,,none,l1,1969
claude gray,claude gray,claude gray,claude gray,Claude Gray,6ehhOlzIbaUJryTIClS52Z,christian country;honky tonk;traditional country;classic country,spotify,artist,1961
claude king,claude king,claude king,claude king,CLAUDE KING,3HukW2Q1R95AQmohUrP8OM,,none,artist,1962
claudine clark,claudine clark,claudine clark,claudine clark,Claudine Clark,4I0kvGngwrJFy1ngs6fzqZ,doo-wop;philly soul,spotify,artist,1962
claudine longet,claudine longet,claudine longet,claudine longet,Claudine Longet,5E8VE4pqkinTPQnQkRkDsu,,none,artist,1968
claudja barry,claudja barry,claudja barry,claudja barry,Claudja Barry,2nLByDrVFGu0xpVbHcDpzy,hi-nrg;disco;post-disco,spotify,artist,1979
clay aiken,clay aiken,clay aiken,clay aiken,Clay Aiken,13aBWT8LN4oNWWGFOu96MA,christmas,spotify,artist,2004
clay davidson,clay davidson,clay davidson,clay davidson,Clay Davidson,6F0ZVOJymgjutBNRws94qa,,none,artist,2000
clay walker,clay walker,clay walker,clay walker,Clay Walker,4MPkNgar5uTd8Sqvrr7par,country;classic country;acoustic country;traditional country,spotify,artist,2010
clean bandit featuring demi lovato,clean bandit,clean bandit,clean bandit,Clean Bandit,6MDME20pz9RveH9rEXvrOM,,none,l1,2018
clean bandit featuring jess glynne,clean bandit,clean bandit,clean bandit,Clean Bandit,6MDME20pz9RveH9rEXvrOM,,none,l1,2015
clean bandit featuring julia michaels,clean bandit,clean bandit,clean bandit,Clean Bandit,6MDME20pz9RveH9rEXvrOM,,none,l1,2018
clean bandit featuring sean paul & anne-marie,clean bandit,clean bandit,clean bandit,Clean Bandit,6MDME20pz9RveH9rEXvrOM,,none,l1,2017
clean living,clean living,clean living,clean living,,,,none,,1973
cledus maggard and the citizen's band,cledus maggard and the citizen's band,cledus maggard,cledus maggard,,,,none,,1976
clefs of lavender hill,clefs of lavender hill,clefs of lavender hill,clefs of lavender hill,,,,none,,1966
cleopatra,cleopatra,cleopatra,cleopatra,Cleopatra,7mu52yh5bBhhJOyVndAEZW,,none,artist,1998
cleveland crochet and band,cleveland crochet and band,cleveland crochet,cleveland crochet,Cleveland Crochet and Band,4GbV6nECTCcEVwHY7vAMPw,cajun;boogie-woogie;zydeco,spotify,artist,1961
cliff deyoung,cliff deyoung,cliff deyoung,cliff deyoung,,,,none,,1974
cliff nobles & co.,cliff nobles & co.,cliff nobles,cliff nobles,Cliff Nobles,0i0ELbteoVYQDbSNCU3Spz,northern soul;philly soul,spotify,l2,1969
cliff richard,cliff richard,cliff richard,cliff richard,Cliff Richard,2nvKpWcP8etYTq4JrRiUiy,christmas,spotify,artist,1983
cliff richard and the shadows,cliff richard and the shadows,cliff richard,cliff richard,Cliff Richard,2nvKpWcP8etYTq4JrRiUiy,christmas,spotify,l2,1964
cliff richard and the drifters,cliff richard and the drifters,cliff richard,cliff richard,Cliff Richard,2nvKpWcP8etYTq4JrRiUiy,christmas,spotify,l2,1959
clifford curry,clifford curry,clifford curry,clifford curry,Clifford Curry,7xp9u4PqrkMrbxb1wpj6Ft,,none,artist,1967
climax,climax,climax,climax,Climax,1OzPxKCB5R3MLxvkdGN03X,yacht rock,spotify,artist,1972
climax blues band,climax blues band,climax blues band,climax blues band,Climax Blues Band,4eeRviM714mXXeILmKHxh2,yacht rock,spotify,artist,1981
climax featuring sonny geraci,climax,climax,climax,Climax,1OzPxKCB5R3MLxvkdGN03X,yacht rock,spotify,l1,1972
climie fisher,climie fisher,climie fisher,climie fisher,Climie Fisher,3bpvhFSIErguVNQUiutctF,,none,artist,1988
clint black,clint black,clint black,clint black,Clint Black,3Ay15wt0QChT4Kapsuw5Jt,classic country;country;traditional country,spotify,artist,2000
clint black with steve wariner,clint black with steve wariner,clint black,clint black,Clint Black,3Ay15wt0QChT4Kapsuw5Jt,classic country;country;traditional country,spotify,l2,2000
clint black with wynonna,clint black with wynonna,clint black,clint black,Clint Black,3Ay15wt0QChT4Kapsuw5Jt,classic country;country;traditional country,spotify,l2,1993
clint holmes,clint holmes,clint holmes,clint holmes,Clint Holmes,5gwLOQFOJ2lFtDKuxho9U1,,none,artist,1973
clinton kane,clinton kane,clinton kane,clinton kane,Clinton Kane,7okSU80WTrn4LXlyXYbX3P,,none,artist,2021
clipse,clipse,clipse,clipse,Clipse,2J257euzcjnDLipsyJH3F2,,none,artist,2025
clipse featuring faith evans,clipse,clipse,clipse,Clipse,2J257euzcjnDLipsyJH3F2,,none,l1,2003
clipse featuring john legend & voices of fire,clipse,clipse,clipse,Clipse,2J257euzcjnDLipsyJH3F2,,none,l1,2025
clipse featuring kendrick lamar,clipse,clipse,clipse,Clipse,2J257euzcjnDLipsyJH3F2,,none,l1,2025
"clipse featuring tyler, the creator",clipse,clipse,clipse,Clipse,2J257euzcjnDLipsyJH3F2,,none,l1,2025
clive griffin,clive griffin,clive griffin,clive griffin,Clive Griffin,7piYJtFSV6vtj2pK5TyHJI,,none,artist,1993
clivilles & cole,clivilles & cole,clivilles,clivilles,,,,none,,1992
clocks,clocks,clocks,clocks,CLOCKS,2smETssbGNHJxOglxIFXTy,,none,artist,1982
clout,clout,clout,clout,clout,7GXfFGSIOhIVggYC3qN8Sw,,none,artist,1978
club 69 featuring suzanne palmer,club 69,club 69,club 69,Club 69,1x5PGrlk1OujmyjJ82UTHd,,none,l1,1998
club house,club house,club house,club house,Club House,2Z71vodDuIr8JvPLPusHWL,,none,artist,1983
club nouveau,club nouveau,club nouveau,club nouveau,Club Nouveau,4kEAjV4pCBOkoowYYQydvO,new jack swing,spotify,artist,1987
clubland,clubland,clubland,clubland,Clubland,1992WoVCYrCH6PWRVszSlh,acid house;chicago house;hip house,spotify,artist,1992
clubland featuring zemya hamilton,clubland,clubland,clubland,Clubland,1992WoVCYrCH6PWRVszSlh,acid house;chicago house;hip house,spotify,l1,1992
clyde mcphatter,clyde mcphatter,clyde mcphatter,clyde mcphatter,Clyde McPhatter,4WL6MC4jDW7w7K9hfc4MVS,doo-wop;northern soul;boogie-woogie;rockabilly,spotify,artist,1964
clyde stacy,clyde stacy,clyde stacy,clyde stacy,Clyde Stacy,3Pzt3Ns9MKrapVAtxIJlsV,rockabilly,spotify,artist,1959
cobra starship,cobra starship,cobra starship,cobra starship,Cobra Starship,2aYJ5LAta2ScCdfLhKgZOY,,none,artist,2010
cobra starship featuring leighton meester,cobra starship,cobra starship,cobra starship,Cobra Starship,2aYJ5LAta2ScCdfLhKgZOY,,none,l1,2009
cobra starship featuring sabi,cobra starship,cobra starship,cobra starship,Cobra Starship,2aYJ5LAta2ScCdfLhKgZOY,,none,l1,2012
cochise,cochise,cochise,cochise,Cochise,46HzS7yz0c9udVwtbHk1sx,rage rap,spotify,artist,1971
cochise & $not,cochise & $not,cochise,cochise,Cochise,46HzS7yz0c9udVwtbHk1sx,rage rap,spotify,l2,2021
cock robin,cock robin,cock robin,cock robin,Cock Robin,1MOoTIFOvJ60ATvyRXPPXg,,none,artist,1985
coco jones,coco jones,coco jones,coco jones,Coco Jones,4DHLoiIqFYYFjH09WduvFd,,none,artist,2023
cody jameson,cody jameson,cody jameson,cody jameson,,,,none,,1977
cody johnson,cody johnson,cody johnson,cody johnson,Cody Johnson,6zLBxLdl60ekBLpawtT63I,texas country;country;red dirt,spotify,artist,2025
cody johnson & carrie underwood,cody johnson & carrie underwood,cody johnson,cody johnson,Cody Johnson,6zLBxLdl60ekBLpawtT63I,texas country;country;red dirt,spotify,l2,2025
coi leray,coi leray,coi leray,coi leray,Coi Leray,6AMd49uBDJfhf30Ak2QR5s,,none,artist,2023
coi leray & nicki minaj,coi leray & nicki minaj,coi leray,coi leray,Coi Leray,6AMd49uBDJfhf30Ak2QR5s,,none,l2,2022
coi leray & pooh shiesty,coi leray & pooh shiesty,coi leray,coi leray,Coi Leray,6AMd49uBDJfhf30Ak2QR5s,,none,l2,2021
coi leray featuring lil durk,coi leray,coi leray,coi leray,Coi Leray,6AMd49uBDJfhf30Ak2QR5s,,none,l1,2021
coko,coko,coko,coko,Coko,5tdfMErqfwoDib2Pq3n2z5,gospel;gospel r&b,spotify,artist,1999
colbie caillat,colbie caillat,colbie caillat,colbie caillat,Colbie Caillat,6aZyMrc4doVtZyKNilOmwu,,none,artist,2015
colby o'donis featuring akon,colby o'donis,colby o'donis,colby odonis,,,,none,,2008
cold,cold,cold,cold,Cold,0Gw3a3BkWLwsMLFbOBmo6Q,post-grunge;nu metal;alternative metal,spotify,artist,2003
cold blood,cold blood,cold blood,cold blood,Cold Blood,4jjVfN6ymocu1hvZGqGnIl,,none,artist,1970
coldplay,coldplay,coldplay,coldplay,Coldplay,4gzpq5DPGxSnKTe4SA8HAU,,none,artist,2025
"coldplay featuring little simz, burna boy, elyanna & tini",coldplay,coldplay,coldplay,Coldplay,4gzpq5DPGxSnKTe4SA8HAU,,none,l1,2024
coldplay featuring rihanna,coldplay,coldplay,coldplay,Coldplay,4gzpq5DPGxSnKTe4SA8HAU,,none,l1,2012
coldplay with jay-z,coldplay with jay-z,coldplay,coldplay,Coldplay,4gzpq5DPGxSnKTe4SA8HAU,,none,l2,2009
coldplay x selena gomez,coldplay x selena gomez,coldplay,coldplay,Coldplay,4gzpq5DPGxSnKTe4SA8HAU,,none,l2,2021
coldplay x bts,coldplay x bts,coldplay,coldplay,Coldplay,4gzpq5DPGxSnKTe4SA8HAU,,none,l2,2022
cole swindell,cole swindell,cole swindell,cole swindell,Cole Swindell,1mfDfLsMxYcOOZkzBxvSVW,country;acoustic country,spotify,artist,2025
cole swindell / lainey wilson,cole swindell,cole swindell,cole swindell,Cole Swindell,1mfDfLsMxYcOOZkzBxvSVW,country;acoustic country,spotify,l1,2022
colin james hay,colin james hay,colin james hay,colin james hay,Colin James Hay,1CnNzCVytyR29d6UmezrIt,,none,artist,1987
collage,collage,collage,collage,Collage,2X3YB3wL4fGa6cMOzHpnkT,freestyle;funk melody;miami bass;latin hip hop,spotify,artist,1994
collay & the satellites,collay & the satellites,collay,collay,Collay,0FMMqgYVBdI3u15QynB0e8,honky tonk;rockabilly,spotify,l2,1960
collective soul,collective soul,collective soul,collective soul,Collective Soul,4e5V1Q2dKCzbLVMQ8qbTn6,post-grunge;grunge,spotify,artist,1999
collin raye,collin raye,collin raye,collin raye,Collin Raye,4AwLiAGc1rRLrCepj5rdTI,classic country;country,spotify,artist,2000
color me badd,color me badd,color me badd,color me badd,Color Me Badd,1QtIfAa6y7w2JhxYJhYeUG,new jack swing,spotify,artist,1998
colourhaus,colourhaus,colourhaus,colourhaus,,,,none,,1992
commander cody,commander cody,commander cody,commander cody,Commander Cody,6MM9O5yu0cn6yqvJTaUptm,country rock;southern rock;rockabilly,spotify,artist,1975
commander cody & his lost planet airmen,commander cody & his lost planet airmen,commander cody,commander cody,Commander Cody,6MM9O5yu0cn6yqvJTaUptm,country rock;southern rock;rockabilly,spotify,l2,1972
commodores,commodores,commodores,commodores,Commodores,6twIAGnYuIT1pncMAsXnEm,motown;classic soul,spotify,artist,1987
common,common,common,common,Common,2GHclqNVjqGuiE5mA7BEoc,hip hop;jazz rap,spotify,artist,2005
common & john legend,common & john legend,common,common,Common,2GHclqNVjqGuiE5mA7BEoc,hip hop;jazz rap,spotify,l2,2015
common featuring mary j. blige,common,common,common,Common,2GHclqNVjqGuiE5mA7BEoc,hip hop;jazz rap,spotify,l1,2003
common featuring pharrell,common,common,common,Common,2GHclqNVjqGuiE5mA7BEoc,hip hop;jazz rap,spotify,l1,2009
company b,company b,company b,company b,Company B,56qkRjq9qsAxK5fc7U5moa,freestyle;hi-nrg;funk melody;italo disco,spotify,artist,1987
confunkshun,confunkshun,confunkshun,confunkshun,ConFunkShun,4Cihf1uem5mFJdbG00a1OK,,none,artist,1984
conan gray,conan gray,conan gray,conan gray,Conan Gray,4Uc8Dsxct0oMqx0P6i60ea,,none,artist,2020
concrete blonde,concrete blonde,concrete blonde,concrete blonde,Concrete Blonde,2ICSjfBpos9PxMhGhX25N2,surf rock,spotify,artist,1991
conductor,conductor,conductor,conductor,Conductor,6zz544Jvr5b2qHTNmiblQr,,none,artist,1982
conner smith,conner smith,conner smith,conner smith,Conner Smith,0y2FPygoi6LVc75pxCgsMk,country,spotify,artist,2024
connie francis,connie francis,connie francis,connie francis,Connie Francis,3EY5DxGdy7x4GelivOjS2Q,schlager,spotify,artist,1969
connie stevens,connie stevens,connie stevens,connie stevens,Connie Stevens,5dg9jB2sji4asJtjihC9AE,doo-wop,spotify,artist,1965
consumer rapport,consumer rapport,consumer rapport,consumer rapport,,,,none,,1975
continental miniatures,continental miniatures,continental miniatures,continental miniatures,,,,none,,1978
conway twitty,conway twitty,conway twitty,conway twitty,Conway Twitty,7gi3jmwpUpNWdswT8eEprF,classic country;country;traditional country;outlaw country;honky tonk,spotify,artist,1975
conway twitty & loretta lynn,conway twitty & loretta lynn,conway twitty,conway twitty,Conway Twitty,7gi3jmwpUpNWdswT8eEprF,classic country;country;traditional country;outlaw country;honky tonk,spotify,l2,1971
conway twitty with joni lee,conway twitty with joni lee,conway twitty,conway twitty,Conway Twitty,7gi3jmwpUpNWdswT8eEprF,classic country;country;traditional country;outlaw country;honky tonk,spotify,l2,1976
coo coo cal,coo coo cal,coo coo cal,coo coo cal,Coo Coo Cal,5FY5pvWrjYlb6KxKi4wQus,,none,artist,2001
cooker,cooker,cooker,cooker,Cooker,0Mnin08y8kq2hGwTeacvT9,,none,artist,1974
cookie and his cupcakes,cookie and his cupcakes,cookie,cookie,Cookie,0icyF9w1OWxkYz3OUJZRIz,hard house;grime,spotify,l2,1963
"cool breeze featuring outkast, goodie mob & witchdoctor",cool breeze,cool breeze,cool breeze,Cool Breeze,2FeOXAeQOjS7VOl2RwkQi5,,none,l1,1999
cool heat,cool heat,cool heat,cool heat,COOL HEAT,3HZXI7lDa69dWCj8jbBpjG,dream pop;shoegaze;lo-fi indie,spotify,artist,1970
coolio,coolio,coolio,coolio,Coolio,3y24n3XhZ96wgwRXjvS17T,west coast hip hop;g-funk,spotify,artist,1996
coolio featuring 40 thevz,coolio,coolio,coolio,Coolio,3y24n3XhZ96wgwRXjvS17T,west coast hip hop;g-funk,spotify,l1,1997
coolio featuring l.v.,coolio,coolio,coolio,Coolio,3y24n3XhZ96wgwRXjvS17T,west coast hip hop;g-funk,spotify,l1,1996
cooper brothers,cooper brothers,cooper brothers,cooper brothers,Cooper Brothers,1MY1DePkzZehHSZxbcHEJN,southern rock,spotify,artist,1979
cooper brothers band,cooper brothers band,cooper brothers band,cooper brothers band,,,,none,,1979
corbin bleu,corbin bleu,corbin bleu,corbin bleu,Corbin Bleu,5GuEFqVXxQsqJtjGqoFWvf,,none,artist,2007
corbin bleu & lucas grabeel,corbin bleu & lucas grabeel,corbin bleu,corbin bleu,Corbin Bleu,5GuEFqVXxQsqJtjGqoFWvf,,none,l2,2007
corey featuring lil' romeo,corey,corey,corey,Corey,0Dlbufr3A5qPlynEzYg3jI,,none,l1,2002
corey hart,corey hart,corey hart,corey hart,Corey Hart,0smy8yDrRoI4CnhpOuthg0,synthpop,spotify,artist,1990
corey kent,corey kent,corey kent,corey kent,Corey Kent,3sUpZrkehiGBaMzs2h9Mmc,country;texas country,spotify,artist,2025
corina,corina,corina,corina,Corina,1CIFZBDYwomNEdnBJUnIZD,manele,spotify,artist,1997
corinne bailey rae,corinne bailey rae,corinne bailey rae,corinne bailey rae,Corinne Bailey Rae,29WzbAQtDnBJF09es0uddn,,none,artist,2007
cornbread & biscuits,cornbread & biscuits,cornbread,cornbread,CORNBREAD,4f34BHBw9X3ntgRKSrapEi,,none,l2,1960
cornelius brothers & sister rose,cornelius brothers & sister rose,cornelius brothers,cornelius brothers,Cornelius Brothers & Sister Rose,2GFB1Lc67mbqFXTPCM9XzT,classic soul;motown,spotify,artist,1973
coro,coro,coro,coro,Coro,1rKi6kZNi8iUz2mMlaAwQ9,freestyle;funk melody;eurodance;miami bass,spotify,artist,1991
corona,corona,corona,corona,Corona,26T6b8maqEVltcmE4kSDUl,eurodance,spotify,artist,1995
cory,cory,cory,cory,Cory,7o7FisMfKqVaysG1CSIWrr,latin r&b,spotify,artist,1977
cory daye,cory daye,cory daye,cory daye,Cory Daye,1UD36U5AhG4zTl7ZJQvHUZ,shibuya-kei,spotify,artist,1979
"cotton, lloyd & christian","cotton, lloyd & christian",cotton,cotton,,,,none,,1975
count basie,count basie,count basie,count basie,Count Basie,2jFZlvIea42ZvcCw4OeEdA,big band;swing music;jazz;vocal jazz,spotify,artist,1963
count basie & his orchestra,count basie & his orchestra,count basie,count basie,Count Basie,2jFZlvIea42ZvcCw4OeEdA,big band;swing music;jazz;vocal jazz,spotify,l2,1962
count five,count five,count five,count five,Count Five,57WXdjUf5Vlq3klNZegeTP,proto-punk;psychedelic rock;garage rock;acid rock,spotify,artist,1966
counting crows,counting crows,counting crows,counting crows,Counting Crows,0vEsuISMWAKNctLlUAhSZC,,none,artist,2004
counting crows featuring vanessa carlton,counting crows,counting crows,counting crows,Counting Crows,0vEsuISMWAKNctLlUAhSZC,,none,l1,2003
country coalition,country coalition,country coalition,country coalition,,,,none,,1970
country joe & the fish,country joe & the fish,country joe,country joe,Country Joe & The Fish,0a63dfrxBQKqh160P8iUNL,psychedelic rock;acid rock,spotify,artist,1967
country joe mcdonald,country joe mcdonald,country joe mcdonald,country joe mcdonald,Country Joe McDonald,3F8wuhLnWU4sGtIkaptOxb,,none,artist,1976
coven,coven,coven,coven,Coven,6eTKX1Kyy9gMamdDyj736Y,acid rock;psychedelic rock,spotify,artist,1974
cowboy copas,cowboy copas,cowboy copas,cowboy copas,Cowboy Copas,4szqhE3dT8nzYnlXYGwzmi,honky tonk;traditional country;classic country;christian country,spotify,artist,1960
coyote sisters,coyote sisters,coyote sisters,coyote sisters,,,,none,,1984
cozy cole,cozy cole,cozy cole,cozy cole,Cozy Cole,6fkwnXeEKj729M5HSIaoMr,swing music;jazz,spotify,artist,1959
cozy powell,cozy powell,cozy powell,cozy powell,Cozy Powell,6jJkOaQBQsEBBqvavgdHQT,glam rock,spotify,artist,1974
crabby appleton,crabby appleton,crabby appleton,crabby appleton,Crabby Appleton,3EEBJbLXXb9ShxSDsjbIh7,power pop,spotify,artist,1970
cracker,cracker,cracker,cracker,Cracker,0ODQJS4mk7rVBJXjdqByX6,,none,artist,1994
craig campbell,craig campbell,craig campbell,craig campbell,Craig Campbell,7tkwiWhGKSuQV8LwPWceWN,country;acoustic country,spotify,artist,2014
craig david,craig david,craig david,craig david,Craig David,2JyWXPbkqI5ZJa3gwqVa0c,,none,artist,2002
craig mack,craig mack,craig mack,craig mack,Craig Mack,4akj4uteQQrrGxhX9Rjuyf,old school hip hop;east coast hip hop,spotify,artist,1995
craig morgan,craig morgan,craig morgan,craig morgan,Craig Morgan,6ktyNEnEukKzskQEiXgCFD,country;acoustic country,spotify,artist,2014
craig wayne boyd,craig wayne boyd,craig wayne boyd,craig wayne boyd,Craig Wayne Boyd,4zt5aHAmGXYBO8FaWAbDGt,,none,artist,2015
crash craddock,crash craddock,crash craddock,crash craddock,,,,none,,1959
crash test dummies,crash test dummies,crash test dummies,crash test dummies,Crash Test Dummies,1YEGETLT2p8k97LIo3deHL,,none,artist,1994
crawler,crawler,crawler,crawler,Crawler,0ghrrauDFunDEN9t9f8hZu,blues rock,spotify,artist,1977
crazy elephant,crazy elephant,crazy elephant,crazy elephant,Crazy Elephant,7bp2mrTNmrjp69DS3EKL4K,bubblegum pop,spotify,artist,1969
crazy frog,crazy frog,crazy frog,crazy frog,Crazy Frog,4J3wzDMI97AlGimdiVcaLb,,none,artist,2005
crazy town,crazy town,crazy town,crazy town,Crazy Town,4iSKnRZAxkmqNok6tv10Se,rap rock;nu metal,spotify,artist,2001
cream,cream,cream,cream,Cream,74oJ4qxwOZvX6oSsu1DGnw,classic rock;psychedelic rock;acid rock;blues rock,spotify,artist,1969
creative source,creative source,creative source,creative source,Creative Source,4wpM6z8MnyFw23Alz5p2jJ,,none,artist,1974
creed,creed,creed,creed,Creed,43sZBwHjahUvgbx1WNIkIz,post-grunge,spotify,artist,2010
creedence clearwater revival,creedence clearwater revival,creedence clearwater revival,creedence clearwater revival,Creedence Clearwater Revival,3IYUhFvPQItj6xySrBmZkd,classic rock;southern rock;country rock,spotify,artist,1972
creedence clearwater revival featuring john fogerty,creedence clearwater revival,creedence clearwater revival,creedence clearwater revival,Creedence Clearwater Revival,3IYUhFvPQItj6xySrBmZkd,classic rock;southern rock;country rock,spotify,l1,1976
crime mob featuring lil scrappy,crime mob,crime mob,crime mob,Crime Mob,5A7d4sfe5ZY1RRf90zlUeo,crunk;southern hip hop,spotify,l1,2007
cris mj,cris mj,cris mj,cris mj,Cris MJ,1Yj5Xey7kTwvZla8sqdsdE,reggaeton chileno;chilean trap;chilean mambo;reggaeton,spotify,artist,2024
crispian st. peters,crispian st. peters,crispian st. peters,crispian st peters,Crispian St. Peters,6zZuOk8B9vQ7OgkybBFd0m,,none,artist,1967
cristian castro,cristian castro,cristian castro,cristian castro,Cristian Castro,2AZOALDIBORfbzKTuliwdJ,latin pop,spotify,artist,2005
crooklyn dodgers '95,crooklyn dodgers '95,crooklyn dodgers '95,crooklyn dodgers 95,,,,none,,1995
"crosby, stills & nash","crosby, stills & nash",crosby,crosby,"Crosby, Stills & Nash",2pdvghEHZJtgSXZ7cvNLou,folk rock;yacht rock,spotify,artist,1983
"crosby, stills, nash & young","crosby, stills, nash & young",crosby,crosby,"Crosby, Stills, Nash & Young",1CYsQCypByMVgnv17qsSbQ,folk rock;classic rock,spotify,artist,1989
cross country,cross country,cross country,cross country,Cross Country,5h8fOPEmKORXRtPxGId6sz,,none,artist,1973
crossfade,crossfade,crossfade,crossfade,Crossfade,4IR8ZkpbyyKrqsIzchF3NB,post-grunge,spotify,artist,2005
crowded house,crowded house,crowded house,crowded house,Crowded House,7ohlPA8dRBtCf92zaZCaaB,,none,artist,1991
crown heights affair,crown heights affair,crown heights affair,crown heights affair,Crown Heights Affair,3X9xSaKYs3EY8l74Hgy5rz,post-disco;disco,spotify,artist,1977
crucial conflict,crucial conflict,crucial conflict,crucial conflict,Crucial Conflict,1NMPFAWwsqqy5m8kEQvDl6,,none,artist,1996
crush,crush,crush,crush,Crush,6aLdhHUqgdKE86xbtNmY8g,k-rap;k-pop;k-ballad,spotify,artist,1997
crystal bowersox,crystal bowersox,crystal bowersox,crystal bowersox,Crystal Bowersox,2IgfvpRnRRvieMOYwvI7Rr,,none,artist,2010
crystal gayle,crystal gayle,crystal gayle,crystal gayle,Crystal Gayle,6OheJTrDFGiyZ67F1BBLhc,classic country,spotify,artist,1984
crystal mansion featuring johnny caswell,crystal mansion,crystal mansion,crystal mansion,Crystal Mansion,5Tsn5c0P3OMXUZaLHTGv4B,motown,spotify,l1,1970
crystal waters,crystal waters,crystal waters,crystal waters,Crystal Waters,2sd9Q3r0Jhqpe3w9WVuG43,,none,artist,1997
cugini,cugini,cugini,cugini,cugini,1R05giUXbr1ASROApu8Hub,,none,artist,1980
culture beat,culture beat,culture beat,culture beat,Culture Beat,0BZ3BHzfYwpd3k5TDnvAz8,eurodance,spotify,artist,1994
culture club,culture club,culture club,culture club,Culture Club,6kz53iCdBSqhQCZ21CoLcc,,none,artist,1986
cupid,cupid,cupid,cupid,Cupid,0lax1ZgWclW6mZFaGu27MM,zydeco,spotify,artist,2007
curiosity killed the cat,curiosity killed the cat,curiosity killed the cat,curiosity killed the cat,Curiosity Killed The Cat,0ZGAYur5k4gJprOffC6LkP,,none,artist,1987
curren$y featuring august alsina & lil wayne,curren$y,curren$y,currensy,Curren$y,6X8WdFjrNhXATMDSs26aCc,southern hip hop,spotify,l1,2016
current,current,current,current,Current,2vRqk5nG00vgCPreGFx1GW,screamo;post-hardcore;emo;midwest emo,spotify,artist,1977
curtie & the boom box,curtie & the boom box,curtie,curtie,Curtie,17nCoSpncPVsoU7K4J6rNA,nederpop,spotify,l2,1985
curtis lee,curtis lee,curtis lee,curtis lee,Curtis Lee,2h90YamhPvB5Mr96v4XE3r,,none,artist,1961
curtis mayfield,curtis mayfield,curtis mayfield,curtis mayfield,Curtis Mayfield,2AV6XDIs32ofIJhkkDevjm,classic soul;soul;funk;motown,spotify,artist,1975
curtis stigers,curtis stigers,curtis stigers,curtis stigers,Curtis Stigers,2bNtosg6E8tvmN6wYxPCfu,vocal jazz,spotify,artist,1992
cut 'n' move,cut 'n' move,cut 'n' move,cut n move,Cut 'N' Move,2OQkm6IvTu9MeHkGQQ4cSK,eurodance,spotify,artist,1991
cutting crew,cutting crew,cutting crew,cutting crew,Cutting Crew,3cniTumSiUysiPWXapGx1i,,none,artist,1989
cyclones,cyclones,cyclones,cyclones,Cyclones,1tUnStXBXMRFlWe7xUGcpq,,none,artist,1958
cymande,cymande,cymande,cymande,Cymande,4hfcSstwnyuBoek1dQwLkG,funk;afrobeat,spotify,artist,1973
cymarron,cymarron,cymarron,cymarron,,,,none,,1971
cyndi grecco,cyndi grecco,cyndi grecco,cyndi grecco,Cyndi Grecco,5KXAe4JDPOa3FO87KfoHy5,,none,artist,1976
cyndi lauper,cyndi lauper,cyndi lauper,cyndi lauper,Cyndi Lauper,2BTZIqw0ntH9MvilQ3ewNY,,none,artist,1995
cyndi thomson,cyndi thomson,cyndi thomson,cyndi thomson,Cyndi Thomson,1SlB319k1toEaGunEFn6yq,,none,artist,2001
cynthia,cynthia,cynthia,cynthia,Cynthia,3nqA4JV7u2zG7prO5RLlAC,freestyle;funk melody;chicago house;latin hip hop;miami bass,spotify,artist,1998
cynthia & johnny o,cynthia & johnny o,cynthia,cynthia,Cynthia,3nqA4JV7u2zG7prO5RLlAC,freestyle;funk melody;chicago house;latin hip hop;miami bass,spotify,l2,1990
cynthia erivo,cynthia erivo,cynthia erivo,cynthia erivo,Cynthia Erivo,46UMQ0cW8ToR8egkBRwAxZ,musicals,spotify,artist,2024
cynthia erivo featuring ariana grande,cynthia erivo,cynthia erivo,cynthia erivo,Cynthia Erivo,46UMQ0cW8ToR8egkBRwAxZ,musicals,spotify,l1,2025
cynthia erivo featuring michelle yeoh,cynthia erivo,cynthia erivo,cynthia erivo,Cynthia Erivo,46UMQ0cW8ToR8egkBRwAxZ,musicals,spotify,l1,2024
cypress hill,cypress hill,cypress hill,cypress hill,Cypress Hill,4P0dddbxPil35MNN9G2MEX,west coast hip hop;old school hip hop;rap rock;hip hop,spotify,artist,1998
cyril stapleton and his orchestra,cyril stapleton and his orchestra,cyril stapleton,cyril stapleton,Cyril Stapleton and His Orchestra,5F4RNFcWACA7MVU6AZhYph,,none,artist,1959
d train,d train,d train,d train,D Train,4ZyYpZsd6fepuckqXqGs5H,,none,artist,1984
d'angelo,d'angelo,d'angelo,dangelo,Dangelo,0yDFHuSwwq0HIHXtc61iNf,,none,l3,2000
d'angelo featuring method man and redman,d'angelo,d'angelo,dangelo,Dangelo,0yDFHuSwwq0HIHXtc61iNf,,none,l3,2000
d'zyre,d'zyre,d'zyre,dzyre,DZYRE,42utpPQU6wh35cuhAl3STd,,none,l3,1991
d-mob introducing cathy dennis,d-mob introducing cathy dennis,d-mob introducing cathy dennis,dmob introducing cathy dennis,,,,none,,1990
d-mob with cathy dennis,d-mob with cathy dennis,d-mob,dmob,D-Mob,1SB4F94dEdcCDTwKWegcnU,acid house;chicago house,spotify,l2,1990
d.c. larue,d.c. larue,d.c. larue,dc larue,D.C. LaRue,0XkJjcP6S0ScPuC7N4yNXz,,none,artist,1976
d.h.t.,d.h.t.,d.h.t.,dht,DHT,729cLDPhmqVao6e3NiMh0q,,none,l3,2005
d.j. jazzy jeff & the fresh prince,d.j. jazzy jeff & the fresh prince,d.j. jazzy jeff,dj jazzy jeff,DJ Jazzy Jeff,3nmiIgeri4vEY7y0VpbsCn,jazz rap;east coast hip hop,spotify,l3,1992
d.j. rogers,d.j. rogers,d.j. rogers,dj rogers,D.J. Rogers,3umII3xvxjB8evpn88BG1k,,none,artist,1976
d.r.a.m. featuring lil yachty,d.r.a.m.,d.r.a.m.,dram,DRAM,5M0lbkGluOPXLeFjApw8r8,,none,l3,2017
d12,d12,d12,d12,D12,5Qi4Bb7a8C0a00NZcA77L0,,none,artist,2004
d4l,d4l,d4l,d4l,D4L,4AllEJE7mVkhhyUV6DjqPz,crunk;southern hip hop,spotify,artist,2006
ddg,ddg,ddg,ddg,DDG,0WK3H9OErSn5zKOkOV5egm,,none,artist,2021
dj chose featuring beatking,dj chose,dj chose,dj chose,DJ Chose,28Jt29jw6Smc3ZkzALTouq,,none,l1,2020
dj company,dj company,dj company,dj company,DJ COMPANY,77eLeECYh4w8qh3hhOKXfR,,none,artist,1998
"dj drama featuring 2 chainz, meek mill & jeremih",dj drama,dj drama,dj drama,DJ Drama,5oNgAs7j5XcBMzWv3HAnHG,southern hip hop,spotify,l1,2013
"dj drama featuring chris brown, skeme & lyquin",dj drama,dj drama,dj drama,DJ Drama,5oNgAs7j5XcBMzWv3HAnHG,southern hip hop,spotify,l1,2016
"dj drama featuring fabolous, roscoe dash & wiz khalifa",dj drama,dj drama,dj drama,DJ Drama,5oNgAs7j5XcBMzWv3HAnHG,southern hip hop,spotify,l1,2011
"dj drama featuring wale, tyga & roscoe dash",dj drama,dj drama,dj drama,DJ Drama,5oNgAs7j5XcBMzWv3HAnHG,southern hip hop,spotify,l1,2013
dj esco featuring future & lil uzi vert,dj esco,dj esco,dj esco,DJ ESCO,2J0JN7EFN10G1Tty6hX0AN,,none,l1,2017
"dj felli fel featuring diddy, akon, ludacris & lil jon",dj felli fel,dj felli fel,dj felli fel,DJ Felli Fel,7sHWvTWufU865WrWckjyE0,,none,l1,2008
dj khaled & calvin harris featuring travis scott & jeremih,dj khaled & calvin harris,dj khaled,dj khaled,DJ Khaled,0QHgL1lAIqAw0HtD7YldmP,,none,l2,2017
"dj khaled featuring akon, plies, young jeezy, rick ross, ace hood, trick daddy & lil' boosie",dj khaled,dj khaled,dj khaled,DJ Khaled,0QHgL1lAIqAw0HtD7YldmP,,none,l1,2008
dj khaled featuring beyonce & jay z,dj khaled,dj khaled,dj khaled,DJ Khaled,0QHgL1lAIqAw0HtD7YldmP,,none,l1,2017
"dj khaled featuring big sean, kendrick lamar & betty wright",dj khaled,dj khaled,dj khaled,DJ Khaled,0QHgL1lAIqAw0HtD7YldmP,,none,l1,2016
"dj khaled featuring bryson tiller, lil baby & roddy ricch",dj khaled,dj khaled,dj khaled,DJ Khaled,0QHgL1lAIqAw0HtD7YldmP,,none,l1,2021
dj khaled featuring cardi b,dj khaled,dj khaled,dj khaled,DJ Khaled,0QHgL1lAIqAw0HtD7YldmP,,none,l1,2021
dj khaled featuring cardi b & 21 savage,dj khaled,dj khaled,dj khaled,DJ Khaled,0QHgL1lAIqAw0HtD7YldmP,,none,l1,2019
"dj khaled featuring chris brown, august alsina, future & jeremih",dj khaled,dj khaled,dj khaled,DJ Khaled,0QHgL1lAIqAw0HtD7YldmP,,none,l1,2015
"dj khaled featuring chris brown, lil wayne & big sean",dj khaled,dj khaled,dj khaled,DJ Khaled,0QHgL1lAIqAw0HtD7YldmP,,none,l1,2019
"dj khaled featuring chris brown, rick ross, nicki minaj & lil wayne",dj khaled,dj khaled,dj khaled,DJ Khaled,0QHgL1lAIqAw0HtD7YldmP,,none,l1,2012
dj khaled featuring don toliver & travis scott,dj khaled,dj khaled,dj khaled,DJ Khaled,0QHgL1lAIqAw0HtD7YldmP,,none,l1,2022
dj khaled featuring drake,dj khaled,dj khaled,dj khaled,DJ Khaled,0QHgL1lAIqAw0HtD7YldmP,,none,l1,2022
dj khaled featuring drake & lil baby,dj khaled,dj khaled,dj khaled,DJ Khaled,0QHgL1lAIqAw0HtD7YldmP,,none,l1,2022
"dj khaled featuring drake, rick ross & lil wayne",dj khaled,dj khaled,dj khaled,DJ Khaled,0QHgL1lAIqAw0HtD7YldmP,,none,l1,2013
dj khaled featuring future & lil baby,dj khaled,dj khaled,dj khaled,DJ Khaled,0QHgL1lAIqAw0HtD7YldmP,,none,l1,2022
dj khaled featuring future & sza,dj khaled,dj khaled,dj khaled,DJ Khaled,0QHgL1lAIqAw0HtD7YldmP,,none,l1,2022
"dj khaled featuring jay z, future & b",dj khaled,dj khaled,dj khaled,DJ Khaled,0QHgL1lAIqAw0HtD7YldmP,,none,l1,2018
dj khaled featuring jay z & future,dj khaled,dj khaled,dj khaled,DJ Khaled,0QHgL1lAIqAw0HtD7YldmP,,none,l1,2016
dj khaled featuring juice wrld,dj khaled,dj khaled,dj khaled,DJ Khaled,0QHgL1lAIqAw0HtD7YldmP,,none,l1,2022
dj khaled featuring justin bieber & 21 savage,dj khaled,dj khaled,dj khaled,DJ Khaled,0QHgL1lAIqAw0HtD7YldmP,,none,l1,2021
"dj khaled featuring justin bieber, chance the rapper & quavo",dj khaled,dj khaled,dj khaled,DJ Khaled,0QHgL1lAIqAw0HtD7YldmP,,none,l1,2018
"dj khaled featuring justin bieber, quavo, chance the rapper & lil wayne",dj khaled,dj khaled,dj khaled,DJ Khaled,0QHgL1lAIqAw0HtD7YldmP,,none,l1,2017
dj khaled featuring kanye west & eminem,dj khaled,dj khaled,dj khaled,DJ Khaled,0QHgL1lAIqAw0HtD7YldmP,,none,l1,2022
dj khaled featuring kanye west & rick ross,dj khaled,dj khaled,dj khaled,DJ Khaled,0QHgL1lAIqAw0HtD7YldmP,,none,l1,2012
dj khaled featuring kanye west & t-pain,dj khaled,dj khaled,dj khaled,DJ Khaled,0QHgL1lAIqAw0HtD7YldmP,,none,l1,2009
dj khaled featuring lil baby & lil durk,dj khaled,dj khaled,dj khaled,DJ Khaled,0QHgL1lAIqAw0HtD7YldmP,,none,l1,2021
"dj khaled featuring lil durk, 21 savage & roddy ricch",dj khaled,dj khaled,dj khaled,DJ Khaled,0QHgL1lAIqAw0HtD7YldmP,,none,l1,2022
dj khaled featuring lil wayne & jeremih,dj khaled,dj khaled,dj khaled,DJ Khaled,0QHgL1lAIqAw0HtD7YldmP,,none,l1,2021
"dj khaled featuring lil wayne, paul wall, fat joe, rick ross & pitbull",dj khaled,dj khaled,dj khaled,DJ Khaled,0QHgL1lAIqAw0HtD7YldmP,,none,l1,2006
dj khaled featuring meek mill & lil baby,dj khaled,dj khaled,dj khaled,DJ Khaled,0QHgL1lAIqAw0HtD7YldmP,,none,l1,2019
"dj khaled featuring meek mill, j balvin, lil baby & jeremih",dj khaled,dj khaled,dj khaled,DJ Khaled,0QHgL1lAIqAw0HtD7YldmP,,none,l1,2019
dj khaled featuring nardo wick & kodak black,dj khaled,dj khaled,dj khaled,DJ Khaled,0QHgL1lAIqAw0HtD7YldmP,,none,l1,2022
"dj khaled featuring nas, jay-z & james fauntleroy",dj khaled,dj khaled,dj khaled,DJ Khaled,0QHgL1lAIqAw0HtD7YldmP,,none,l1,2021
"dj khaled featuring nicki minaj, chris brown, august alsina, jeremih, future & rick ross",dj khaled,dj khaled,dj khaled,DJ Khaled,0QHgL1lAIqAw0HtD7YldmP,,none,l1,2017
dj khaled featuring nipsey hussle & john legend,dj khaled,dj khaled,dj khaled,DJ Khaled,0QHgL1lAIqAw0HtD7YldmP,,none,l1,2019
"dj khaled featuring post malone, megan thee stallion, lil baby & dababy",dj khaled,dj khaled,dj khaled,DJ Khaled,0QHgL1lAIqAw0HtD7YldmP,,none,l1,2021
dj khaled featuring quavo & takeoff,dj khaled,dj khaled,dj khaled,DJ Khaled,0QHgL1lAIqAw0HtD7YldmP,,none,l1,2022
"dj khaled featuring rick ross, lil wayne, jay-z, john legend & fridayy",dj khaled,dj khaled,dj khaled,DJ Khaled,0QHgL1lAIqAw0HtD7YldmP,,none,l1,2022
"dj khaled featuring rick ross, plies, lil wayne & t-pain",dj khaled,dj khaled,dj khaled,DJ Khaled,0QHgL1lAIqAw0HtD7YldmP,,none,l1,2011
dj khaled featuring rihanna & bryson tiller,dj khaled,dj khaled,dj khaled,DJ Khaled,0QHgL1lAIqAw0HtD7YldmP,,none,l1,2017
dj khaled featuring sza,dj khaled,dj khaled,dj khaled,DJ Khaled,0QHgL1lAIqAw0HtD7YldmP,,none,l1,2019
"dj khaled featuring t-pain, ludacris, snoop dogg & rick ross",dj khaled,dj khaled,dj khaled,DJ Khaled,0QHgL1lAIqAw0HtD7YldmP,,none,l1,2010
"dj khaled featuring t-pain, trick daddy, rick ross & plies",dj khaled,dj khaled,dj khaled,DJ Khaled,0QHgL1lAIqAw0HtD7YldmP,,none,l1,2008
"dj khaled featuring t.i., akon, rick ross, fat joe, lil' wayne & baby",dj khaled,dj khaled,dj khaled,DJ Khaled,0QHgL1lAIqAw0HtD7YldmP,,none,l1,2007
dj khaled featuring travis scott & post malone,dj khaled,dj khaled,dj khaled,DJ Khaled,0QHgL1lAIqAw0HtD7YldmP,,none,l1,2019
"dj khaled featuring travis scott, rick ross & big sean",dj khaled,dj khaled,dj khaled,DJ Khaled,0QHgL1lAIqAw0HtD7YldmP,,none,l1,2017
"dj khaled, lil baby, future & lil uzi vert","dj khaled, lil baby, future & lil uzi vert",dj khaled,dj khaled,DJ Khaled,0QHgL1lAIqAw0HtD7YldmP,,none,l2,2023
dj kool,dj kool,dj kool,dj kool,DJ Kool,1SWGyp2nxNSyQkRX1eqoUp,go-go;old school hip hop,spotify,artist,1997
dj laz featuring flo rida & casely,dj laz,dj laz,dj laz,Dj Laz,5REF3rMSUd6bSRwgV09dzQ,miami bass;latin hip hop;bass music,spotify,l1,2008
dj luke nasty,dj luke nasty,dj luke nasty,dj luke nasty,DJ Luke Nasty,1yZwlOVsfrp4wb6d29KkGM,,none,artist,2017
dj miko,dj miko,dj miko,dj miko,DJ MIKO,2vl13k9qErL35Nnvq9INcu,,none,artist,1994
dj quik,dj quik,dj quik,dj quik,DJ Quik,0b2XeWDPeBiLeskT6RFqMb,g-funk;west coast hip hop;old school hip hop;gangster rap,spotify,artist,1995
dj sammy & yanou featuring do,dj sammy & yanou,dj sammy,dj sammy,DJ Sammy,4z4m1P0iX2nRSPDBEZ8LBT,eurodance,spotify,l2,2002
dj snake & alunageorge,dj snake & alunageorge,dj snake,dj snake,DJ Snake,540vIaP2JwjQb9dm3aArA4,,none,l2,2015
dj snake & lil jon,dj snake & lil jon,dj snake,dj snake,DJ Snake,540vIaP2JwjQb9dm3aArA4,,none,l2,2014
dj snake featuring bipolar sunshine,dj snake,dj snake,dj snake,DJ Snake,540vIaP2JwjQb9dm3aArA4,,none,l1,2016
dj snake featuring justin bieber,dj snake,dj snake,dj snake,DJ Snake,540vIaP2JwjQb9dm3aArA4,,none,l1,2017
"dj snake featuring selena gomez, ozuna & cardi b",dj snake,dj snake,dj snake,DJ Snake,540vIaP2JwjQb9dm3aArA4,,none,l1,2019
"dj snake, j. balvin & tyga","dj snake, j. balvin & tyga",dj snake,dj snake,DJ Snake,540vIaP2JwjQb9dm3aArA4,,none,l2,2020
dj suede the remix god,dj suede the remix god,dj suede the remix god,dj suede the remix god,DJ Suede The Remix God,7vVRyH9sdDUt7wf3daxLdn,,none,artist,2017
dj taz featuring raheem the dream,dj taz,dj taz,dj taz,DJ TAZ,5TmSXmgpxKxpeUVEBN4kjK,,none,l1,1997
dlow,dlow,dlow,dlow,Dlow,4FQ08OkutakaNPvuncmsqv,vietnamese hip hop;v-pop,spotify,artist,2016
dmx,dmx,dmx,dmx,DMX,1HwM5zlC5qNWhJtM00yXzG,east coast hip hop;old school hip hop;hardcore hip hop,spotify,artist,2021
dmx featuring faith evans,dmx,dmx,dmx,DMX,1HwM5zlC5qNWhJtM00yXzG,east coast hip hop;old school hip hop;hardcore hip hop,spotify,l1,2002
dmx featuring sheek of the lox,dmx,dmx,dmx,DMX,1HwM5zlC5qNWhJtM00yXzG,east coast hip hop;old school hip hop;hardcore hip hop,spotify,l1,1998
dmx featuring sisqo,dmx,dmx,dmx,DMX,1HwM5zlC5qNWhJtM00yXzG,east coast hip hop;old school hip hop;hardcore hip hop,spotify,l1,2000
dna featuring suzanne vega,dna,dna,dna,DNA,6sHZB3bXivfeSzjScwRYGN,hipdut;indonesian hip hop,spotify,l1,1991
dnce,dnce,dnce,dnce,DNCE,6T5tfhQCknKG4UnH90qGnz,,none,artist,2016
drs,drs,drs,drs,DRS,0WCfu8x76QX3CjVgiE3Hn2,liquid funk;drum and bass;jungle,spotify,artist,1994
da brat,da brat,da brat,da brat,Da Brat,2I1bnmb9VQEQGKHxvr0gSf,g-funk,spotify,artist,2000
da brat featuring cherish,da brat,da brat,da brat,Da Brat,2I1bnmb9VQEQGKHxvr0gSf,g-funk,spotify,l1,2003
da brat featuring t-boz,da brat,da brat,da brat,Da Brat,2I1bnmb9VQEQGKHxvr0gSf,g-funk,spotify,l1,1997
da brat featuring tyrese,da brat,da brat,da brat,Da Brat,2I1bnmb9VQEQGKHxvr0gSf,g-funk,spotify,l1,2000
da youngsta's,da youngsta's,da youngsta's,da youngstas,Da youngstas,4vaAYG2aqKOnyUEqTGXlpf,,none,l3,1994
dababy,dababy,dababy,dababy,DaBaby,4r63FhuTkUYltbVAg5TQnk,,none,artist,2023
dababy & nicki minaj,dababy & nicki minaj,dababy,dababy,DaBaby,4r63FhuTkUYltbVAg5TQnk,,none,l2,2019
dababy & youngboy never broke again,dababy & youngboy never broke again,dababy,dababy,DaBaby,4r63FhuTkUYltbVAg5TQnk,,none,l2,2022
dababy featuring a boogie wit da hoodie & london on da track,dababy,dababy,dababy,DaBaby,4r63FhuTkUYltbVAg5TQnk,,none,l1,2020
dababy featuring ashanti & megan thee stallion,dababy,dababy,dababy,DaBaby,4r63FhuTkUYltbVAg5TQnk,,none,l1,2020
"dababy featuring chance the rapper, gucci mane & yk osiris",dababy,dababy,dababy,DaBaby,4r63FhuTkUYltbVAg5TQnk,,none,l1,2019
dababy featuring future & jetsonmade,dababy,dababy,dababy,DaBaby,4r63FhuTkUYltbVAg5TQnk,,none,l1,2020
dababy featuring kevin gates,dababy,dababy,dababy,DaBaby,4r63FhuTkUYltbVAg5TQnk,,none,l1,2019
dababy featuring lil baby & moneybagg yo,dababy,dababy,dababy,DaBaby,4r63FhuTkUYltbVAg5TQnk,,none,l1,2020
dababy featuring migos,dababy,dababy,dababy,DaBaby,4r63FhuTkUYltbVAg5TQnk,,none,l1,2019
dababy featuring offset,dababy,dababy,dababy,DaBaby,4r63FhuTkUYltbVAg5TQnk,,none,l1,2020
dababy featuring quavo,dababy,dababy,dababy,DaBaby,4r63FhuTkUYltbVAg5TQnk,,none,l1,2020
dababy featuring roddy ricch,dababy,dababy,dababy,DaBaby,4r63FhuTkUYltbVAg5TQnk,,none,l1,2021
dababy featuring stunna 4 vegas,dababy,dababy,dababy,DaBaby,4r63FhuTkUYltbVAg5TQnk,,none,l1,2019
dababy featuring young thug,dababy,dababy,dababy,DaBaby,4r63FhuTkUYltbVAg5TQnk,,none,l1,2020
dababy featuring youngboy never broke again,dababy,dababy,dababy,DaBaby,4r63FhuTkUYltbVAg5TQnk,,none,l1,2020
dababy x lil wayne,dababy x lil wayne,dababy,dababy,DaBaby,4r63FhuTkUYltbVAg5TQnk,,none,l2,2021
dababy x stunna 4 vegas,dababy x stunna 4 vegas,dababy,dababy,DaBaby,4r63FhuTkUYltbVAg5TQnk,,none,l2,2020
daddy dewdrop,daddy dewdrop,daddy dewdrop,daddy dewdrop,Daddy Dewdrop,5rFi4jPBgt63Z1JXcLE9QX,,none,artist,1971
daddy yankee,daddy yankee,daddy yankee,daddy yankee,Daddy Yankee,4VMYDCV2IEDYJArk749S6m,reggaeton;latin,spotify,artist,2018
daddy yankee & bad bunny,daddy yankee & bad bunny,daddy yankee,daddy yankee,Daddy Yankee,4VMYDCV2IEDYJArk749S6m,reggaeton;latin,spotify,l2,2022
daddy yankee & katy perry featuring snow,daddy yankee & katy perry,daddy yankee,daddy yankee,Daddy Yankee,4VMYDCV2IEDYJArk749S6m,reggaeton;latin,spotify,l2,2019
daddy yankee featuring fergie,daddy yankee,daddy yankee,daddy yankee,Daddy Yankee,4VMYDCV2IEDYJArk749S6m,reggaeton;latin,spotify,l1,2007
dae dae,dae dae,dae dae,dae dae,Dae Dae,41LfjfTCcTCUdykJqNyFw8,,none,artist,2016
daft punk,daft punk,daft punk,daft punk,Daft Punk,4tZwfgrHOc3mvqYlEYSvVi,french house;electronic;electro,spotify,artist,2001
daft punk featuring pharrell williams,daft punk,daft punk,daft punk,Daft Punk,4tZwfgrHOc3mvqYlEYSvVi,french house;electronic;electro,spotify,l1,2013
daisy dee,daisy dee,daisy dee,daisy dee,Daisy Dee,2rYZvzfxqxAGzNBWjxRxqo,eurodance,spotify,artist,1991
dakota moon,dakota moon,dakota moon,dakota moon,Dakota Moon,7ELimrCB9CnQYcbhRKsjf9,quiet storm,spotify,artist,1998
dale & grace,dale & grace,dale,dale,Dale & Grace,4pm3g02BZ11lBvSCuomYaW,doo-wop,spotify,artist,1964
dale hawkins,dale hawkins,dale hawkins,dale hawkins,Dale Hawkins,7kcPzHlsyJm5tDv7JMcr6T,rockabilly;psychobilly;rock and roll,spotify,artist,1959
dale ward,dale ward,dale ward,dale ward,Dale Ward,05x1FvFPnODnDWwtLloxrF,,none,artist,1964
dale wright and the wright guys with the dons,dale wright and the wright guys with the dons,dale wright,dale wright,Dale Wright,3XeJHArtnWVYs3vIS1zYjR,rockabilly;doo-wop;psychobilly,spotify,l2,1958
dallas frazier,dallas frazier,dallas frazier,dallas frazier,Dallas Frazier,7dpP2YddNPXZPQmr5qmEmB,traditional country,spotify,artist,1966
damage,damage,damage,damage,DAMAGE,5XmMRdMQn7LLmjx3ZC4wq0,phonk,spotify,artist,1997
"damian ""jr. gong"" marley","damian ""jr. gong"" marley","damian ""jr. gong"" marley",damian jr gong marley,Damian Jr Gong Marley,35U7knOD7am5fbB0EQEroE,,none,l3,2005
damian dame,damian dame,damian dame,damian dame,Damian Dame,0iBgDj1dAWyi7R5J6KYXJM,new jack swing,spotify,artist,1992
damien,damien,damien,damien,Damien,6zQRQ2jsbICny41g2fVT5U,,none,artist,2015
damita jo,damita jo,damita jo,damita jo,Damita Jo,2bgoYtsrUMDi8L2kryCpmn,,none,artist,1967
damizza presents shade sheist featuring nate dogg & kurupt,damizza presents shade sheist,damizza presents shade sheist,damizza presents shade sheist,,,,none,,2000
damn yankees,damn yankees,damn yankees,damn yankees,Damn Yankees,7ihLzUpuNecU5VBkvOUDNq,glam metal;glam rock;aor,spotify,artist,1993
dan + shay,dan + shay,dan,dan,Dan + Shay,7z5WFjZAIYejWy0NI5lv4T,country,spotify,artist,2025
dan + shay & justin bieber,dan + shay & justin bieber,dan,dan,,,,none,,2020
dan baird,dan baird,dan baird,dan baird,Dan Baird,3GkkxIg38J5PD2xEeh6grn,,none,artist,1993
dan fogelberg,dan fogelberg,dan fogelberg,dan fogelberg,Dan Fogelberg,0cA5Tg15TwARIRZeiNT1RO,yacht rock;soft rock,spotify,artist,1987
dan fogelberg/tim weisberg,dan fogelberg,dan fogelberg,dan fogelberg,Dan Fogelberg,0cA5Tg15TwARIRZeiNT1RO,yacht rock;soft rock,spotify,l1,1979
dan hartman,dan hartman,dan hartman,dan hartman,Dan Hartman,1HvcqyRLS9nF8hAbTWOqpr,disco,spotify,artist,1985
dan hill,dan hill,dan hill,dan hill,Dan Hill,5rOhfAsK4uxq9OdREiQRKa,,none,artist,1988
dan hill (duet with vonda shepard),dan hill,dan hill,dan hill,Dan Hill,5rOhfAsK4uxq9OdREiQRKa,,none,l1,1987
dan peek,dan peek,dan peek,dan peek,Dan Peek,6HoR4Xa6nrt2e273b2fl5M,ccm;christian rock;yacht rock,spotify,artist,1979
dan reed network,dan reed network,dan reed network,dan reed network,Dan Reed Network,5tAiPLHijfu43jui1XuiXq,funk rock;aor;arena rock,spotify,artist,1988
dan seals,dan seals,dan seals,dan seals,Dan Seals,55yEsJBqyn27JPsw5hHzqi,classic country;country,spotify,artist,1986
dana,dana,dana,dana,Dana,4oUyBawGODm5oYtfa0scxY,chanson,spotify,artist,1997
dana rollin,dana rollin,dana rollin,dana rollin,,,,none,,1966
dana valery,dana valery,dana valery,dana valery,Dana Valery,3yck88MVltjEcA4CAO4dra,northern soul;classic soul,spotify,artist,1980
"dancer, prancer and nervous","dancer, prancer and nervous",dancer,dancer,Dancer,4aRuyN2moR9xvYmIzUHiR1,post-punk,spotify,l2,1960
danger danger,danger danger,danger danger,danger danger,Danger Danger,1VaIDrxow5xfLmB9R26JVZ,glam metal;aor;glam rock;arena rock;hard rock,spotify,artist,1990
danileigh featuring chris brown,danileigh,danileigh,danileigh,DaniLeigh,0XIKGBo9PnK1ApI5tZA60d,r&b,spotify,l1,2020
daniel bedingfield,daniel bedingfield,daniel bedingfield,daniel bedingfield,Daniel Bedingfield,11hIqBsGRPztdjBHCSLClX,uk garage,spotify,artist,2003
daniel boone,daniel boone,daniel boone,daniel boone,Daniel Boone,0G4FNjq9pgyjYDGWcJ14uw,,none,artist,1975
daniel caesar featuring h.e.r.,daniel caesar,daniel caesar,daniel caesar,Daniel Caesar,20wkVLutqVOYrc0kxFs7rA,,none,l1,2018
daniel caesar featuring kali uchis,daniel caesar,daniel caesar,daniel caesar,Daniel Caesar,20wkVLutqVOYrc0kxFs7rA,,none,l1,2018
daniel powter,daniel powter,daniel powter,daniel powter,Daniel Powter,7xTcuBOIAAIGDOSvwYFPzk,,none,artist,2006
daniel rodriguez,daniel rodriguez,daniel rodriguez,daniel rodriguez,Daniel Rodriguez,1J9TLISWkcIFjei2jxeJCR,,none,artist,2002
danielle bradbery,danielle bradbery,danielle bradbery,danielle bradbery,Danielle Bradbery,5iqStkZi6QmG8sgQZQrfGN,country,spotify,artist,2014
danity kane,danity kane,danity kane,danity kane,Danity Kane,3FD9VAd0ppjmKbfxF4LzUh,,none,artist,2008
dann rogers,dann rogers,dann rogers,dann rogers,Dann Rogers,2t6YXzPRKxUcSNDMQv9TaY,yacht rock,spotify,artist,1980
danny & the juniors,danny & the juniors,danny,danny,Danny & The Juniors,6Ahm6X9wSKXitavOvu0XzY,doo-wop;rockabilly;rock and roll,spotify,artist,1963
danny & the juniors with freddy cannon,danny & the juniors with freddy cannon,danny,danny,Danny,1qyXgLYCg0osV4glEYuQIv,,none,l2,1962
danny gokey,danny gokey,danny gokey,danny gokey,Danny Gokey,5Yu3b48Y29bZlI1cLPOZJz,christian;ccm;christian pop;worship,spotify,artist,2010
danny holien,danny holien,danny holien,danny holien,Danny Holien,2AniQNQrU8cgVoeczco3gb,,none,artist,1972
danny hutton,danny hutton,danny hutton,danny hutton,Danny Hutton,0fVz6gMf57Q3CymbJqN1eU,acid rock;arena rock,spotify,artist,1965
danny o'keefe,danny o'keefe,danny o'keefe,danny okeefe,,,,none,,1972
danny peppermint and the jumping jacks,danny peppermint and the jumping jacks,danny peppermint,danny peppermint,,,,none,,1961
danny valentino,danny valentino,danny valentino,danny valentino,,,,none,,1960
danny white,danny white,danny white,danny white,Danny White,4WmCE0IXejJUoStO7Qn3vL,italian trap,spotify,artist,1977
danny williams,danny williams,danny williams,danny williams,Danny Williams,15u0AJnPVLVflLz3ltAxoX,,none,artist,1964
danny wilson,danny wilson,danny wilson,danny wilson,Danny Wilson,1a5dYzrB0h0dD0dVWLeOHk,,none,artist,1987
danny zella and his zell rocks,danny zella and his zell rocks,danny zella,danny zella,Danny Zella And His Zell Rocks,4q7eNr2Pseq2KA0He4AP6s,,none,artist,1959
dante thomas featuring pras,dante thomas,dante thomas,dante thomas,Dante Thomas,4NUE0y0jl6uUJbaelq06G9,,none,l1,2001
dante and the evergreens,dante and the evergreens,dante,dante,Dante,2hDnlqxEGmcq74MAfO9iEX,,none,l2,1960
danyel gerard,danyel gerard,danyel gerard,danyel gerard,Danyel Gerard,18wc7xvm8Ti7rqoLtf6jIU,schlager;chanson,spotify,artist,1972
danzig,danzig,danzig,danzig,Danzig,34c4iQ5tkaZKu6Sv28BTde,horror punk,spotify,artist,1994
darden smith,darden smith,darden smith,darden smith,Darden Smith,6CUKhaUkMI9j5qAEyuRfaA,americana;alt country,spotify,artist,1993
dareyes de la sierra,dareyes de la sierra,dareyes de la sierra,dareyes de la sierra,,,,none,,2025
darius rucker,darius rucker,darius rucker,darius rucker,Darius Rucker,7FY5V3XMwlNBPitEjXowHQ,country,spotify,artist,2021
darlene love,darlene love,darlene love,darlene love,Darlene Love,391oLRVmoTkumiN79HkTWu,christmas,spotify,artist,2025
darrell banks,darrell banks,darrell banks,darrell banks,Darrell Banks,5vWhw0XzIKRr5YUsYB2w3m,northern soul;classic soul;motown;soul,spotify,artist,1966
darren hayes,darren hayes,darren hayes,darren hayes,Darren Hayes,0ihJnGEjNnbM6uuTn3RHMo,,none,artist,2002
darrow fletcher,darrow fletcher,darrow fletcher,darrow fletcher,Darrow Fletcher,0adetEU8Vg0fU96nkB9Zel,northern soul,spotify,artist,1966
darryl worley,darryl worley,darryl worley,darryl worley,Darryl Worley,4zIBkSJcqRp4ADuFI94WvO,country,spotify,artist,2009
darude,darude,darude,darude,Darude,0LhHRmSd1EYM5QdNeNnCoQ,eurodance,spotify,artist,2001
daryl braithwaite,daryl braithwaite,daryl braithwaite,daryl braithwaite,Daryl Braithwaite,4t52ndk0OkAxtb4vMDLPhe,,none,artist,1991
daryl hall,daryl hall,daryl hall,daryl hall,Daryl Hall,5jit9WjiAxxvdA0onOHBLd,,none,artist,1993
daryl hall  john oates,daryl hall  john oates,daryl hall  john oates,daryl hall john oates,,,,none,,2005
daryle singletary,daryle singletary,daryle singletary,daryle singletary,Daryle Singletary,1mQ9wgWshECdFsDbT7ATzT,classic country;traditional country;country,spotify,artist,1998
das efx,das efx,das efx,das efx,Das EFX,0auu2itHTxEdAMRHvx7CyG,east coast hip hop;old school hip hop;hardcore hip hop;hip hop;boom bap,spotify,artist,1995
das efx (featuring mobb deep),das efx,das efx,das efx,Das EFX,0auu2itHTxEdAMRHvx7CyG,east coast hip hop;old school hip hop;hardcore hip hop;hip hop;boom bap,spotify,l1,1996
dasha,dasha,dasha,dasha,Dasha,7Ez6lTtSMjMf2YSYpukP1I,,none,artist,2025
dashboard confessional,dashboard confessional,dashboard confessional,dashboard confessional,Dashboard Confessional,4ERtgeBbWRkFzIz6LaFCeY,emo;pop punk,spotify,artist,2007
daughtry,daughtry,daughtry,daughtry,Daughtry,5P5FTygHyx2G57oszR3Wot,,none,artist,2014
"dave ""baby"" cortez","dave ""baby"" cortez","dave ""baby"" cortez",dave baby cortez,,,,none,,1966
dave & ansil collins,dave & ansil collins,dave,dave,Dave,6Ip8FS7vWT1uKkJSweANQK,grime;uk grime;uk drill;drill,spotify,l2,1971
"dave dee, dozy, beaky, mick and tich","dave dee, dozy, beaky, mick and tich",dave dee,dave dee,Dave Dee,2kr8rJzPiiVjXWiVVsPNWJ,,none,l2,1968
dave dudley,dave dudley,dave dudley,dave dudley,Dave Dudley,4bsWHdJkFtq1r3TcXtKGdv,classic country;outlaw country;honky tonk;traditional country,spotify,artist,1963
dave edmunds,dave edmunds,dave edmunds,dave edmunds,Dave Edmunds,65Gh3BfK84aTIugiRCgLBA,rockabilly;power pop,spotify,artist,1985
dave hollister,dave hollister,dave hollister,dave hollister,Dave Hollister,5Z1reBuaReg2pg72I2mnMm,quiet storm;neo soul,spotify,artist,2001
dave loggins,dave loggins,dave loggins,dave loggins,Dave Loggins,7qBnCBxjX9xHgepd3ayVc5,yacht rock,spotify,artist,1974
dave mason,dave mason,dave mason,dave mason,Dave Mason,2DWQX92uew7DlsgN0yD775,yacht rock;singer-songwriter,spotify,artist,1980
dave matthews band,dave matthews band,dave matthews band,dave matthews band,Dave Matthews Band,2TI7qyDE0QfyOlnbtfDo7L,jam band,spotify,artist,2012
dave stewart and barbara gaskin,dave stewart and barbara gaskin,dave stewart,dave stewart,Dave Stewart,7gcCQIlkkfbul5Mt0jBQkg,,none,l2,1982
dave york and the beachcombers,dave york and the beachcombers,dave york,dave york,,,,none,,1962
david & david,david & david,david,david,,,,none,,1987
david & jimmy ruffin,david & jimmy ruffin,david,david,,,,none,,1970
david & jonathan,david & jonathan,david,david,David & Jonathan,6wl2cTIa5bbrsXc36bm7E7,,none,artist,1966
david a. stewart introducing candy dulfer,david a. stewart introducing candy dulfer,david a. stewart introducing candy dulfer,david a stewart introducing candy dulfer,,,,none,,1991
david archuleta,david archuleta,david archuleta,david archuleta,David Archuleta,2C9n4tQgNLhHPhSCmdsQnk,,none,artist,2009
david ball,david ball,david ball,david ball,David Ball,7y9COUDxusQXRjW95vOubE,classic country;country;traditional country,spotify,artist,2002
david banner,david banner,david banner,david banner,David Banner,7jFaoqWPhYLrKzjzlpXmUO,southern hip hop;crunk,spotify,artist,2005
david banner featuring chris brown,david banner,david banner,david banner,David Banner,7jFaoqWPhYLrKzjzlpXmUO,southern hip hop;crunk,spotify,l1,2008
david banner featuring lil' flip,david banner,david banner,david banner,David Banner,7jFaoqWPhYLrKzjzlpXmUO,southern hip hop;crunk,spotify,l1,2003
david bellamy,david bellamy,david bellamy,david bellamy,,,,none,,1975
david blue,david blue,david blue,david blue,David Blue,1QxzB6NajleehhtcWaUjjT,,none,artist,1973
david bowie,david bowie,david bowie,david bowie,David Bowie,0oSGxfWSnnOXhD2fKuz2Gy,glam rock;art rock,spotify,artist,2016
david bowie & mick jagger,david bowie & mick jagger,david bowie,david bowie,David Bowie,0oSGxfWSnnOXhD2fKuz2Gy,glam rock;art rock,spotify,l2,1985
david bowie/pat metheny group,david bowie,david bowie,david bowie,David Bowie,0oSGxfWSnnOXhD2fKuz2Gy,glam rock;art rock,spotify,l1,1985
david carroll and his orchestra,david carroll and his orchestra,david carroll,david carroll,David Carroll And His Orchestra,73TdudxKz731TDhpHFs3KL,exotica,spotify,artist,1962
david cassidy,david cassidy,david cassidy,david cassidy,David Cassidy,0isDnZYMWbwDz7hzw0XRjt,,none,artist,1991
david castle,david castle,david castle,david castle,David Castle,2E5lnI8Qv923ZHNXgSK58L,,none,artist,1978
david cook,david cook,david cook,david cook,David Cook,4SQxI8xg6LcSWL3KuGVHLa,,none,artist,2009
david crosby,david crosby,david crosby,david crosby,David Crosby,59zdhVoWxSoHMc74n098Re,folk rock;singer-songwriter,spotify,artist,1971
david crosby & phil collins,david crosby & phil collins,david crosby,david crosby,David Crosby,59zdhVoWxSoHMc74n098Re,folk rock;singer-songwriter,spotify,l2,1993
david crosby/graham nash,david crosby,david crosby,david crosby,David Crosby,59zdhVoWxSoHMc74n098Re,folk rock;singer-songwriter,spotify,l1,1976
david dundas,david dundas,david dundas,david dundas,David Dundas,1NcUsr07BOPEQHnREfVUPh,,none,artist,1977
david essex,david essex,david essex,david essex,David Essex,46n0cAhBmsRJZiX6GSFmbf,glam rock,spotify,artist,1974
david foster,david foster,david foster,david foster,David Foster,0SgQK24WzZf2pXBXYqHJYF,christmas,spotify,artist,1988
david foster and olivia newton-john,david foster and olivia newton-john,david foster,david foster,David Foster,0SgQK24WzZf2pXBXYqHJYF,christmas,spotify,l2,1986
david gates,david gates,david gates,david gates,David Gates,5BmXbfqAgfkuTkPlVQDKOW,yacht rock,spotify,artist,1981
david geddes,david geddes,david geddes,david geddes,David Geddes,3a6bWolNuTENDrRz3SgaO5,,none,artist,1976
david gilmour,david gilmour,david gilmour,david gilmour,David Gilmour,2FcC4sDMXme2ziI7tGKMK8,progressive rock,spotify,artist,1984
david gray,david gray,david gray,david gray,David Gray,7J2lZBANizgPNfUzux31PV,,none,artist,2001
david guetta & bebe rexha,david guetta & bebe rexha,david guetta,david guetta,David Guetta,1Cs0zKBU1kc0i8ypK3B9ai,edm,spotify,l2,2023
david guetta & chris willis,david guetta & chris willis,david guetta,david guetta,David Guetta,1Cs0zKBU1kc0i8ypK3B9ai,edm,spotify,l2,2008
david guetta & chris willis featuring fergie & lmfao,david guetta & chris willis,david guetta,david guetta,David Guetta,1Cs0zKBU1kc0i8ypK3B9ai,edm,spotify,l2,2010
david guetta & onerepublic,david guetta & onerepublic,david guetta,david guetta,David Guetta,1Cs0zKBU1kc0i8ypK3B9ai,edm,spotify,l2,2024
david guetta featuring akon,david guetta,david guetta,david guetta,David Guetta,1Cs0zKBU1kc0i8ypK3B9ai,edm,spotify,l1,2010
david guetta featuring chris brown & lil wayne,david guetta,david guetta,david guetta,David Guetta,1Cs0zKBU1kc0i8ypK3B9ai,edm,spotify,l1,2012
david guetta featuring flo rida & nicki minaj,david guetta,david guetta,david guetta,David Guetta,1Cs0zKBU1kc0i8ypK3B9ai,edm,spotify,l1,2011
david guetta featuring jennifer hudson,david guetta,david guetta,david guetta,David Guetta,1Cs0zKBU1kc0i8ypK3B9ai,edm,spotify,l1,2011
david guetta featuring justin bieber,david guetta,david guetta,david guetta,David Guetta,1Cs0zKBU1kc0i8ypK3B9ai,edm,spotify,l1,2017
david guetta featuring kelly rowland,david guetta,david guetta,david guetta,David Guetta,1Cs0zKBU1kc0i8ypK3B9ai,edm,spotify,l1,2009
david guetta featuring kid cudi,david guetta,david guetta,david guetta,David Guetta,1Cs0zKBU1kc0i8ypK3B9ai,edm,spotify,l1,2011
david guetta featuring ne-yo & akon,david guetta,david guetta,david guetta,David Guetta,1Cs0zKBU1kc0i8ypK3B9ai,edm,spotify,l1,2013
david guetta featuring nicki minaj,david guetta,david guetta,david guetta,David Guetta,1Cs0zKBU1kc0i8ypK3B9ai,edm,spotify,l1,2012
"david guetta featuring nicki minaj, bebe rexha & afrojack",david guetta,david guetta,david guetta,David Guetta,1Cs0zKBU1kc0i8ypK3B9ai,edm,spotify,l1,2015
david guetta featuring rihanna,david guetta,david guetta,david guetta,David Guetta,1Cs0zKBU1kc0i8ypK3B9ai,edm,spotify,l1,2011
david guetta featuring sam martin,david guetta,david guetta,david guetta,David Guetta,1Cs0zKBU1kc0i8ypK3B9ai,edm,spotify,l1,2015
david guetta featuring sia,david guetta,david guetta,david guetta,David Guetta,1Cs0zKBU1kc0i8ypK3B9ai,edm,spotify,l1,2012
david guetta featuring sia & fetty wap,david guetta,david guetta,david guetta,David Guetta,1Cs0zKBU1kc0i8ypK3B9ai,edm,spotify,l1,2016
david guetta featuring taio cruz & ludacris,david guetta,david guetta,david guetta,David Guetta,1Cs0zKBU1kc0i8ypK3B9ai,edm,spotify,l1,2011
david guetta featuring usher,david guetta,david guetta,david guetta,David Guetta,1Cs0zKBU1kc0i8ypK3B9ai,edm,spotify,l1,2012
"david guetta, alphaville & ava max","david guetta, alphaville & ava max",david guetta,david guetta,David Guetta,1Cs0zKBU1kc0i8ypK3B9ai,edm,spotify,l2,2025
"david guetta, anne-marie & coi leray","david guetta, anne-marie & coi leray",david guetta,david guetta,David Guetta,1Cs0zKBU1kc0i8ypK3B9ai,edm,spotify,l2,2023
david hallyday,david hallyday,david hallyday,david hallyday,David Hallyday,7uzSMdiiJszDASJE9t8xph,variété française;chanson;french pop,spotify,artist,1991
david hill,david hill,david hill,david hill,David Hill,2BdFO4zzInJgdyGcmpWdE9,,none,artist,1959
david houston,david houston,david houston,david houston,David Houston,5eEMKI80R4QTpdPe29LN5i,,none,artist,1968
david houston & tammy wynette,david houston & tammy wynette,david houston,david houston,David Houston,5eEMKI80R4QTpdPe29LN5i,,none,l2,1967
david hudson,david hudson,david hudson,david hudson,David Hudson,0y1miLUVCNWBheYiN0ODMc,,none,artist,1980
david jones,david jones,david jones,david jones,David Jones,7Ls9QwSDJmmP65RnnEJBT8,big band;anti-folk,spotify,artist,1965
david kersh,david kersh,david kersh,david kersh,David Kersh,3vONIwfmKkR8FJQ70Dq95v,traditional country,spotify,artist,1998
david kushner,david kushner,david kushner,david kushner,David Kushner,33NVpKoXjItPwUJTMZIOiY,,none,artist,2024
david laflamme,david laflamme,david laflamme,david laflamme,David Laflamme,6Oy0FvqEiCHc8tqUUawWQN,,none,artist,1977
david lasley,david lasley,david lasley,david lasley,David Lasley,6RHq2C33SNJds19uWNdlMH,aor;yacht rock;philly soul;soft rock,spotify,artist,1982
david lee murphy,david lee murphy,david lee murphy,david lee murphy,David Lee Murphy,78OAtwN3XpjMcjibnF2Kw5,country;classic country,spotify,artist,2004
david lee murphy & kenny chesney,david lee murphy & kenny chesney,david lee murphy,david lee murphy,David Lee Murphy,78OAtwN3XpjMcjibnF2Kw5,country;classic country,spotify,l2,2018
david lee roth,david lee roth,david lee roth,david lee roth,David Lee Roth,0KyCXNSa7ZMb5LydfKbLG3,glam metal;hard rock,spotify,artist,1988
david nail,david nail,david nail,david nail,David Nail,4DZGvSv2oMkBUnPz67E6z6,country;acoustic country,spotify,artist,2016
david nail featuring sarah buxton,david nail,david nail,david nail,David Nail,4DZGvSv2oMkBUnPz67E6z6,country;acoustic country,spotify,l1,2012
david naughton,david naughton,david naughton,david naughton,David Naughton,6vFCfSDEGGjyLpkMa1YhBE,disco,spotify,artist,1979
david pack,david pack,david pack,david pack,David Pack,22iNiLtvlzsvUw9KDiROnl,yacht rock;aor;soft rock,spotify,artist,1986
david rose and his orchestra,david rose and his orchestra,david rose,david rose,David Rose and His Orchestra,1uRmRVIbN9AS8gzAZ02jc7,,none,artist,1962
david ruffin,david ruffin,david ruffin,david ruffin,David Ruffin,3FZn8Z2B7mfaSOU8NE62KR,motown;northern soul;classic soul;philly soul;soul,spotify,artist,1976
david sanborn,david sanborn,david sanborn,david sanborn,David Sanborn,7vNcTk9TgKF0qDsS87nWGE,smooth jazz;jazz fusion;jazz;cool jazz;jazz funk,spotify,artist,1992
david seville,david seville,david seville,david seville,David Seville,4NI5R1DbX27ODY5JTqnv2l,christmas,spotify,artist,1959
david seville and the chipmunks,david seville and the chipmunks,david seville,david seville,David Seville,4NI5R1DbX27ODY5JTqnv2l,christmas,spotify,l2,1962
david soul,david soul,david soul,david soul,David Soul,2eFkm34OMSYRUwP4RAtXaT,,none,artist,1977
david thorne,david thorne,david thorne,david thorne,David Thorne,5wgkYzDPq03pSJphlRDEdC,choral,spotify,artist,1962
davie allan and the arrows,davie allan and the arrows,davie allan,davie allan,Davie Allan,7prMjWwjE8GbkR55T5DmRt,surf rock,spotify,l2,1967
davina,davina,davina,davina,Davina,13gLWDdUjHWnK0XWn3gZMP,neo soul,spotify,artist,1998
davy jones,davy jones,davy jones,davy jones,Davy Jones,0Na1W2clFJ9SQCpuQHKlen,,none,artist,1971
dawin,dawin,dawin,dawin,Dawin,46GXASE9LHzyssNqKOInUu,,none,artist,2016
dawn,dawn,dawn,dawn,Dawn,1vjeJ712UQutRhn6WJI4sF,,none,artist,1971
dawn featuring tony orlando,dawn,dawn,dawn,Dawn,1vjeJ712UQutRhn6WJI4sF,,none,l1,1974
dawn penn,dawn penn,dawn penn,dawn penn,Dawn Penn,6mLXvSt7Xxy2r9uBba1O6Z,reggae;rocksteady;lovers rock;roots reggae,spotify,artist,1994
day26,day26,day26,day26,DAY26,7dpKVB4mK3ufNdZOpMKtrd,,none,artist,2008
day26 featuring p. diddy & yung joc,day26,day26,day26,DAY26,7dpKVB4mK3ufNdZOpMKtrd,,none,l1,2009
daya,daya,daya,daya,Daya,6Dd3NScHWwnW6obMFbl1BH,,none,artist,2016
daybreak,daybreak,daybreak,daybreak,DAYBREAK,1uMhweBMKu7nA1IgFc0yN2,k-rock;city pop,spotify,artist,1970
dayton,dayton,dayton,dayton,Dayton,3vMracm7RS0LAwtY5591yP,post-disco;funk;boogie,spotify,artist,1982
daze,daze,daze,daze,Daze,0EyQK4yQkyCubak3DZydiV,eurodance;europop,spotify,artist,1998
dazz band,dazz band,dazz band,dazz band,Dazz Band,4n7L1vYXp4Dt0HfxaLBj9l,funk;post-disco,spotify,artist,1985
de la soul,de la soul,de la soul,de la soul,De La Soul,1Z8ODXyhEBi3WynYw0Rya6,jazz rap;east coast hip hop,spotify,artist,1993
de la soul featuring chaka khan,de la soul,de la soul,de la soul,De La Soul,1Z8ODXyhEBi3WynYw0Rya6,jazz rap;east coast hip hop,spotify,l1,2001
dej loaf,dej loaf,dej loaf,dej loaf,DeJ Loaf,7kFfY4UjNdNyaeUgLIEbIF,,none,artist,2017
dej loaf featuring big sean,dej loaf,dej loaf,dej loaf,DeJ Loaf,7kFfY4UjNdNyaeUgLIEbIF,,none,l1,2016
dejohn sisters,dejohn sisters,dejohn sisters,dejohn sisters,,,,none,,1958
dead or alive,dead or alive,dead or alive,dead or alive,Dead Or Alive,5WWSL6rElJeUk3Uc1S2RyD,hi-nrg;synthpop,spotify,artist,1989
deadeye dick,deadeye dick,deadeye dick,deadeye dick,Deadeye Dick,6T5h5RzrzZjRAU2Yp7265Q,,none,artist,1995
deadmau5 featuring greta svabo bech,deadmau5,deadmau5,deadmau5,deadmau5,2CIMQHirSU0MQqyYHq0eOx,edm;progressive house;dubstep,spotify,l1,2012
dean & marc,dean & marc,dean,dean,Dean & Marc,77K61uvVFWpg13zsjAlYa7,,none,artist,1959
dean and jean,dean and jean,dean,dean,Dean and Jean,2VZNDNlKbrGViBx2q0FIui,doo-wop,spotify,artist,1964
dean christie,dean christie,dean christie,dean christie,Dean Christie,7DEa7pHNYyHw4OiYL8dICn,doo-wop,spotify,artist,1962
dean friedman,dean friedman,dean friedman,dean friedman,Dean Friedman,4IT7iUyEDGX4pJDo6CfFRB,,none,artist,1977
dean lewis,dean lewis,dean lewis,dean lewis,Dean Lewis,3QSQFmccmX81fWCUSPTS7y,,none,artist,2019
dean martin,dean martin,dean martin,dean martin,Dean Martin,49e4v89VmlDcFCMyDv9wQ9,christmas;adult standards;big band;swing music,spotify,artist,2025
dean martin & sammy davis jr.,dean martin & sammy davis jr.,dean martin,dean martin,Dean Martin,49e4v89VmlDcFCMyDv9wQ9,christmas;adult standards;big band;swing music,spotify,l2,1963
dean parrish,dean parrish,dean parrish,dean parrish,Dean Parrish,5GGcMneZuGe46QPMFzbwAl,northern soul,spotify,artist,1966
dean reed,dean reed,dean reed,dean reed,Dean Reed,2GFp149Dm0siRh49d2DLwR,,none,artist,1959
deana carter,deana carter,deana carter,deana carter,Deana Carter,0aqrM7Fo3Ml66Kc5JAzmjt,country;classic country,spotify,artist,1998
deane hawley,deane hawley,deane hawley,deane hawley,Deane Hawley,2CA478BP1aQbRG2DB9U2nO,,none,artist,1961
death cab for cutie,death cab for cutie,death cab for cutie,death cab for cutie,Death Cab for Cutie,0YrtvWJMgSdVrk3SfNjTbx,,none,artist,2008
debarge,debarge,debarge,debarge,DeBarge,6is2U7I1jlI8PjxNZOHIMV,quiet storm,spotify,artist,1985
debbie campbell,debbie campbell,debbie campbell,debbie campbell,Debbie Campbell,4a4MW3IhIUiN3mNxAQfLC1,,none,artist,1975
debbie dean,debbie dean,debbie dean,debbie dean,Debbie Dean,44YS4M6s942DQS2siuZda8,northern soul;motown,spotify,artist,1961
debbie dovale,debbie dovale,debbie dovale,debbie dovale,,,,none,,1963
debbie gibson,debbie gibson,debbie gibson,debbie gibson,Debbie Gibson,18jZvCsW1PJ4FDQ5gEXuKp,,none,artist,1993
debbie harry,debbie harry,debbie harry,debbie harry,Debbie Harry,7FxMjqH6DH056sdsstGeVl,,none,artist,1987
debbie jacobs,debbie jacobs,debbie jacobs,debbie jacobs,Debbie Jacobs,3CR8jIKs7xwpWHZ1s8CgBL,disco house;disco;nu disco,spotify,artist,1980
debbie reynolds,debbie reynolds,debbie reynolds,debbie reynolds,Debbie Reynolds,4Zf0pLGYwNB86Y97kisvkn,musicals,spotify,artist,1960
debbie taylor,debbie taylor,debbie taylor,debbie taylor,Debbie Taylor,3AOPsb5oGscweRef0jCI1p,northern soul;classic soul,spotify,artist,1976
debby boone,debby boone,debby boone,debby boone,Debby Boone,1UkHCANZmdkKyVNvTLMrcJ,,none,artist,1978
debelah morgan,debelah morgan,debelah morgan,debelah morgan,Debelah Morgan,0tRRrNLQY5rejEDVSjy4w3,cha cha cha,spotify,artist,2001
deborah allen,deborah allen,deborah allen,deborah allen,Deborah Allen,50Rmy390GwXovjn4aOJb80,,none,artist,1984
deborah cox,deborah cox,deborah cox,deborah cox,Deborah Cox,601893mmW5hl1FBOykWZHG,quiet storm,spotify,artist,2004
deborah cox with r.l.,deborah cox with r.l.,deborah cox,deborah cox,Deborah Cox,601893mmW5hl1FBOykWZHG,quiet storm,spotify,l2,2000
debra laws,debra laws,debra laws,debra laws,Debra Laws,6iA5wBxxMxUMr9a4fnJd34,quiet storm,spotify,artist,1981
dee clark,dee clark,dee clark,dee clark,DEE CLARK,5pWiPMmLut6jj5iiNgUPcq,,none,artist,1963
dee dee sharp,dee dee sharp,dee dee sharp,dee dee sharp,Dee Dee Sharp,2NtGOVTuHBMDfR5PMNPBGT,philly soul;doo-wop;northern soul,spotify,artist,1965
dee dee warwick,dee dee warwick,dee dee warwick,dee dee warwick,Dee Dee Warwick,3KeTziLAcJFEnbhfIMRh5w,northern soul;philly soul;classic soul;soul,spotify,artist,1971
dee jay and the runaways,dee jay and the runaways,dee jay,dee jay,,,,none,,1966
deee-lite,deee-lite,deee-lite,deeelite,Deee-Lite,4eQJIXFEujzhTVVS1gIfu5,,none,artist,1991
deep blue something,deep blue something,deep blue something,deep blue something,Deep Blue Something,5N5RfI8FFXk4WQ8kkjE407,,none,artist,1996
deep forest,deep forest,deep forest,deep forest,Deep Forest,4pAYkltTzVhqBZuDekCHa3,new age,spotify,artist,1994
deep purple,deep purple,deep purple,deep purple,Deep Purple,568ZhdwyaiCyOGJRtNYhWf,hard rock;classic rock;rock,spotify,artist,1985
def leppard,def leppard,def leppard,def leppard,Def Leppard,6H1RjVyNruCmrBEWRbD0VZ,glam metal;glam rock;classic rock,spotify,artist,1996
default,default,default,default,Default,4nCzT3o7lMgCWBcmdwCMsT,post-grunge,spotify,artist,2002
degrees of motion,degrees of motion,degrees of motion,degrees of motion,Degrees Of Motion,0KsCD2zWvNNio55SHdC6s7,,none,artist,1992
deja,deja,deja,deja,DEJA,42VmdS8ipHlJdnjfeT3Hnp,,none,artist,1988
deja vu,deja vu,deja vu,deja vu,Deja Vu,7xlTHJPp1iz42tYEn24Ce4,,none,artist,1998
del amitri,del amitri,del amitri,del amitri,Del Amitri,2Q4FnG5T6NTUcAAZwuMV5K,,none,artist,1996
del reeves,del reeves,del reeves,del reeves,Del Reeves,2rTgolMbO5tyXZvD26bO8e,classic country;honky tonk;traditional country,spotify,artist,1965
del shannon,del shannon,del shannon,del shannon,Del Shannon,3c8WoNjBfyLJhFObE6RHgs,doo-wop,spotify,artist,1982
delaney & bonnie,delaney & bonnie,delaney,delaney,Delaney & Bonnie,6dTCMsjfH2odCFlNb36SCG,southern rock,spotify,artist,1972
delaney & bonnie & friends,delaney & bonnie & friends,delaney,delaney,Delaney,0Svo5HruOzCwz4qYed45Li,,none,l2,1971
delaney & bonnie & friends/eric clapton,delaney & bonnie & friends,delaney,delaney,Delaney,0Svo5HruOzCwz4qYed45Li,,none,l2,1970
delbert & glen,delbert & glen,delbert,delbert,Delbert & Glen,3JAseNb3UHOkfkGXScXuIo,,none,artist,1972
delbert mcclinton,delbert mcclinton,delbert mcclinton,delbert mcclinton,Delbert McClinton,3Ri72CuuQSCLLkDRJgniFU,blues;blues rock;country blues,spotify,artist,1981
delegation,delegation,delegation,delegation,Delegation,1zKp43H1kLHOTkJAeyTIkf,,none,artist,1979
delinquent habits,delinquent habits,delinquent habits,delinquent habits,Delinquent Habits,0Ph64AJnzKQwXj4y7bWi2U,latin hip hop;mexican hip hop,spotify,artist,1996
deliverance,deliverance,deliverance,deliverance,Deliverance,0AA0qugrTsIv7JFMEnhaqu,christian rock;thrash metal;speed metal,spotify,artist,1980
deliverance/eric weissberg & steve mandell,deliverance,deliverance,deliverance,Deliverance,0AA0qugrTsIv7JFMEnhaqu,christian rock;thrash metal;speed metal,spotify,l1,1973
della humphrey,della humphrey,della humphrey,della humphrey,Della Humphrey,6uv0MJUAFrcKqvxgjzJ4i7,philly soul;northern soul,spotify,artist,1968
della reese,della reese,della reese,della reese,Della Reese,63qOOnxbI8rVgpakjpnFBp,cha cha cha;vocal jazz,spotify,artist,1966
dem franchize boyz,dem franchize boyz,dem franchize boyz,dem franchize boyz,Dem Franchize Boyz,0VKTLKamj4IH8OfQbUL0kq,crunk;southern hip hop,spotify,artist,2006
"dem franchize boyz featuring jermaine dupri, da brat & bow wow",dem franchize boyz,dem franchize boyz,dem franchize boyz,Dem Franchize Boyz,0VKTLKamj4IH8OfQbUL0kq,crunk;southern hip hop,spotify,l1,2006
dem franchize boyz featuring lil peanut & charlay,dem franchize boyz,dem franchize boyz,dem franchize boyz,Dem Franchize Boyz,0VKTLKamj4IH8OfQbUL0kq,crunk;southern hip hop,spotify,l1,2006
demi lovato,demi lovato,demi lovato,demi lovato,Demi Lovato,6S2OmqARrzebs0tKUEyXyp,,none,artist,2022
demi lovato & joe jonas,demi lovato & joe jonas,demi lovato,demi lovato,Demi Lovato,6S2OmqARrzebs0tKUEyXyp,,none,l2,2008
demi lovato featuring ariana grande,demi lovato,demi lovato,demi lovato,Demi Lovato,6S2OmqARrzebs0tKUEyXyp,,none,l1,2021
demi lovato featuring cher lloyd,demi lovato,demi lovato,demi lovato,Demi Lovato,6S2OmqARrzebs0tKUEyXyp,,none,l1,2014
demi lovato featuring jonas brothers,demi lovato,demi lovato,demi lovato,Demi Lovato,6S2OmqARrzebs0tKUEyXyp,,none,l1,2008
demis roussos,demis roussos,demis roussos,demis roussos,Demis Roussos,0J9mbwg4BquN4XlHzdMK3X,schlager,spotify,artist,1978
deniece williams,deniece williams,deniece williams,deniece williams,Deniece Williams,5jNGQ7VOU87x5402JjhTtd,,none,artist,1988
denine with collage's adam marano,denine with collage's adam marano,denine,denine,Denine,6qOFY5I99bqtltTTmjiL5L,,none,l2,1996
denise lasalle,denise lasalle,denise lasalle,denise lasalle,DENISE LASALLE,2zXExZi3JWCZBE8Bb2AYau,,none,artist,1978
denise lopez,denise lopez,denise lopez,denise lopez,Denise Lopez,4pdcY88XtZGaNVJqN7WlpF,freestyle;hi-nrg,spotify,artist,1990
dennis coffey & the detroit guitar band,dennis coffey & the detroit guitar band,dennis coffey,dennis coffey,Dennis Coffey & The Detroit Guitar Band,2moiE5ZUDX3Cni022mK9Rb,,none,artist,1972
dennis deyoung,dennis deyoung,dennis deyoung,dennis deyoung,Dennis DeYoung,4TM0rDUbvVvrHioKsmzr68,,none,artist,1986
dennis edwards,dennis edwards,dennis edwards,dennis edwards,Dennis Edwards,15Kzh2fTgAW2AGXcGD32Kp,motown;classic soul,spotify,artist,1984
dennis lloyd,dennis lloyd,dennis lloyd,dennis lloyd,Dennis Lloyd,3EOEK57CV77D4ovYVcmiyt,,none,artist,2018
dennis yost and the classics iv,dennis yost and the classics iv,dennis yost,dennis yost,Dennis Yost,4sc3uhxQjxefWx0lirN9Pg,,none,l2,1975
denny reed,denny reed,denny reed,denny reed,Denny Reed,6tqcfDt9Wkayd7VgHtRuPX,,none,artist,1960
deodato,deodato,deodato,deodato,Deodato,0hE3uA2w3guHeKvuc7BpRr,jazz funk;brazilian jazz;jazz fusion,spotify,artist,1982
deon estus,deon estus,deon estus,deon estus,Deon Estus,7lF7ijiwzLAl63VslViL1u,,none,artist,1989
deon jackson,deon jackson,deon jackson,deon jackson,Deon Jackson,1MAzauDIpGIacm1p6x2zQe,northern soul;classic soul,spotify,artist,1967
depeche mode,depeche mode,depeche mode,depeche mode,Depeche Mode,762310PdDnwsDxAQxzQkfX,new wave;synthpop;darkwave,spotify,artist,2005
derek,derek,derek,derek,Derek,4Y0VwRwAOyJutxoVpPX4td,brazilian trap;trap;brazilian hip hop;trap funk,spotify,artist,1969
derek & the dominos,derek & the dominos,derek,derek,Derek,4Y0VwRwAOyJutxoVpPX4td,brazilian trap;trap;brazilian hip hop;trap funk,spotify,l2,1972
derek martin,derek martin,derek martin,derek martin,Derek Martin,6UGSyg5tZo9sSHvduo87m4,,none,artist,1965
derez de'shon,derez de'shon,derez de'shon,derez deshon,Derez Deshon,6rGGmrDvK5rnORUcnGtuYA,,none,l3,2018
derringer,derringer,derringer,derringer,Derringer,35xWVqZ3NSZte45ItvxcQf,,none,artist,1976
deryl dodd,deryl dodd,deryl dodd,deryl dodd,DERYL DODD,2gnw22IQzAxBO1nZWLv67M,texas country;red dirt,spotify,artist,1999
des'ree,des'ree,des'ree,desree,Desree,53en0MZfkj02ICsx41qpwt,,none,l3,1995
descendants 2 cast,descendants 2 cast,descendants 2 cast,descendants 2 cast,,,,none,,2017
desiigner,desiigner,desiigner,desiigner,Desiigner,7pFeBzX627ff0VnN6bxPR4,,none,artist,2016
desmond child,desmond child,desmond child,desmond child,Desmond Child,7KgW65389e5w4xWzaVOuCg,aor;arena rock,spotify,artist,1991
desmond child and rouge,desmond child and rouge,desmond child,desmond child,Desmond Child,7KgW65389e5w4xWzaVOuCg,aor;arena rock,spotify,l2,1979
desmond dekker and the aces,desmond dekker and the aces,desmond dekker,desmond dekker,Desmond Dekker,1FcB6xMihhP9Hb6AdGVbWe,rocksteady;ska;reggae;roots reggae,spotify,l2,1969
destiny's child,destiny's child,destiny's child,destinys child,,,,none,,2005
destiny's child featuring t.i. & lil wayne,destiny's child,destiny's child,destinys child,,,,none,,2005
detroit emeralds,detroit emeralds,detroit emeralds,detroit emeralds,Detroit Emeralds,6FIOHNFJKvDVUnYqodNIxQ,northern soul,spotify,artist,1977
dev,dev,dev,dev,DEV,7Ip2u3e5Nv6fFb5xyIHxEE,,none,artist,2011
dev & enrique iglesias,dev & enrique iglesias,dev,dev,DEV,7Ip2u3e5Nv6fFb5xyIHxEE,,none,l2,2012
dev featuring the cataracs,dev,dev,dev,DEV,7Ip2u3e5Nv6fFb5xyIHxEE,,none,l1,2011
device,device,device,device,Device,0fpqZQia1PSW32o9tN5NKc,,none,artist,1986
devin dawson,devin dawson,devin dawson,devin dawson,Devin Dawson,2ySHS7UojGu20XfUPaBlyu,country,spotify,artist,2018
devo,devo,devo,devo,DEVO,0UKfenbZb15sqhfPC6zbt3,new wave;post-punk;synthpop,spotify,artist,1983
devone,devone,devone,devone,Devone,6kaTgSPlnoZrEEtBQWBuxq,,none,artist,1996
dexys midnight runners,dexys midnight runners,dexys midnight runners,dexys midnight runners,Dexys Midnight Runners,4QTVePrFu1xuGM9K0kNXkk,,none,artist,1983
dia frampton,dia frampton,dia frampton,dia frampton,Dia Frampton,3ppkM4QtM781APpaX7H9t7,melodic bass;future bass,spotify,artist,2011
diamond reo,diamond reo,diamond reo,diamond reo,Diamond Reo,6B4imARozP4doNUYM3TzyZ,,none,artist,1975
diamond rio,diamond rio,diamond rio,diamond rio,Diamond Rio,0svyIX7Xu3DVMkrOtB88i6,classic country;country,spotify,artist,2003
diana degarmo,diana degarmo,diana degarmo,diana degarmo,Diana DeGarmo,59eUYRRUA8EnmFBgR5kl33,,none,artist,2004
diana king,diana king,diana king,diana king,Diana King,221iMiF62DFPnVuCLJakP1,,none,artist,1998
diana ross,diana ross,diana ross,diana ross,Diana Ross,3MdG05syQeRYPPcClLaUGl,motown;disco,spotify,artist,1986
diana ross & lionel richie,diana ross & lionel richie,diana ross,diana ross,Diana Ross,3MdG05syQeRYPPcClLaUGl,motown;disco,spotify,l2,1982
diana ross & marvin gaye,diana ross & marvin gaye,diana ross,diana ross,Diana Ross,3MdG05syQeRYPPcClLaUGl,motown;disco,spotify,l2,1974
diana ross & michael jackson,diana ross & michael jackson,diana ross,diana ross,Diana Ross,3MdG05syQeRYPPcClLaUGl,motown;disco,spotify,l2,1978
diana ross & the supremes,diana ross & the supremes,diana ross,diana ross,Diana Ross,3MdG05syQeRYPPcClLaUGl,motown;disco,spotify,l2,1970
diana ross and the supremes & the temptations,diana ross and the supremes & the temptations,diana ross,diana ross,Diana Ross,3MdG05syQeRYPPcClLaUGl,motown;disco,spotify,l2,1969
"diana ross, marvin gaye, smokey robinson & stevie wonder","diana ross, marvin gaye, smokey robinson & stevie wonder",diana ross,diana ross,Diana Ross,3MdG05syQeRYPPcClLaUGl,motown;disco,spotify,l2,1979
diana williams,diana williams,diana williams,diana williams,Diana Williams,21OFQjxn8iYN8LVWM3Gyrn,,none,artist,1976
diane guerrero & stephanie beatriz,diane guerrero & stephanie beatriz,diane guerrero,diane guerrero,Diane Guerrero,18MFcGBHtyW0mU3ufcm0X1,,none,l2,2022
diane kolby,diane kolby,diane kolby,diane kolby,Diane Kolby,0ule16MX7xaVEfBpMihmO0,,none,artist,1970
diane maxwell,diane maxwell,diane maxwell,diane maxwell,Diane Maxwell,1wwPtM43pSejqpDDXlxZ7B,,none,artist,1959
diane ray,diane ray,diane ray,diane ray,,,,none,,1963
diane renay,diane renay,diane renay,diane renay,Diane Renay,0qH7JjrjtYbvone01gPzVd,doo-wop,spotify,artist,1964
dick dale and the del-tones,dick dale and the del-tones,dick dale,dick dale,Dick Dale,6Ycrt8OjGSSFihsb0446eg,surf rock,spotify,l2,1963
dick feller,dick feller,dick feller,dick feller,Dick Feller,2x2wnwhzw2j9K6rbvZ88Qk,traditional country,spotify,artist,1974
dick flood,dick flood,dick flood,dick flood,Dick Flood,2JuqvUbsRwYpiBp8cz4Wjt,,none,artist,1959
dick hyman & his electric eclectics,dick hyman & his electric eclectics,dick hyman,dick hyman,dick hyman,4ud9d4giiRrGV7gNUlA4Gv,,none,l2,1969
dick lee,dick lee,dick lee,dick lee,Dick Lee,6JV4R5j9PEAuynbPcUIEay,,none,artist,1961
dick roman,dick roman,dick roman,dick roman,Dick Roman,2CR9qUJ469BWMXAz175DUC,,none,artist,1962
dick and deedee,dick and deedee,dick,dick,Dick,1tikl40deDgJWS57GTKiVh,vietnamese hip hop;v-pop;vietnamese lo-fi;vietnam indie,spotify,l2,1965
dickey lee,dickey lee,dickey lee,dickey lee,Dickey Lee,34Ym7wEA9olyXIQ5eRAZjq,doo-wop,spotify,artist,1977
dickie goodman,dickie goodman,dickie goodman,dickie goodman,Dickie Goodman,73HvLPUjbk78z3CgDtK2ht,,none,artist,1977
dicky doo and the don'ts,dicky doo and the don'ts,dicky doo,dicky doo,Dicky Doo,5lTqEWkMzBVszPtCsvr4aT,doo-wop,spotify,l2,1959
diddy & bryson tiller,diddy & bryson tiller,diddy,diddy,Diddy,6G7OrCzrSVynxpapySJr5i,,none,l2,2022
diddy - dirty money featuring drake,diddy - dirty money,diddy - dirty money,diddy dirty money,Diddy - Dirty Money,2QYEvpsWUOjqaYuxDPTCmV,,none,l1,2011
diddy - dirty money featuring skylar grey,diddy - dirty money,diddy - dirty money,diddy dirty money,Diddy - Dirty Money,2QYEvpsWUOjqaYuxDPTCmV,,none,l1,2011
diddy - dirty money featuring t.i.,diddy - dirty money,diddy - dirty money,diddy dirty money,Diddy - Dirty Money,2QYEvpsWUOjqaYuxDPTCmV,,none,l1,2010
diddy featuring christina aguilera,diddy,diddy,diddy,Diddy,6G7OrCzrSVynxpapySJr5i,,none,l1,2007
diddy featuring keyshia cole,diddy,diddy,diddy,Diddy,6G7OrCzrSVynxpapySJr5i,,none,l1,2007
diddy featuring nicole scherzinger,diddy,diddy,diddy,Diddy,6G7OrCzrSVynxpapySJr5i,,none,l1,2007
"diddy, french montana & the weeknd featuring 21 savage","diddy, french montana & the weeknd",diddy,diddy,Diddy,6G7OrCzrSVynxpapySJr5i,,none,l2,2023
dido,dido,dido,dido,Dido,2mpeljBig2IXLXRAFO9AAs,,none,artist,2004
die beatles,die beatles,die beatles,die beatles,,,,none,,1964
dierks bentley,dierks bentley,dierks bentley,dierks bentley,Dierks Bentley,7x8nK0m0cP2ksQf0mjWdPS,country,spotify,artist,2023
dierks bentley featuring brothers osborne,dierks bentley,dierks bentley,dierks bentley,Dierks Bentley,7x8nK0m0cP2ksQf0mjWdPS,country,spotify,l1,2019
dierks bentley featuring elle king,dierks bentley,dierks bentley,dierks bentley,Dierks Bentley,7x8nK0m0cP2ksQf0mjWdPS,country,spotify,l1,2016
"dierks bentley, breland & hardy","dierks bentley, breland & hardy",dierks bentley,dierks bentley,Dierks Bentley,7x8nK0m0cP2ksQf0mjWdPS,country,spotify,l2,2022
diesel,diesel,diesel,diesel,DIESEL,1qYm0iIet6zLGnUdjw5ZwM,,none,artist,1982
digable planets,digable planets,digable planets,digable planets,Digable Planets,0gqIrDRL7CEPBWMmkuZPdQ,jazz rap;east coast hip hop;hip hop;acid jazz,spotify,artist,1994
diggy featuring jeremih,diggy,diggy,diggy,Diggy,2LuUALONla8DJRSCiGONBp,,none,l1,2012
digital underground,digital underground,digital underground,digital underground,Digital Underground,7jocoSCuCtpCxCI6IbP8ye,west coast hip hop;old school hip hop,spotify,artist,1992
dilated peoples featuring kanye west,dilated peoples,dilated peoples,dilated peoples,Dilated Peoples,56OMwqr8qaLIRH4ZrvvdXq,west coast hip hop;underground hip hop;hip hop,spotify,l1,2004
dillon francis & dj snake,dillon francis & dj snake,dillon francis,dillon francis,Dillon Francis,5R3Hr2cnCCjt220Jmt2xLf,moombahton;edm,spotify,l2,2015
dina carroll,dina carroll,dina carroll,dina carroll,Dina Carroll,6G7PZ5QfWCPDMxTJ48vYwG,,none,artist,1993
dinah washington,dinah washington,dinah washington,dinah washington,Dinah Washington,32LHRiof0sa4taYew9i3Fa,vocal jazz;jazz;jazz blues,spotify,artist,1963
dinah washington & brook benton,dinah washington & brook benton,dinah washington,dinah washington,Dinah Washington,32LHRiof0sa4taYew9i3Fa,vocal jazz;jazz;jazz blues,spotify,l2,1960
dino,dino,dino,dino,Dino,1uggROm4jK7AfATvau6ATx,,none,artist,1993
"dino, desi & billy","dino, desi & billy",dino,dino,Dino,1uggROm4jK7AfATvau6ATx,,none,l2,1968
dion,dion,dion,dion,Dion,15FyiY3ChN0QRspHIQYq0W,doo-wop,spotify,artist,1989
dion & the belmonts,dion & the belmonts,dion,dion,Dion,15FyiY3ChN0QRspHIQYq0W,doo-wop,spotify,l2,1960
dion (di muci),dion,dion,dion,Dion,15FyiY3ChN0QRspHIQYq0W,doo-wop,spotify,l1,1963
dion di muci,dion di muci,dion di muci,dion di muci,,,,none,,1964
"dionne & friends featuring elton john, gladys knight and stevie wonder",dionne & friends,dionne,dionne,Dionne,2yc8RPBxNeesyaCzhkGHcT,acid house;chicago house,spotify,l2,1986
dionne & kashif,dionne & kashif,dionne,dionne,Dionne,2yc8RPBxNeesyaCzhkGHcT,acid house;chicago house,spotify,l2,1987
dionne farris,dionne farris,dionne farris,dionne farris,Dionne Farris,7HO1DbzU86pWWp1vBN7l6k,neo soul,spotify,artist,1995
dionne warwick,dionne warwick,dionne warwick,dionne warwick,Dionne Warwick,2JSjCHK79gdaiPWdKiNUNp,,none,artist,1986
dionne warwick & jeffrey osborne,dionne warwick & jeffrey osborne,dionne warwick,dionne warwick,Dionne Warwick,2JSjCHK79gdaiPWdKiNUNp,,none,l2,1987
dionne warwick & johnny mathis,dionne warwick & johnny mathis,dionne warwick,dionne warwick,Dionne Warwick,2JSjCHK79gdaiPWdKiNUNp,,none,l2,1982
dionne warwick & luther vandross,dionne warwick & luther vandross,dionne warwick,dionne warwick,Dionne Warwick,2JSjCHK79gdaiPWdKiNUNp,,none,l2,1983
dionne warwick and the hip-hop nation united,dionne warwick and the hip-hop nation united,dionne warwick,dionne warwick,Dionne Warwick,2JSjCHK79gdaiPWdKiNUNp,,none,l2,1998
dionne warwicke,dionne warwicke,dionne warwicke,dionne warwicke,,,,none,,1972
dionne warwicke & spinners,dionne warwicke & spinners,dionne warwicke,dionne warwicke,,,,none,,1974
diplo presents thomas wesley featuring morgan wallen,diplo presents thomas wesley,diplo presents thomas wesley,diplo presents thomas wesley,,,,none,,2020
"diplo, french montana & lil pump featuring zhavia ward","diplo, french montana & lil pump",diplo,diplo,Diplo,5fMUXHkw8R8eOP2RNVYEZX,moombahton,spotify,l2,2018
"diplo, jessie murph & polo g","diplo, jessie murph & polo g",diplo,diplo,Diplo,5fMUXHkw8R8eOP2RNVYEZX,moombahton,spotify,l2,2023
dire straits,dire straits,dire straits,dire straits,Dire Straits,0WwSkZ7LtFUFjGjMZBMt6T,classic rock,spotify,artist,1986
dirty vegas,dirty vegas,dirty vegas,dirty vegas,Dirty Vegas,2IkHcHKErbWa0TA14yHkbl,,none,artist,2002
"dis `n' dat feat. 95 south,69 boyz & k-nock",dis `n' dat,dis `n' dat,dis n dat,,,,none,,1995
disclosure featuring sam smith,disclosure,disclosure,disclosure,Disclosure,6nS5roXSAGhTGr34W6n7Et,house,spotify,l1,2015
disco lines & tinashe,disco lines & tinashe,disco lines,disco lines,Disco Lines,5Kmr0b3ip8g9P2i0dLTC3Z,stutter house,spotify,l2,2025
disco tex & the sex-o-lettes,disco tex & the sex-o-lettes,disco tex,disco tex,Disco Tex & The Sex-O-Lettes,1ZxFDRFB5f4B64eMjOL7Wl,disco,spotify,artist,1975
disco tex & the sex-o-lettes featuring sir monti rock iii,disco tex & the sex-o-lettes,disco tex,disco tex,Disco Tex & The Sex-O-Lettes,1ZxFDRFB5f4B64eMjOL7Wl,disco,spotify,l1,1976
dishwalla,dishwalla,dishwalla,dishwalla,Dishwalla,6F3NW2aC9Sni1FH7QPSLvw,alternative rock,spotify,artist,1997
disney's friends for change,disney's friends for change,disney's friends for change,disneys friends for change,,,,none,,2010
disturbed,disturbed,disturbed,disturbed,Disturbed,3TOqt5oJwL9BE2NG9MEwDa,metal;nu metal;alternative metal;rap metal;hard rock,spotify,artist,2016
divine,divine,divine,divine,DIVINE,4Ai0pGz6GhQavjzaRhPTvz,hindi hip hop;desi hip hop;punjabi hip hop;punjabi pop,spotify,artist,1999
diving for pearls,diving for pearls,diving for pearls,diving for pearls,,,,none,,1990
divinyls,divinyls,divinyls,divinyls,Divinyls,5t06MTkDD3yr5LVs3YFLQC,,none,artist,1991
dixie chicks,dixie chicks,dixie chicks,dixie chicks,,,,none,,2007
djo,djo,djo,djo,Djo,5p9HO3XC5P3BLxJs5Mtrhm,,none,artist,2024
do or die (featuring twista),do or die,do or die,do or die,Do Or Die,0u6b6Qa5VJEvr3SgzzeVOB,,none,l1,1996
do or die featuring johnny p & twista,do or die,do or die,do or die,Do Or Die,0u6b6Qa5VJEvr3SgzzeVOB,,none,l1,1998
dobie gray,dobie gray,dobie gray,dobie gray,Dobie Gray,3mC1KCuZZSOlN8Z0M56VsV,northern soul;yacht rock;classic soul,spotify,artist,1979
doc box & b. fresh,doc box & b. fresh,doc box,doc box,Doc Box,5spxfv7eiL0P9Z2MmyhzTY,,none,l2,1990
doctor and the medics,doctor and the medics,doctor,doctor,Doctor and the Medics,0QSKyaVVfeSgpEbtidJQ4a,,none,artist,1986
doctor dre & ed lover,doctor dre & ed lover,doctor dre,doctor dre,Doctor Dre,3YFZdALpbXC4nrscqnvvRc,,none,l2,1994
dodie stevens,dodie stevens,dodie stevens,dodie stevens,Dodie Stevens,3lZh8hoNw1a0RV9hJbMZTs,doo-wop,spotify,artist,1961
doechii,doechii,doechii,doechii,Doechii,4E2rKHVDssGJm2SCDOMMJB,,none,artist,2025
doechii featuring kodak black,doechii,doechii,doechii,Doechii,4E2rKHVDssGJm2SCDOMMJB,,none,l1,2023
doja cat,doja cat,doja cat,doja cat,Doja Cat,5cj0lLjcoR7YOSnhnX0Po5,,none,artist,2025
doja cat & the weeknd,doja cat & the weeknd,doja cat,doja cat,Doja Cat,5cj0lLjcoR7YOSnhnX0Po5,,none,l2,2022
doja cat & tyga,doja cat & tyga,doja cat,doja cat,Doja Cat,5cj0lLjcoR7YOSnhnX0Po5,,none,l2,2020
doja cat featuring ariana grande,doja cat,doja cat,doja cat,Doja Cat,5cj0lLjcoR7YOSnhnX0Po5,,none,l1,2021
doja cat featuring gucci mane,doja cat,doja cat,doja cat,Doja Cat,5cj0lLjcoR7YOSnhnX0Po5,,none,l1,2020
doja cat featuring nicki minaj,doja cat,doja cat,doja cat,Doja Cat,5cj0lLjcoR7YOSnhnX0Po5,,none,l1,2020
doja cat featuring sza,doja cat,doja cat,doja cat,Doja Cat,5cj0lLjcoR7YOSnhnX0Po5,,none,l1,2022
dokken,dokken,dokken,dokken,Dokken,09hNSPPOxDop4FRdr6UEnq,glam metal;glam rock;hard rock;heavy metal,spotify,artist,1988
dolla featuring t-pain & tay dizm,dolla,dolla,dolla,DOLLA,3SRXsr6dPMvVGSSpccDWjO,malay;malaysian pop;malay pop;malay rap,spotify,l1,2008
dollar,dollar,dollar,dollar,Dollar,4hbeFfGIHntSg3wZjeCvw0,,none,artist,1980
dolly parton,dolly parton,dolly parton,dolly parton,Dolly Parton,32vWCbZh0xZ4o9gkz4PsEU,country;classic country,spotify,artist,1984
dolly parton & friends,dolly parton & friends,dolly parton,dolly parton,Dolly Parton,32vWCbZh0xZ4o9gkz4PsEU,country;classic country,spotify,l2,1993
dolly parton (duet with kenny rogers),dolly parton,dolly parton,dolly parton,Dolly Parton,32vWCbZh0xZ4o9gkz4PsEU,country;classic country,spotify,l1,1985
domenico modugno,domenico modugno,domenico modugno,domenico modugno,Domenico Modugno,4llklDtTTyMYMY2LfFOkTI,italian singer-songwriter;italo dance;canzone napoletana,spotify,artist,1959
dominic fike,dominic fike,dominic fike,dominic fike,Dominic Fike,6JGszm6z8oHmeLbxPHjMao,,none,artist,2024
domino,domino,domino,domino,Domino,0wweVzqB8coX65KtdNAavq,vinahouse;v-pop,spotify,artist,1996
don & juan,don & juan,don,don,Don & Juan,7gArjmSS1gJuofpu4vHtCI,doo-wop,spotify,artist,1962
don and the goodtimes,don and the goodtimes,don,don,,,,none,,1967
don brown,don brown,don brown,don brown,Don Brown,6fAuuuJnmWzukwrSEhID4O,,none,artist,1978
don costa and his orchestra and chorus,don costa and his orchestra and chorus,don costa,don costa,Don Costa,0RApVWsazsKH8QZsLtffn9,orchestral;exotica,spotify,l2,1961
don covay,don covay,don covay,don covay,Don Covay,3SC1GczHVpsiorx1KFaa4S,northern soul;philly soul;classic soul;soul,spotify,artist,1974
don covay & the goodtimers,don covay & the goodtimers,don covay,don covay,Don Covay,3SC1GczHVpsiorx1KFaa4S,northern soul;philly soul;classic soul;soul,spotify,l2,1966
don fardon,don fardon,don fardon,don fardon,Don Fardon,1cqaF1Hz5pEtXVnthnFVmU,,none,artist,1973
don felder,don felder,don felder,don felder,Don Felder,73G0P8aYEnVht7jjliF7Ok,,none,artist,1981
don french,don french,don french,don french,Don French,2SG40pqggafQEPh0MaYc07,rockabilly,spotify,artist,1959
don gardner and dee dee ford,don gardner and dee dee ford,don gardner,don gardner,Don Gardner,6VUHw8hklcAHLWNoeKbXIY,northern soul,spotify,l2,1962
don gibson,don gibson,don gibson,don gibson,Don Gibson,4xcYVPssil6vbG6tq3W43S,classic country;traditional country,spotify,artist,1962
don goodwin,don goodwin,don goodwin,don goodwin,Don Goodwin,2ijfifZE6A8sxwB5Daeb0P,,none,artist,1974
don henley,don henley,don henley,don henley,Don Henley,5dbuFbrHa1SJlQhQX9OUJ2,yacht rock,spotify,artist,2000
don ho and the aliis,don ho and the aliis,don ho,don ho,Don Ho,3Ew1ynSmASX9Uec5FzBYrL,exotica,spotify,l2,1967
don johnson,don johnson,don johnson,don johnson,Don Johnson,1I8ufUp15t66AiYcQPDQE0,,none,artist,1987
don mclean,don mclean,don mclean,don mclean,Don McLean,1gRNBaI4yn6wCCTvRhGWh8,,none,artist,1982
don nix,don nix,don nix,don nix,Don Nix,4NPzR70jYNxmCapRCwwBkr,southern rock;country rock,spotify,artist,1971
don omar,don omar,don omar,don omar,Don Omar,33ScadVnbm2X8kkUqOkC6Z,reggaeton;urbano latino,spotify,artist,2011
don omar & lucenzo,don omar & lucenzo,don omar,don omar,Don Omar,33ScadVnbm2X8kkUqOkC6Z,reggaeton;urbano latino,spotify,l2,2011
don ray,don ray,don ray,don ray,Don Ray,5hoOUtUZX142EZQIn9RHOy,northern soul;disco;post-disco,spotify,artist,1979
don shirley,don shirley,don shirley,don shirley,Don Shirley,28gtOMHE3YD9uDR3ht6E0x,,none,artist,1962
don shirley trio,don shirley trio,don shirley trio,don shirley trio,Don Shirley Trio,4uI2v5FcRguAWUk6MqPTBO,,none,artist,1961
don toliver,don toliver,don toliver,don toliver,Don Toliver,4Gso3d4CscCijv0lmajZWs,,none,artist,2025
don toliver featuring charlie wilson & cash cobain,don toliver,don toliver,don toliver,Don Toliver,4Gso3d4CscCijv0lmajZWs,,none,l1,2024
don toliver featuring justin bieber & future,don toliver,don toliver,don toliver,Don Toliver,4Gso3d4CscCijv0lmajZWs,,none,l1,2023
don toliver featuring kodak black,don toliver,don toliver,don toliver,Don Toliver,4Gso3d4CscCijv0lmajZWs,,none,l1,2024
don toliver featuring quavo & offset,don toliver,don toliver,don toliver,Don Toliver,4Gso3d4CscCijv0lmajZWs,,none,l1,2020
don toliver featuring travis scott,don toliver,don toliver,don toliver,Don Toliver,4Gso3d4CscCijv0lmajZWs,,none,l1,2024
"don toliver, j-hope, pharrell williams & speedy","don toliver, j-hope, pharrell williams & speedy",don toliver,don toliver,Don Toliver,4Gso3d4CscCijv0lmajZWs,,none,l2,2025
don williams,don williams,don williams,don williams,Don Williams,4Ti0EKl2PVEms2NRMVGqNe,classic country;country;traditional country,spotify,artist,1981
donald byrd,donald byrd,donald byrd,donald byrd,Donald Byrd,3ZUZYvTkSr7kJQyAXVpqaL,hard bop;jazz funk;jazz;soul jazz;jazz fusion,spotify,artist,1973
donald fagen,donald fagen,donald fagen,donald fagen,Donald Fagen,0S1SjYebdSaiMpI8xSW2Wb,yacht rock;aor,spotify,artist,1988
donald jenkins & the delighters,donald jenkins & the delighters,donald jenkins,donald jenkins,Donald Jenkins,7wm4mhBUJI2cyuSyl6e9tL,,none,l2,1963
donell jones,donell jones,donell jones,donell jones,Donell Jones,5KNqYrivNgVCHBssEUSu5B,r&b;quiet storm;neo soul,spotify,artist,2002
donna allen,donna allen,donna allen,donna allen,Donna Allen,1IY0vriyT0HjSRXAsMZems,,none,artist,1987
donna fargo,donna fargo,donna fargo,donna fargo,Donna Fargo,4tIQ6BeFRvYApoAyJmaeVC,classic country,spotify,artist,1975
donna lewis,donna lewis,donna lewis,donna lewis,Donna Lewis,2EfG2EoT8GFJrMiilbTVl2,,none,artist,1997
donna lynn,donna lynn,donna lynn,donna lynn,Donna Lynn,1Rw7PTG831hflFxLdpUmwb,,none,artist,1964
donna mcdaniel,donna mcdaniel,donna mcdaniel,donna mcdaniel,Donna McDaniel,0qboo9urTuVQqkfV3Gkuyf,,none,artist,1977
donna summer,donna summer,donna summer,donna summer,Donna Summer,2eogQKWWoohI3BSnoG7E2U,disco;hi-nrg,spotify,artist,1999
donna summer with brooklyn dreams,donna summer with brooklyn dreams,donna summer,donna summer,Donna Summer,2eogQKWWoohI3BSnoG7E2U,disco;hi-nrg,spotify,l2,1979
donnie brooks,donnie brooks,donnie brooks,donnie brooks,Donnie Brooks,0OIKoNmvKEdHkhhNfrRGP6,doo-wop,spotify,artist,1961
donnie elbert,donnie elbert,donnie elbert,donnie elbert,Donnie Elbert,2uA0g2bLN2rIGZDkx671Ig,northern soul;doo-wop,spotify,artist,1972
donnie iris,donnie iris,donnie iris,donnie iris,Donnie Iris,4kveDT8ylFciq1mdeYcIvw,,none,artist,1985
donnie owens,donnie owens,donnie owens,donnie owens,Donnie Owens,5a1p9HEb8mrwIwBgidOlCu,doo-wop,spotify,artist,1959
donnie and the dreamers,donnie and the dreamers,donnie,donnie,Donnie And The Dreamers,0yFiVJmOYBq27T0y3r955J,doo-wop,spotify,artist,1961
donny & marie osmond,donny & marie osmond,donny,donny,Donny & Marie Osmond,7d8R11w4QG2ihJeTaZq37F,,none,artist,1978
donny gerrard,donny gerrard,donny gerrard,donny gerrard,Donny Gerrard,63LrSZBVGx3EjsTxLeX0CA,,none,artist,1976
donny hathaway,donny hathaway,donny hathaway,donny hathaway,Donny Hathaway,0HU0U9kdXEHZVxUNbuQe8S,soul;classic soul,spotify,artist,2025
donny hathaway and june conquest,donny hathaway and june conquest,donny hathaway,donny hathaway,Donny Hathaway,0HU0U9kdXEHZVxUNbuQe8S,soul;classic soul,spotify,l2,1972
donny most,donny most,donny most,donny most,Donny Most,6BE9jEf2OugfqxsFNo9jtW,,none,artist,1976
donny osmond,donny osmond,donny osmond,donny osmond,Donny Osmond,5ZEAzHE2TzAwUcOj6jMIgf,,none,artist,1991
donny osmond of the osmonds,donny osmond of the osmonds,donny osmond of the osmonds,donny osmond of the osmonds,,,,none,,1971
donovan,donovan,donovan,donovan,Donovan,6vLlQYujOujIrm7zAKzEdG,folk rock;psychedelic rock,spotify,artist,1973
donovan/jeff beck group,donovan,donovan,donovan,Donovan,6vLlQYujOujIrm7zAKzEdG,folk rock;psychedelic rock,spotify,l1,1969
dooley silverspoon,dooley silverspoon,dooley silverspoon,dooley silverspoon,Dooley Silverspoon,6k8y95cekGn0oYaRVuCUUR,,none,artist,1975
doris day,doris day,doris day,doris day,Doris Day,3ESG6pj6a0LvUKklENalT6,adult standards;big band,spotify,artist,1962
doris duke,doris duke,doris duke,doris duke,Doris Duke,4EBkFWxQ0EP5Fvya15d3Af,soul;classic soul,spotify,artist,1970
doris troy,doris troy,doris troy,doris troy,Doris Troy,3jiBDfjnWIdLQEEOdKqZex,northern soul;doo-wop;motown,spotify,artist,1963
dorothy collins,dorothy collins,dorothy collins,dorothy collins,Dorothy Collins,2XxSFKVJnCLGGvNXnyiQYL,,none,artist,1960
dorothy moore,dorothy moore,dorothy moore,dorothy moore,Dorothy Moore,3KQOgtRIeQVHdYFcNHKavs,classic soul,spotify,artist,1977
dorothy morrison,dorothy morrison,dorothy morrison,dorothy morrison,Dorothy Morrison,1gQowoppW6PhXxJU15spuk,,none,artist,1970
dorothy norwood,dorothy norwood,dorothy norwood,dorothy norwood,Dorothy Norwood,3B2PSZmAw3xz6cQ2XMXta7,gospel;worship,spotify,artist,1974
dorrough,dorrough,dorrough,dorrough,Dorrough,2GUmA73KzNkFTVlMaU7by7,,none,artist,2009
dorsey burnette,dorsey burnette,dorsey burnette,dorsey burnette,Dorsey Burnette,4IKhazN1C82QWCD2Oqwf3v,rockabilly;motown,spotify,artist,1969
dottie west,dottie west,dottie west,dottie west,Dottie West,2pvPkEAN9xSrDrIVUOxWMB,classic country;traditional country,spotify,artist,1980
dottie west with kenny rogers,dottie west with kenny rogers,dottie west,dottie west,Dottie West,2pvPkEAN9xSrDrIVUOxWMB,classic country;traditional country,spotify,l2,1981
double,double,double,double,Double,17R4EPcqqyTa84kesDmNGq,j-r&b;j-rap,spotify,artist,1986
double exposure,double exposure,double exposure,double exposure,Double Exposure,7LtGZFTyk5eNkOqCQajhuq,,none,artist,1976
double image,double image,double image,double image,Double Image,5wtltLJ74Vfh3bnC4AkPWv,native american music,spotify,artist,1983
doucette,doucette,doucette,doucette,Doucette,0sl0GI3TJZwYVFDlOaVvk8,,none,artist,1978
doug franklin with the bluenotes,doug franklin with the bluenotes,doug franklin,doug franklin,Doug Franklin,5ItW8koMZZaE8yowFlRF3f,rockabilly,spotify,l2,1958
doug stone,doug stone,doug stone,doug stone,Doug Stone,4epBFW4UHEmgjIK5xOrBhk,classic country;country;traditional country,spotify,artist,1994
dove cameron,dove cameron,dove cameron,dove cameron,Dove Cameron,2W8yFh0Ga6Yf3jiayVxwkE,,none,artist,2022
"dove cameron, cameron boyce, booboo stewart & sofia carson","dove cameron, cameron boyce, booboo stewart & sofia carson",dove cameron,dove cameron,Dove Cameron,2W8yFh0Ga6Yf3jiayVxwkE,,none,l2,2015
"dove cameron, sofia carson, booboo stewart, cameron boyce, thomas doherty, china anne mcclain & dylan playfair","dove cameron, sofia carson, booboo stewart, cameron boyce, thomas doherty, china anne mcclain & dylan playfair",dove cameron,dove cameron,Dove Cameron,2W8yFh0Ga6Yf3jiayVxwkE,,none,l2,2019
down a.k.a. kilo,down a.k.a. kilo,down a.k.a. kilo,down aka kilo,Down AKA Kilo,73igm5OnnT93vqQaukD4oE,,none,l3,2007
dr. alban,dr. alban,dr. alban,dr alban,Dr. Alban,6BkcAbUkfIBM4XudxieMq8,eurodance,spotify,artist,1993
dr. buzzard's original savannah band,dr. buzzard's original savannah band,dr. buzzard's original savannah band,dr buzzards original savannah band,Dr. Buzzard's Original Savannah Band,0i64fKwsnTQsPqbov8mZUh,,none,artist,1977
dr. dre,dr. dre,dr. dre,dr dre,Dr. Dre,6DPYiyq5kWVQS4RGwxzPC7,old school hip hop;g-funk;gangster rap;west coast hip hop;hip hop,spotify,artist,1995
dr. dre featuring eminem,dr. dre,dr. dre,dr dre,Dr. Dre,6DPYiyq5kWVQS4RGwxzPC7,old school hip hop;g-funk;gangster rap;west coast hip hop;hip hop,spotify,l1,2000
dr. dre featuring eminem & skylar grey,dr. dre,dr. dre,dr dre,Dr. Dre,6DPYiyq5kWVQS4RGwxzPC7,old school hip hop;g-funk;gangster rap;west coast hip hop;hip hop,spotify,l1,2011
dr. dre featuring snoop dogg,dr. dre,dr. dre,dr dre,Dr. Dre,6DPYiyq5kWVQS4RGwxzPC7,old school hip hop;g-funk;gangster rap;west coast hip hop;hip hop,spotify,l1,2022
dr. dre featuring snoop dogg & akon,dr. dre,dr. dre,dr dre,Dr. Dre,6DPYiyq5kWVQS4RGwxzPC7,old school hip hop;g-funk;gangster rap;west coast hip hop;hip hop,spotify,l1,2011
dr. feelgood and the interns,dr. feelgood and the interns,dr. feelgood,dr feelgood,Dr. Feelgood,25IRTisJjqI6JlkyCVMBsV,proto-punk;blues rock,spotify,l2,1962
dr. hook,dr. hook,dr. hook,dr hook,Dr. Hook,2Mhi3jfuRSdbVZPdjqsnnN,yacht rock,spotify,artist,1982
dr. hook and the medicine show,dr. hook and the medicine show,dr. hook,dr hook,Dr. Hook,2Mhi3jfuRSdbVZPdjqsnnN,yacht rock,spotify,l2,1973
dr. john,dr. john,dr. john,dr john,Dr. John,320TrJub4arztwXRm7kqVO,cajun;zydeco,spotify,artist,1974
dr. west's medicine show and junk band,dr. west's medicine show and junk band,dr. west's medicine show,dr wests medicine show,,,,none,,1967
drafi,drafi,drafi,drafi,Drafi,7KV4SopQJQO7tQzuVqneQR,garage rock,spotify,artist,1966
dragon,dragon,dragon,dragon,Dragon,622HMYOaiqowUmcd5t3b7t,,none,artist,1984
dragonforce,dragonforce,dragonforce,dragonforce,DragonForce,2pH3wEn4eYlMMIIQyKPbVR,power metal;speed metal;metal;symphonic metal,spotify,artist,2008
drake,drake,drake,drake,Drake,3TVXtAsR1Inumwj472S9r4,rap,spotify,artist,2025
drake & 21 savage,drake & 21 savage,drake,drake,Drake,3TVXtAsR1Inumwj472S9r4,rap,spotify,l2,2023
drake & 21 savage featuring travis scott,drake & 21 savage,drake,drake,Drake,3TVXtAsR1Inumwj472S9r4,rap,spotify,l2,2023
drake & central cee,drake & central cee,drake,drake,Drake,3TVXtAsR1Inumwj472S9r4,rap,spotify,l2,2025
drake & future,drake & future,drake,drake,Drake,3TVXtAsR1Inumwj472S9r4,rap,spotify,l2,2016
drake & yebba,drake & yebba,drake,drake,Drake,3TVXtAsR1Inumwj472S9r4,rap,spotify,l2,2021
drake featuring 2 chainz & big sean,drake,drake,drake,Drake,3TVXtAsR1Inumwj472S9r4,rap,spotify,l1,2014
drake featuring 2 chainz & young thug,drake,drake,drake,Drake,3TVXtAsR1Inumwj472S9r4,rap,spotify,l1,2017
drake featuring 21 savage,drake,drake,drake,Drake,3TVXtAsR1Inumwj472S9r4,rap,spotify,l1,2023
drake featuring 21 savage & project pat,drake,drake,drake,Drake,3TVXtAsR1Inumwj472S9r4,rap,spotify,l1,2022
drake featuring alicia keys,drake,drake,drake,Drake,3TVXtAsR1Inumwj472S9r4,rap,spotify,l1,2010
drake featuring bad bunny,drake,drake,drake,Drake,3TVXtAsR1Inumwj472S9r4,rap,spotify,l1,2023
drake featuring birdman,drake,drake,drake,Drake,3TVXtAsR1Inumwj472S9r4,rap,spotify,l1,2011
drake featuring chief keef,drake,drake,drake,Drake,3TVXtAsR1Inumwj472S9r4,rap,spotify,l1,2023
drake featuring chris brown,drake,drake,drake,Drake,3TVXtAsR1Inumwj472S9r4,rap,spotify,l1,2020
drake featuring fivio foreign & sosa geek,drake,drake,drake,Drake,3TVXtAsR1Inumwj472S9r4,rap,spotify,l1,2020
drake featuring future,drake,drake,drake,Drake,3TVXtAsR1Inumwj472S9r4,rap,spotify,l1,2021
drake featuring future & young thug,drake,drake,drake,Drake,3TVXtAsR1Inumwj472S9r4,rap,spotify,l1,2022
drake featuring giggs,drake,drake,drake,Drake,3TVXtAsR1Inumwj472S9r4,rap,spotify,l1,2017
drake featuring giveon,drake,drake,drake,Drake,3TVXtAsR1Inumwj472S9r4,rap,spotify,l1,2020
drake featuring j. cole,drake,drake,drake,Drake,3TVXtAsR1Inumwj472S9r4,rap,spotify,l1,2024
drake featuring jay-z,drake,drake,drake,Drake,3TVXtAsR1Inumwj472S9r4,rap,spotify,l1,2021
drake featuring jhene aiko,drake,drake,drake,Drake,3TVXtAsR1Inumwj472S9r4,rap,spotify,l1,2013
drake featuring jorja smith & black coffee,drake,drake,drake,Drake,3TVXtAsR1Inumwj472S9r4,rap,spotify,l1,2017
drake featuring kanye west,drake,drake,drake,Drake,3TVXtAsR1Inumwj472S9r4,rap,spotify,l1,2017
"drake featuring kanye west, lil wayne & eminem",drake,drake,drake,Drake,3TVXtAsR1Inumwj472S9r4,rap,spotify,l1,2010
drake featuring kid cudi,drake,drake,drake,Drake,3TVXtAsR1Inumwj472S9r4,rap,spotify,l1,2021
drake featuring latto,drake,drake,drake,Drake,3TVXtAsR1Inumwj472S9r4,rap,spotify,l1,2024
drake featuring lil baby,drake,drake,drake,Drake,3TVXtAsR1Inumwj472S9r4,rap,spotify,l1,2022
drake featuring lil durk,drake,drake,drake,Drake,3TVXtAsR1Inumwj472S9r4,rap,spotify,l1,2021
drake featuring lil durk & giveon,drake,drake,drake,Drake,3TVXtAsR1Inumwj472S9r4,rap,spotify,l1,2021
drake featuring lil wayne,drake,drake,drake,Drake,3TVXtAsR1Inumwj472S9r4,rap,spotify,l1,2015
drake featuring lil wayne & rick ross,drake,drake,drake,Drake,3TVXtAsR1Inumwj472S9r4,rap,spotify,l1,2021
drake featuring lil wayne & young jeezy,drake,drake,drake,Drake,3TVXtAsR1Inumwj472S9r4,rap,spotify,l1,2010
drake featuring lil yachty,drake,drake,drake,Drake,3TVXtAsR1Inumwj472S9r4,rap,spotify,l1,2023
drake featuring majid jordan,drake,drake,drake,Drake,3TVXtAsR1Inumwj472S9r4,rap,spotify,l1,2014
drake featuring michael jackson,drake,drake,drake,Drake,3TVXtAsR1Inumwj472S9r4,rap,spotify,l1,2018
drake featuring nicki minaj,drake,drake,drake,Drake,3TVXtAsR1Inumwj472S9r4,rap,spotify,l1,2012
drake featuring partynextdoor,drake,drake,drake,Drake,3TVXtAsR1Inumwj472S9r4,rap,spotify,l1,2023
drake featuring pimp c & dvsn,drake,drake,drake,Drake,3TVXtAsR1Inumwj472S9r4,rap,spotify,l1,2016
drake featuring playboi carti,drake,drake,drake,Drake,3TVXtAsR1Inumwj472S9r4,rap,spotify,l1,2020
drake featuring quavo & travis scott,drake,drake,drake,Drake,3TVXtAsR1Inumwj472S9r4,rap,spotify,l1,2017
drake featuring rick ross,drake,drake,drake,Drake,3TVXtAsR1Inumwj472S9r4,rap,spotify,l1,2021
drake featuring rihanna,drake,drake,drake,Drake,3TVXtAsR1Inumwj472S9r4,rap,spotify,l1,2016
drake featuring sza,drake,drake,drake,Drake,3TVXtAsR1Inumwj472S9r4,rap,spotify,l1,2024
drake featuring sampha,drake,drake,drake,Drake,3TVXtAsR1Inumwj472S9r4,rap,spotify,l1,2017
drake featuring sexyy red & sza,drake,drake,drake,Drake,3TVXtAsR1Inumwj472S9r4,rap,spotify,l1,2024
drake featuring static major & ty dolla $ign,drake,drake,drake,Drake,3TVXtAsR1Inumwj472S9r4,rap,spotify,l1,2018
drake featuring t.i. & swizz beatz,drake,drake,drake,Drake,3TVXtAsR1Inumwj472S9r4,rap,spotify,l1,2010
drake featuring teezo touchdown,drake,drake,drake,Drake,3TVXtAsR1Inumwj472S9r4,rap,spotify,l1,2023
drake featuring tems,drake,drake,drake,Drake,3TVXtAsR1Inumwj472S9r4,rap,spotify,l1,2021
drake featuring the throne,drake,drake,drake,Drake,3TVXtAsR1Inumwj472S9r4,rap,spotify,l1,2016
drake featuring the weeknd,drake,drake,drake,Drake,3TVXtAsR1Inumwj472S9r4,rap,spotify,l1,2012
drake featuring travis scott,drake,drake,drake,Drake,3TVXtAsR1Inumwj472S9r4,rap,spotify,l1,2022
drake featuring trey songz & lil wayne,drake,drake,drake,Drake,3TVXtAsR1Inumwj472S9r4,rap,spotify,l1,2009
drake featuring ty dolla $ign,drake,drake,drake,Drake,3TVXtAsR1Inumwj472S9r4,rap,spotify,l1,2021
drake featuring wizkid & kyla,drake,drake,drake,Drake,3TVXtAsR1Inumwj472S9r4,rap,spotify,l1,2016
drake featuring yeat,drake,drake,drake,Drake,3TVXtAsR1Inumwj472S9r4,rap,spotify,l1,2024
drake featuring young thug,drake,drake,drake,Drake,3TVXtAsR1Inumwj472S9r4,rap,spotify,l1,2017
"drake, julia wolf & yeat","drake, julia wolf & yeat",drake,drake,Drake,3TVXtAsR1Inumwj472S9r4,rap,spotify,l2,2025
"drake, young thug & 21 savage","drake, young thug & 21 savage",drake,drake,Drake,3TVXtAsR1Inumwj472S9r4,rap,spotify,l2,2024
drama,drama,drama,drama,DRAMA,7LvvNoUPwTZpgXDWBRrfHg,indie soul,spotify,artist,2000
dream,dream,dream,dream,,,,none,,2001
dreamlovers,dreamlovers,dreamlovers,dreamlovers,Dreamlovers,0DjSbHr4lQqwTUHTfLX4gc,doo-wop;philly soul,spotify,artist,1962
"dreamville featuring bas, jid, guapdad 4000, reese laflare, jace, mez, smokepurpp, buddy & ski mask the slump god",dreamville,dreamville,dreamville,Dreamville,1iNqsUDUraNWrj00bqssQG,,none,l1,2019
"dreamville featuring j. cole, lute & dababy",dreamville,dreamville,dreamville,Dreamville,1iNqsUDUraNWrj00bqssQG,,none,l1,2019
"dreamville featuring jid, bas, j. cole, earthgang & young nudy",dreamville,dreamville,dreamville,Dreamville,1iNqsUDUraNWrj00bqssQG,,none,l1,2019
dreezy featuring jeremih,dreezy,dreezy,dreezy,Dreezy,7gWumE1wMALHXANLSIt054,,none,l1,2016
drew baldridge,drew baldridge,drew baldridge,drew baldridge,Drew Baldridge,08qaG5crPMPF7i0h2wORk5,country,spotify,artist,2024
driicky graham,driicky graham,driicky graham,driicky graham,Driicky Graham,7h5oEr0hzlM0GFQMrgEwSo,,none,artist,2012
dru down,dru down,dru down,dru down,Dru Down,0WbeGaye1H1KUdYWzYlTmk,g-funk;west coast hip hop;hyphy;gangster rap;old school hip hop,spotify,artist,1996
dru hill,dru hill,dru hill,dru hill,Dru Hill,1255GTUKNCLCTvH9ctD4cT,quiet storm;r&b,spotify,artist,2003
dru hill featuring redman,dru hill,dru hill,dru hill,Dru Hill,1255GTUKNCLCTvH9ctD4cT,quiet storm;r&b,spotify,l1,1999
drupi,drupi,drupi,drupi,drupi,4QdbxFgGdszYjuDJUKGN8y,,none,artist,1973
dua lipa,dua lipa,dua lipa,dua lipa,Dua Lipa,6M2wZ9GZgrQXHCFfjv46we,pop,spotify,artist,2024
dua lipa & blackpink,dua lipa & blackpink,dua lipa,dua lipa,Dua Lipa,6M2wZ9GZgrQXHCFfjv46we,pop,spotify,l2,2018
duals,duals,duals,duals,Duals,4xO4wiBAenkGcYIucfRCpb,rockabilly;surf rock,spotify,artist,1961
duane eddy,duane eddy,duane eddy,duane eddy,Duane Eddy,1I5Cu7bqjkRg85idwYsD91,surf rock;rockabilly,spotify,artist,1964
duane eddy and the rebels,duane eddy and the rebels,duane eddy,duane eddy,Duane Eddy,1I5Cu7bqjkRg85idwYsD91,surf rock;rockabilly,spotify,l2,1961
duane eddy his twangy guitar and the rebels,duane eddy his twangy guitar and the rebels,duane eddy his twangy guitar,duane eddy his twangy guitar,,,,none,,1961
duane eddy and the rebelettes,duane eddy and the rebelettes,duane eddy,duane eddy,Duane Eddy,1I5Cu7bqjkRg85idwYsD91,surf rock;rockabilly,spotify,l2,1963
duck sauce,duck sauce,duck sauce,duck sauce,Duck Sauce,0q8J3Yj810t5cpAYEJ7gxt,disco house,spotify,artist,2011
duffy,duffy,duffy,duffy,Duffy,37NqXwtb6nIEqRt4EJSoIO,,none,artist,2008
duice,duice,duice,duice,Duice,0H6XvulLOob5Fb9J7NYFgI,,none,artist,1993
dukays,dukays,dukays,dukays,,,,none,,1962
duke & the drivers,duke & the drivers,duke,duke,Duke,0wVlws1JGleYZSVRWjj9B7,psytrance,spotify,l2,1975
duke baxter,duke baxter,duke baxter,duke baxter,,,,none,,1969
duke jupiter,duke jupiter,duke jupiter,duke jupiter,Duke Jupiter,4pYMHpQinWBBJW2k6dn1Ne,aor,spotify,artist,1984
duncan laurence,duncan laurence,duncan laurence,duncan laurence,Duncan Laurence,3klZnJvYGIbWritVwQD434,,none,artist,2021
duncan sheik,duncan sheik,duncan sheik,duncan sheik,Duncan Sheik,3AO6RTDA16mg8czQI5Y9K0,,none,artist,1997
dunn & mccashen,dunn & mccashen,dunn,dunn,DUNN,5eCuxsFbe531Sx7WUTmbFG,,none,l2,1970
duran duran,duran duran,duran duran,duran duran,Duran Duran,0lZoBs4Pzo7R89JM9lxwoT,new wave;synthpop,spotify,artist,2004
dusk,dusk,dusk,dusk,DUSK,1647K7JSw9W1GlmYqdnKWI,frenchcore;tekno;hardstyle,spotify,artist,1971
dustin lynch,dustin lynch,dustin lynch,dustin lynch,Dustin Lynch,1dID9zgn0OV0Y8ud7Mh2tS,country;acoustic country,spotify,artist,2023
dustin lynch featuring jelly roll,dustin lynch,dustin lynch,dustin lynch,Dustin Lynch,1dID9zgn0OV0Y8ud7Mh2tS,country;acoustic country,spotify,l1,2024
dustin lynch featuring lauren alaina or mackenzie porter,dustin lynch,dustin lynch,dustin lynch,Dustin Lynch,1dID9zgn0OV0Y8ud7Mh2tS,country;acoustic country,spotify,l1,2022
dusty springfield,dusty springfield,dusty springfield,dusty springfield,Dusty Springfield,5zaXYwewAXedKNCff45U5l,,none,artist,1970
dwayne johnson,dwayne johnson,dwayne johnson,dwayne johnson,Dwayne Johnson,1T8S48bD91THNKBByWBDyn,,none,artist,2017
dwele,dwele,dwele,dwele,Dwele,7u6LfVyYpEzMpHLL7jTyvU,neo soul,spotify,artist,2003
dwight twilley,dwight twilley,dwight twilley,dwight twilley,Dwight Twilley,5G6M0zMrYh1mOMVzp7E0OW,power pop,spotify,artist,1984
dwight twilley band,dwight twilley band,dwight twilley band,dwight twilley band,Dwight Twilley Band,6IpcPRU1kV0J58kd2w8vSC,power pop;jangle pop,spotify,artist,1975
dwight yoakam,dwight yoakam,dwight yoakam,dwight yoakam,Dwight Yoakam,2sxmKe3CUrWnx7eoXMhOlW,classic country;country;honky tonk;outlaw country,spotify,artist,1999
dyke and the blazers,dyke and the blazers,dyke,dyke,,,,none,,1969
dylan gossett,dylan gossett,dylan gossett,dylan gossett,Dylan Gossett,4H4M0Y4cN39zIVDHvdW53x,country,spotify,artist,2024
dylan marlowe & dylan scott,dylan marlowe & dylan scott,dylan marlowe,dylan marlowe,Dylan Marlowe,0ZZLr8EH3aNFzYpXtaTIax,country,spotify,l2,2025
dylan scott,dylan scott,dylan scott,dylan scott,Dylan Scott,78YqeIji3mgAS2K1Maca6x,country,spotify,artist,2025
